cluster,heatwave_type,exposure,log_rr,ci_low,ci_high,display_high,common_support_high,y_min,y_max,phenotype_name,axis_expansion_factor,line_segment
1,compound,0.0,0.0,0.0,0.0,18.847449999999988,6.72,-0.2778093198900647,0.0856554171794287,Delayed Deterioration,1.0,solid_common_support
1,compound,0.028,-0.0012403978465455,-0.001855558437883,-0.0006252372552079,18.847449999999988,6.72,-0.2778093198900647,0.0856554171794287,Delayed Deterioration,1.0,solid_common_support
1,compound,0.056,-0.002480683608778,-0.0037109466593425,-0.0012504205582135,18.847449999999988,6.72,-0.2778093198900647,0.0856554171794287,Delayed Deterioration,1.0,solid_common_support
1,compound,0.084,-0.0037207452023846,-0.0055659944480357,-0.0018754959567336,18.847449999999988,6.72,-0.2778093198900647,0.0856554171794287,Delayed Deterioration,1.0,solid_common_support
1,compound,0.112,-0.0049604705430524,-0.0074205315877813,-0.0025004094983235,18.847449999999988,6.72,-0.2778093198900647,0.0856554171794287,Delayed Deterioration,1.0,solid_common_support
1,compound,0.14,-0.0061997475464683,-0.0092743878626406,-0.0031251072302961,18.847449999999988,6.72,-0.2778093198900647,0.0856554171794287,Delayed Deterioration,1.0,solid_common_support
1,compound,0.168,-0.0074384641283195,-0.011127393056998,-0.0037495351996409,18.847449999999988,6.72,-0.2778093198900647,0.0856554171794287,Delayed Deterioration,1.0,solid_common_support
1,compound,0.196,-0.0086765082042929,-0.0129793769556431,-0.0043736394529427,18.847449999999988,6.72,-0.2778093198900647,0.0856554171794287,Delayed Deterioration,1.0,solid_common_support
1,compound,0.224,-0.0099137676900756,-0.0148301693438513,-0.0049973660362999,18.847449999999988,6.72,-0.2778093198900647,0.0856554171794287,Delayed Deterioration,1.0,solid_common_support
1,compound,0.252,-0.0111501305013546,-0.0166796000074666,-0.0056206609952427,18.847449999999988,6.72,-0.2778093198900647,0.0856554171794287,Delayed Deterioration,1.0,solid_common_support
1,compound,0.28,-0.0123854845538171,-0.018527498732983,-0.0062434703746512,18.847449999999988,6.72,-0.2778093198900647,0.0856554171794287,Delayed Deterioration,1.0,solid_common_support
1,compound,0.308,-0.0136197177631499,-0.0203736953076277,-0.0068657402186721,18.847449999999988,6.72,-0.2778093198900647,0.0856554171794287,Delayed Deterioration,1.0,solid_common_support
1,compound,0.336,-0.0148527180450403,-0.0222180195194443,-0.0074874165706363,18.847449999999988,6.72,-0.2778093198900647,0.0856554171794287,Delayed Deterioration,1.0,solid_common_support
1,compound,0.364,-0.0160843733151751,-0.0240603011573758,-0.0081084454729744,18.847449999999988,6.72,-0.2778093198900647,0.0856554171794287,Delayed Deterioration,1.0,solid_common_support
1,compound,0.392,-0.0173145714892415,-0.0259003700113499,-0.0087287729671331,18.847449999999988,6.72,-0.2778093198900647,0.0856554171794287,Delayed Deterioration,1.0,solid_common_support
1,compound,0.42,-0.0185432004829265,-0.0277380558723632,-0.0093483450934898,18.847449999999988,6.72,-0.2778093198900647,0.0856554171794287,Delayed Deterioration,1.0,solid_common_support
1,compound,0.448,-0.0197701482119172,-0.0295731885325673,-0.009967107891267,18.847449999999988,6.72,-0.2778093198900647,0.0856554171794287,Delayed Deterioration,1.0,solid_common_support
1,compound,0.476,-0.0209953025919005,-0.031405597785355,-0.0105850073984461,18.847449999999988,6.72,-0.2778093198900647,0.0856554171794287,Delayed Deterioration,1.0,solid_common_support
1,compound,0.504,-0.0222185515385636,-0.0332351134254476,-0.0112019896516795,18.847449999999988,6.72,-0.2778093198900647,0.0856554171794287,Delayed Deterioration,1.0,solid_common_support
1,compound,0.532,-0.0234397829675934,-0.0350615652489834,-0.0118180006862034,18.847449999999988,6.72,-0.2778093198900647,0.0856554171794287,Delayed Deterioration,1.0,solid_common_support
1,compound,0.56,-0.0246588847946771,-0.0368847830536065,-0.0124329865357476,18.847449999999988,6.72,-0.2778093198900647,0.0856554171794287,Delayed Deterioration,1.0,solid_common_support
1,compound,0.588,-0.0258757449355016,-0.0387045966385571,-0.013046893232446,18.847449999999988,6.72,-0.2778093198900647,0.0856554171794287,Delayed Deterioration,1.0,solid_common_support
1,compound,0.616,-0.027090251305754,-0.0405208358047628,-0.0136596668067452,18.847449999999988,6.72,-0.2778093198900647,0.0856554171794287,Delayed Deterioration,1.0,solid_common_support
1,compound,0.644,-0.0283022918211213,-0.0423333303549307,-0.0142712532873119,18.847449999999988,6.72,-0.2778093198900647,0.0856554171794287,Delayed Deterioration,1.0,solid_common_support
1,compound,0.672,-0.0295117543972907,-0.0441419100936417,-0.0148815987009396,18.847449999999988,6.72,-0.2778093198900647,0.0856554171794287,Delayed Deterioration,1.0,solid_common_support
1,compound,0.7000000000000001,-0.030718526949949,-0.0459464048274446,-0.0154906490724535,18.847449999999988,6.72,-0.2778093198900647,0.0856554171794287,Delayed Deterioration,1.0,solid_common_support
1,compound,0.728,-0.0319224973947835,-0.0477466443649529,-0.016098350424614,18.847449999999988,6.72,-0.2778093198900647,0.0856554171794287,Delayed Deterioration,1.0,solid_common_support
1,compound,0.756,-0.033123553647481,-0.0495424585169424,-0.0167046487780196,18.847449999999988,6.72,-0.2778093198900647,0.0856554171794287,Delayed Deterioration,1.0,solid_common_support
1,compound,0.784,-0.0343215836237287,-0.0513336770964503,-0.0173094901510072,18.847449999999988,6.72,-0.2778093198900647,0.0856554171794287,Delayed Deterioration,1.0,solid_common_support
1,compound,0.812,-0.0355164752392137,-0.0531201299188758,-0.0179128205595515,18.847449999999988,6.72,-0.2778093198900647,0.0856554171794287,Delayed Deterioration,1.0,solid_common_support
1,compound,0.84,-0.0367081164096228,-0.0549016468020831,-0.0185145860171625,18.847449999999988,6.72,-0.2778093198900647,0.0856554171794287,Delayed Deterioration,1.0,solid_common_support
1,compound,0.868,-0.0378963950506433,-0.056678057566505,-0.0191147325347815,18.847449999999988,6.72,-0.2778093198900647,0.0856554171794287,Delayed Deterioration,1.0,solid_common_support
1,compound,0.896,-0.039081199077962,-0.058449192035249,-0.0197132061206751,18.847449999999988,6.72,-0.2778093198900647,0.0856554171794287,Delayed Deterioration,1.0,solid_common_support
1,compound,0.924,-0.0402624164072662,-0.0602148800342053,-0.020309952780327,18.847449999999988,6.72,-0.2778093198900647,0.0856554171794287,Delayed Deterioration,1.0,solid_common_support
1,compound,0.952,-0.0414399349542427,-0.0619749513921567,-0.0209049185163288,18.847449999999988,6.72,-0.2778093198900647,0.0856554171794287,Delayed Deterioration,1.0,solid_common_support
1,compound,0.98,-0.0426136426345787,-0.0637292359408902,-0.0214980493282673,18.847449999999988,6.72,-0.2778093198900647,0.0856554171794287,Delayed Deterioration,1.0,solid_common_support
1,compound,1.008,-0.0437834273639612,-0.0654775635153115,-0.022089291212611,18.847449999999988,6.72,-0.2778093198900647,0.0856554171794287,Delayed Deterioration,1.0,solid_common_support
1,compound,1.036,-0.0449491770580773,-0.0672197639535609,-0.0226785901625937,18.847449999999988,6.72,-0.2778093198900647,0.0856554171794287,Delayed Deterioration,1.0,solid_common_support
1,compound,1.064,-0.046110779632614,-0.0689556670971324,-0.0232658921680955,18.847449999999988,6.72,-0.2778093198900647,0.0856554171794287,Delayed Deterioration,1.0,solid_common_support
1,compound,1.092,-0.0472681230032582,-0.0706851027909944,-0.023851143215522,18.847449999999988,6.72,-0.2778093198900647,0.0856554171794287,Delayed Deterioration,1.0,solid_common_support
1,compound,1.12,-0.0484210950856972,-0.072407900883714,-0.0244342892876803,18.847449999999988,6.72,-0.2778093198900647,0.0856554171794287,Delayed Deterioration,1.0,solid_common_support
1,compound,1.148,-0.0495695837956178,-0.0741238912275826,-0.0250152763636531,18.847449999999988,6.72,-0.2778093198900647,0.0856554171794287,Delayed Deterioration,1.0,solid_common_support
1,compound,1.176,-0.0507134770487072,-0.0758329036787455,-0.025594050418669,18.847449999999988,6.72,-0.2778093198900647,0.0856554171794287,Delayed Deterioration,1.0,solid_common_support
1,compound,1.204,-0.0518526627606525,-0.0775347680973338,-0.0261705574239711,18.847449999999988,6.72,-0.2778093198900647,0.0856554171794287,Delayed Deterioration,1.0,solid_common_support
1,compound,1.232,-0.0529870288471405,-0.0792293143475994,-0.0267447433466817,18.847449999999988,6.72,-0.2778093198900647,0.0856554171794287,Delayed Deterioration,1.0,solid_common_support
1,compound,1.26,-0.0541164632238585,-0.0809163722980529,-0.0273165541496641,18.847449999999988,6.72,-0.2778093198900647,0.0856554171794287,Delayed Deterioration,1.0,solid_common_support
1,compound,1.288,-0.0552408538064933,-0.0825957718216052,-0.0278859357913815,18.847449999999988,6.72,-0.2778093198900647,0.0856554171794287,Delayed Deterioration,1.0,solid_common_support
1,compound,1.316,-0.0563600885107322,-0.084267342795712,-0.0284528342257524,18.847449999999988,6.72,-0.2778093198900647,0.0856554171794287,Delayed Deterioration,1.0,solid_common_support
1,compound,1.344,-0.0574740552522621,-0.0859309151025223,-0.0290171954020019,18.847449999999988,6.72,-0.2778093198900647,0.0856554171794287,Delayed Deterioration,1.0,solid_common_support
1,compound,1.372,-0.05858264194677,-0.0875863186290298,-0.0295789652645102,18.847449999999988,6.72,-0.2778093198900647,0.0856554171794287,Delayed Deterioration,1.0,solid_common_support
1,compound,1.4,-0.059685736509943,-0.0892333832672289,-0.0301380897526571,18.847449999999988,6.72,-0.2778093198900647,0.0856554171794287,Delayed Deterioration,1.0,solid_common_support
1,compound,1.428,-0.0607832268574682,-0.0908719389142743,-0.0306945148006621,18.847449999999988,6.72,-0.2778093198900647,0.0856554171794287,Delayed Deterioration,1.0,solid_common_support
1,compound,1.456,-0.0618750009050325,-0.0925018154726442,-0.0312481863374209,18.847449999999988,6.72,-0.2778093198900647,0.0856554171794287,Delayed Deterioration,1.0,solid_common_support
1,compound,1.484,-0.0629609465683231,-0.0941228428503089,-0.0317990502863374,18.847449999999988,6.72,-0.2778093198900647,0.0856554171794287,Delayed Deterioration,1.0,solid_common_support
1,compound,1.512,-0.064040951763027,-0.0957348509609023,-0.0323470525651516,18.847449999999988,6.72,-0.2778093198900647,0.0856554171794287,Delayed Deterioration,1.0,solid_common_support
1,compound,1.54,-0.0651149044048311,-0.0973376697238995,-0.0328921390857628,18.847449999999988,6.72,-0.2778093198900647,0.0856554171794287,Delayed Deterioration,1.0,solid_common_support
1,compound,1.568,-0.0661826924094227,-0.0989311290647982,-0.0334342557540472,18.847449999999988,6.72,-0.2778093198900647,0.0856554171794287,Delayed Deterioration,1.0,solid_common_support
1,compound,1.596,-0.0672442036924886,-0.1005150589153048,-0.0339733484696724,18.847449999999988,6.72,-0.2778093198900647,0.0856554171794287,Delayed Deterioration,1.0,solid_common_support
1,compound,1.624,-0.068299326169716,-0.1020892892135273,-0.0345093631259046,18.847449999999988,6.72,-0.2778093198900647,0.0856554171794287,Delayed Deterioration,1.0,solid_common_support
1,compound,1.652,-0.0693479477567918,-0.1036536499041711,-0.0350422456094125,18.847449999999988,6.72,-0.2778093198900647,0.0856554171794287,Delayed Deterioration,1.0,solid_common_support
1,compound,1.68,-0.0703899563694032,-0.1052079709387425,-0.0355719418000639,18.847449999999988,6.72,-0.2778093198900647,0.0856554171794287,Delayed Deterioration,1.0,solid_common_support
1,compound,1.708,-0.0714252399232372,-0.1067520822757568,-0.0360983975707176,18.847449999999988,6.72,-0.2778093198900647,0.0856554171794287,Delayed Deterioration,1.0,solid_common_support
1,compound,1.736,-0.0724536863339808,-0.1082858138809525,-0.0366215587870091,18.847449999999988,6.72,-0.2778093198900647,0.0856554171794287,Delayed Deterioration,1.0,solid_common_support
1,compound,1.764,-0.073475183517321,-0.109808995727512,-0.0371413713071299,18.847449999999988,6.72,-0.2778093198900647,0.0856554171794287,Delayed Deterioration,1.0,solid_common_support
1,compound,1.792,-0.0744896193889449,-0.1113214577962894,-0.0376577809816005,18.847449999999988,6.72,-0.2778093198900647,0.0856554171794287,Delayed Deterioration,1.0,solid_common_support
1,compound,1.82,-0.0754968818645396,-0.1128230300760428,-0.0381707336530365,18.847449999999988,6.72,-0.2778093198900647,0.0856554171794287,Delayed Deterioration,1.0,solid_common_support
1,compound,1.848,-0.0764968588597921,-0.1143135425636764,-0.0386801751559077,18.847449999999988,6.72,-0.2778093198900647,0.0856554171794287,Delayed Deterioration,1.0,solid_common_support
1,compound,1.876,-0.0774894382903893,-0.1157928252644882,-0.0391860513162905,18.847449999999988,6.72,-0.2778093198900647,0.0856554171794287,Delayed Deterioration,1.0,solid_common_support
1,compound,1.904,-0.0784745080720185,-0.1172607081924252,-0.0396883079516119,18.847449999999988,6.72,-0.2778093198900647,0.0856554171794287,Delayed Deterioration,1.0,solid_common_support
1,compound,1.932,-0.0794519561203666,-0.118717021370347,-0.0401868908703862,18.847449999999988,6.72,-0.2778093198900647,0.0856554171794287,Delayed Deterioration,1.0,solid_common_support
1,compound,1.96,-0.0804216703511207,-0.1201615948302981,-0.0406817458719433,18.847449999999988,6.72,-0.2778093198900647,0.0856554171794287,Delayed Deterioration,1.0,solid_common_support
1,compound,1.988,-0.0813835386799677,-0.1215942586137867,-0.0411728187461487,18.847449999999988,6.72,-0.2778093198900647,0.0856554171794287,Delayed Deterioration,1.0,solid_common_support
1,compound,2.016,-0.0823374490225948,-0.1230148427720749,-0.0416600552731146,18.847449999999988,6.72,-0.2778093198900647,0.0856554171794287,Delayed Deterioration,1.0,solid_common_support
1,compound,2.044,-0.083283289294689,-0.124423177366476,-0.0421434012229019,18.847449999999988,6.72,-0.2778093198900647,0.0856554171794287,Delayed Deterioration,1.0,solid_common_support
1,compound,2.072,-0.0842209474119373,-0.1258190924686625,-0.042622802355212,18.847449999999988,6.72,-0.2778093198900647,0.0856554171794287,Delayed Deterioration,1.0,solid_common_support
1,compound,2.1,-0.0851503112900268,-0.1272024181609836,-0.0430982044190699,18.847449999999988,6.72,-0.2778093198900647,0.0856554171794287,Delayed Deterioration,1.0,solid_common_support
1,compound,2.128,-0.0860712688446444,-0.128572984536793,-0.0435695531524959,18.847449999999988,6.72,-0.2778093198900647,0.0856554171794287,Delayed Deterioration,1.0,solid_common_support
1,compound,2.156,-0.0869837079914774,-0.129930621700788,-0.0440367942821667,18.847449999999988,6.72,-0.2778093198900647,0.0856554171794287,Delayed Deterioration,1.0,solid_common_support
1,compound,2.184,-0.0878875166462126,-0.1312751597693592,-0.044499873523066,18.847449999999988,6.72,-0.2778093198900647,0.0856554171794287,Delayed Deterioration,1.0,solid_common_support
1,compound,2.212,-0.0887825827245372,-0.1326064288709521,-0.0449587365781224,18.847449999999988,6.72,-0.2778093198900647,0.0856554171794287,Delayed Deterioration,1.0,solid_common_support
1,compound,2.24,-0.0896687941421382,-0.1339242591464407,-0.0454133291378358,18.847449999999988,6.72,-0.2778093198900647,0.0856554171794287,Delayed Deterioration,1.0,solid_common_support
1,compound,2.268,-0.0905460388147026,-0.1352284807495141,-0.0458635968798911,18.847449999999988,6.72,-0.2778093198900647,0.0856554171794287,Delayed Deterioration,1.0,solid_common_support
1,compound,2.2960000000000003,-0.0914142046579175,-0.1365189238470763,-0.0463094854687587,18.847449999999988,6.72,-0.2778093198900647,0.0856554171794287,Delayed Deterioration,1.0,solid_common_support
1,compound,2.324,-0.0922731795874699,-0.137795418619659,-0.0467509405552808,18.847449999999988,6.72,-0.2778093198900647,0.0856554171794287,Delayed Deterioration,1.0,solid_common_support
1,compound,2.352,-0.0931228515190468,-0.1390577952618499,-0.0471879077762438,18.847449999999988,6.72,-0.2778093198900647,0.0856554171794287,Delayed Deterioration,1.0,solid_common_support
1,compound,2.38,-0.0939631083683354,-0.1403058839827347,-0.0476203327539361,18.847449999999988,6.72,-0.2778093198900647,0.0856554171794287,Delayed Deterioration,1.0,solid_common_support
1,compound,2.408,-0.0947938380510226,-0.1415395150063556,-0.0480481610956897,18.847449999999988,6.72,-0.2778093198900647,0.0856554171794287,Delayed Deterioration,1.0,solid_common_support
1,compound,2.436,-0.0956149284827955,-0.1427585185721856,-0.0484713383934054,18.847449999999988,6.72,-0.2778093198900647,0.0856554171794287,Delayed Deterioration,1.0,solid_common_support
1,compound,2.464,-0.0964262675793411,-0.1439627249356198,-0.0488898102230624,18.847449999999988,6.72,-0.2778093198900647,0.0856554171794287,Delayed Deterioration,1.0,solid_common_support
1,compound,2.492,-0.0972277432563465,-0.1451519643684845,-0.0493035221442085,18.847449999999988,6.72,-0.2778093198900647,0.0856554171794287,Delayed Deterioration,1.0,solid_common_support
1,compound,2.52,-0.0980192434294987,-0.1463260671595643,-0.0497124196994332,18.847449999999988,6.72,-0.2778093198900647,0.0856554171794287,Delayed Deterioration,1.0,solid_common_support
1,compound,2.548,-0.0988006560144848,-0.1474848636151488,-0.0501164484138208,18.847449999999988,6.72,-0.2778093198900647,0.0856554171794287,Delayed Deterioration,1.0,solid_common_support
1,compound,2.576,-0.0995718689269918,-0.1486281840595998,-0.0505155537943837,18.847449999999988,6.72,-0.2778093198900647,0.0856554171794287,Delayed Deterioration,1.0,solid_common_support
1,compound,2.604,-0.1003327700827066,-0.1497558588359382,-0.0509096813294751,18.847449999999988,6.72,-0.2778093198900647,0.0856554171794287,Delayed Deterioration,1.0,solid_common_support
1,compound,2.632,-0.1010832473973166,-0.1508677183064544,-0.0512987764881789,18.847449999999988,6.72,-0.2778093198900647,0.0856554171794287,Delayed Deterioration,1.0,solid_common_support
1,compound,2.66,-0.1018231905316865,-0.1519635955022164,-0.0516827855611566,18.847449999999988,6.72,-0.2778093198900647,0.0856554171794287,Delayed Deterioration,1.0,solid_common_support
1,compound,2.688,-0.1025525639049942,-0.1530434369431853,-0.0520616908668032,18.847449999999988,6.72,-0.2778093198900647,0.0856554171794287,Delayed Deterioration,1.0,solid_common_support
1,compound,2.716,-0.1032714332511034,-0.1541073429373173,-0.0524355235648896,18.847449999999988,6.72,-0.2778093198900647,0.0856554171794287,Delayed Deterioration,1.0,solid_common_support
1,compound,2.744,-0.1039798715146473,-0.155155424742286,-0.0528043182870086,18.847449999999988,6.72,-0.2778093198900647,0.0856554171794287,Delayed Deterioration,1.0,solid_common_support
1,compound,2.772,-0.1046779516402593,-0.1561877936205012,-0.0531681096600175,18.847449999999988,6.72,-0.2778093198900647,0.0856554171794287,Delayed Deterioration,1.0,solid_common_support
1,compound,2.8000000000000003,-0.1053657465725727,-0.1572045608389837,-0.0535269323061617,18.847449999999988,6.72,-0.2778093198900647,0.0856554171794287,Delayed Deterioration,1.0,solid_common_support
1,compound,2.828,-0.1060433292562208,-0.1582058376692489,-0.0538808208431926,18.847449999999988,6.72,-0.2778093198900647,0.0856554171794287,Delayed Deterioration,1.0,solid_common_support
1,compound,2.856,-0.1067107726358369,-0.1591917353871959,-0.0542298098844778,18.847449999999988,6.72,-0.2778093198900647,0.0856554171794287,Delayed Deterioration,1.0,solid_common_support
1,compound,2.884,-0.1073681496560544,-0.160162365273003,-0.0545739340391057,18.847449999999988,6.72,-0.2778093198900647,0.0856554171794287,Delayed Deterioration,1.0,solid_common_support
1,compound,2.912,-0.1080155332615065,-0.161117838611028,-0.054913227911985,18.847449999999988,6.72,-0.2778093198900647,0.0856554171794287,Delayed Deterioration,1.0,solid_common_support
1,compound,2.94,-0.1086529963968266,-0.1620582666897143,-0.055247726103939,18.847449999999988,6.72,-0.2778093198900647,0.0856554171794287,Delayed Deterioration,1.0,solid_common_support
1,compound,2.968,-0.1092806120066481,-0.1629837608015001,-0.0555774632117961,18.847449999999988,6.72,-0.2778093198900647,0.0856554171794287,Delayed Deterioration,1.0,solid_common_support
1,compound,2.996,-0.1098984530356043,-0.1638944322427322,-0.0559024738284764,18.847449999999988,6.72,-0.2778093198900647,0.0856554171794287,Delayed Deterioration,1.0,solid_common_support
1,compound,3.024,-0.1105065924283283,-0.1647903923135829,-0.0562227925430738,18.847449999999988,6.72,-0.2778093198900647,0.0856554171794287,Delayed Deterioration,1.0,solid_common_support
1,compound,3.052,-0.1111051031294538,-0.1656717523179705,-0.0565384539409371,18.847449999999988,6.72,-0.2778093198900647,0.0856554171794287,Delayed Deterioration,1.0,solid_common_support
1,compound,3.08,-0.1116940580836138,-0.1665386235634813,-0.0568494926037462,18.847449999999988,6.72,-0.2778093198900647,0.0856554171794287,Delayed Deterioration,1.0,solid_common_support
1,compound,3.108,-0.1122735302354417,-0.1673911173612956,-0.0571559431095879,18.847449999999988,6.72,-0.2778093198900647,0.0856554171794287,Delayed Deterioration,1.0,solid_common_support
1,compound,3.136,-0.112843592529571,-0.1682293450261139,-0.0574578400330281,18.847449999999988,6.72,-0.2778093198900647,0.0856554171794287,Delayed Deterioration,1.0,solid_common_support
1,compound,3.164,-0.1134043179106348,-0.1690534178760864,-0.0577552179451831,18.847449999999988,6.72,-0.2778093198900647,0.0856554171794287,Delayed Deterioration,1.0,solid_common_support
1,compound,3.192,-0.1139557793232665,-0.1698634472327432,-0.0580481114137898,18.847449999999988,6.72,-0.2778093198900647,0.0856554171794287,Delayed Deterioration,1.0,solid_common_support
1,compound,3.22,-0.1144980497120995,-0.1706595444209258,-0.0583365550032732,18.847449999999988,6.72,-0.2778093198900647,0.0856554171794287,Delayed Deterioration,1.0,solid_common_support
1,compound,3.248,-0.115031202021767,-0.1714418207687192,-0.0586205832748148,18.847449999999988,6.72,-0.2778093198900647,0.0856554171794287,Delayed Deterioration,1.0,solid_common_support
1,compound,3.276,-0.1155553091969024,-0.1722103876073862,-0.0589002307864187,18.847449999999988,6.72,-0.2778093198900647,0.0856554171794287,Delayed Deterioration,1.0,solid_common_support
1,compound,3.3040000000000003,-0.116070444182139,-0.1729653562712998,-0.0591755320929783,18.847449999999988,6.72,-0.2778093198900647,0.0856554171794287,Delayed Deterioration,1.0,solid_common_support
1,compound,3.332,-0.1165766799221102,-0.1737068380978786,-0.0594465217463419,18.847449999999988,6.72,-0.2778093198900647,0.0856554171794287,Delayed Deterioration,1.0,solid_common_support
1,compound,3.36,-0.1170740893614492,-0.1744349444275199,-0.0597132342953785,18.847449999999988,6.72,-0.2778093198900647,0.0856554171794287,Delayed Deterioration,1.0,solid_common_support
1,compound,3.388,-0.1175627454447894,-0.1751497866035349,-0.059975704286044,18.847449999999988,6.72,-0.2778093198900647,0.0856554171794287,Delayed Deterioration,1.0,solid_common_support
1,compound,3.416,-0.1180427211167641,-0.1758514759720818,-0.0602339662614464,18.847449999999988,6.72,-0.2778093198900647,0.0856554171794287,Delayed Deterioration,1.0,solid_common_support
1,compound,3.444,-0.1185140893220067,-0.1765401238820998,-0.0604880547619135,18.847449999999988,6.72,-0.2778093198900647,0.0856554171794287,Delayed Deterioration,1.0,solid_common_support
1,compound,3.472,-0.1189769230051503,-0.1772158416852417,-0.0607380043250589,18.847449999999988,6.72,-0.2778093198900647,0.0856554171794287,Delayed Deterioration,1.0,solid_common_support
1,compound,3.5,-0.1194312951108284,-0.1778787407358068,-0.0609838494858501,18.847449999999988,6.72,-0.2778093198900647,0.0856554171794287,Delayed Deterioration,1.0,solid_common_support
1,compound,3.528,-0.1198772785836743,-0.1785289323906715,-0.0612256247766772,18.847449999999988,6.72,-0.2778093198900647,0.0856554171794287,Delayed Deterioration,1.0,solid_common_support
1,compound,3.556,-0.1203149463683214,-0.1791665280092202,-0.0614633647274227,18.847449999999988,6.72,-0.2778093198900647,0.0856554171794287,Delayed Deterioration,1.0,solid_common_support
1,compound,3.584,-0.1207443714094029,-0.1797916389532741,-0.0616971038655317,18.847449999999988,6.72,-0.2778093198900647,0.0856554171794287,Delayed Deterioration,1.0,solid_common_support
1,compound,3.612,-0.1211656266515522,-0.1804043765870199,-0.0619268767160845,18.847449999999988,6.72,-0.2778093198900647,0.0856554171794287,Delayed Deterioration,1.0,solid_common_support
1,compound,3.64,-0.1215787850394025,-0.1810048522769352,-0.06215271780187,18.847449999999988,6.72,-0.2778093198900647,0.0856554171794287,Delayed Deterioration,1.0,solid_common_support
1,compound,3.668,-0.1219839195175874,-0.1815931773917143,-0.0623746616434605,18.847449999999988,6.72,-0.2778093198900647,0.0856554171794287,Delayed Deterioration,1.0,solid_common_support
1,compound,3.696,-0.1223811030307399,-0.182169463302191,-0.0625927427592887,18.847449999999988,6.72,-0.2778093198900647,0.0856554171794287,Delayed Deterioration,1.0,solid_common_support
1,compound,3.724,-0.1227704085234934,-0.1827338213812606,-0.0628069956657262,18.847449999999988,6.72,-0.2778093198900647,0.0856554171794287,Delayed Deterioration,1.0,solid_common_support
1,compound,3.752,-0.1231519089404814,-0.1832863630037989,-0.0630174548771639,18.847449999999988,6.72,-0.2778093198900647,0.0856554171794287,Delayed Deterioration,1.0,solid_common_support
1,compound,3.78,-0.1235256772263371,-0.1838271995465799,-0.0632241549060943,18.847449999999988,6.72,-0.2778093198900647,0.0856554171794287,Delayed Deterioration,1.0,solid_common_support
1,compound,3.808,-0.1238917863256937,-0.1843564423881911,-0.0634271302631964,18.847449999999988,6.72,-0.2778093198900647,0.0856554171794287,Delayed Deterioration,1.0,solid_common_support
1,compound,3.836,-0.1242503091831848,-0.1848742029089469,-0.0636264154574228,18.847449999999988,6.72,-0.2778093198900647,0.0856554171794287,Delayed Deterioration,1.0,solid_common_support
1,compound,3.864,-0.1246013187434435,-0.1853805924907988,-0.0638220449960882,18.847449999999988,6.72,-0.2778093198900647,0.0856554171794287,Delayed Deterioration,1.0,solid_common_support
1,compound,3.892,-0.1249448879511033,-0.185875722517244,-0.0640140533849626,18.847449999999988,6.72,-0.2778093198900647,0.0856554171794287,Delayed Deterioration,1.0,solid_common_support
1,compound,3.92,-0.1252810897507973,-0.1863597043732306,-0.064202475128364,18.847449999999988,6.72,-0.2778093198900647,0.0856554171794287,Delayed Deterioration,1.0,solid_common_support
1,compound,3.948,-0.1256099970871591,-0.1868326494450609,-0.0643873447292572,18.847449999999988,6.72,-0.2778093198900647,0.0856554171794287,Delayed Deterioration,1.0,solid_common_support
1,compound,3.976,-0.1259316829048218,-0.1872946691202907,-0.0645686966893528,18.847449999999988,6.72,-0.2778093198900647,0.0856554171794287,Delayed Deterioration,1.0,solid_common_support
1,compound,4.004,-0.1262462201484187,-0.1877458747876274,-0.0647465655092101,18.847449999999988,6.72,-0.2778093198900647,0.0856554171794287,Delayed Deterioration,1.0,solid_common_support
1,compound,4.032,-0.1265536817625833,-0.1881863778368229,-0.0649209856883437,18.847449999999988,6.72,-0.2778093198900647,0.0856554171794287,Delayed Deterioration,1.0,solid_common_support
1,compound,4.0600000000000005,-0.1268541406919489,-0.1886162896585654,-0.0650919917253323,18.847449999999988,6.72,-0.2778093198900647,0.0856554171794287,Delayed Deterioration,1.0,solid_common_support
1,compound,4.088,-0.1271476698811487,-0.1890357216443665,-0.0652596181179308,18.847449999999988,6.72,-0.2778093198900647,0.0856554171794287,Delayed Deterioration,1.0,solid_common_support
1,compound,4.116,-0.1274343422748161,-0.1894447851864452,-0.0654238993631869,18.847449999999988,6.72,-0.2778093198900647,0.0856554171794287,Delayed Deterioration,1.0,solid_common_support
1,compound,4.144,-0.1277142308175844,-0.1898435916776095,-0.0655848699575592,18.847449999999988,6.72,-0.2778093198900647,0.0856554171794287,Delayed Deterioration,1.0,solid_common_support
1,compound,4.172,-0.1279874084540869,-0.1902322525111326,-0.0657425643970413,18.847449999999988,6.72,-0.2778093198900647,0.0856554171794287,Delayed Deterioration,1.0,solid_common_support
1,compound,4.2,-0.128253948128957,-0.1906108790806266,-0.0658970171772874,18.847449999999988,6.72,-0.2778093198900647,0.0856554171794287,Delayed Deterioration,1.0,solid_common_support
1,compound,4.228,-0.128513922786828,-0.1909795827799129,-0.0660482627937432,18.847449999999988,6.72,-0.2778093198900647,0.0856554171794287,Delayed Deterioration,1.0,solid_common_support
1,compound,4.256,-0.1287674053723332,-0.1913384750028867,-0.0661963357417798,18.847449999999988,6.72,-0.2778093198900647,0.0856554171794287,Delayed Deterioration,1.0,solid_common_support
1,compound,4.284,-0.1290144688301059,-0.1916876671433796,-0.0663412705168322,18.847449999999988,6.72,-0.2778093198900647,0.0856554171794287,Delayed Deterioration,1.0,solid_common_support
1,compound,4.312,-0.1292551861047796,-0.1920272705950172,-0.0664831016145419,18.847449999999988,6.72,-0.2778093198900647,0.0856554171794287,Delayed Deterioration,1.0,solid_common_support
1,compound,4.34,-0.1294896301409873,-0.1923573967510719,-0.0666218635309027,18.847449999999988,6.72,-0.2778093198900647,0.0856554171794287,Delayed Deterioration,1.0,solid_common_support
1,compound,4.368,-0.1297178738833626,-0.1926781570043124,-0.0667575907624127,18.847449999999988,6.72,-0.2778093198900647,0.0856554171794287,Delayed Deterioration,1.0,solid_common_support
1,compound,4.396,-0.1299399902765387,-0.1929896627468484,-0.066890317806229,18.847449999999988,6.72,-0.2778093198900647,0.0856554171794287,Delayed Deterioration,1.0,solid_common_support
1,compound,4.424,-0.1301560522651489,-0.1932920253699702,-0.0670200791603276,18.847449999999988,6.72,-0.2778093198900647,0.0856554171794287,Delayed Deterioration,1.0,solid_common_support
1,compound,4.452,-0.1303661327938266,-0.1935853562639848,-0.0671469093236685,18.847449999999988,6.72,-0.2778093198900647,0.0856554171794287,Delayed Deterioration,1.0,solid_common_support
1,compound,4.48,-0.1305703048072051,-0.1938697668180458,-0.0672708427963645,18.847449999999988,6.72,-0.2778093198900647,0.0856554171794287,Delayed Deterioration,1.0,solid_common_support
1,compound,4.508,-0.1307686412499178,-0.1941453684199799,-0.0673919140798557,18.847449999999988,6.72,-0.2778093198900647,0.0856554171794287,Delayed Deterioration,1.0,solid_common_support
1,compound,4.5360000000000005,-0.1309612150665978,-0.1944122724561073,-0.0675101576770884,18.847449999999988,6.72,-0.2778093198900647,0.0856554171794287,Delayed Deterioration,1.0,solid_common_support
1,compound,4.564,-0.1311480992018787,-0.194670590311058,-0.0676256080926994,18.847449999999988,6.72,-0.2778093198900647,0.0856554171794287,Delayed Deterioration,1.0,solid_common_support
1,compound,4.5920000000000005,-0.1313293666003936,-0.1949204333675818,-0.0677382998332054,18.847449999999988,6.72,-0.2778093198900647,0.0856554171794287,Delayed Deterioration,1.0,solid_common_support
1,compound,4.62,-0.131505090206776,-0.1951619130063542,-0.0678482674071978,18.847449999999988,6.72,-0.2778093198900647,0.0856554171794287,Delayed Deterioration,1.0,solid_common_support
1,compound,4.648,-0.131675342965659,-0.1953951406057759,-0.0679555453255421,18.847449999999988,6.72,-0.2778093198900647,0.0856554171794287,Delayed Deterioration,1.0,solid_common_support
1,compound,4.676,-0.1318401978216762,-0.1956202275417682,-0.0680601681015841,18.847449999999988,6.72,-0.2778093198900647,0.0856554171794287,Delayed Deterioration,1.0,solid_common_support
1,compound,4.704,-0.1319997277194607,-0.195837285187561,-0.0681621702513604,18.847449999999988,6.72,-0.2778093198900647,0.0856554171794287,Delayed Deterioration,1.0,solid_common_support
1,compound,4.732,-0.1321540056036459,-0.1960464249134765,-0.0682615862938154,18.847449999999988,6.72,-0.2778093198900647,0.0856554171794287,Delayed Deterioration,1.0,solid_common_support
1,compound,4.76,-0.1323031044188652,-0.1962477580867067,-0.0683584507510236,18.847449999999988,6.72,-0.2778093198900647,0.0856554171794287,Delayed Deterioration,1.0,solid_common_support
1,compound,4.788,-0.1324470971097518,-0.1964413960710855,-0.0684527981484182,18.847449999999988,6.72,-0.2778093198900647,0.0856554171794287,Delayed Deterioration,1.0,solid_common_support
1,compound,4.816,-0.1325860566209391,-0.1966274502268535,-0.0685446630150247,18.847449999999988,6.72,-0.2778093198900647,0.0856554171794287,Delayed Deterioration,1.0,solid_common_support
1,compound,4.844,-0.1327200558970604,-0.1968060319104184,-0.0686340798837023,18.847449999999988,6.72,-0.2778093198900647,0.0856554171794287,Delayed Deterioration,1.0,solid_common_support
1,compound,4.872,-0.132849167882749,-0.1969772524741087,-0.0687210832913894,18.847449999999988,6.72,-0.2778093198900647,0.0856554171794287,Delayed Deterioration,1.0,solid_common_support
1,compound,4.9,-0.1329734655226383,-0.1971412232659198,-0.0688057077793568,18.847449999999988,6.72,-0.2778093198900647,0.0856554171794287,Delayed Deterioration,1.0,solid_common_support
1,compound,4.928,-0.1330930217613615,-0.1972980556292564,-0.0688879878934667,18.847449999999988,6.72,-0.2778093198900647,0.0856554171794287,Delayed Deterioration,1.0,solid_common_support
1,compound,4.956,-0.1332079095435521,-0.1974478609026663,-0.0689679581844379,18.847449999999988,6.72,-0.2778093198900647,0.0856554171794287,Delayed Deterioration,1.0,solid_common_support
1,compound,4.984,-0.1333182018138432,-0.1975907504195685,-0.0690456532081179,18.847449999999988,6.72,-0.2778093198900647,0.0856554171794287,Delayed Deterioration,1.0,solid_common_support
1,compound,5.0120000000000005,-0.1334239715168683,-0.1977268355079751,-0.0691211075257615,18.847449999999988,6.72,-0.2778093198900647,0.0856554171794287,Delayed Deterioration,1.0,solid_common_support
1,compound,5.04,-0.1335252915972607,-0.1978562274902058,-0.0691943557043156,18.847449999999988,6.72,-0.2778093198900647,0.0856554171794287,Delayed Deterioration,1.0,solid_common_support
1,compound,5.0680000000000005,-0.1336222349996537,-0.1979790376825961,-0.0692654323167112,18.847449999999988,6.72,-0.2778093198900647,0.0856554171794287,Delayed Deterioration,1.0,solid_common_support
1,compound,5.096,-0.1337148746686805,-0.1980953773951989,-0.069334371942162,18.847449999999988,6.72,-0.2778093198900647,0.0856554171794287,Delayed Deterioration,1.0,solid_common_support
1,compound,5.124,-0.1338032835489746,-0.1982053579314789,-0.0694012091664703,18.847449999999988,6.72,-0.2778093198900647,0.0856554171794287,Delayed Deterioration,1.0,solid_common_support
1,compound,5.152,-0.1338875345851693,-0.1983090905879999,-0.0694659785823386,18.847449999999988,6.72,-0.2778093198900647,0.0856554171794287,Delayed Deterioration,1.0,solid_common_support
1,compound,5.18,-0.1339677007218979,-0.1984066866541059,-0.0695287147896898,18.847449999999988,6.72,-0.2778093198900647,0.0856554171794287,Delayed Deterioration,1.0,solid_common_support
1,compound,5.208,-0.1340438549037936,-0.1984982574115942,-0.069589452395993,18.847449999999988,6.72,-0.2778093198900647,0.0856554171794287,Delayed Deterioration,1.0,solid_common_support
1,compound,5.236,-0.1341160700754899,-0.1985839141343821,-0.0696482260165976,18.847449999999988,6.72,-0.2778093198900647,0.0856554171794287,Delayed Deterioration,1.0,solid_common_support
1,compound,5.264,-0.13418441918162,-0.1986637680881664,-0.0697050702750736,18.847449999999988,6.72,-0.2778093198900647,0.0856554171794287,Delayed Deterioration,1.0,solid_common_support
1,compound,5.292,-0.1342489751668173,-0.1987379305300751,-0.0697600198035594,18.847449999999988,6.72,-0.2778093198900647,0.0856554171794287,Delayed Deterioration,1.0,solid_common_support
1,compound,5.32,-0.1343098109757151,-0.1988065127083129,-0.0698131092431174,18.847449999999988,6.72,-0.2778093198900647,0.0856554171794287,Delayed Deterioration,1.0,solid_common_support
1,compound,5.348,-0.1343669995529468,-0.198869625861798,-0.0698643732440955,18.847449999999988,6.72,-0.2778093198900647,0.0856554171794287,Delayed Deterioration,1.0,solid_common_support
1,compound,5.376,-0.1344206138431456,-0.1989273812197938,-0.0699138464664974,18.847449999999988,6.72,-0.2778093198900647,0.0856554171794287,Delayed Deterioration,1.0,solid_common_support
1,compound,5.404,-0.1344707267909448,-0.1989798900015308,-0.0699615635803589,18.847449999999988,6.72,-0.2778093198900647,0.0856554171794287,Delayed Deterioration,1.0,solid_common_support
1,compound,5.432,-0.1345174113409779,-0.1990272634158231,-0.0700075592661326,18.847449999999988,6.72,-0.2778093198900647,0.0856554171794287,Delayed Deterioration,1.0,solid_common_support
1,compound,5.46,-0.1345607404378781,-0.199069612660677,-0.0700518682150791,18.847449999999988,6.72,-0.2778093198900647,0.0856554171794287,Delayed Deterioration,1.0,solid_common_support
1,compound,5.488,-0.1346007870262787,-0.1991070489228917,-0.0700945251296656,18.847449999999988,6.72,-0.2778093198900647,0.0856554171794287,Delayed Deterioration,1.0,solid_common_support
1,compound,5.516,-0.134637624050813,-0.1991396833776536,-0.0701355647239724,18.847449999999988,6.72,-0.2778093198900647,0.0856554171794287,Delayed Deterioration,1.0,solid_common_support
1,compound,5.5440000000000005,-0.1346713244561145,-0.1991676271881229,-0.0701750217241061,18.847449999999988,6.72,-0.2778093198900647,0.0856554171794287,Delayed Deterioration,1.0,solid_common_support
1,compound,5.572,-0.1347019611868164,-0.1991909915050129,-0.0702129308686199,18.847449999999988,6.72,-0.2778093198900647,0.0856554171794287,Delayed Deterioration,1.0,solid_common_support
1,compound,5.6000000000000005,-0.1347296071875521,-0.1992098874661622,-0.0702493269089419,18.847449999999988,6.72,-0.2778093198900647,0.0856554171794287,Delayed Deterioration,1.0,solid_common_support
1,compound,5.628,-0.1347543354029547,-0.1992244261960997,-0.0702842446098098,18.847449999999988,6.72,-0.2778093198900647,0.0856554171794287,Delayed Deterioration,1.0,solid_common_support
1,compound,5.656,-0.1347762187776578,-0.1992347188056027,-0.0703177187497129,18.847449999999988,6.72,-0.2778093198900647,0.0856554171794287,Delayed Deterioration,1.0,solid_common_support
1,compound,5.684,-0.1347953302562946,-0.1992408763912473,-0.0703497841213418,18.847449999999988,6.72,-0.2778093198900647,0.0856554171794287,Delayed Deterioration,1.0,solid_common_support
1,compound,5.712,-0.1348117427834984,-0.1992430100349529,-0.0703804755320438,18.847449999999988,6.72,-0.2778093198900647,0.0856554171794287,Delayed Deterioration,1.0,solid_common_support
1,compound,5.74,-0.1348255293039025,-0.1992412308035183,-0.0704098278042867,18.847449999999988,6.72,-0.2778093198900647,0.0856554171794287,Delayed Deterioration,1.0,solid_common_support
1,compound,5.768,-0.1348367627621404,-0.1992356497481529,-0.0704378757761279,18.847449999999988,6.72,-0.2778093198900647,0.0856554171794287,Delayed Deterioration,1.0,solid_common_support
1,compound,5.796,-0.1348455161028452,-0.1992263779039989,-0.0704646543016914,18.847449999999988,6.72,-0.2778093198900647,0.0856554171794287,Delayed Deterioration,1.0,solid_common_support
1,compound,5.824,-0.1348518622706503,-0.1992135262896496,-0.0704901982516511,18.847449999999988,6.72,-0.2778093198900647,0.0856554171794287,Delayed Deterioration,1.0,solid_common_support
1,compound,5.852,-0.1348558742101891,-0.199197205906659,-0.0705145425137193,18.847449999999988,6.72,-0.2778093198900647,0.0856554171794287,Delayed Deterioration,1.0,solid_common_support
1,compound,5.88,-0.1348576248660949,-0.1991775277390458,-0.070537721993144,18.847449999999988,6.72,-0.2778093198900647,0.0856554171794287,Delayed Deterioration,1.0,solid_common_support
1,compound,5.908,-0.134857187183001,-0.1991546027527924,-0.0705597716132096,18.847449999999988,6.72,-0.2778093198900647,0.0856554171794287,Delayed Deterioration,1.0,solid_common_support
1,compound,5.936,-0.1348546341055407,-0.1991285418953358,-0.0705807263157455,18.847449999999988,6.72,-0.2778093198900647,0.0856554171794287,Delayed Deterioration,1.0,solid_common_support
1,compound,5.964,-0.1348500385783473,-0.1990994560950548,-0.0706006210616397,18.847449999999988,6.72,-0.2778093198900647,0.0856554171794287,Delayed Deterioration,1.0,solid_common_support
1,compound,5.992,-0.1348434735460542,-0.1990674562607503,-0.0706194908313581,18.847449999999988,6.72,-0.2778093198900647,0.0856554171794287,Delayed Deterioration,1.0,solid_common_support
1,compound,6.0200000000000005,-0.1348350119532947,-0.1990326532811205,-0.0706373706254688,18.847449999999988,6.72,-0.2778093198900647,0.0856554171794287,Delayed Deterioration,1.0,solid_common_support
1,compound,6.048,-0.1348247267447021,-0.1989951580242317,-0.0706542954651725,18.847449999999988,6.72,-0.2778093198900647,0.0856554171794287,Delayed Deterioration,1.0,solid_common_support
1,compound,6.0760000000000005,-0.1348126908649097,-0.1989550813369829,-0.0706703003928365,18.847449999999988,6.72,-0.2778093198900647,0.0856554171794287,Delayed Deterioration,1.0,solid_common_support
1,compound,6.104,-0.1347989772585509,-0.1989125340445673,-0.0706854204725346,18.847449999999988,6.72,-0.2778093198900647,0.0856554171794287,Delayed Deterioration,1.0,solid_common_support
1,compound,6.132000000000001,-0.134783658870259,-0.1988676269499278,-0.0706996907905902,18.847449999999988,6.72,-0.2778093198900647,0.0856554171794287,Delayed Deterioration,1.0,solid_common_support
1,compound,6.16,-0.1347668086446673,-0.1988204708332101,-0.0707131464561245,18.847449999999988,6.72,-0.2778093198900647,0.0856554171794287,Delayed Deterioration,1.0,solid_common_support
1,compound,6.188,-0.1347484995264091,-0.198771176451211,-0.0707258226016072,18.847449999999988,6.72,-0.2778093198900647,0.0856554171794287,Delayed Deterioration,1.0,solid_common_support
1,compound,6.216,-0.1347288044601178,-0.1987198545368235,-0.070737754383412,18.847449999999988,6.72,-0.2778093198900647,0.0856554171794287,Delayed Deterioration,1.0,solid_common_support
1,compound,6.244,-0.1347077963904266,-0.1986666157984792,-0.070748976982374,18.847449999999988,6.72,-0.2778093198900647,0.0856554171794287,Delayed Deterioration,1.0,solid_common_support
1,compound,6.272,-0.134685548261969,-0.1986115709195875,-0.0707595256043504,18.847449999999988,6.72,-0.2778093198900647,0.0856554171794287,Delayed Deterioration,1.0,solid_common_support
1,compound,6.3,-0.1346621330193781,-0.198554830557973,-0.0707694354807832,18.847449999999988,6.72,-0.2778093198900647,0.0856554171794287,Delayed Deterioration,1.0,solid_common_support
1,compound,6.328,-0.1346376236072874,-0.1984965053453108,-0.070778741869264,18.847449999999988,6.72,-0.2778093198900647,0.0856554171794287,Delayed Deterioration,1.0,solid_common_support
1,compound,6.356,-0.1346120929703302,-0.1984367058865603,-0.0707874800541001,18.847449999999988,6.72,-0.2778093198900647,0.0856554171794287,Delayed Deterioration,1.0,solid_common_support
1,compound,6.384,-0.1345856140531398,-0.198375542759398,-0.0707956853468816,18.847449999999988,6.72,-0.2778093198900647,0.0856554171794287,Delayed Deterioration,1.0,solid_common_support
1,compound,6.412,-0.1345582598003495,-0.1983131265136498,-0.0708033930870491,18.847449999999988,6.72,-0.2778093198900647,0.0856554171794287,Delayed Deterioration,1.0,solid_common_support
1,compound,6.44,-0.1345301031565926,-0.1982495676707235,-0.0708106386424618,18.847449999999988,6.72,-0.2778093198900647,0.0856554171794287,Delayed Deterioration,1.0,solid_common_support
1,compound,6.468,-0.1345012170665025,-0.198184976723041,-0.070817457409964,18.847449999999988,6.72,-0.2778093198900647,0.0856554171794287,Delayed Deterioration,1.0,solid_common_support
1,compound,6.496,-0.1344716744747125,-0.1981194641334725,-0.0708238848159525,18.847449999999988,6.72,-0.2778093198900647,0.0856554171794287,Delayed Deterioration,1.0,solid_common_support
1,compound,6.524,-0.1344415483258559,-0.1980531403347714,-0.0708299563169404,18.847449999999988,6.72,-0.2778093198900647,0.0856554171794287,Delayed Deterioration,1.0,solid_common_support
1,compound,6.5520000000000005,-0.1344109115645661,-0.1979861157290116,-0.0708357074001206,18.847449999999988,6.72,-0.2778093198900647,0.0856554171794287,Delayed Deterioration,1.0,solid_common_support
1,compound,6.58,-0.1343798371354762,-0.1979185006870273,-0.0708411735839251,18.847449999999988,6.72,-0.2778093198900647,0.0856554171794287,Delayed Deterioration,1.0,solid_common_support
1,compound,6.6080000000000005,-0.1343483979832198,-0.197850405547857,-0.0708463904185826,18.847449999999988,6.72,-0.2778093198900647,0.0856554171794287,Delayed Deterioration,1.0,solid_common_support
1,compound,6.636,-0.1343166670524301,-0.1977819406181898,-0.0708513934866705,18.847449999999988,6.72,-0.2778093198900647,0.0856554171794287,Delayed Deterioration,1.0,solid_common_support
1,compound,6.664,-0.1342847172877405,-0.1977132161718177,-0.0708562184036632,18.847449999999988,6.72,-0.2778093198900647,0.0856554171794287,Delayed Deterioration,1.0,solid_common_support
1,compound,6.692,-0.1342526216337841,-0.1976443424490924,-0.0708609008184758,18.847449999999988,6.72,-0.2778093198900647,0.0856554171794287,Delayed Deterioration,1.0,solid_common_support
1,compound,6.72,-0.1342204530351945,-0.1975754296563888,-0.0708654764140002,18.847449999999988,6.72,-0.2778093198900647,0.0856554171794287,Delayed Deterioration,1.0,solid_common_support
1,compound,7.288621916666651,-0.1335669286361684,-0.1961911380051704,-0.0709427192671663,18.847449999999988,6.72,-0.2778093198900647,0.0856554171794287,Delayed Deterioration,1.0,dashed_p80_tail
1,compound,7.857243833333301,-0.1329134042371422,-0.1948372096980842,-0.0709895987762002,18.847449999999988,6.72,-0.2778093198900647,0.0856554171794287,Delayed Deterioration,1.0,dashed_p80_tail
1,compound,8.425865749999954,-0.1322598798381161,-0.1935146862918797,-0.0710050733843526,18.847449999999988,6.72,-0.2778093198900647,0.0856554171794287,Delayed Deterioration,1.0,dashed_p80_tail
1,compound,8.994487666666604,-0.13160635543909,-0.1922246075737643,-0.0709881033044158,18.847449999999988,6.72,-0.2778093198900647,0.0856554171794287,Delayed Deterioration,1.0,dashed_p80_tail
1,compound,9.563109583333254,-0.1309528310400639,-0.1909680059318304,-0.0709376561482975,18.847449999999988,6.72,-0.2778093198900647,0.0856554171794287,Delayed Deterioration,1.0,dashed_p80_tail
1,compound,10.131731499999908,-0.1302993066410378,-0.1897459002353484,-0.0708527130467272,18.847449999999988,6.72,-0.2778093198900647,0.0856554171794287,Delayed Deterioration,1.0,dashed_p80_tail
1,compound,10.700353416666555,-0.1296457822420117,-0.1885592892662622,-0.0707322752177611,18.847449999999988,6.72,-0.2778093198900647,0.0856554171794287,Delayed Deterioration,1.0,dashed_p80_tail
1,compound,11.26897533333321,-0.1289922578429855,-0.1874091447600162,-0.0705753709259548,18.847449999999988,6.72,-0.2778093198900647,0.0856554171794287,Delayed Deterioration,1.0,dashed_p80_tail
1,compound,11.83759724999986,-0.1283387334439594,-0.1862964041313615,-0.0703810627565572,18.847449999999988,6.72,-0.2778093198900647,0.0856554171794287,Delayed Deterioration,1.0,dashed_p80_tail
1,compound,12.40621916666651,-0.1276852090449334,-0.1852219629783369,-0.0701484551115299,18.847449999999988,6.72,-0.2778093198900647,0.0856554171794287,Delayed Deterioration,1.0,dashed_p80_tail
1,compound,12.97484108333316,-0.1270316846459072,-0.1841866674744247,-0.0698767018173896,18.847449999999988,6.72,-0.2778093198900647,0.0856554171794287,Delayed Deterioration,1.0,dashed_p80_tail
1,compound,13.543462999999813,-0.1263781602468812,-0.183191306774025,-0.0695650137197373,18.847449999999988,6.72,-0.2778093198900647,0.0856554171794287,Delayed Deterioration,1.0,dashed_p80_tail
1,compound,14.112084916666465,-0.1257246358478549,-0.1822366055689039,-0.0692126661268059,18.847449999999988,6.72,-0.2778093198900647,0.0856554171794287,Delayed Deterioration,1.0,dashed_p80_tail
1,compound,14.680706833333115,-0.1250711114488288,-0.1813232169422435,-0.0688190059554142,18.847449999999988,6.72,-0.2778093198900647,0.0856554171794287,Delayed Deterioration,1.0,dashed_p80_tail
1,compound,15.249328749999766,-0.1244175870498028,-0.1804517156714135,-0.0683834584281921,18.847449999999988,6.72,-0.2778093198900647,0.0856554171794287,Delayed Deterioration,1.0,dashed_p80_tail
1,compound,15.817950666666416,-0.1237640626507767,-0.1796225921299496,-0.0679055331716038,18.847449999999988,6.72,-0.2778093198900647,0.0856554171794287,Delayed Deterioration,1.0,dashed_p80_tail
1,compound,16.386572583333066,-0.1231105382517505,-0.1788362469329283,-0.0673848295705727,18.847449999999988,6.72,-0.2778093198900647,0.0856554171794287,Delayed Deterioration,1.0,dashed_p80_tail
1,compound,16.95519449999972,-0.1224570138527245,-0.1780929864578192,-0.0668210412476299,18.847449999999988,6.72,-0.2778093198900647,0.0856554171794287,Delayed Deterioration,1.0,dashed_p80_tail
1,compound,17.52381641666637,-0.1218034894536984,-0.1773930193551253,-0.0662139595522716,18.847449999999988,6.72,-0.2778093198900647,0.0856554171794287,Delayed Deterioration,1.0,dashed_p80_tail
1,compound,18.09243833333302,-0.121149965054672,-0.1767364541402391,-0.065563475969105,18.847449999999988,6.72,-0.2778093198900647,0.0856554171794287,Delayed Deterioration,1.0,dashed_p80_tail
1,compound,18.66106024999967,-0.1204964406556459,-0.176123297930793,-0.0648695833804988,18.847449999999988,6.72,-0.2778093198900647,0.0856554171794287,Delayed Deterioration,1.0,dashed_p80_tail
2,compound,0.0,0.0,0.0,0.0,14.62400000000001,6.72,-0.1787737928332056,0.1575482802062968,Weak Oscillatory Response,1.0,solid_common_support
2,compound,0.028,-0.000289630856938,-0.0013491997069673,0.0007699379930912,14.62400000000001,6.72,-0.1787737928332056,0.1575482802062968,Weak Oscillatory Response,1.0,solid_common_support
2,compound,0.056,-0.0005792386251396,-0.0026982800512371,0.0015398028009577,14.62400000000001,6.72,-0.1787737928332056,0.1575482802062968,Weak Oscillatory Response,1.0,solid_common_support
2,compound,0.084,-0.0008688002158685,-0.0040471216701316,0.0023095212383945,14.62400000000001,6.72,-0.1787737928332056,0.1575482802062968,Weak Oscillatory Response,1.0,solid_common_support
2,compound,0.112,-0.0011582925403881,-0.0053956052010119,0.0030790201202356,14.62400000000001,6.72,-0.1787737928332056,0.1575482802062968,Weak Oscillatory Response,1.0,solid_common_support
2,compound,0.14,-0.0014476925099622,-0.0067436112812979,0.0038482262613734,14.62400000000001,6.72,-0.1787737928332056,0.1575482802062968,Weak Oscillatory Response,1.0,solid_common_support
2,compound,0.168,-0.0017369770358542,-0.0080910205484876,0.004617066476779,14.62400000000001,6.72,-0.1787737928332056,0.1575482802062968,Weak Oscillatory Response,1.0,solid_common_support
2,compound,0.196,-0.0020261230293279,-0.0094377136401771,0.0053854675815212,14.62400000000001,6.72,-0.1787737928332056,0.1575482802062968,Weak Oscillatory Response,1.0,solid_common_support
2,compound,0.224,-0.0023151074016467,-0.01078357119408,0.0061533563907864,14.62400000000001,6.72,-0.1787737928332056,0.1575482802062968,Weak Oscillatory Response,1.0,solid_common_support
2,compound,0.252,-0.0026039070640744,-0.0121284738480475,0.0069206597198986,14.62400000000001,6.72,-0.1787737928332056,0.1575482802062968,Weak Oscillatory Response,1.0,solid_common_support
2,compound,0.28,-0.0028924989278745,-0.013472302240088,0.007687304384339,14.62400000000001,6.72,-0.1787737928332056,0.1575482802062968,Weak Oscillatory Response,1.0,solid_common_support
2,compound,0.308,-0.0031808599043105,-0.0148149370083873,0.0084532171997662,14.62400000000001,6.72,-0.1787737928332056,0.1575482802062968,Weak Oscillatory Response,1.0,solid_common_support
2,compound,0.336,-0.0034689669046462,-0.0161562587913287,0.0092183249820362,14.62400000000001,6.72,-0.1787737928332056,0.1575482802062968,Weak Oscillatory Response,1.0,solid_common_support
2,compound,0.364,-0.0037567968401451,-0.0174961482275128,0.0099825545472226,14.62400000000001,6.72,-0.1787737928332056,0.1575482802062968,Weak Oscillatory Response,1.0,solid_common_support
2,compound,0.392,-0.0040443266220707,-0.0188344859557787,0.0107458327116371,14.62400000000001,6.72,-0.1787737928332056,0.1575482802062968,Weak Oscillatory Response,1.0,solid_common_support
2,compound,0.42,-0.0043315331616868,-0.0201711526152236,0.0115080862918499,14.62400000000001,6.72,-0.1787737928332056,0.1575482802062968,Weak Oscillatory Response,1.0,solid_common_support
2,compound,0.448,-0.0046183933702569,-0.0215060288452242,0.0122692421047104,14.62400000000001,6.72,-0.1787737928332056,0.1575482802062968,Weak Oscillatory Response,1.0,solid_common_support
2,compound,0.476,-0.0049048841590446,-0.0228389952854572,0.013029226967368,14.62400000000001,6.72,-0.1787737928332056,0.1575482802062968,Weak Oscillatory Response,1.0,solid_common_support
2,compound,0.504,-0.0051909824393135,-0.0241699325759204,0.0137879676972933,14.62400000000001,6.72,-0.1787737928332056,0.1575482802062968,Weak Oscillatory Response,1.0,solid_common_support
2,compound,0.532,-0.0054766651223272,-0.0254987213569539,0.0145453911122995,14.62400000000001,6.72,-0.1787737928332056,0.1575482802062968,Weak Oscillatory Response,1.0,solid_common_support
2,compound,0.56,-0.0057619091193493,-0.026825242269262,0.0153014240305634,14.62400000000001,6.72,-0.1787737928332056,0.1575482802062968,Weak Oscillatory Response,1.0,solid_common_support
2,compound,0.588,-0.0060466913416434,-0.0281493759539344,0.0160559932706476,14.62400000000001,6.72,-0.1787737928332056,0.1575482802062968,Weak Oscillatory Response,1.0,solid_common_support
2,compound,0.616,-0.0063309887004731,-0.0294710030524685,0.0168090256515223,14.62400000000001,6.72,-0.1787737928332056,0.1575482802062968,Weak Oscillatory Response,1.0,solid_common_support
2,compound,0.644,-0.006614778107102,-0.0307900042067915,0.0175604479925874,14.62400000000001,6.72,-0.1787737928332056,0.1575482802062968,Weak Oscillatory Response,1.0,solid_common_support
2,compound,0.672,-0.0068980364727937,-0.032106260059283,0.0183101871136954,14.62400000000001,6.72,-0.1787737928332056,0.1575482802062968,Weak Oscillatory Response,1.0,solid_common_support
2,compound,0.7000000000000001,-0.0071807407088118,-0.0334196512527977,0.0190581698351739,14.62400000000001,6.72,-0.1787737928332056,0.1575482802062968,Weak Oscillatory Response,1.0,solid_common_support
2,compound,0.728,-0.00746286772642,-0.034730058430689,0.0198043229778489,14.62400000000001,6.72,-0.1787737928332056,0.1575482802062968,Weak Oscillatory Response,1.0,solid_common_support
2,compound,0.756,-0.0077443944368817,-0.0360373622368317,0.0205485733630681,14.62400000000001,6.72,-0.1787737928332056,0.1575482802062968,Weak Oscillatory Response,1.0,solid_common_support
2,compound,0.784,-0.0080252977514607,-0.0373414433156466,0.0212908478127251,14.62400000000001,6.72,-0.1787737928332056,0.1575482802062968,Weak Oscillatory Response,1.0,solid_common_support
2,compound,0.812,-0.0083055545814204,-0.0386421823121241,0.0220310731492831,14.62400000000001,6.72,-0.1787737928332056,0.1575482802062968,Weak Oscillatory Response,1.0,solid_common_support
2,compound,0.84,-0.0085851418380246,-0.0399394598718491,0.0227691761957998,14.62400000000001,6.72,-0.1787737928332056,0.1575482802062968,Weak Oscillatory Response,1.0,solid_common_support
2,compound,0.868,-0.0088640364325368,-0.041233156641026,0.0235050837759523,14.62400000000001,6.72,-0.1787737928332056,0.1575482802062968,Weak Oscillatory Response,1.0,solid_common_support
2,compound,0.896,-0.0091422152762206,-0.0425231532665036,0.0242387227140624,14.62400000000001,6.72,-0.1787737928332056,0.1575482802062968,Weak Oscillatory Response,1.0,solid_common_support
2,compound,0.924,-0.0094196552803396,-0.0438093303958018,0.0249700198351226,14.62400000000001,6.72,-0.1787737928332056,0.1575482802062968,Weak Oscillatory Response,1.0,solid_common_support
2,compound,0.952,-0.0096963333561574,-0.045091568677137,0.0256989019648221,14.62400000000001,6.72,-0.1787737928332056,0.1575482802062968,Weak Oscillatory Response,1.0,solid_common_support
2,compound,0.98,-0.0099722264149376,-0.0463697487594493,0.026425295929574,14.62400000000001,6.72,-0.1787737928332056,0.1575482802062968,Weak Oscillatory Response,1.0,solid_common_support
2,compound,1.008,-0.0102473113679438,-0.0476437512924299,0.0271491285565421,14.62400000000001,6.72,-0.1787737928332056,0.1575482802062968,Weak Oscillatory Response,1.0,solid_common_support
2,compound,1.036,-0.0105215651264396,-0.0489134569265484,0.027870326673669,14.62400000000001,6.72,-0.1787737928332056,0.1575482802062968,Weak Oscillatory Response,1.0,solid_common_support
2,compound,1.064,-0.0107949646016887,-0.0501787463130818,0.0285888171097043,14.62400000000001,6.72,-0.1787737928332056,0.1575482802062968,Weak Oscillatory Response,1.0,solid_common_support
2,compound,1.092,-0.0110674867049545,-0.0514395001041426,0.0293045266942334,14.62400000000001,6.72,-0.1787737928332056,0.1575482802062968,Weak Oscillatory Response,1.0,solid_common_support
2,compound,1.12,-0.0113391083475008,-0.052695598952709,0.0300173822577072,14.62400000000001,6.72,-0.1787737928332056,0.1575482802062968,Weak Oscillatory Response,1.0,solid_common_support
2,compound,1.148,-0.0116098064405911,-0.0539469235126545,0.0307273106314722,14.62400000000001,6.72,-0.1787737928332056,0.1575482802062968,Weak Oscillatory Response,1.0,solid_common_support
2,compound,1.176,-0.011879557895489,-0.0551933544387789,0.0314342386478008,14.62400000000001,6.72,-0.1787737928332056,0.1575482802062968,Weak Oscillatory Response,1.0,solid_common_support
2,compound,1.204,-0.0121483396234581,-0.0564347723868396,0.0321380931399233,14.62400000000001,6.72,-0.1787737928332056,0.1575482802062968,Weak Oscillatory Response,1.0,solid_common_support
2,compound,1.232,-0.012416128535762,-0.0576710580135836,0.0328388009420596,14.62400000000001,6.72,-0.1787737928332056,0.1575482802062968,Weak Oscillatory Response,1.0,solid_common_support
2,compound,1.26,-0.0126829015436643,-0.0589020919767806,0.0335362888894519,14.62400000000001,6.72,-0.1787737928332056,0.1575482802062968,Weak Oscillatory Response,1.0,solid_common_support
2,compound,1.288,-0.0129486355584287,-0.060127754935256,0.0342304838183986,14.62400000000001,6.72,-0.1787737928332056,0.1575482802062968,Weak Oscillatory Response,1.0,solid_common_support
2,compound,1.316,-0.0132133074913186,-0.0613479275489258,0.0349213125662884,14.62400000000001,6.72,-0.1787737928332056,0.1575482802062968,Weak Oscillatory Response,1.0,solid_common_support
2,compound,1.344,-0.0134768942535978,-0.0625624904788312,0.0356087019716356,14.62400000000001,6.72,-0.1787737928332056,0.1575482802062968,Weak Oscillatory Response,1.0,solid_common_support
2,compound,1.372,-0.0137393727565298,-0.0637713243871751,0.0362925788741155,14.62400000000001,6.72,-0.1787737928332056,0.1575482802062968,Weak Oscillatory Response,1.0,solid_common_support
2,compound,1.4,-0.0140007199113781,-0.0649743099373584,0.0369728701146021,14.62400000000001,6.72,-0.1787737928332056,0.1575482802062968,Weak Oscillatory Response,1.0,solid_common_support
2,compound,1.428,-0.0142609126294066,-0.0661713277940182,0.037649502535205,14.62400000000001,6.72,-0.1787737928332056,0.1575482802062968,Weak Oscillatory Response,1.0,solid_common_support
2,compound,1.456,-0.0145199278218786,-0.0673622586230658,0.0383224029793086,14.62400000000001,6.72,-0.1787737928332056,0.1575482802062968,Weak Oscillatory Response,1.0,solid_common_support
2,compound,1.484,-0.0147777424000578,-0.0685469830917272,0.0389914982916115,14.62400000000001,6.72,-0.1787737928332056,0.1575482802062968,Weak Oscillatory Response,1.0,solid_common_support
2,compound,1.512,-0.0150343332752079,-0.0697253818685829,0.0396567153181671,14.62400000000001,6.72,-0.1787737928332056,0.1575482802062968,Weak Oscillatory Response,1.0,solid_common_support
2,compound,1.54,-0.0152896773585923,-0.0708973356236103,0.0403179809064255,14.62400000000001,6.72,-0.1787737928332056,0.1575482802062968,Weak Oscillatory Response,1.0,solid_common_support
2,compound,1.568,-0.0155437515614748,-0.0720627250282258,0.0409752219052761,14.62400000000001,6.72,-0.1787737928332056,0.1575482802062968,Weak Oscillatory Response,1.0,solid_common_support
2,compound,1.596,-0.0157965327951189,-0.0732214307553293,0.0416283651650914,14.62400000000001,6.72,-0.1787737928332056,0.1575482802062968,Weak Oscillatory Response,1.0,solid_common_support
2,compound,1.624,-0.0160479979707882,-0.0743733334793489,0.0422773375377724,14.62400000000001,6.72,-0.1787737928332056,0.1575482802062968,Weak Oscillatory Response,1.0,solid_common_support
2,compound,1.652,-0.0162981239997463,-0.0755183138762873,0.0429220658767945,14.62400000000001,6.72,-0.1787737928332056,0.1575482802062968,Weak Oscillatory Response,1.0,solid_common_support
2,compound,1.68,-0.0165468877932569,-0.0766562526237693,0.0435624770372554,14.62400000000001,6.72,-0.1787737928332056,0.1575482802062968,Weak Oscillatory Response,1.0,solid_common_support
2,compound,1.708,-0.0167942662625835,-0.0777870304010909,0.0441984978759239,14.62400000000001,6.72,-0.1787737928332056,0.1575482802062968,Weak Oscillatory Response,1.0,solid_common_support
2,compound,1.736,-0.0170402363189896,-0.0789105278892692,0.0448300552512898,14.62400000000001,6.72,-0.1787737928332056,0.1575482802062968,Weak Oscillatory Response,1.0,solid_common_support
2,compound,1.764,-0.017284774873739,-0.0800266257710942,0.045457076023616,14.62400000000001,6.72,-0.1787737928332056,0.1575482802062968,Weak Oscillatory Response,1.0,solid_common_support
2,compound,1.792,-0.0175278588380952,-0.081135204731182,0.0460794870549914,14.62400000000001,6.72,-0.1787737928332056,0.1575482802062968,Weak Oscillatory Response,1.0,solid_common_support
2,compound,1.82,-0.0177694651233219,-0.0822361454560292,0.0466972152093854,14.62400000000001,6.72,-0.1787737928332056,0.1575482802062968,Weak Oscillatory Response,1.0,solid_common_support
2,compound,1.848,-0.0180095706406825,-0.0833293286340695,0.0473101873527043,14.62400000000001,6.72,-0.1787737928332056,0.1575482802062968,Weak Oscillatory Response,1.0,solid_common_support
2,compound,1.876,-0.0182481523014408,-0.084414634955731,0.0479183303528493,14.62400000000001,6.72,-0.1787737928332056,0.1575482802062968,Weak Oscillatory Response,1.0,solid_common_support
2,compound,1.904,-0.0184851870168603,-0.0854919451134963,0.0485215710797756,14.62400000000001,6.72,-0.1787737928332056,0.1575482802062968,Weak Oscillatory Response,1.0,solid_common_support
2,compound,1.932,-0.0187206516982046,-0.0865611398019637,0.0491198364055544,14.62400000000001,6.72,-0.1787737928332056,0.1575482802062968,Weak Oscillatory Response,1.0,solid_common_support
2,compound,1.96,-0.0189545232567373,-0.0876220997179102,0.0497130532044355,14.62400000000001,6.72,-0.1787737928332056,0.1575482802062968,Weak Oscillatory Response,1.0,solid_common_support
2,compound,1.988,-0.0191867786037221,-0.0886747055603568,0.0503011483529126,14.62400000000001,6.72,-0.1787737928332056,0.1575482802062968,Weak Oscillatory Response,1.0,solid_common_support
2,compound,2.016,-0.0194173946504224,-0.0897188380306357,0.0508840487297907,14.62400000000001,6.72,-0.1787737928332056,0.1575482802062968,Weak Oscillatory Response,1.0,solid_common_support
2,compound,2.044,-0.019646348308102,-0.0907543778324591,0.0514616812162549,14.62400000000001,6.72,-0.1787737928332056,0.1575482802062968,Weak Oscillatory Response,1.0,solid_common_support
2,compound,2.072,-0.0198736164880244,-0.0917812056719909,0.0520339726959419,14.62400000000001,6.72,-0.1787737928332056,0.1575482802062968,Weak Oscillatory Response,1.0,solid_common_support
2,compound,2.1,-0.0200991761014533,-0.09279920225792,0.0526008500550134,14.62400000000001,6.72,-0.1787737928332056,0.1575482802062968,Weak Oscillatory Response,1.0,solid_common_support
2,compound,2.128,-0.0203230040596521,-0.0938082483015365,0.0531622401822322,14.62400000000001,6.72,-0.1787737928332056,0.1575482802062968,Weak Oscillatory Response,1.0,solid_common_support
2,compound,2.156,-0.0205450772738846,-0.0948082245168096,0.0537180699690404,14.62400000000001,6.72,-0.1787737928332056,0.1575482802062968,Weak Oscillatory Response,1.0,solid_common_support
2,compound,2.184,-0.0207653726554143,-0.0957990116204689,0.0542682663096402,14.62400000000001,6.72,-0.1787737928332056,0.1575482802062968,Weak Oscillatory Response,1.0,solid_common_support
2,compound,2.212,-0.0209838671155048,-0.0967804903320871,0.0548127561010775,14.62400000000001,6.72,-0.1787737928332056,0.1575482802062968,Weak Oscillatory Response,1.0,solid_common_support
2,compound,2.24,-0.0212005375654197,-0.0977525413741672,0.0553514662433276,14.62400000000001,6.72,-0.1787737928332056,0.1575482802062968,Weak Oscillatory Response,1.0,solid_common_support
2,compound,2.268,-0.0214153609164227,-0.0987150454722303,0.0558843236393849,14.62400000000001,6.72,-0.1787737928332056,0.1575482802062968,Weak Oscillatory Response,1.0,solid_common_support
2,compound,2.2960000000000003,-0.0216283140797773,-0.0996678833549088,0.0564112551953541,14.62400000000001,6.72,-0.1787737928332056,0.1575482802062968,Weak Oscillatory Response,1.0,solid_common_support
2,compound,2.324,-0.0218393739667471,-0.1006109357540401,0.0569321878205459,14.62400000000001,6.72,-0.1787737928332056,0.1575482802062968,Weak Oscillatory Response,1.0,solid_common_support
2,compound,2.352,-0.0220485174885957,-0.1015440834047661,0.0574470484275746,14.62400000000001,6.72,-0.1787737928332056,0.1575482802062968,Weak Oscillatory Response,1.0,solid_common_support
2,compound,2.38,-0.0222557215565868,-0.1024672070456337,0.0579557639324601,14.62400000000001,6.72,-0.1787737928332056,0.1575482802062968,Weak Oscillatory Response,1.0,solid_common_support
2,compound,2.408,-0.0224609630819838,-0.1033801874187003,0.0584582612547325,14.62400000000001,6.72,-0.1787737928332056,0.1575482802062968,Weak Oscillatory Response,1.0,solid_common_support
2,compound,2.436,-0.0226642189760505,-0.1042829052696422,0.058954467317541,14.62400000000001,6.72,-0.1787737928332056,0.1575482802062968,Weak Oscillatory Response,1.0,solid_common_support
2,compound,2.464,-0.0228654661500505,-0.1051752413478673,0.0594443090477662,14.62400000000001,6.72,-0.1787737928332056,0.1575482802062968,Weak Oscillatory Response,1.0,solid_common_support
2,compound,2.492,-0.0230646815152472,-0.1060570764066308,0.0599277133761363,14.62400000000001,6.72,-0.1787737928332056,0.1575482802062968,Weak Oscillatory Response,1.0,solid_common_support
2,compound,2.52,-0.0232618419829044,-0.1069282912031564,0.0604046072373475,14.62400000000001,6.72,-0.1787737928332056,0.1575482802062968,Weak Oscillatory Response,1.0,solid_common_support
2,compound,2.548,-0.0234569244642856,-0.1077887664987599,0.0608749175701886,14.62400000000001,6.72,-0.1787737928332056,0.1575482802062968,Weak Oscillatory Response,1.0,solid_common_support
2,compound,2.576,-0.0236499058706544,-0.1086383830589794,0.0613385713176704,14.62400000000001,6.72,-0.1787737928332056,0.1575482802062968,Weak Oscillatory Response,1.0,solid_common_support
2,compound,2.604,-0.0238407631132745,-0.1094770216537079,0.0617954954271588,14.62400000000001,6.72,-0.1787737928332056,0.1575482802062968,Weak Oscillatory Response,1.0,solid_common_support
2,compound,2.632,-0.0240294731034094,-0.1103045630573328,0.062245616850514,14.62400000000001,6.72,-0.1787737928332056,0.1575482802062968,Weak Oscillatory Response,1.0,solid_common_support
2,compound,2.66,-0.0242160131118195,-0.1111208899070398,0.0626888636834008,14.62400000000001,6.72,-0.1787737928332056,0.1575482802062968,Weak Oscillatory Response,1.0,solid_common_support
2,compound,2.688,-0.0244003758090561,-0.1119259644425541,0.0631252128244417,14.62400000000001,6.72,-0.1787737928332056,0.1575482802062968,Weak Oscillatory Response,1.0,solid_common_support
2,compound,2.716,-0.0245825747359245,-0.1127198567796677,0.0635547073078185,14.62400000000001,6.72,-0.1787737928332056,0.1575482802062968,Weak Oscillatory Response,1.0,solid_common_support
2,compound,2.744,-0.0247626249186078,-0.1135026447128561,0.0639773948756405,14.62400000000001,6.72,-0.1787737928332056,0.1575482802062968,Weak Oscillatory Response,1.0,solid_common_support
2,compound,2.772,-0.024940541383289,-0.1142744060376111,0.064393323271033,14.62400000000001,6.72,-0.1787737928332056,0.1575482802062968,Weak Oscillatory Response,1.0,solid_common_support
2,compound,2.8000000000000003,-0.0251163391561513,-0.1150352185504076,0.0648025402381049,14.62400000000001,6.72,-0.1787737928332056,0.1575482802062968,Weak Oscillatory Response,1.0,solid_common_support
2,compound,2.828,-0.0252900332633778,-0.1157851600486728,0.0652050935219171,14.62400000000001,6.72,-0.1787737928332056,0.1575482802062968,Weak Oscillatory Response,1.0,solid_common_support
2,compound,2.856,-0.0254616387311516,-0.116524308330757,0.0656010308684538,14.62400000000001,6.72,-0.1787737928332056,0.1575482802062968,Weak Oscillatory Response,1.0,solid_common_support
2,compound,2.884,-0.0256311705856558,-0.1172527411959055,0.0659904000245939,14.62400000000001,6.72,-0.1787737928332056,0.1575482802062968,Weak Oscillatory Response,1.0,solid_common_support
2,compound,2.912,-0.0257986438530735,-0.1179705364442315,0.0663732487380844,14.62400000000001,6.72,-0.1787737928332056,0.1575482802062968,Weak Oscillatory Response,1.0,solid_common_support
2,compound,2.94,-0.0259640735595879,-0.1186777718766911,0.0667496247575153,14.62400000000001,6.72,-0.1787737928332056,0.1575482802062968,Weak Oscillatory Response,1.0,solid_common_support
2,compound,2.968,-0.026127474731382,-0.1193745252950586,0.0671195758322945,14.62400000000001,6.72,-0.1787737928332056,0.1575482802062968,Weak Oscillatory Response,1.0,solid_common_support
2,compound,2.996,-0.026288862394639,-0.1200608745019027,0.0674831497126246,14.62400000000001,6.72,-0.1787737928332056,0.1575482802062968,Weak Oscillatory Response,1.0,solid_common_support
2,compound,3.024,-0.026448251575542,-0.1207368973005639,0.0678403941494799,14.62400000000001,6.72,-0.1787737928332056,0.1575482802062968,Weak Oscillatory Response,1.0,solid_common_support
2,compound,3.052,-0.026605657300274,-0.1214026714951327,0.0681913568945845,14.62400000000001,6.72,-0.1787737928332056,0.1575482802062968,Weak Oscillatory Response,1.0,solid_common_support
2,compound,3.08,-0.0267610945950183,-0.1220582748904277,0.0685360857003909,14.62400000000001,6.72,-0.1787737928332056,0.1575482802062968,Weak Oscillatory Response,1.0,solid_common_support
2,compound,3.108,-0.0269145784859579,-0.1227037852919753,0.0688746283200594,14.62400000000001,6.72,-0.1787737928332056,0.1575482802062968,Weak Oscillatory Response,1.0,solid_common_support
2,compound,3.136,-0.0270661239992759,-0.123339280505989,0.0692070325074371,14.62400000000001,6.72,-0.1787737928332056,0.1575482802062968,Weak Oscillatory Response,1.0,solid_common_support
2,compound,3.164,-0.0272157461611555,-0.1239648383393498,0.0695333460170387,14.62400000000001,6.72,-0.1787737928332056,0.1575482802062968,Weak Oscillatory Response,1.0,solid_common_support
2,compound,3.192,-0.0273634599977797,-0.1245805365995865,0.0698536166040269,14.62400000000001,6.72,-0.1787737928332056,0.1575482802062968,Weak Oscillatory Response,1.0,solid_common_support
2,compound,3.22,-0.0275092805353317,-0.1251864530948563,0.0701678920241927,14.62400000000001,6.72,-0.1787737928332056,0.1575482802062968,Weak Oscillatory Response,1.0,solid_common_support
2,compound,3.248,-0.0276532227999946,-0.1257826656339261,0.0704762200339367,14.62400000000001,6.72,-0.1787737928332056,0.1575482802062968,Weak Oscillatory Response,1.0,solid_common_support
2,compound,3.276,-0.0277953018179515,-0.1263692520261536,0.0707786483902505,14.62400000000001,6.72,-0.1787737928332056,0.1575482802062968,Weak Oscillatory Response,1.0,solid_common_support
2,compound,3.3040000000000003,-0.0279355326153855,-0.1269462900814685,0.0710752248506974,14.62400000000001,6.72,-0.1787737928332056,0.1575482802062968,Weak Oscillatory Response,1.0,solid_common_support
2,compound,3.332,-0.0280739302184797,-0.1275138576103539,0.0713659971733944,14.62400000000001,6.72,-0.1787737928332056,0.1575482802062968,Weak Oscillatory Response,1.0,solid_common_support
2,compound,3.36,-0.0282105096534173,-0.1280720324238279,0.0716510131169933,14.62400000000001,6.72,-0.1787737928332056,0.1575482802062968,Weak Oscillatory Response,1.0,solid_common_support
2,compound,3.388,-0.0283452859463813,-0.1286208923334251,0.0719303204406624,14.62400000000001,6.72,-0.1787737928332056,0.1575482802062968,Weak Oscillatory Response,1.0,solid_common_support
2,compound,3.416,-0.0284782741235548,-0.1291605151511774,0.0722039669040676,14.62400000000001,6.72,-0.1787737928332056,0.1575482802062968,Weak Oscillatory Response,1.0,solid_common_support
2,compound,3.444,-0.0286094892111211,-0.1296909786895962,0.072472000267354,14.62400000000001,6.72,-0.1787737928332056,0.1575482802062968,Weak Oscillatory Response,1.0,solid_common_support
2,compound,3.472,-0.0287389462352631,-0.130212360761653,0.0727344682911268,14.62400000000001,6.72,-0.1787737928332056,0.1575482802062968,Weak Oscillatory Response,1.0,solid_common_support
2,compound,3.5,-0.028866660222164,-0.1307247391807607,0.0729914187364326,14.62400000000001,6.72,-0.1787737928332056,0.1575482802062968,Weak Oscillatory Response,1.0,solid_common_support
2,compound,3.528,-0.0289926461980069,-0.1312281917607542,0.0732428993647403,14.62400000000001,6.72,-0.1787737928332056,0.1575482802062968,Weak Oscillatory Response,1.0,solid_common_support
2,compound,3.556,-0.029116919188975,-0.1317227963158715,0.0734889579379214,14.62400000000001,6.72,-0.1787737928332056,0.1575482802062968,Weak Oscillatory Response,1.0,solid_common_support
2,compound,3.584,-0.0292394942212513,-0.1322086306607334,0.0737296422182307,14.62400000000001,6.72,-0.1787737928332056,0.1575482802062968,Weak Oscillatory Response,1.0,solid_common_support
2,compound,3.612,-0.0293603863210189,-0.1326857726103244,0.0739649999682864,14.62400000000001,6.72,-0.1787737928332056,0.1575482802062968,Weak Oscillatory Response,1.0,solid_common_support
2,compound,3.64,-0.0294796105144611,-0.1331542999799718,0.0741950789510496,14.62400000000001,6.72,-0.1787737928332056,0.1575482802062968,Weak Oscillatory Response,1.0,solid_common_support
2,compound,3.668,-0.0295971818277608,-0.1336142905853257,0.074419926929804,14.62400000000001,6.72,-0.1787737928332056,0.1575482802062968,Weak Oscillatory Response,1.0,solid_common_support
2,compound,3.696,-0.0297131152871012,-0.1340658222423374,0.0746395916681351,14.62400000000001,6.72,-0.1787737928332056,0.1575482802062968,Weak Oscillatory Response,1.0,solid_common_support
2,compound,3.724,-0.0298274259186653,-0.134508972767239,0.0748541209299083,14.62400000000001,6.72,-0.1787737928332056,0.1575482802062968,Weak Oscillatory Response,1.0,solid_common_support
2,compound,3.752,-0.0299401287486365,-0.134943819976521,0.075063562479248,14.62400000000001,6.72,-0.1787737928332056,0.1575482802062968,Weak Oscillatory Response,1.0,solid_common_support
2,compound,3.78,-0.0300512388031976,-0.13537044168691,0.0752679640805147,14.62400000000001,6.72,-0.1787737928332056,0.1575482802062968,Weak Oscillatory Response,1.0,solid_common_support
2,compound,3.808,-0.0301607711085319,-0.1357889157153466,0.0754673734982827,14.62400000000001,6.72,-0.1787737928332056,0.1575482802062968,Weak Oscillatory Response,1.0,solid_common_support
2,compound,3.836,-0.0302687406908224,-0.1361993198789619,0.075661838497317,14.62400000000001,6.72,-0.1787737928332056,0.1575482802062968,Weak Oscillatory Response,1.0,solid_common_support
2,compound,3.864,-0.0303751625762523,-0.1366017319950539,0.0758514068425492,14.62400000000001,6.72,-0.1787737928332056,0.1575482802062968,Weak Oscillatory Response,1.0,solid_common_support
2,compound,3.892,-0.0304800517910047,-0.1369962298810633,0.0760361262990538,14.62400000000001,6.72,-0.1787737928332056,0.1575482802062968,Weak Oscillatory Response,1.0,solid_common_support
2,compound,3.92,-0.0305834233612627,-0.1373828913545486,0.0762160446320232,14.62400000000001,6.72,-0.1787737928332056,0.1575482802062968,Weak Oscillatory Response,1.0,solid_common_support
2,compound,3.948,-0.0306852923132093,-0.1377617942331609,0.0763912096067421,14.62400000000001,6.72,-0.1787737928332056,0.1575482802062968,Weak Oscillatory Response,1.0,solid_common_support
2,compound,3.976,-0.0307856736730279,-0.1381330163346177,0.0765616689885618,14.62400000000001,6.72,-0.1787737928332056,0.1575482802062968,Weak Oscillatory Response,1.0,solid_common_support
2,compound,4.004,-0.0308845824669013,-0.1384966354766763,0.0767274705428737,14.62400000000001,6.72,-0.1787737928332056,0.1575482802062968,Weak Oscillatory Response,1.0,solid_common_support
2,compound,4.032,-0.0309820337210128,-0.1388527294771069,0.0768886620350813,14.62400000000001,6.72,-0.1787737928332056,0.1575482802062968,Weak Oscillatory Response,1.0,solid_common_support
2,compound,4.0600000000000005,-0.0310780424615454,-0.1392013761536643,0.0770452912305733,14.62400000000001,6.72,-0.1787737928332056,0.1575482802062968,Weak Oscillatory Response,1.0,solid_common_support
2,compound,4.088,-0.0311726237146823,-0.1395426533240588,0.077197405894694,14.62400000000001,6.72,-0.1787737928332056,0.1575482802062968,Weak Oscillatory Response,1.0,solid_common_support
2,compound,4.116,-0.0312657925066066,-0.1398766388059277,0.0773450537927143,14.62400000000001,6.72,-0.1787737928332056,0.1575482802062968,Weak Oscillatory Response,1.0,solid_common_support
2,compound,4.144,-0.0313575638635014,-0.1402034104168046,0.0774882826898017,14.62400000000001,6.72,-0.1787737928332056,0.1575482802062968,Weak Oscillatory Response,1.0,solid_common_support
2,compound,4.172,-0.0314479528115498,-0.1405230459740888,0.077627140350989,14.62400000000001,6.72,-0.1787737928332056,0.1575482802062968,Weak Oscillatory Response,1.0,solid_common_support
2,compound,4.2,-0.031536974376935,-0.1408356232950133,0.0777616745411432,14.62400000000001,6.72,-0.1787737928332056,0.1575482802062968,Weak Oscillatory Response,1.0,solid_common_support
2,compound,4.228,-0.0316246435858399,-0.1411412201966125,0.0778919330249325,14.62400000000001,6.72,-0.1787737928332056,0.1575482802062968,Weak Oscillatory Response,1.0,solid_common_support
2,compound,4.256,-0.0317109754644479,-0.1414399144956889,0.0780179635667931,14.62400000000001,6.72,-0.1787737928332056,0.1575482802062968,Weak Oscillatory Response,1.0,solid_common_support
2,compound,4.284,-0.0317959850389418,-0.141731784008779,0.0781398139308952,14.62400000000001,6.72,-0.1787737928332056,0.1575482802062968,Weak Oscillatory Response,1.0,solid_common_support
2,compound,4.312,-0.031879687335505,-0.1420169065521182,0.0782575318811081,14.62400000000001,6.72,-0.1787737928332056,0.1575482802062968,Weak Oscillatory Response,1.0,solid_common_support
2,compound,4.34,-0.0319620973803204,-0.1422953599416049,0.0783711651809639,14.62400000000001,6.72,-0.1787737928332056,0.1575482802062968,Weak Oscillatory Response,1.0,solid_common_support
2,compound,4.368,-0.0320432301995713,-0.1425672219927636,0.0784807615936209,14.62400000000001,6.72,-0.1787737928332056,0.1575482802062968,Weak Oscillatory Response,1.0,solid_common_support
2,compound,4.396,-0.0321231008194406,-0.1428325705207075,0.0785863688818261,14.62400000000001,6.72,-0.1787737928332056,0.1575482802062968,Weak Oscillatory Response,1.0,solid_common_support
2,compound,4.424,-0.0322017242661116,-0.1430914833400994,0.0786880348078761,14.62400000000001,6.72,-0.1787737928332056,0.1575482802062968,Weak Oscillatory Response,1.0,solid_common_support
2,compound,4.452,-0.0322791155657674,-0.1433440382651126,0.0787858071335778,14.62400000000001,6.72,-0.1787737928332056,0.1575482802062968,Weak Oscillatory Response,1.0,solid_common_support
2,compound,4.48,-0.0323552897445909,-0.1435903131093896,0.0788797336202077,14.62400000000001,6.72,-0.1787737928332056,0.1575482802062968,Weak Oscillatory Response,1.0,solid_common_support
2,compound,4.508,-0.0324302618287655,-0.1438303856860013,0.0789698620284702,14.62400000000001,6.72,-0.1787737928332056,0.1575482802062968,Weak Oscillatory Response,1.0,solid_common_support
2,compound,4.5360000000000005,-0.0325040468444741,-0.1440643338074036,0.0790562401184553,14.62400000000001,6.72,-0.1787737928332056,0.1575482802062968,Weak Oscillatory Response,1.0,solid_common_support
2,compound,4.564,-0.0325766598178999,-0.1442922352853943,0.0791389156495944,14.62400000000001,6.72,-0.1787737928332056,0.1575482802062968,Weak Oscillatory Response,1.0,solid_common_support
2,compound,4.5920000000000005,-0.032648115775226,-0.1445141679310684,0.0792179363806162,14.62400000000001,6.72,-0.1787737928332056,0.1575482802062968,Weak Oscillatory Response,1.0,solid_common_support
2,compound,4.62,-0.0327184297426356,-0.1447302095547718,0.0792933500695005,14.62400000000001,6.72,-0.1787737928332056,0.1575482802062968,Weak Oscillatory Response,1.0,solid_common_support
2,compound,4.648,-0.0327876167463116,-0.144940437966055,0.0793652044734316,14.62400000000001,6.72,-0.1787737928332056,0.1575482802062968,Weak Oscillatory Response,1.0,solid_common_support
2,compound,4.676,-0.0328556918124373,-0.1451449309736249,0.0794335473487501,14.62400000000001,6.72,-0.1787737928332056,0.1575482802062968,Weak Oscillatory Response,1.0,solid_common_support
2,compound,4.704,-0.0329226699671958,-0.145343766385296,0.0794984264509042,14.62400000000001,6.72,-0.1787737928332056,0.1575482802062968,Weak Oscillatory Response,1.0,solid_common_support
2,compound,4.732,-0.0329885662367702,-0.1455370220079395,0.0795598895343991,14.62400000000001,6.72,-0.1787737928332056,0.1575482802062968,Weak Oscillatory Response,1.0,solid_common_support
2,compound,4.76,-0.0330533956473435,-0.1457247756474329,0.0796179843527459,14.62400000000001,6.72,-0.1787737928332056,0.1575482802062968,Weak Oscillatory Response,1.0,solid_common_support
2,compound,4.788,-0.0331171732250989,-0.1459071051086068,0.0796727586584089,14.62400000000001,6.72,-0.1787737928332056,0.1575482802062968,Weak Oscillatory Response,1.0,solid_common_support
2,compound,4.816,-0.0331799139962195,-0.1460840881951912,0.0797242602027522,14.62400000000001,6.72,-0.1787737928332056,0.1575482802062968,Weak Oscillatory Response,1.0,solid_common_support
2,compound,4.844,-0.0332416329868884,-0.1462558027097613,0.0797725367359843,14.62400000000001,6.72,-0.1787737928332056,0.1575482802062968,Weak Oscillatory Response,1.0,solid_common_support
2,compound,4.872,-0.0333023452232888,-0.1464223264536805,0.0798176360071028,14.62400000000001,6.72,-0.1787737928332056,0.1575482802062968,Weak Oscillatory Response,1.0,solid_common_support
2,compound,4.9,-0.0333620657316037,-0.1465837372270437,0.0798596057638361,14.62400000000001,6.72,-0.1787737928332056,0.1575482802062968,Weak Oscillatory Response,1.0,solid_common_support
2,compound,4.928,-0.0334208095380163,-0.1467401128286186,0.0798984937525859,14.62400000000001,6.72,-0.1787737928332056,0.1575482802062968,Weak Oscillatory Response,1.0,solid_common_support
2,compound,4.956,-0.0334785916687097,-0.1468915310557858,0.0799343477183663,14.62400000000001,6.72,-0.1787737928332056,0.1575482802062968,Weak Oscillatory Response,1.0,solid_common_support
2,compound,4.984,-0.0335354271498669,-0.1470380697044778,0.0799672154047439,14.62400000000001,6.72,-0.1787737928332056,0.1575482802062968,Weak Oscillatory Response,1.0,solid_common_support
2,compound,5.0120000000000005,-0.0335913310076711,-0.1471798065691169,0.0799971445537745,14.62400000000001,6.72,-0.1787737928332056,0.1575482802062968,Weak Oscillatory Response,1.0,solid_common_support
2,compound,5.04,-0.0336463182683055,-0.1473168194425513,0.0800241829059402,14.62400000000001,6.72,-0.1787737928332056,0.1575482802062968,Weak Oscillatory Response,1.0,solid_common_support
2,compound,5.0680000000000005,-0.0337004039579531,-0.1474491861159905,0.0800483782000843,14.62400000000001,6.72,-0.1787737928332056,0.1575482802062968,Weak Oscillatory Response,1.0,solid_common_support
2,compound,5.096,-0.033753603102797,-0.147576984378939,0.0800697781733449,14.62400000000001,6.72,-0.1787737928332056,0.1575482802062968,Weak Oscillatory Response,1.0,solid_common_support
2,compound,5.124,-0.0338059307290203,-0.1477002920191287,0.0800884305610879,14.62400000000001,6.72,-0.1787737928332056,0.1575482802062968,Weak Oscillatory Response,1.0,solid_common_support
2,compound,5.152,-0.0338574018628063,-0.1478191868224507,0.0801043830968381,14.62400000000001,6.72,-0.1787737928332056,0.1575482802062968,Weak Oscillatory Response,1.0,solid_common_support
2,compound,5.18,-0.0339080315303379,-0.1479337465728845,0.0801176835122086,14.62400000000001,6.72,-0.1787737928332056,0.1575482802062968,Weak Oscillatory Response,1.0,solid_common_support
2,compound,5.208,-0.0339578347577983,-0.148044049052427,0.0801283795368303,14.62400000000001,6.72,-0.1787737928332056,0.1575482802062968,Weak Oscillatory Response,1.0,solid_common_support
2,compound,5.236,-0.0340068265713706,-0.1481501720410199,0.0801365188982787,14.62400000000001,6.72,-0.1787737928332056,0.1575482802062968,Weak Oscillatory Response,1.0,solid_common_support
2,compound,5.264,-0.0340550219972378,-0.1482521933164754,0.0801421493219996,14.62400000000001,6.72,-0.1787737928332056,0.1575482802062968,Weak Oscillatory Response,1.0,solid_common_support
2,compound,5.292,-0.0341024360615833,-0.1483501906544012,0.0801453185312345,14.62400000000001,6.72,-0.1787737928332056,0.1575482802062968,Weak Oscillatory Response,1.0,solid_common_support
2,compound,5.32,-0.03414908379059,-0.1484442418281232,0.0801460742469432,14.62400000000001,6.72,-0.1787737928332056,0.1575482802062968,Weak Oscillatory Response,1.0,solid_common_support
2,compound,5.348,-0.034194980210441,-0.1485344246086082,0.0801444641877261,14.62400000000001,6.72,-0.1787737928332056,0.1575482802062968,Weak Oscillatory Response,1.0,solid_common_support
2,compound,5.376,-0.0342401403473195,-0.1486208167643843,0.0801405360697453,14.62400000000001,6.72,-0.1787737928332056,0.1575482802062968,Weak Oscillatory Response,1.0,solid_common_support
2,compound,5.404,-0.0342845792274086,-0.1487034960614602,0.080134337606643,14.62400000000001,6.72,-0.1787737928332056,0.1575482802062968,Weak Oscillatory Response,1.0,solid_common_support
2,compound,5.432,-0.0343283118768913,-0.1487825402632433,0.0801259165094606,14.62400000000001,6.72,-0.1787737928332056,0.1575482802062968,Weak Oscillatory Response,1.0,solid_common_support
2,compound,5.46,-0.0343713533219509,-0.1488580271304567,0.0801153204865548,14.62400000000001,6.72,-0.1787737928332056,0.1575482802062968,Weak Oscillatory Response,1.0,solid_common_support
2,compound,5.488,-0.0344137185887704,-0.1489300344210542,0.0801025972435133,14.62400000000001,6.72,-0.1787737928332056,0.1575482802062968,Weak Oscillatory Response,1.0,solid_common_support
2,compound,5.516,-0.0344554227035329,-0.148998639890135,0.0800877944830691,14.62400000000001,6.72,-0.1787737928332056,0.1575482802062968,Weak Oscillatory Response,1.0,solid_common_support
2,compound,5.5440000000000005,-0.0344964806924216,-0.1490639212898564,0.0800709599050132,14.62400000000001,6.72,-0.1787737928332056,0.1575482802062968,Weak Oscillatory Response,1.0,solid_common_support
2,compound,5.572,-0.0345369075816195,-0.1491259563693454,0.0800521412061064,14.62400000000001,6.72,-0.1787737928332056,0.1575482802062968,Weak Oscillatory Response,1.0,solid_common_support
2,compound,5.6000000000000005,-0.0345767183973098,-0.1491848228746091,0.0800313860799895,14.62400000000001,6.72,-0.1787737928332056,0.1575482802062968,Weak Oscillatory Response,1.0,solid_common_support
2,compound,5.628,-0.0346159281656756,-0.1492405985484442,0.080008742217093,14.62400000000001,6.72,-0.1787737928332056,0.1575482802062968,Weak Oscillatory Response,1.0,solid_common_support
2,compound,5.656,-0.0346545519128999,-0.1492933611303444,0.0799842573045445,14.62400000000001,6.72,-0.1787737928332056,0.1575482802062968,Weak Oscillatory Response,1.0,solid_common_support
2,compound,5.684,-0.034692604665166,-0.149343188356408,0.0799579790260759,14.62400000000001,6.72,-0.1787737928332056,0.1575482802062968,Weak Oscillatory Response,1.0,solid_common_support
2,compound,5.712,-0.0347301014486569,-0.1493901579592429,0.079929955061929,14.62400000000001,6.72,-0.1787737928332056,0.1575482802062968,Weak Oscillatory Response,1.0,solid_common_support
2,compound,5.74,-0.0347670572895557,-0.1494343476678713,0.0799002330887597,14.62400000000001,6.72,-0.1787737928332056,0.1575482802062968,Weak Oscillatory Response,1.0,solid_common_support
2,compound,5.768,-0.0348034872140456,-0.1494758352076332,0.0798688607795418,14.62400000000001,6.72,-0.1787737928332056,0.1575482802062968,Weak Oscillatory Response,1.0,solid_common_support
2,compound,5.796,-0.0348394062483097,-0.1495146983000886,0.0798358858034692,14.62400000000001,6.72,-0.1787737928332056,0.1575482802062968,Weak Oscillatory Response,1.0,solid_common_support
2,compound,5.824,-0.034874829418531,-0.1495510146629191,0.079801355825857,14.62400000000001,6.72,-0.1787737928332056,0.1575482802062968,Weak Oscillatory Response,1.0,solid_common_support
2,compound,5.852,-0.0349097717508927,-0.1495848620098275,0.079765318508042,14.62400000000001,6.72,-0.1787737928332056,0.1575482802062968,Weak Oscillatory Response,1.0,solid_common_support
2,compound,5.88,-0.0349442482715779,-0.1496163180504379,0.079727821507282,14.62400000000001,6.72,-0.1787737928332056,0.1575482802062968,Weak Oscillatory Response,1.0,solid_common_support
2,compound,5.908,-0.0349782740067697,-0.1496454604901934,0.0796889124766539,14.62400000000001,6.72,-0.1787737928332056,0.1575482802062968,Weak Oscillatory Response,1.0,solid_common_support
2,compound,5.936,-0.0350118639826513,-0.149672367030254,0.0796486390649514,14.62400000000001,6.72,-0.1787737928332056,0.1575482802062968,Weak Oscillatory Response,1.0,solid_common_support
2,compound,5.964,-0.0350450332254056,-0.1496971153673931,0.0796070489165817,14.62400000000001,6.72,-0.1787737928332056,0.1575482802062968,Weak Oscillatory Response,1.0,solid_common_support
2,compound,5.992,-0.035077796761216,-0.1497197831938932,0.0795641896714612,14.62400000000001,6.72,-0.1787737928332056,0.1575482802062968,Weak Oscillatory Response,1.0,solid_common_support
2,compound,6.0200000000000005,-0.0351101696162653,-0.1497404481974412,0.0795201089649104,14.62400000000001,6.72,-0.1787737928332056,0.1575482802062968,Weak Oscillatory Response,1.0,solid_common_support
2,compound,6.048,-0.0351421668167369,-0.1497591880610227,0.0794748544275488,14.62400000000001,6.72,-0.1787737928332056,0.1575482802062968,Weak Oscillatory Response,1.0,solid_common_support
2,compound,6.0760000000000005,-0.0351738033888138,-0.1497760804628157,0.0794284736851881,14.62400000000001,6.72,-0.1787737928332056,0.1575482802062968,Weak Oscillatory Response,1.0,solid_common_support
2,compound,6.104,-0.035205094358679,-0.1497912030760839,0.0793810143587258,14.62400000000001,6.72,-0.1787737928332056,0.1575482802062968,Weak Oscillatory Response,1.0,solid_common_support
2,compound,6.132000000000001,-0.0352360547525158,-0.1498046335690693,0.0793325240640376,14.62400000000001,6.72,-0.1787737928332056,0.1575482802062968,Weak Oscillatory Response,1.0,solid_common_support
2,compound,6.16,-0.0352666995965072,-0.1498164496048843,0.0792830504118697,14.62400000000001,6.72,-0.1787737928332056,0.1575482802062968,Weak Oscillatory Response,1.0,solid_common_support
2,compound,6.188,-0.0352970439168364,-0.1498267288414038,0.079232641007731,14.62400000000001,6.72,-0.1787737928332056,0.1575482802062968,Weak Oscillatory Response,1.0,solid_common_support
2,compound,6.216,-0.0353271027396864,-0.1498355489311567,0.0791813434517839,14.62400000000001,6.72,-0.1787737928332056,0.1575482802062968,Weak Oscillatory Response,1.0,solid_common_support
2,compound,6.244,-0.0353568910912403,-0.149842987521217,0.0791292053387362,14.62400000000001,6.72,-0.1787737928332056,0.1575482802062968,Weak Oscillatory Response,1.0,solid_common_support
2,compound,6.272,-0.0353864239976814,-0.149849122253095,0.0790762742577321,14.62400000000001,6.72,-0.1787737928332056,0.1575482802062968,Weak Oscillatory Response,1.0,solid_common_support
2,compound,6.3,-0.0354157164851926,-0.1498540307626286,0.0790225977922432,14.62400000000001,6.72,-0.1787737928332056,0.1575482802062968,Weak Oscillatory Response,1.0,solid_common_support
2,compound,6.328,-0.0354447835799572,-0.1498577906798743,0.0789682235199598,14.62400000000001,6.72,-0.1787737928332056,0.1575482802062968,Weak Oscillatory Response,1.0,solid_common_support
2,compound,6.356,-0.0354736403081581,-0.1498604796289983,0.0789131990126819,14.62400000000001,6.72,-0.1787737928332056,0.1575482802062968,Weak Oscillatory Response,1.0,solid_common_support
2,compound,6.384,-0.0355023016959786,-0.1498621752281681,0.0788575718362107,14.62400000000001,6.72,-0.1787737928332056,0.1575482802062968,Weak Oscillatory Response,1.0,solid_common_support
2,compound,6.412,-0.0355307827696018,-0.149862955089444,0.0788013895502404,14.62400000000001,6.72,-0.1787737928332056,0.1575482802062968,Weak Oscillatory Response,1.0,solid_common_support
2,compound,6.44,-0.0355590985552107,-0.1498628968186715,0.07874469970825,14.62400000000001,6.72,-0.1787737928332056,0.1575482802062968,Weak Oscillatory Response,1.0,solid_common_support
2,compound,6.468,-0.0355872640789885,-0.1498620780153736,0.0786875498573966,14.62400000000001,6.72,-0.1787737928332056,0.1575482802062968,Weak Oscillatory Response,1.0,solid_common_support
2,compound,6.496,-0.0356152943671182,-0.1498605762726441,0.0786299875384076,14.62400000000001,6.72,-0.1787737928332056,0.1575482802062968,Weak Oscillatory Response,1.0,solid_common_support
2,compound,6.524,-0.0356432044457831,-0.1498584691770419,0.0785720602854757,14.62400000000001,6.72,-0.1787737928332056,0.1575482802062968,Weak Oscillatory Response,1.0,solid_common_support
2,compound,6.5520000000000005,-0.0356710093411661,-0.1498558343084851,0.0785138156261527,14.62400000000001,6.72,-0.1787737928332056,0.1575482802062968,Weak Oscillatory Response,1.0,solid_common_support
2,compound,6.58,-0.0356987240794505,-0.1498527492401472,0.078455301081246,14.62400000000001,6.72,-0.1787737928332056,0.1575482802062968,Weak Oscillatory Response,1.0,solid_common_support
2,compound,6.6080000000000005,-0.0357263636868193,-0.1498492915383538,0.078396564164715,14.62400000000001,6.72,-0.1787737928332056,0.1575482802062968,Weak Oscillatory Response,1.0,solid_common_support
2,compound,6.636,-0.0357539431894557,-0.1498455387624805,0.078337652383569,14.62400000000001,6.72,-0.1787737928332056,0.1575482802062968,Weak Oscillatory Response,1.0,solid_common_support
2,compound,6.664,-0.0357814776135427,-0.1498415684648523,0.0782786132377667,14.62400000000001,6.72,-0.1787737928332056,0.1575482802062968,Weak Oscillatory Response,1.0,solid_common_support
2,compound,6.692,-0.0358089819852635,-0.1498374581906442,0.0782194942201171,14.62400000000001,6.72,-0.1787737928332056,0.1575482802062968,Weak Oscillatory Response,1.0,solid_common_support
2,compound,6.72,-0.0358364713308012,-0.1498332854777839,0.0781603428161813,14.62400000000001,6.72,-0.1787737928332056,0.1575482802062968,Weak Oscillatory Response,1.0,solid_common_support
2,compound,7.098057708333332,-0.0362076003373549,-0.149778253577522,0.077363052902812,14.62400000000001,6.72,-0.1787737928332056,0.1575482802062968,Weak Oscillatory Response,1.0,dashed_p80_tail
2,compound,7.476115416666665,-0.0365787293439086,-0.1497260042465626,0.0765685455587452,14.62400000000001,6.72,-0.1787737928332056,0.1575482802062968,Weak Oscillatory Response,1.0,dashed_p80_tail
2,compound,7.854173124999997,-0.0369498583504623,-0.1496765688371837,0.0757768521362589,14.62400000000001,6.72,-0.1787737928332056,0.1575482802062968,Weak Oscillatory Response,1.0,dashed_p80_tail
2,compound,8.232230833333329,-0.0373209873570161,-0.1496299789613367,0.0749880042473045,14.62400000000001,6.72,-0.1787737928332056,0.1575482802062968,Weak Oscillatory Response,1.0,dashed_p80_tail
2,compound,8.610288541666662,-0.0376921163635698,-0.1495862664875307,0.0742020337603911,14.62400000000001,6.72,-0.1787737928332056,0.1575482802062968,Weak Oscillatory Response,1.0,dashed_p80_tail
2,compound,8.988346249999994,-0.0380632453701235,-0.1495454635374598,0.0734189727972128,14.62400000000001,6.72,-0.1787737928332056,0.1575482802062968,Weak Oscillatory Response,1.0,dashed_p80_tail
2,compound,9.366403958333326,-0.0384343743766772,-0.1495076024823621,0.0726388537290077,14.62400000000001,6.72,-0.1787737928332056,0.1575482802062968,Weak Oscillatory Response,1.0,dashed_p80_tail
2,compound,9.74446166666666,-0.0388055033832309,-0.1494727159391065,0.0718617091726447,14.62400000000001,6.72,-0.1787737928332056,0.1575482802062968,Weak Oscillatory Response,1.0,dashed_p80_tail
2,compound,10.122519374999992,-0.0391766323897846,-0.149440836765997,0.0710875719864277,14.62400000000001,6.72,-0.1787737928332056,0.1575482802062968,Weak Oscillatory Response,1.0,dashed_p80_tail
2,compound,10.500577083333324,-0.0395477613963383,-0.1494119980582874,0.0703164752656108,14.62400000000001,6.72,-0.1787737928332056,0.1575482802062968,Weak Oscillatory Response,1.0,dashed_p80_tail
2,compound,10.878634791666656,-0.039918890402892,-0.149386233143402,0.069548452337618,14.62400000000001,6.72,-0.1787737928332056,0.1575482802062968,Weak Oscillatory Response,1.0,dashed_p80_tail
2,compound,11.256692499999987,-0.0402900194094457,-0.1493635755758499,0.0687835367569585,14.62400000000001,6.72,-0.1787737928332056,0.1575482802062968,Weak Oscillatory Response,1.0,dashed_p80_tail
2,compound,11.63475020833332,-0.0406611484159994,-0.1493440591318294,0.0680217622998306,14.62400000000001,6.72,-0.1787737928332056,0.1575482802062968,Weak Oscillatory Response,1.0,dashed_p80_tail
2,compound,12.012807916666652,-0.0410322774225531,-0.1493277178035145,0.0672631629584081,14.62400000000001,6.72,-0.1787737928332056,0.1575482802062968,Weak Oscillatory Response,1.0,dashed_p80_tail
2,compound,12.390865624999986,-0.0414034064291068,-0.1493145857930145,0.0665077729348008,14.62400000000001,6.72,-0.1787737928332056,0.1575482802062968,Weak Oscillatory Response,1.0,dashed_p80_tail
2,compound,12.76892333333332,-0.0417745354356605,-0.1493046975060048,0.0657556266346837,14.62400000000001,6.72,-0.1787737928332056,0.1575482802062968,Weak Oscillatory Response,1.0,dashed_p80_tail
2,compound,13.14698104166665,-0.0421456644422142,-0.149298087545014,0.0650067586605856,14.62400000000001,6.72,-0.1787737928332056,0.1575482802062968,Weak Oscillatory Response,1.0,dashed_p80_tail
2,compound,13.525038749999982,-0.0425167934487679,-0.1492947907023703,0.0642612038048343,14.62400000000001,6.72,-0.1787737928332056,0.1575482802062968,Weak Oscillatory Response,1.0,dashed_p80_tail
2,compound,13.903096458333316,-0.0428879224553216,-0.1492948419527914,0.0635189970421481,14.62400000000001,6.72,-0.1787737928332056,0.1575482802062968,Weak Oscillatory Response,1.0,dashed_p80_tail
2,compound,14.28115416666665,-0.0432590514618753,-0.149298276445622,0.0627801735218713,14.62400000000001,6.72,-0.1787737928332056,0.1575482802062968,Weak Oscillatory Response,1.0,dashed_p80_tail
3,compound,0.0,0.0,0.0,0.0,11.549600000000002,6.72,-0.6177505356605795,0.26615382593344,Early Suppression Followed by Attenuation,1.0,solid_common_support
3,compound,0.028,-0.0008608440807781,-0.0040629697253791,0.0023412815638229,11.549600000000002,6.72,-0.6177505356605795,0.26615382593344,Early Suppression Followed by Attenuation,1.0,solid_common_support
3,compound,0.056,-0.0017216191412178,-0.0081255128957144,0.0046822746132788,11.549600000000002,6.72,-0.6177505356605795,0.26615382593344,Early Suppression Followed by Attenuation,1.0,solid_common_support
3,compound,0.084,-0.0025822561609805,-0.0121872029589145,0.0070226906369535,11.549600000000002,6.72,-0.6177505356605795,0.26615382593344,Early Suppression Followed by Attenuation,1.0,solid_common_support
3,compound,0.112,-0.0034426861197278,-0.0162476133687955,0.0093622411293398,11.549600000000002,6.72,-0.6177505356605795,0.26615382593344,Early Suppression Followed by Attenuation,1.0,solid_common_support
3,compound,0.14,-0.0043028399971212,-0.0203063175880403,0.0117006375937979,11.549600000000002,6.72,-0.6177505356605795,0.26615382593344,Early Suppression Followed by Attenuation,1.0,solid_common_support
3,compound,0.168,-0.0051626487728222,-0.0243628890911653,0.0140375915455208,11.549600000000002,6.72,-0.6177505356605795,0.26615382593344,Early Suppression Followed by Attenuation,1.0,solid_common_support
3,compound,0.196,-0.0060220434264924,-0.0284169013674957,0.0163728145145109,11.549600000000002,6.72,-0.6177505356605795,0.26615382593344,Early Suppression Followed by Attenuation,1.0,solid_common_support
3,compound,0.224,-0.0068809549377932,-0.0324679279241532,0.0187060180485666,11.549600000000002,6.72,-0.6177505356605795,0.26615382593344,Early Suppression Followed by Attenuation,1.0,solid_common_support
3,compound,0.252,-0.0077393142863863,-0.0365155422890569,0.0210369137162842,11.549600000000002,6.72,-0.6177505356605795,0.26615382593344,Early Suppression Followed by Attenuation,1.0,solid_common_support
3,compound,0.28,-0.0085970524519331,-0.0405593180139409,0.0233652131100746,11.549600000000002,6.72,-0.6177505356605795,0.26615382593344,Early Suppression Followed by Attenuation,1.0,solid_common_support
3,compound,0.308,-0.0094541004140952,-0.044598828677391,0.0256906278492006,11.549600000000002,6.72,-0.6177505356605795,0.26615382593344,Early Suppression Followed by Attenuation,1.0,solid_common_support
3,compound,0.336,-0.010310389152534,-0.0486336478879016,0.0280128695828335,11.549600000000002,6.72,-0.6177505356605795,0.26615382593344,Early Suppression Followed by Attenuation,1.0,solid_common_support
3,compound,0.364,-0.0111658496469112,-0.052663349286957,0.0303316499931346,11.549600000000002,6.72,-0.6177505356605795,0.26615382593344,Early Suppression Followed by Attenuation,1.0,solid_common_support
3,compound,0.392,-0.0120204128768882,-0.0566875065521386,0.0326466807983622,11.549600000000002,6.72,-0.6177505356605795,0.26615382593344,Early Suppression Followed by Attenuation,1.0,solid_common_support
3,compound,0.42,-0.0128740098221265,-0.0607056934002605,0.0349576737560074,11.549600000000002,6.72,-0.6177505356605795,0.26615382593344,Early Suppression Followed by Attenuation,1.0,solid_common_support
3,compound,0.448,-0.0137265714622877,-0.0647174835905361,0.0372643406659605,11.549600000000002,6.72,-0.6177505356605795,0.26615382593344,Early Suppression Followed by Attenuation,1.0,solid_common_support
3,compound,0.476,-0.0145780287770334,-0.0687224509277792,0.0395663933737123,11.549600000000002,6.72,-0.6177505356605795,0.26615382593344,Early Suppression Followed by Attenuation,1.0,solid_common_support
3,compound,0.504,-0.015428312746025,-0.0727201692656405,0.0418635437735904,11.549600000000002,6.72,-0.6177505356605795,0.26615382593344,Early Suppression Followed by Attenuation,1.0,solid_common_support
3,compound,0.532,-0.016277354348924,-0.0767102125098837,0.0441555038120355,11.549600000000002,6.72,-0.6177505356605795,0.26615382593344,Early Suppression Followed by Attenuation,1.0,solid_common_support
3,compound,0.56,-0.0171250845653921,-0.0806921546217034,0.0464419854909191,11.549600000000002,6.72,-0.6177505356605795,0.26615382593344,Early Suppression Followed by Attenuation,1.0,solid_common_support
3,compound,0.588,-0.0179714343750907,-0.0846655696210877,0.0487227008709063,11.549600000000002,6.72,-0.6177505356605795,0.26615382593344,Early Suppression Followed by Attenuation,1.0,solid_common_support
3,compound,0.616,-0.0188163347576813,-0.0886300315902279,0.0509973620748653,11.549600000000002,6.72,-0.6177505356605795,0.26615382593344,Early Suppression Followed by Attenuation,1.0,solid_common_support
3,compound,0.644,-0.0196597166928254,-0.0925851146769786,0.0532656812913277,11.549600000000002,6.72,-0.6177505356605795,0.26615382593344,Early Suppression Followed by Attenuation,1.0,solid_common_support
3,compound,0.672,-0.0205015111601847,-0.096530393098372,0.0555273707780025,11.549600000000002,6.72,-0.6177505356605795,0.26615382593344,Early Suppression Followed by Attenuation,1.0,solid_common_support
3,compound,0.7000000000000001,-0.0213416491394206,-0.1004654411441876,0.0577821428653463,11.549600000000002,6.72,-0.6177505356605795,0.26615382593344,Early Suppression Followed by Attenuation,1.0,solid_common_support
3,compound,0.728,-0.0221800616101946,-0.1043898331805821,0.0600297099601927,11.549600000000002,6.72,-0.6177505356605795,0.26615382593344,Early Suppression Followed by Attenuation,1.0,solid_common_support
3,compound,0.756,-0.0230166795521683,-0.1083031436537823,0.0622697845494455,11.549600000000002,6.72,-0.6177505356605795,0.26615382593344,Early Suppression Followed by Attenuation,1.0,solid_common_support
3,compound,0.784,-0.0238514339450032,-0.1122049470938435,0.0645020792038369,11.549600000000002,6.72,-0.6177505356605795,0.26615382593344,Early Suppression Followed by Attenuation,1.0,solid_common_support
3,compound,0.812,-0.0246842557683609,-0.1160948181184786,0.0667263065817568,11.549600000000002,6.72,-0.6177505356605795,0.26615382593344,Early Suppression Followed by Attenuation,1.0,solid_common_support
3,compound,0.84,-0.0255150760019027,-0.1199723314369588,0.0689421794331532,11.549600000000002,6.72,-0.6177505356605795,0.26615382593344,Early Suppression Followed by Attenuation,1.0,solid_common_support
3,compound,0.868,-0.0263438256252904,-0.1238370618540927,0.0711494106035118,11.549600000000002,6.72,-0.6177505356605795,0.26615382593344,Early Suppression Followed by Attenuation,1.0,solid_common_support
3,compound,0.896,-0.0271704356181854,-0.1276885842742845,0.0733477130379136,11.549600000000002,6.72,-0.6177505356605795,0.26615382593344,Early Suppression Followed by Attenuation,1.0,solid_common_support
3,compound,0.924,-0.0279948369602491,-0.1315264737056771,0.0755367997851787,11.549600000000002,6.72,-0.6177505356605795,0.26615382593344,Early Suppression Followed by Attenuation,1.0,solid_common_support
3,compound,0.952,-0.0288169606311433,-0.135350305264384,0.0777163840020974,11.549600000000002,6.72,-0.6177505356605795,0.26615382593344,Early Suppression Followed by Attenuation,1.0,solid_common_support
3,compound,0.98,-0.0296367376105293,-0.1391596541788123,0.0798861789577536,11.549600000000002,6.72,-0.6177505356605795,0.26615382593344,Early Suppression Followed by Attenuation,1.0,solid_common_support
3,compound,1.008,-0.0304540988780687,-0.1429540957940835,0.082045898037946,11.549600000000002,6.72,-0.6177505356605795,0.26615382593344,Early Suppression Followed by Attenuation,1.0,solid_common_support
3,compound,1.036,-0.031268975413423,-0.1467332055765548,0.0841952547497086,11.549600000000002,6.72,-0.6177505356605795,0.26615382593344,Early Suppression Followed by Attenuation,1.0,solid_common_support
3,compound,1.064,-0.0320812981962538,-0.1504965591184459,0.0863339627259381,11.549600000000002,6.72,-0.6177505356605795,0.26615382593344,Early Suppression Followed by Attenuation,1.0,solid_common_support
3,compound,1.092,-0.0328909982062226,-0.1542437321425761,0.0884617357301308,11.549600000000002,6.72,-0.6177505356605795,0.26615382593344,Early Suppression Followed by Attenuation,1.0,solid_common_support
3,compound,1.12,-0.0336980064229909,-0.1579743005072171,0.0905782876612352,11.549600000000002,6.72,-0.6177505356605795,0.26615382593344,Early Suppression Followed by Attenuation,1.0,solid_common_support
3,compound,1.148,-0.0345022538262202,-0.1616878402110644,0.0926833325586238,11.549600000000002,6.72,-0.6177505356605795,0.26615382593344,Early Suppression Followed by Attenuation,1.0,solid_common_support
3,compound,1.176,-0.0353036713955721,-0.1653839273983356,0.0947765846071913,11.549600000000002,6.72,-0.6177505356605795,0.26615382593344,Early Suppression Followed by Attenuation,1.0,solid_common_support
3,compound,1.204,-0.0361021901107081,-0.1690621383639993,0.0968577581425831,11.549600000000002,6.72,-0.6177505356605795,0.26615382593344,Early Suppression Followed by Attenuation,1.0,solid_common_support
3,compound,1.232,-0.0368977409512896,-0.1727220495591388,0.0989265676565594,11.549600000000002,6.72,-0.6177505356605795,0.26615382593344,Early Suppression Followed by Attenuation,1.0,solid_common_support
3,compound,1.26,-0.0376902548969784,-0.1763632375964604,0.1009827278025035,11.549600000000002,6.72,-0.6177505356605795,0.26615382593344,Early Suppression Followed by Attenuation,1.0,solid_common_support
3,compound,1.288,-0.0384796629274357,-0.1799852792559476,0.103025953401076,11.549600000000002,6.72,-0.6177505356605795,0.26615382593344,Early Suppression Followed by Attenuation,1.0,solid_common_support
3,compound,1.316,-0.0392658960223233,-0.1835877514906724,0.1050559594460256,11.549600000000002,6.72,-0.6177505356605795,0.26615382593344,Early Suppression Followed by Attenuation,1.0,solid_common_support
3,compound,1.344,-0.0400488851613026,-0.1871702314327651,0.1070724611101598,11.549600000000002,6.72,-0.6177505356605795,0.26615382593344,Early Suppression Followed by Attenuation,1.0,solid_common_support
3,compound,1.372,-0.0408285613240351,-0.1907322963995541,0.1090751737514838,11.549600000000002,6.72,-0.6177505356605795,0.26615382593344,Early Suppression Followed by Attenuation,1.0,solid_common_support
3,compound,1.4,-0.0416048554901824,-0.1942735238998797,0.1110638129195149,11.549600000000002,6.72,-0.6177505356605795,0.26615382593344,Early Suppression Followed by Attenuation,1.0,solid_common_support
3,compound,1.428,-0.042377698639406,-0.1977934916405906,0.1130380943617786,11.549600000000002,6.72,-0.6177505356605795,0.26615382593344,Early Suppression Followed by Attenuation,1.0,solid_common_support
3,compound,1.456,-0.0431470217513674,-0.2012917775332305,0.1149977340304957,11.549600000000002,6.72,-0.6177505356605795,0.26615382593344,Early Suppression Followed by Attenuation,1.0,solid_common_support
3,compound,1.484,-0.0439127558057281,-0.2047679597009225,0.1169424480894662,11.549600000000002,6.72,-0.6177505356605795,0.26615382593344,Early Suppression Followed by Attenuation,1.0,solid_common_support
3,compound,1.512,-0.0446748317821497,-0.2082216164854603,0.1188719529211608,11.549600000000002,6.72,-0.6177505356605795,0.26615382593344,Early Suppression Followed by Attenuation,1.0,solid_common_support
3,compound,1.54,-0.0454331806602937,-0.2116523264546148,0.1207859651340273,11.549600000000002,6.72,-0.6177505356605795,0.26615382593344,Early Suppression Followed by Attenuation,1.0,solid_common_support
3,compound,1.568,-0.0461877334198216,-0.215059668409664,0.1226842015700206,11.549600000000002,6.72,-0.6177505356605795,0.26615382593344,Early Suppression Followed by Attenuation,1.0,solid_common_support
3,compound,1.596,-0.046938421040395,-0.2184432213931568,0.1245663793123667,11.549600000000002,6.72,-0.6177505356605795,0.26615382593344,Early Suppression Followed by Attenuation,1.0,solid_common_support
3,compound,1.624,-0.0476851745016753,-0.2218025646969216,0.1264322156935709,11.549600000000002,6.72,-0.6177505356605795,0.26615382593344,Early Suppression Followed by Attenuation,1.0,solid_common_support
3,compound,1.652,-0.0484279247833242,-0.2251372778703267,0.1282814283036782,11.549600000000002,6.72,-0.6177505356605795,0.26615382593344,Early Suppression Followed by Attenuation,1.0,solid_common_support
3,compound,1.68,-0.049166602865003,-0.2284469407288065,0.1301137349988004,11.549600000000002,6.72,-0.6177505356605795,0.26615382593344,Early Suppression Followed by Attenuation,1.0,solid_common_support
3,compound,1.708,-0.0499011397263735,-0.231731133362664,0.131928853909917,11.549600000000002,6.72,-0.6177505356605795,0.26615382593344,Early Suppression Followed by Attenuation,1.0,solid_common_support
3,compound,1.736,-0.050631466347097,-0.2349894361461589,0.1337265034519649,11.549600000000002,6.72,-0.6177505356605795,0.26615382593344,Early Suppression Followed by Attenuation,1.0,solid_common_support
3,compound,1.764,-0.051357513706835,-0.2382214297468983,0.1355064023332281,11.549600000000002,6.72,-0.6177505356605795,0.26615382593344,Early Suppression Followed by Attenuation,1.0,solid_common_support
3,compound,1.792,-0.0520792127852493,-0.2414266951355378,0.1372682695650391,11.549600000000002,6.72,-0.6177505356605795,0.26615382593344,Early Suppression Followed by Attenuation,1.0,solid_common_support
3,compound,1.82,-0.0527964945620011,-0.2446048135958096,0.1390118244718073,11.549600000000002,6.72,-0.6177505356605795,0.26615382593344,Early Suppression Followed by Attenuation,1.0,solid_common_support
3,compound,1.848,-0.0535092900167522,-0.2477553667348915,0.1407367867013871,11.549600000000002,6.72,-0.6177505356605795,0.26615382593344,Early Suppression Followed by Attenuation,1.0,solid_common_support
3,compound,1.876,-0.0542175301291639,-0.2508779364941293,0.1424428762358013,11.549600000000002,6.72,-0.6177505356605795,0.26615382593344,Early Suppression Followed by Attenuation,1.0,solid_common_support
3,compound,1.904,-0.0549211458788979,-0.2539721051601309,0.144129813402335,11.549600000000002,6.72,-0.6177505356605795,0.26615382593344,Early Suppression Followed by Attenuation,1.0,solid_common_support
3,compound,1.932,-0.0556200682456157,-0.2570374553762459,0.1457973188850145,11.549600000000002,6.72,-0.6177505356605795,0.26615382593344,Early Suppression Followed by Attenuation,1.0,solid_common_support
3,compound,1.96,-0.0563142282089787,-0.2600735701544496,0.1474451137364921,11.549600000000002,6.72,-0.6177505356605795,0.26615382593344,Early Suppression Followed by Attenuation,1.0,solid_common_support
3,compound,1.988,-0.0570035567486485,-0.2630800328876463,0.1490729193903491,11.549600000000002,6.72,-0.6177505356605795,0.26615382593344,Early Suppression Followed by Attenuation,1.0,solid_common_support
3,compound,2.016,-0.0576879848442867,-0.2660564273624146,0.1506804576738411,11.549600000000002,6.72,-0.6177505356605795,0.26615382593344,Early Suppression Followed by Attenuation,1.0,solid_common_support
3,compound,2.044,-0.0583674434755547,-0.2690023377722098,0.1522674508211003,11.549600000000002,6.72,-0.6177505356605795,0.26615382593344,Early Suppression Followed by Attenuation,1.0,solid_common_support
3,compound,2.072,-0.0590418636221142,-0.271917348731047,0.1538336214868185,11.549600000000002,6.72,-0.6177505356605795,0.26615382593344,Early Suppression Followed by Attenuation,1.0,solid_common_support
3,compound,2.1,-0.0597111762636265,-0.2748010452876842,0.1553786927604312,11.549600000000002,6.72,-0.6177505356605795,0.26615382593344,Early Suppression Followed by Attenuation,1.0,solid_common_support
3,compound,2.128,-0.0603753123797532,-0.2776530129403307,0.1569023881808241,11.549600000000002,6.72,-0.6177505356605795,0.26615382593344,Early Suppression Followed by Attenuation,1.0,solid_common_support
3,compound,2.156,-0.0610342029501559,-0.2804728376519002,0.1584044317515882,11.549600000000002,6.72,-0.6177505356605795,0.26615382593344,Early Suppression Followed by Attenuation,1.0,solid_common_support
3,compound,2.184,-0.0616877789544962,-0.2832601058658381,0.1598845479568457,11.549600000000002,6.72,-0.6177505356605795,0.26615382593344,Early Suppression Followed by Attenuation,1.0,solid_common_support
3,compound,2.212,-0.0623359713724354,-0.286014404522545,0.161342461777674,11.549600000000002,6.72,-0.6177505356605795,0.26615382593344,Early Suppression Followed by Attenuation,1.0,solid_common_support
3,compound,2.24,-0.0629787111836352,-0.2887353210764266,0.1627778987091561,11.549600000000002,6.72,-0.6177505356605795,0.26615382593344,Early Suppression Followed by Attenuation,1.0,solid_common_support
3,compound,2.268,-0.063615929367757,-0.2914224435135982,0.1641905847780841,11.549600000000002,6.72,-0.6177505356605795,0.26615382593344,Early Suppression Followed by Attenuation,1.0,solid_common_support
3,compound,2.2960000000000003,-0.0642475569044625,-0.2940753603702729,0.1655802465613479,11.549600000000002,6.72,-0.6177505356605795,0.26615382593344,Early Suppression Followed by Attenuation,1.0,solid_common_support
3,compound,2.324,-0.064873524773413,-0.2966936607518661,0.16694661120504,11.549600000000002,6.72,-0.6177505356605795,0.26615382593344,Early Suppression Followed by Attenuation,1.0,solid_common_support
3,compound,2.352,-0.0654937639542702,-0.2992769343528511,0.1682894064443106,11.549600000000002,6.72,-0.6177505356605795,0.26615382593344,Early Suppression Followed by Attenuation,1.0,solid_common_support
3,compound,2.38,-0.0661082054266956,-0.3018247714773985,0.1696083606240072,11.549600000000002,6.72,-0.6177505356605795,0.26615382593344,Early Suppression Followed by Attenuation,1.0,solid_common_support
3,compound,2.408,-0.0667167801703506,-0.3043367630608393,0.170903202720138,11.549600000000002,6.72,-0.6177505356605795,0.26615382593344,Early Suppression Followed by Attenuation,1.0,solid_common_support
3,compound,2.436,-0.0673194191648969,-0.3068125006919893,0.1721736623621954,11.549600000000002,6.72,-0.6177505356605795,0.26615382593344,Early Suppression Followed by Attenuation,1.0,solid_common_support
3,compound,2.464,-0.0679160533899959,-0.3092515766363757,0.1734194698563838,11.549600000000002,6.72,-0.6177505356605795,0.26615382593344,Early Suppression Followed by Attenuation,1.0,solid_common_support
3,compound,2.492,-0.0685066138253092,-0.3116535838604111,0.1746403562097925,11.549600000000002,6.72,-0.6177505356605795,0.26615382593344,Early Suppression Followed by Attenuation,1.0,solid_common_support
3,compound,2.52,-0.0690910314504983,-0.314018116056559,0.1758360531555623,11.549600000000002,6.72,-0.6177505356605795,0.26615382593344,Early Suppression Followed by Attenuation,1.0,solid_common_support
3,compound,2.548,-0.0696692372452247,-0.3163447676695409,0.1770062931790914,11.549600000000002,6.72,-0.6177505356605795,0.26615382593344,Early Suppression Followed by Attenuation,1.0,solid_common_support
3,compound,2.576,-0.07024116218915,-0.3186331339236343,0.1781508095453342,11.549600000000002,6.72,-0.6177505356605795,0.26615382593344,Early Suppression Followed by Attenuation,1.0,solid_common_support
3,compound,2.604,-0.0708067372619357,-0.3208828108511168,0.1792693363272454,11.549600000000002,6.72,-0.6177505356605795,0.26615382593344,Early Suppression Followed by Attenuation,1.0,solid_common_support
3,compound,2.632,-0.0713658934432433,-0.3230933953219125,0.1803616084354259,11.549600000000002,6.72,-0.6177505356605795,0.26615382593344,Early Suppression Followed by Attenuation,1.0,solid_common_support
3,compound,2.66,-0.0719185627873964,-0.3252644916612405,0.1814273660864475,11.549600000000002,6.72,-0.6177505356605795,0.26615382593344,Early Suppression Followed by Attenuation,1.0,solid_common_support
3,compound,2.688,-0.0724647233841,-0.3273959871800943,0.1824665404118942,11.549600000000002,6.72,-0.6177505356605795,0.26615382593344,Early Suppression Followed by Attenuation,1.0,solid_common_support
3,compound,2.716,-0.0730044157115743,-0.329488152056724,0.1834793206335753,11.549600000000002,6.72,-0.6177505356605795,0.26615382593344,Early Suppression Followed by Attenuation,1.0,solid_common_support
3,compound,2.744,-0.0735376846883556,-0.3315412839727805,0.1844659145960693,11.549600000000002,6.72,-0.6177505356605795,0.26615382593344,Early Suppression Followed by Attenuation,1.0,solid_common_support
3,compound,2.772,-0.0740645752329802,-0.3335556808896336,0.1854265304236731,11.549600000000002,6.72,-0.6177505356605795,0.26615382593344,Early Suppression Followed by Attenuation,1.0,solid_common_support
3,compound,2.8000000000000003,-0.0745851322639845,-0.3355316410464338,0.1863613765184648,11.549600000000002,6.72,-0.6177505356605795,0.26615382593344,Early Suppression Followed by Attenuation,1.0,solid_common_support
3,compound,2.828,-0.0750994006999047,-0.3374694629584692,0.1872706615586597,11.549600000000002,6.72,-0.6177505356605795,0.26615382593344,Early Suppression Followed by Attenuation,1.0,solid_common_support
3,compound,2.856,-0.0756074254592772,-0.3393694454157893,0.1881545944972348,11.549600000000002,6.72,-0.6177505356605795,0.26615382593344,Early Suppression Followed by Attenuation,1.0,solid_common_support
3,compound,2.884,-0.0761092514606383,-0.3412318874820716,0.189013384560795,11.549600000000002,6.72,-0.6177505356605795,0.26615382593344,Early Suppression Followed by Attenuation,1.0,solid_common_support
3,compound,2.912,-0.0766049236225242,-0.3430570884937134,0.1898472412486649,11.549600000000002,6.72,-0.6177505356605795,0.26615382593344,Early Suppression Followed by Attenuation,1.0,solid_common_support
3,compound,2.94,-0.0770944868634714,-0.3448453480591265,0.1906563743321836,11.549600000000002,6.72,-0.6177505356605795,0.26615382593344,Early Suppression Followed by Attenuation,1.0,solid_common_support
3,compound,2.968,-0.0775779861020161,-0.3465969660582175,0.1914409938541851,11.549600000000002,6.72,-0.6177505356605795,0.26615382593344,Early Suppression Followed by Attenuation,1.0,solid_common_support
3,compound,2.996,-0.0780554662566947,-0.3483122426420379,0.1922013101286484,11.549600000000002,6.72,-0.6177505356605795,0.26615382593344,Early Suppression Followed by Attenuation,1.0,solid_common_support
3,compound,3.024,-0.0785269722460434,-0.3499914782325879,0.1929375337405011,11.549600000000002,6.72,-0.6177505356605795,0.26615382593344,Early Suppression Followed by Attenuation,1.0,solid_common_support
3,compound,3.052,-0.0789925489885986,-0.3516349735227599,0.1936498755455628,11.549600000000002,6.72,-0.6177505356605795,0.26615382593344,Early Suppression Followed by Attenuation,1.0,solid_common_support
3,compound,3.08,-0.0794522414028965,-0.353243029476407,0.1943385466706138,11.549600000000002,6.72,-0.6177505356605795,0.26615382593344,Early Suppression Followed by Attenuation,1.0,solid_common_support
3,compound,3.108,-0.0799060944074736,-0.3548159473285263,0.1950037585135789,11.549600000000002,6.72,-0.6177505356605795,0.26615382593344,Early Suppression Followed by Attenuation,1.0,solid_common_support
3,compound,3.136,-0.0803541529208661,-0.3563540285855432,0.1956457227438109,11.549600000000002,6.72,-0.6177505356605795,0.26615382593344,Early Suppression Followed by Attenuation,1.0,solid_common_support
3,compound,3.164,-0.0807964618616103,-0.3578575750256872,0.1962646513024666,11.549600000000002,6.72,-0.6177505356605795,0.26615382593344,Early Suppression Followed by Attenuation,1.0,solid_common_support
3,compound,3.192,-0.0812330661482426,-0.3593268886994466,0.1968607564029614,11.549600000000002,6.72,-0.6177505356605795,0.26615382593344,Early Suppression Followed by Attenuation,1.0,solid_common_support
3,compound,3.22,-0.0816640106992992,-0.3607622719300942,0.1974342505314957,11.549600000000002,6.72,-0.6177505356605795,0.26615382593344,Early Suppression Followed by Attenuation,1.0,solid_common_support
3,compound,3.248,-0.0820893404333165,-0.3621640273142733,0.1979853464476403,11.549600000000002,6.72,-0.6177505356605795,0.26615382593344,Early Suppression Followed by Attenuation,1.0,solid_common_support
3,compound,3.276,-0.0825091002688307,-0.3635324577226365,0.1985142571849749,11.549600000000002,6.72,-0.6177505356605795,0.26615382593344,Early Suppression Followed by Attenuation,1.0,solid_common_support
3,compound,3.3040000000000003,-0.0829233351243784,-0.3648678663005253,0.1990211960517685,11.549600000000002,6.72,-0.6177505356605795,0.26615382593344,Early Suppression Followed by Attenuation,1.0,solid_common_support
3,compound,3.332,-0.0833320899184956,-0.366170556468686,0.1995063766316948,11.549600000000002,6.72,-0.6177505356605795,0.26615382593344,Early Suppression Followed by Attenuation,1.0,solid_common_support
3,compound,3.36,-0.0837354095697187,-0.3674408319240113,0.1999700127845738,11.549600000000002,6.72,-0.6177505356605795,0.26615382593344,Early Suppression Followed by Attenuation,1.0,solid_common_support
3,compound,3.388,-0.0841333389965841,-0.3686789966403007,0.2004123186471324,11.549600000000002,6.72,-0.6177505356605795,0.26615382593344,Early Suppression Followed by Attenuation,1.0,solid_common_support
3,compound,3.416,-0.084525923117628,-0.3698853548690314,0.2008335086337752,11.549600000000002,6.72,-0.6177505356605795,0.26615382593344,Early Suppression Followed by Attenuation,1.0,solid_common_support
3,compound,3.444,-0.0849132068513869,-0.371060211140133,0.2012337974373591,11.549600000000002,6.72,-0.6177505356605795,0.26615382593344,Early Suppression Followed by Attenuation,1.0,solid_common_support
3,compound,3.472,-0.0852952351163968,-0.3722038702627579,0.2016134000299641,11.549600000000002,6.72,-0.6177505356605795,0.26615382593344,Early Suppression Followed by Attenuation,1.0,solid_common_support
3,compound,3.5,-0.0856720528311944,-0.3733166373260416,0.2019725316636527,11.549600000000002,6.72,-0.6177505356605795,0.26615382593344,Early Suppression Followed by Attenuation,1.0,solid_common_support
3,compound,3.528,-0.0860437049143157,-0.3743988176998416,0.2023114078712101,11.549600000000002,6.72,-0.6177505356605795,0.26615382593344,Early Suppression Followed by Attenuation,1.0,solid_common_support
3,compound,3.556,-0.0864102362842972,-0.3754507170354555,0.202630244466861,11.549600000000002,6.72,-0.6177505356605795,0.26615382593344,Early Suppression Followed by Attenuation,1.0,solid_common_support
3,compound,3.584,-0.0867716918596751,-0.3764726412663016,0.2029292575469513,11.549600000000002,6.72,-0.6177505356605795,0.26615382593344,Early Suppression Followed by Attenuation,1.0,solid_common_support
3,compound,3.612,-0.0871281165589858,-0.3774648966085638,0.2032086634905922,11.549600000000002,6.72,-0.6177505356605795,0.26615382593344,Early Suppression Followed by Attenuation,1.0,solid_common_support
3,compound,3.64,-0.0874795553007656,-0.3784277895617876,0.2034686789602563,11.549600000000002,6.72,-0.6177505356605795,0.26615382593344,Early Suppression Followed by Attenuation,1.0,solid_common_support
3,compound,3.668,-0.0878260530035507,-0.3793616269094231,0.2037095209023215,11.549600000000002,6.72,-0.6177505356605795,0.26615382593344,Early Suppression Followed by Attenuation,1.0,solid_common_support
3,compound,3.696,-0.0881676545858776,-0.380266715719307,0.2039314065475517,11.549600000000002,6.72,-0.6177505356605795,0.26615382593344,Early Suppression Followed by Attenuation,1.0,solid_common_support
3,compound,3.724,-0.0885044049662825,-0.3811433633440771,0.2041345534115121,11.549600000000002,6.72,-0.6177505356605795,0.26615382593344,Early Suppression Followed by Attenuation,1.0,solid_common_support
3,compound,3.752,-0.0888363490633017,-0.3819918774215112,0.2043191792949076,11.549600000000002,6.72,-0.6177505356605795,0.26615382593344,Early Suppression Followed by Attenuation,1.0,solid_common_support
3,compound,3.78,-0.0891635317954716,-0.3828125658747823,0.204485502283839,11.549600000000002,6.72,-0.6177505356605795,0.26615382593344,Early Suppression Followed by Attenuation,1.0,solid_common_support
3,compound,3.808,-0.0894859980813284,-0.3836057369126262,0.2046337407499693,11.549600000000002,6.72,-0.6177505356605795,0.26615382593344,Early Suppression Followed by Attenuation,1.0,solid_common_support
3,compound,3.836,-0.0898037928394086,-0.3843716990294096,0.2047641133505923,11.549600000000002,6.72,-0.6177505356605795,0.26615382593344,Early Suppression Followed by Attenuation,1.0,solid_common_support
3,compound,3.864,-0.0901169609882483,-0.385110761005093,0.2048768390285965,11.549600000000002,6.72,-0.6177505356605795,0.26615382593344,Early Suppression Followed by Attenuation,1.0,solid_common_support
3,compound,3.892,-0.0904255474463839,-0.3858232319050829,0.204972137012315,11.549600000000002,6.72,-0.6177505356605795,0.26615382593344,Early Suppression Followed by Attenuation,1.0,solid_common_support
3,compound,3.92,-0.0907295971323517,-0.3865094210799588,0.2050502268152552,11.549600000000002,6.72,-0.6177505356605795,0.26615382593344,Early Suppression Followed by Attenuation,1.0,solid_common_support
3,compound,3.948,-0.0910291549646881,-0.3871696381650761,0.2051113282356997,11.549600000000002,6.72,-0.6177505356605795,0.26615382593344,Early Suppression Followed by Attenuation,1.0,solid_common_support
3,compound,3.976,-0.0913242658619294,-0.3878041930800274,0.2051556613561684,11.549600000000002,6.72,-0.6177505356605795,0.26615382593344,Early Suppression Followed by Attenuation,1.0,solid_common_support
3,compound,4.004,-0.0916149747426118,-0.3884133960279605,0.2051834465427367,11.549600000000002,6.72,-0.6177505356605795,0.26615382593344,Early Suppression Followed by Attenuation,1.0,solid_common_support
3,compound,4.032,-0.0919013265252717,-0.3889975574947409,0.2051949044441973,11.549600000000002,6.72,-0.6177505356605795,0.26615382593344,Early Suppression Followed by Attenuation,1.0,solid_common_support
3,compound,4.0600000000000005,-0.0921833661284454,-0.3895569882479517,0.2051902559910608,11.549600000000002,6.72,-0.6177505356605795,0.26615382593344,Early Suppression Followed by Attenuation,1.0,solid_common_support
3,compound,4.088,-0.0924611384706692,-0.3900919993357198,0.2051697223943812,11.549600000000002,6.72,-0.6177505356605795,0.26615382593344,Early Suppression Followed by Attenuation,1.0,solid_common_support
3,compound,4.116,-0.0927346884704795,-0.3906029020853618,0.2051335251444028,11.549600000000002,6.72,-0.6177505356605795,0.26615382593344,Early Suppression Followed by Attenuation,1.0,solid_common_support
3,compound,4.144,-0.0930040610464125,-0.3910900081018383,0.2050818860090133,11.549600000000002,6.72,-0.6177505356605795,0.26615382593344,Early Suppression Followed by Attenuation,1.0,solid_common_support
3,compound,4.172,-0.0932693011170045,-0.3915536292660067,0.2050150270319976,11.549600000000002,6.72,-0.6177505356605795,0.26615382593344,Early Suppression Followed by Attenuation,1.0,solid_common_support
3,compound,4.2,-0.0935304536007919,-0.391994077732664,0.2049331705310801,11.549600000000002,6.72,-0.6177505356605795,0.26615382593344,Early Suppression Followed by Attenuation,1.0,solid_common_support
3,compound,4.228,-0.093787563416311,-0.3924116659283685,0.2048365390957464,11.549600000000002,6.72,-0.6177505356605795,0.26615382593344,Early Suppression Followed by Attenuation,1.0,solid_common_support
3,compound,4.256,-0.0940406754820981,-0.3928067065490291,0.2047253555848329,11.549600000000002,6.72,-0.6177505356605795,0.26615382593344,Early Suppression Followed by Attenuation,1.0,solid_common_support
3,compound,4.284,-0.0942898347166895,-0.3931795125572538,0.2045998431238747,11.549600000000002,6.72,-0.6177505356605795,0.26615382593344,Early Suppression Followed by Attenuation,1.0,solid_common_support
3,compound,4.312,-0.0945350860386215,-0.393530397179443,0.2044602251021999,11.549600000000002,6.72,-0.6177505356605795,0.26615382593344,Early Suppression Followed by Attenuation,1.0,solid_common_support
3,compound,4.34,-0.0947764743664305,-0.3938596739026215,0.2043067251697604,11.549600000000002,6.72,-0.6177505356605795,0.26615382593344,Early Suppression Followed by Attenuation,1.0,solid_common_support
3,compound,4.368,-0.0950140446186527,-0.3941676564709904,0.2041395672336848,11.549600000000002,6.72,-0.6177505356605795,0.26615382593344,Early Suppression Followed by Attenuation,1.0,solid_common_support
3,compound,4.396,-0.0952478417138246,-0.3944546588821955,0.2039589754545462,11.549600000000002,6.72,-0.6177505356605795,0.26615382593344,Early Suppression Followed by Attenuation,1.0,solid_common_support
3,compound,4.424,-0.0954779105704822,-0.3947209953832929,0.2037651742423284,11.549600000000002,6.72,-0.6177505356605795,0.26615382593344,Early Suppression Followed by Attenuation,1.0,solid_common_support
3,compound,4.452,-0.0957042961071621,-0.3949669804664049,0.2035583882520805,11.549600000000002,6.72,-0.6177505356605795,0.26615382593344,Early Suppression Followed by Attenuation,1.0,solid_common_support
3,compound,4.48,-0.0959270432424006,-0.3951929288640483,0.2033388423792471,11.549600000000002,6.72,-0.6177505356605795,0.26615382593344,Early Suppression Followed by Attenuation,1.0,solid_common_support
3,compound,4.508,-0.0961461968947338,-0.3953991555441288,0.203106761754661,11.549600000000002,6.72,-0.6177505356605795,0.26615382593344,Early Suppression Followed by Attenuation,1.0,solid_common_support
3,compound,4.5360000000000005,-0.0963618019826982,-0.3955859757045813,0.2028623717391848,11.549600000000002,6.72,-0.6177505356605795,0.26615382593344,Early Suppression Followed by Attenuation,1.0,solid_common_support
3,compound,4.564,-0.0965739034248301,-0.3957537047676487,0.2026058979179884,11.549600000000002,6.72,-0.6177505356605795,0.26615382593344,Early Suppression Followed by Attenuation,1.0,solid_common_support
3,compound,4.5920000000000005,-0.0967825461396657,-0.3959026583737808,0.2023375660944493,11.549600000000002,6.72,-0.6177505356605795,0.26615382593344,Early Suppression Followed by Attenuation,1.0,solid_common_support
3,compound,4.62,-0.0969877750457414,-0.3960331523751431,0.2020576022836601,11.549600000000002,6.72,-0.6177505356605795,0.26615382593344,Early Suppression Followed by Attenuation,1.0,solid_common_support
3,compound,4.648,-0.0971896350615935,-0.3961455028287182,0.2017662327055309,11.549600000000002,6.72,-0.6177505356605795,0.26615382593344,Early Suppression Followed by Attenuation,1.0,solid_common_support
3,compound,4.676,-0.0973881711057584,-0.3962400259889871,0.2014636837774702,11.549600000000002,6.72,-0.6177505356605795,0.26615382593344,Early Suppression Followed by Attenuation,1.0,solid_common_support
3,compound,4.704,-0.0975834280967723,-0.3963170383001753,0.2011501821066306,11.549600000000002,6.72,-0.6177505356605795,0.26615382593344,Early Suppression Followed by Attenuation,1.0,solid_common_support
3,compound,4.732,-0.0977754509531715,-0.3963768563880477,0.2008259544817047,11.549600000000002,6.72,-0.6177505356605795,0.26615382593344,Early Suppression Followed by Attenuation,1.0,solid_common_support
3,compound,4.76,-0.0979642845934924,-0.3964197970512388,0.200491227864254,11.549600000000002,6.72,-0.6177505356605795,0.26615382593344,Early Suppression Followed by Attenuation,1.0,solid_common_support
3,compound,4.788,-0.0981499739362713,-0.3964461772521006,0.200146229379558,11.549600000000002,6.72,-0.6177505356605795,0.26615382593344,Early Suppression Followed by Attenuation,1.0,solid_common_support
3,compound,4.816,-0.0983325639000444,-0.3964563141070535,0.1997911863069645,11.549600000000002,6.72,-0.6177505356605795,0.26615382593344,Early Suppression Followed by Attenuation,1.0,solid_common_support
3,compound,4.844,-0.0985120994033482,-0.3964505248764249,0.1994263260697285,11.549600000000002,6.72,-0.6177505356605795,0.26615382593344,Early Suppression Followed by Attenuation,1.0,solid_common_support
3,compound,4.872,-0.0986886253647189,-0.3964291269537583,0.1990518762243205,11.549600000000002,6.72,-0.6177505356605795,0.26615382593344,Early Suppression Followed by Attenuation,1.0,solid_common_support
3,compound,4.9,-0.0988621867026928,-0.3963924378545757,0.19866806444919,11.549600000000002,6.72,-0.6177505356605795,0.26615382593344,Early Suppression Followed by Attenuation,1.0,solid_common_support
3,compound,4.928,-0.0990328283358063,-0.396340775204579,0.1982751185329664,11.549600000000002,6.72,-0.6177505356605795,0.26615382593344,Early Suppression Followed by Attenuation,1.0,solid_common_support
3,compound,4.956,-0.0992005951825956,-0.3962744567272719,0.1978732663620806,11.549600000000002,6.72,-0.6177505356605795,0.26615382593344,Early Suppression Followed by Attenuation,1.0,solid_common_support
3,compound,4.984,-0.0993655321615971,-0.3961938002309858,0.1974627359077916,11.549600000000002,6.72,-0.6177505356605795,0.26615382593344,Early Suppression Followed by Attenuation,1.0,solid_common_support
3,compound,5.0120000000000005,-0.0995276841913471,-0.3960991235952937,0.1970437552125994,11.549600000000002,6.72,-0.6177505356605795,0.26615382593344,Early Suppression Followed by Attenuation,1.0,solid_common_support
3,compound,5.04,-0.0996870961903819,-0.3959907447567922,0.1966165523760283,11.549600000000002,6.72,-0.6177505356605795,0.26615382593344,Early Suppression Followed by Attenuation,1.0,solid_common_support
3,compound,5.0680000000000005,-0.0998438130772379,-0.3958689816942388,0.1961813555397629,11.549600000000002,6.72,-0.6177505356605795,0.26615382593344,Early Suppression Followed by Attenuation,1.0,solid_common_support
3,compound,5.096,-0.0999978797704513,-0.3957341524130225,0.19573839287212,11.549600000000002,6.72,-0.6177505356605795,0.26615382593344,Early Suppression Followed by Attenuation,1.0,solid_common_support
3,compound,5.124,-0.1001493411885584,-0.3955865749289551,0.1952878925518382,11.549600000000002,6.72,-0.6177505356605795,0.26615382593344,Early Suppression Followed by Attenuation,1.0,solid_common_support
3,compound,5.152,-0.1002982422500956,-0.3954265672513605,0.1948300827511692,11.549600000000002,6.72,-0.6177505356605795,0.26615382593344,Early Suppression Followed by Attenuation,1.0,solid_common_support
3,compound,5.18,-0.1004446278735992,-0.395254447365451,0.1943651916182525,11.549600000000002,6.72,-0.6177505356605795,0.26615382593344,Early Suppression Followed by Attenuation,1.0,solid_common_support
3,compound,5.208,-0.1005885429776055,-0.395070533213968,0.1938934472587569,11.549600000000002,6.72,-0.6177505356605795,0.26615382593344,Early Suppression Followed by Attenuation,1.0,solid_common_support
3,compound,5.236,-0.1007300324806508,-0.3948751426780736,0.1934150777167719,11.549600000000002,6.72,-0.6177505356605795,0.26615382593344,Early Suppression Followed by Attenuation,1.0,solid_common_support
3,compound,5.264,-0.1008691413012714,-0.3946685935574739,0.1929303109549311,11.549600000000002,6.72,-0.6177505356605795,0.26615382593344,Early Suppression Followed by Attenuation,1.0,solid_common_support
3,compound,5.292,-0.1010059143580037,-0.3944512035497594,0.1924393748337519,11.549600000000002,6.72,-0.6177505356605795,0.26615382593344,Early Suppression Followed by Attenuation,1.0,solid_common_support
3,compound,5.32,-0.1011403965693839,-0.3942232902289433,0.1919424970901754,11.549600000000002,6.72,-0.6177505356605795,0.26615382593344,Early Suppression Followed by Attenuation,1.0,solid_common_support
3,compound,5.348,-0.1012726328539484,-0.3939851710231848,0.191439905315288,11.549600000000002,6.72,-0.6177505356605795,0.26615382593344,Early Suppression Followed by Attenuation,1.0,solid_common_support
3,compound,5.376,-0.1014026681302334,-0.3937371631916785,0.1909318269312116,11.549600000000002,6.72,-0.6177505356605795,0.26615382593344,Early Suppression Followed by Attenuation,1.0,solid_common_support
3,compound,5.404,-0.1015305473167754,-0.393479583800696,0.1904184891671451,11.549600000000002,6.72,-0.6177505356605795,0.26615382593344,Early Suppression Followed by Attenuation,1.0,solid_common_support
3,compound,5.432,-0.1016563153321106,-0.3932127496987637,0.1899001190345425,11.549600000000002,6.72,-0.6177505356605795,0.26615382593344,Early Suppression Followed by Attenuation,1.0,solid_common_support
3,compound,5.46,-0.1017800170947753,-0.3929369774909638,0.1893769433014131,11.549600000000002,6.72,-0.6177505356605795,0.26615382593344,Early Suppression Followed by Attenuation,1.0,solid_common_support
3,compound,5.488,-0.1019016975233059,-0.3926525835123414,0.1888491884657296,11.549600000000002,6.72,-0.6177505356605795,0.26615382593344,Early Suppression Followed by Attenuation,1.0,solid_common_support
3,compound,5.516,-0.1020214015362385,-0.3923598838004078,0.1883170807279306,11.549600000000002,6.72,-0.6177505356605795,0.26615382593344,Early Suppression Followed by Attenuation,1.0,solid_common_support
3,compound,5.5440000000000005,-0.1021391740521097,-0.3920591940667245,0.187780845962505,11.549600000000002,6.72,-0.6177505356605795,0.26615382593344,Early Suppression Followed by Attenuation,1.0,solid_common_support
3,compound,5.572,-0.1022550599894557,-0.3917508296675565,0.187240709688645,11.549600000000002,6.72,-0.6177505356605795,0.26615382593344,Early Suppression Followed by Attenuation,1.0,solid_common_support
3,compound,5.6000000000000005,-0.1023691042668128,-0.3914351055735836,0.1866968970399579,11.549600000000002,6.72,-0.6177505356605795,0.26615382593344,Early Suppression Followed by Attenuation,1.0,solid_common_support
3,compound,5.628,-0.1024813518027172,-0.3911123363386609,0.1861496327332263,11.549600000000002,6.72,-0.6177505356605795,0.26615382593344,Early Suppression Followed by Attenuation,1.0,solid_common_support
3,compound,5.656,-0.1025918475157055,-0.3907828360676153,0.1855991410362043,11.549600000000002,6.72,-0.6177505356605795,0.26615382593344,Early Suppression Followed by Attenuation,1.0,solid_common_support
3,compound,5.684,-0.1027006363243137,-0.3904469183830734,0.1850456457344459,11.549600000000002,6.72,-0.6177505356605795,0.26615382593344,Early Suppression Followed by Attenuation,1.0,solid_common_support
3,compound,5.712,-0.1028077631470784,-0.3901048963913107,0.1844893700971539,11.549600000000002,6.72,-0.6177505356605795,0.26615382593344,Early Suppression Followed by Attenuation,1.0,solid_common_support
3,compound,5.74,-0.1029132729025356,-0.3897570826471165,0.1839305368420452,11.549600000000002,6.72,-0.6177505356605795,0.26615382593344,Early Suppression Followed by Attenuation,1.0,solid_common_support
3,compound,5.768,-0.1030172105092219,-0.3894037891176724,0.1833693680992285,11.549600000000002,6.72,-0.6177505356605795,0.26615382593344,Early Suppression Followed by Attenuation,1.0,solid_common_support
3,compound,5.796,-0.1031196208856735,-0.3890453271454337,0.1828060853740866,11.549600000000002,6.72,-0.6177505356605795,0.26615382593344,Early Suppression Followed by Attenuation,1.0,solid_common_support
3,compound,5.824,-0.1032205489504267,-0.3886820074100213,0.1822409095091678,11.549600000000002,6.72,-0.6177505356605795,0.26615382593344,Early Suppression Followed by Attenuation,1.0,solid_common_support
3,compound,5.852,-0.1033200396220179,-0.3883141398891134,0.1816740606450775,11.549600000000002,6.72,-0.6177505356605795,0.26615382593344,Early Suppression Followed by Attenuation,1.0,solid_common_support
3,compound,5.88,-0.1034181378189832,-0.3879420338183457,0.1811057581803791,11.549600000000002,6.72,-0.6177505356605795,0.26615382593344,Early Suppression Followed by Attenuation,1.0,solid_common_support
3,compound,5.908,-0.1035148884598592,-0.3875659976502187,0.1805362207305002,11.549600000000002,6.72,-0.6177505356605795,0.26615382593344,Early Suppression Followed by Attenuation,1.0,solid_common_support
3,compound,5.936,-0.103610336463182,-0.387186339012017,0.1799656660856529,11.549600000000002,6.72,-0.6177505356605795,0.26615382593344,Early Suppression Followed by Attenuation,1.0,solid_common_support
3,compound,5.964,-0.103704526747488,-0.3868033646627477,0.1793943111677716,11.549600000000002,6.72,-0.6177505356605795,0.26615382593344,Early Suppression Followed by Attenuation,1.0,solid_common_support
3,compound,5.992,-0.1037975042313135,-0.3864173804491058,0.1788223719864787,11.549600000000002,6.72,-0.6177505356605795,0.26615382593344,Early Suppression Followed by Attenuation,1.0,solid_common_support
3,compound,6.0200000000000005,-0.1038893138331949,-0.3860286912604761,0.1782500635940863,11.549600000000002,6.72,-0.6177505356605795,0.26615382593344,Early Suppression Followed by Attenuation,1.0,solid_common_support
3,compound,6.048,-0.1039800004716683,-0.3856376009829858,0.177677600039649,11.549600000000002,6.72,-0.6177505356605795,0.26615382593344,Early Suppression Followed by Attenuation,1.0,solid_common_support
3,compound,6.0760000000000005,-0.1040696090652702,-0.3852444124526202,0.1771051943220796,11.549600000000002,6.72,-0.6177505356605795,0.26615382593344,Early Suppression Followed by Attenuation,1.0,solid_common_support
3,compound,6.104,-0.104158184532537,-0.3848494274074205,0.1765330583423465,11.549600000000002,6.72,-0.6177505356605795,0.26615382593344,Early Suppression Followed by Attenuation,1.0,solid_common_support
3,compound,6.132000000000001,-0.1042457717920047,-0.3844529464387821,0.1759614028547726,11.549600000000002,6.72,-0.6177505356605795,0.26615382593344,Early Suppression Followed by Attenuation,1.0,solid_common_support
3,compound,6.16,-0.1043324157622099,-0.3840552689418755,0.1753904374174557,11.549600000000002,6.72,-0.6177505356605795,0.26615382593344,Early Suppression Followed by Attenuation,1.0,solid_common_support
3,compound,6.188,-0.1044181613616887,-0.3836566930652143,0.1748203703418367,11.549600000000002,6.72,-0.6177505356605795,0.26615382593344,Early Suppression Followed by Attenuation,1.0,solid_common_support
3,compound,6.216,-0.1045030535089776,-0.383257515659398,0.1742514086414426,11.549600000000002,6.72,-0.6177505356605795,0.26615382593344,Early Suppression Followed by Attenuation,1.0,solid_common_support
3,compound,6.244,-0.1045871371226128,-0.3828580322250586,0.1736837579798328,11.549600000000002,6.72,-0.6177505356605795,0.26615382593344,Early Suppression Followed by Attenuation,1.0,solid_common_support
3,compound,6.272,-0.1046704571211307,-0.3824585368600455,0.173117622617784,11.549600000000002,6.72,-0.6177505356605795,0.26615382593344,Early Suppression Followed by Attenuation,1.0,solid_common_support
3,compound,6.3,-0.1047530584230676,-0.382059322205882,0.1725532053597469,11.549600000000002,6.72,-0.6177505356605795,0.26615382593344,Early Suppression Followed by Attenuation,1.0,solid_common_support
3,compound,6.328,-0.1048349859469597,-0.3816606793935344,0.1719907074996149,11.549600000000002,6.72,-0.6177505356605795,0.26615382593344,Early Suppression Followed by Attenuation,1.0,solid_common_support
3,compound,6.356,-0.1049162846113434,-0.3812628979885339,0.171430328765847,11.549600000000002,6.72,-0.6177505356605795,0.26615382593344,Early Suppression Followed by Attenuation,1.0,solid_common_support
3,compound,6.384,-0.104996999334755,-0.3808662659354973,0.1708722672659871,11.549600000000002,6.72,-0.6177505356605795,0.26615382593344,Early Suppression Followed by Attenuation,1.0,solid_common_support
3,compound,6.412,-0.1050771750357309,-0.3804710695020933,0.1703167194306314,11.549600000000002,6.72,-0.6177505356605795,0.26615382593344,Early Suppression Followed by Attenuation,1.0,solid_common_support
3,compound,6.44,-0.1051568566328073,-0.3800775932225066,0.169763879956892,11.549600000000002,6.72,-0.6177505356605795,0.26615382593344,Early Suppression Followed by Attenuation,1.0,solid_common_support
3,compound,6.468,-0.1052360890445205,-0.3796861198404532,0.169213941751412,11.549600000000002,6.72,-0.6177505356605795,0.26615382593344,Early Suppression Followed by Attenuation,1.0,solid_common_support
3,compound,6.496,-0.105314917189407,-0.3792969302518051,0.168667095872991,11.549600000000002,6.72,-0.6177505356605795,0.26615382593344,Early Suppression Followed by Attenuation,1.0,solid_common_support
3,compound,6.524,-0.1053933859860029,-0.3789103034468862,0.1681235314748804,11.549600000000002,6.72,-0.6177505356605795,0.26615382593344,Early Suppression Followed by Attenuation,1.0,solid_common_support
3,compound,6.5520000000000005,-0.1054715403528446,-0.3785265164525013,0.167583435746812,11.549600000000002,6.72,-0.6177505356605795,0.26615382593344,Early Suppression Followed by Attenuation,1.0,solid_common_support
3,compound,6.58,-0.1055494252084684,-0.3781458442737673,0.1670469938568304,11.549600000000002,6.72,-0.6177505356605795,0.26615382593344,Early Suppression Followed by Attenuation,1.0,solid_common_support
3,compound,6.6080000000000005,-0.1056270854714106,-0.377768559835818,0.1665143888929967,11.549600000000002,6.72,-0.6177505356605795,0.26615382593344,Early Suppression Followed by Attenuation,1.0,solid_common_support
3,compound,6.636,-0.1057045660602076,-0.3773949339254547,0.1659858018050395,11.549600000000002,6.72,-0.6177505356605795,0.26615382593344,Early Suppression Followed by Attenuation,1.0,solid_common_support
3,compound,6.664,-0.1057819118933957,-0.3770252351328203,0.1654614113460289,11.549600000000002,6.72,-0.6177505356605795,0.26615382593344,Early Suppression Followed by Attenuation,1.0,solid_common_support
3,compound,6.692,-0.1058591678895111,-0.3766597297931781,0.1649413940141558,11.549600000000002,6.72,-0.6177505356605795,0.26615382593344,Early Suppression Followed by Attenuation,1.0,solid_common_support
3,compound,6.72,-0.1059363789670901,-0.376298681928879,0.1644259239946986,11.549600000000002,6.72,-0.6177505356605795,0.26615382593344,Early Suppression Followed by Attenuation,1.0,solid_common_support
3,compound,6.914453739583333,-0.1064725406460051,-0.37392244090791,0.1609773596158996,11.549600000000002,6.72,-0.6177505356605795,0.26615382593344,Early Suppression Followed by Attenuation,1.0,dashed_p80_tail
3,compound,7.108907479166667,-0.1070087023249201,-0.3717813038293765,0.1577638991795362,11.549600000000002,6.72,-0.6177505356605795,0.26615382593344,Early Suppression Followed by Attenuation,1.0,dashed_p80_tail
3,compound,7.30336121875,-0.1075448640038351,-0.3698824688850388,0.1547927408773685,11.549600000000002,6.72,-0.6177505356605795,0.26615382593344,Early Suppression Followed by Attenuation,1.0,dashed_p80_tail
3,compound,7.497814958333334,-0.1080810256827501,-0.368232739942352,0.1520706885768518,11.549600000000002,6.72,-0.6177505356605795,0.26615382593344,Early Suppression Followed by Attenuation,1.0,dashed_p80_tail
3,compound,7.692268697916667,-0.108617187361665,-0.3668384432637434,0.1496040685404132,11.549600000000002,6.72,-0.6177505356605795,0.26615382593344,Early Suppression Followed by Attenuation,1.0,dashed_p80_tail
3,compound,7.8867224375,-0.10915334904058,-0.3657053450123866,0.1473986469312264,11.549600000000002,6.72,-0.6177505356605795,0.26615382593344,Early Suppression Followed by Attenuation,1.0,dashed_p80_tail
3,compound,8.081176177083334,-0.109689510719495,-0.3648385717497546,0.1454595503107645,11.549600000000002,6.72,-0.6177505356605795,0.26615382593344,Early Suppression Followed by Attenuation,1.0,dashed_p80_tail
3,compound,8.275629916666666,-0.11022567239841,-0.3642425362522937,0.1437911914554736,11.549600000000002,6.72,-0.6177505356605795,0.26615382593344,Early Suppression Followed by Attenuation,1.0,dashed_p80_tail
3,compound,8.47008365625,-0.1107618340773249,-0.3639208709883859,0.1423972028337359,11.549600000000002,6.72,-0.6177505356605795,0.26615382593344,Early Suppression Followed by Attenuation,1.0,dashed_p80_tail
3,compound,8.664537395833333,-0.1112979957562399,-0.3638763714880977,0.1412803799756177,11.549600000000002,6.72,-0.6177505356605795,0.26615382593344,Early Suppression Followed by Attenuation,1.0,dashed_p80_tail
3,compound,8.858991135416666,-0.1118341574351549,-0.3641109516017711,0.1404426367314611,11.549600000000002,6.72,-0.6177505356605795,0.26615382593344,Early Suppression Followed by Attenuation,1.0,dashed_p80_tail
3,compound,9.053444875,-0.1123703191140699,-0.3646256122848198,0.1398849740566798,11.549600000000002,6.72,-0.6177505356605795,0.26615382593344,Early Suppression Followed by Attenuation,1.0,dashed_p80_tail
3,compound,9.247898614583336,-0.1129064807929849,-0.3654204250819505,0.1396074634959806,11.549600000000002,6.72,-0.6177505356605795,0.26615382593344,Early Suppression Followed by Attenuation,1.0,dashed_p80_tail
3,compound,9.442352354166667,-0.1134426424718998,-0.3664945309416655,0.1396092459978657,11.549600000000002,6.72,-0.6177505356605795,0.26615382593344,Early Suppression Followed by Attenuation,1.0,dashed_p80_tail
3,compound,9.63680609375,-0.1139788041508149,-0.3678461544065987,0.1398885461049688,11.549600000000002,6.72,-0.6177505356605795,0.26615382593344,Early Suppression Followed by Attenuation,1.0,dashed_p80_tail
3,compound,9.831259833333334,-0.1145149658297298,-0.3694726326367996,0.1404427009773399,11.549600000000002,6.72,-0.6177505356605795,0.26615382593344,Early Suppression Followed by Attenuation,1.0,dashed_p80_tail
3,compound,10.025713572916668,-0.1150511275086448,-0.3713704581716892,0.1412682031543995,11.549600000000002,6.72,-0.6177505356605795,0.26615382593344,Early Suppression Followed by Attenuation,1.0,dashed_p80_tail
3,compound,10.2201673125,-0.1155872891875598,-0.3735353338582481,0.1423607554831284,11.549600000000002,6.72,-0.6177505356605795,0.26615382593344,Early Suppression Followed by Attenuation,1.0,dashed_p80_tail
3,compound,10.414621052083334,-0.1161234508664748,-0.3759622379967756,0.143715336263826,11.549600000000002,6.72,-0.6177505356605795,0.26615382593344,Early Suppression Followed by Attenuation,1.0,dashed_p80_tail
3,compound,10.609074791666668,-0.1166596125453897,-0.3786454974997023,0.1453262724089227,11.549600000000002,6.72,-0.6177505356605795,0.26615382593344,Early Suppression Followed by Attenuation,1.0,dashed_p80_tail
3,compound,10.80352853125,-0.1171957742243047,-0.3815788667307599,0.1471873182821504,11.549600000000002,6.72,-0.6177505356605795,0.26615382593344,Early Suppression Followed by Attenuation,1.0,dashed_p80_tail
3,compound,10.997982270833331,-0.1177319359032196,-0.3847556096875744,0.1492917378811351,11.549600000000002,6.72,-0.6177505356605795,0.26615382593344,Early Suppression Followed by Attenuation,1.0,dashed_p80_tail
3,compound,11.192436010416667,-0.1182680975821346,-0.3881685832974152,0.1516323881331458,11.549600000000002,6.72,-0.6177505356605795,0.26615382593344,Early Suppression Followed by Attenuation,1.0,dashed_p80_tail
3,compound,11.386889750000002,-0.1188042592610497,-0.3918103197934658,0.1542018012713663,11.549600000000002,6.72,-0.6177505356605795,0.26615382593344,Early Suppression Followed by Attenuation,1.0,dashed_p80_tail
4,compound,0.0,0.0,0.0,0.0,11.04,6.72,-0.396848999434475,0.27725745831695,Low-Amplitude Persistent Disturbance,1.0,solid_common_support
4,compound,0.028,-0.0005290633571243,-0.002764766657402,0.0017066399431532,11.04,6.72,-0.396848999434475,0.27725745831695,Low-Amplitude Persistent Disturbance,1.0,solid_common_support
4,compound,0.056,-0.0010581131296393,-0.0055292932418599,0.0034130669825811,11.04,6.72,-0.396848999434475,0.27725745831695,Low-Amplitude Persistent Disturbance,1.0,solid_common_support
4,compound,0.084,-0.0015871357329354,-0.0082933396812214,0.0051190682153504,11.04,6.72,-0.396848999434475,0.27725745831695,Low-Amplitude Persistent Disturbance,1.0,solid_common_support
4,compound,0.112,-0.0021161175824033,-0.0110566659049194,0.0068244307401127,11.04,6.72,-0.396848999434475,0.27725745831695,Low-Amplitude Persistent Disturbance,1.0,solid_common_support
4,compound,0.14,-0.0026450450934334,-0.0138190318447652,0.0085289416578983,11.04,6.72,-0.396848999434475,0.27725745831695,Low-Amplitude Persistent Disturbance,1.0,solid_common_support
4,compound,0.168,-0.0031739046814164,-0.0165801974357445,0.0102323880729115,11.04,6.72,-0.396848999434475,0.27725745831695,Low-Amplitude Persistent Disturbance,1.0,solid_common_support
4,compound,0.196,-0.0037026827617429,-0.0193399226168148,0.0119345570933289,11.04,6.72,-0.396848999434475,0.27725745831695,Low-Amplitude Persistent Disturbance,1.0,solid_common_support
4,compound,0.224,-0.0042313657498034,-0.0220979673317062,0.0136352358320993,11.04,6.72,-0.396848999434475,0.27725745831695,Low-Amplitude Persistent Disturbance,1.0,solid_common_support
4,compound,0.252,-0.0047599400609885,-0.0248540915297254,0.0153342114077483,11.04,6.72,-0.396848999434475,0.27725745831695,Low-Amplitude Persistent Disturbance,1.0,solid_common_support
4,compound,0.28,-0.0052883921106887,-0.0276080551665632,0.0170312709451857,11.04,6.72,-0.396848999434475,0.27725745831695,Low-Amplitude Persistent Disturbance,1.0,solid_common_support
4,compound,0.308,-0.0058167083142947,-0.030359618205108,0.0187262015765185,11.04,6.72,-0.396848999434475,0.27725745831695,Low-Amplitude Persistent Disturbance,1.0,solid_common_support
4,compound,0.336,-0.006344875087197,-0.0331085406162624,0.0204187904418682,11.04,6.72,-0.396848999434475,0.27725745831695,Low-Amplitude Persistent Disturbance,1.0,solid_common_support
4,compound,0.364,-0.0068728788447863,-0.0358545823797671,0.0221088246901945,11.04,6.72,-0.396848999434475,0.27725745831695,Low-Amplitude Persistent Disturbance,1.0,solid_common_support
4,compound,0.392,-0.0074007060024529,-0.0385975034850306,0.0237960914801247,11.04,6.72,-0.396848999434475,0.27725745831695,Low-Amplitude Persistent Disturbance,1.0,solid_common_support
4,compound,0.42,-0.0079283429755877,-0.0413370639319659,0.0254803779807904,11.04,6.72,-0.396848999434475,0.27725745831695,Low-Amplitude Persistent Disturbance,1.0,solid_common_support
4,compound,0.448,-0.008455776179581,-0.0440730237318342,0.0271614713726721,11.04,6.72,-0.396848999434475,0.27725745831695,Low-Amplitude Persistent Disturbance,1.0,solid_common_support
4,compound,0.476,-0.0089829920298235,-0.0468051429080981,0.028839158848451,11.04,6.72,-0.396848999434475,0.27725745831695,Low-Amplitude Persistent Disturbance,1.0,solid_common_support
4,compound,0.504,-0.0095099769417058,-0.0495331814972823,0.0305132276138705,11.04,6.72,-0.396848999434475,0.27725745831695,Low-Amplitude Persistent Disturbance,1.0,solid_common_support
4,compound,0.532,-0.0100367173306185,-0.0522568995498441,0.0321834648886071,11.04,6.72,-0.396848999434475,0.27725745831695,Low-Amplitude Persistent Disturbance,1.0,solid_common_support
4,compound,0.56,-0.010563199611952,-0.0549760571310548,0.0338496579071506,11.04,6.72,-0.396848999434475,0.27725745831695,Low-Amplitude Persistent Disturbance,1.0,solid_common_support
4,compound,0.588,-0.0110894102010971,-0.0576904143218907,0.0355115939196964,11.04,6.72,-0.396848999434475,0.27725745831695,Low-Amplitude Persistent Disturbance,1.0,solid_common_support
4,compound,0.616,-0.0116153355134442,-0.0603997312199364,0.0371690601930479,11.04,6.72,-0.396848999434475,0.27725745831695,Low-Amplitude Persistent Disturbance,1.0,solid_common_support
4,compound,0.644,-0.012140961964384,-0.0631037679403002,0.0388218440115322,11.04,6.72,-0.396848999434475,0.27725745831695,Low-Amplitude Persistent Disturbance,1.0,solid_common_support
4,compound,0.672,-0.0126662759693069,-0.0658022846165418,0.0404697326779278,11.04,6.72,-0.396848999434475,0.27725745831695,Low-Amplitude Persistent Disturbance,1.0,solid_common_support
4,compound,0.7000000000000001,-0.0131912639436037,-0.0684950414016144,0.042112513514407,11.04,6.72,-0.396848999434475,0.27725745831695,Low-Amplitude Persistent Disturbance,1.0,solid_common_support
4,compound,0.728,-0.0137159123026648,-0.0711817984688209,0.0437499738634911,11.04,6.72,-0.396848999434475,0.27725745831695,Low-Amplitude Persistent Disturbance,1.0,solid_common_support
4,compound,0.756,-0.0142402074618809,-0.0738623160127845,0.0453819010890227,11.04,6.72,-0.396848999434475,0.27725745831695,Low-Amplitude Persistent Disturbance,1.0,solid_common_support
4,compound,0.784,-0.0147641358366424,-0.0765363542504368,0.0470080825771518,11.04,6.72,-0.396848999434475,0.27725745831695,Low-Amplitude Persistent Disturbance,1.0,solid_common_support
4,compound,0.812,-0.0152876838423401,-0.0792036734220208,0.0486283057373405,11.04,6.72,-0.396848999434475,0.27725745831695,Low-Amplitude Persistent Disturbance,1.0,solid_common_support
4,compound,0.84,-0.0158108378943644,-0.081864033792113,0.050242358003384,11.04,6.72,-0.396848999434475,0.27725745831695,Low-Amplitude Persistent Disturbance,1.0,solid_common_support
4,compound,0.868,-0.016333584408106,-0.0845171956506628,0.0518500268344508,11.04,6.72,-0.396848999434475,0.27725745831695,Low-Amplitude Persistent Disturbance,1.0,solid_common_support
4,compound,0.896,-0.0168559097989553,-0.0871629193140521,0.0534510997161413,11.04,6.72,-0.396848999434475,0.27725745831695,Low-Amplitude Persistent Disturbance,1.0,solid_common_support
4,compound,0.924,-0.0173778004823031,-0.0898009651261739,0.0550453641615677,11.04,6.72,-0.396848999434475,0.27725745831695,Low-Amplitude Persistent Disturbance,1.0,solid_common_support
4,compound,0.952,-0.0178992428735398,-0.0924310934595335,0.0566326077124538,11.04,6.72,-0.396848999434475,0.27725745831695,Low-Amplitude Persistent Disturbance,1.0,solid_common_support
4,compound,0.98,-0.018420223388056,-0.0950530647163704,0.0582126179402582,11.04,6.72,-0.396848999434475,0.27725745831695,Low-Amplitude Persistent Disturbance,1.0,solid_common_support
4,compound,1.008,-0.0189407284412424,-0.097666639329804,0.0597851824473191,11.04,6.72,-0.396848999434475,0.27725745831695,Low-Amplitude Persistent Disturbance,1.0,solid_common_support
4,compound,1.036,-0.0194607444484894,-0.1002715777650033,0.0613500888680243,11.04,6.72,-0.396848999434475,0.27725745831695,Low-Amplitude Persistent Disturbance,1.0,solid_common_support
4,compound,1.064,-0.0199802578251877,-0.1028676405203811,0.0629071248700056,11.04,6.72,-0.396848999434475,0.27725745831695,Low-Amplitude Persistent Disturbance,1.0,solid_common_support
4,compound,1.092,-0.0204992549867279,-0.1054545881288158,0.0644560781553599,11.04,6.72,-0.396848999434475,0.27725745831695,Low-Amplitude Persistent Disturbance,1.0,solid_common_support
4,compound,1.12,-0.0210177223485004,-0.1080321811588983,0.0659967364618975,11.04,6.72,-0.396848999434475,0.27725745831695,Low-Amplitude Persistent Disturbance,1.0,solid_common_support
4,compound,1.148,-0.0215356463258959,-0.11060018021621,0.0675288875644181,11.04,6.72,-0.396848999434475,0.27725745831695,Low-Amplitude Persistent Disturbance,1.0,solid_common_support
4,compound,1.176,-0.022053013334305,-0.1131583459446279,0.0690523192760178,11.04,6.72,-0.396848999434475,0.27725745831695,Low-Amplitude Persistent Disturbance,1.0,solid_common_support
4,compound,1.204,-0.0225698097891182,-0.1157064390276627,0.0705668194494262,11.04,6.72,-0.396848999434475,0.27725745831695,Low-Amplitude Persistent Disturbance,1.0,solid_common_support
4,compound,1.232,-0.0230860221057261,-0.1182442201898275,0.0720721759783753,11.04,6.72,-0.396848999434475,0.27725745831695,Low-Amplitude Persistent Disturbance,1.0,solid_common_support
4,compound,1.26,-0.0236016366995193,-0.1207714501980414,0.0735681767990028,11.04,6.72,-0.396848999434475,0.27725745831695,Low-Amplitude Persistent Disturbance,1.0,solid_common_support
4,compound,1.288,-0.0241166399858883,-0.1232878898630664,0.0750546098912897,11.04,6.72,-0.396848999434475,0.27725745831695,Low-Amplitude Persistent Disturbance,1.0,solid_common_support
4,compound,1.316,-0.0246310183802238,-0.1257933000409823,0.0765312632805347,11.04,6.72,-0.396848999434475,0.27725745831695,Low-Amplitude Persistent Disturbance,1.0,solid_common_support
4,compound,1.344,-0.0251447582979162,-0.128287441634698,0.0779979250388654,11.04,6.72,-0.396848999434475,0.27725745831695,Low-Amplitude Persistent Disturbance,1.0,solid_common_support
4,compound,1.372,-0.0256578461543563,-0.1307700755955031,0.0794543832867904,11.04,6.72,-0.396848999434475,0.27725745831695,Low-Amplitude Persistent Disturbance,1.0,solid_common_support
4,compound,1.4,-0.0261702683649345,-0.1332409629246594,0.0809004261947903,11.04,6.72,-0.396848999434475,0.27725745831695,Low-Amplitude Persistent Disturbance,1.0,solid_common_support
4,compound,1.428,-0.0266820113450414,-0.1356998646750362,0.0823358419849533,11.04,6.72,-0.396848999434475,0.27725745831695,Low-Amplitude Persistent Disturbance,1.0,solid_common_support
4,compound,1.456,-0.0271930615100676,-0.1381465419527889,0.0837604189326536,11.04,6.72,-0.396848999434475,0.27725745831695,Low-Amplitude Persistent Disturbance,1.0,solid_common_support
4,compound,1.484,-0.0277034052754038,-0.1405807559190841,0.0851739453682765,11.04,6.72,-0.396848999434475,0.27725745831695,Low-Amplitude Persistent Disturbance,1.0,solid_common_support
4,compound,1.512,-0.0282130290564403,-0.1430022677918722,0.0865762096789915,11.04,6.72,-0.396848999434475,0.27725745831695,Low-Amplitude Persistent Disturbance,1.0,solid_common_support
4,compound,1.54,-0.0287219192685679,-0.1454108388477108,0.0879670003105749,11.04,6.72,-0.396848999434475,0.27725745831695,Low-Amplitude Persistent Disturbance,1.0,solid_common_support
4,compound,1.568,-0.0292300623271771,-0.1478062304236388,0.0893461057692846,11.04,6.72,-0.396848999434475,0.27725745831695,Low-Amplitude Persistent Disturbance,1.0,solid_common_support
4,compound,1.596,-0.0297374446476584,-0.1501882039191051,0.0907133146237881,11.04,6.72,-0.396848999434475,0.27725745831695,Low-Amplitude Persistent Disturbance,1.0,solid_common_support
4,compound,1.624,-0.0302440526454025,-0.1525565207979533,0.0920684155071482,11.04,6.72,-0.396848999434475,0.27725745831695,Low-Amplitude Persistent Disturbance,1.0,solid_common_support
4,compound,1.652,-0.0307498727357999,-0.1549109425904652,0.0934111971188652,11.04,6.72,-0.396848999434475,0.27725745831695,Low-Amplitude Persistent Disturbance,1.0,solid_common_support
4,compound,1.68,-0.0312548913342412,-0.1572512308954635,0.0947414482269809,11.04,6.72,-0.396848999434475,0.27725745831695,Low-Amplitude Persistent Disturbance,1.0,solid_common_support
4,compound,1.708,-0.031759094856117,-0.1595771473824802,0.096058957670246,11.04,6.72,-0.396848999434475,0.27725745831695,Low-Amplitude Persistent Disturbance,1.0,solid_common_support
4,compound,1.736,-0.0322624697168179,-0.161888453793988,0.0973635143603522,11.04,6.72,-0.396848999434475,0.27725745831695,Low-Amplitude Persistent Disturbance,1.0,solid_common_support
4,compound,1.764,-0.0327650023317343,-0.1641849119477028,0.0986549072842341,11.04,6.72,-0.396848999434475,0.27725745831695,Low-Amplitude Persistent Disturbance,1.0,solid_common_support
4,compound,1.792,-0.033266679116257,-0.1664662837389551,0.099932925506441,11.04,6.72,-0.396848999434475,0.27725745831695,Low-Amplitude Persistent Disturbance,1.0,solid_common_support
4,compound,1.82,-0.0337674864857764,-0.1687323311431366,0.1011973581715837,11.04,6.72,-0.396848999434475,0.27725745831695,Low-Amplitude Persistent Disturbance,1.0,solid_common_support
4,compound,1.848,-0.0342674108556832,-0.1709828162182246,0.1024479945068581,11.04,6.72,-0.396848999434475,0.27725745831695,Low-Amplitude Persistent Disturbance,1.0,solid_common_support
4,compound,1.876,-0.0347664386413679,-0.173217501107385,0.1036846238246491,11.04,6.72,-0.396848999434475,0.27725745831695,Low-Amplitude Persistent Disturbance,1.0,solid_common_support
4,compound,1.904,-0.0352645562582211,-0.1754361480416605,0.1049070355252183,11.04,6.72,-0.396848999434475,0.27725745831695,Low-Amplitude Persistent Disturbance,1.0,solid_common_support
4,compound,1.932,-0.0357617501216333,-0.177638519342745,0.1061150190994783,11.04,6.72,-0.396848999434475,0.27725745831695,Low-Amplitude Persistent Disturbance,1.0,solid_common_support
4,compound,1.96,-0.0362580066469952,-0.1798243774258489,0.1073083641318584,11.04,6.72,-0.396848999434475,0.27725745831695,Low-Amplitude Persistent Disturbance,1.0,solid_common_support
4,compound,1.988,-0.0367533122496973,-0.1819934848026589,0.1084868603032642,11.04,6.72,-0.396848999434475,0.27725745831695,Low-Amplitude Persistent Disturbance,1.0,solid_common_support
4,compound,2.016,-0.0372476533451302,-0.184145604084396,0.1096502973941355,11.04,6.72,-0.396848999434475,0.27725745831695,Low-Amplitude Persistent Disturbance,1.0,solid_common_support
4,compound,2.044,-0.0377410163486845,-0.1862804979849765,0.1107984652876074,11.04,6.72,-0.396848999434475,0.27725745831695,Low-Amplitude Persistent Disturbance,1.0,solid_common_support
4,compound,2.072,-0.0382333876757507,-0.1883979293242789,0.1119311539727774,11.04,6.72,-0.396848999434475,0.27725745831695,Low-Amplitude Persistent Disturbance,1.0,solid_common_support
4,compound,2.1,-0.0387247537417194,-0.1904976610315232,0.1130481535480842,11.04,6.72,-0.396848999434475,0.27725745831695,Low-Amplitude Persistent Disturbance,1.0,solid_common_support
4,compound,2.128,-0.0392151009619812,-0.1925794561487651,0.1141492542248025,11.04,6.72,-0.396848999434475,0.27725745831695,Low-Amplitude Persistent Disturbance,1.0,solid_common_support
4,compound,2.156,-0.0397044157519267,-0.1946430778345128,0.1152342463306592,11.04,6.72,-0.396848999434475,0.27725745831695,Low-Amplitude Persistent Disturbance,1.0,solid_common_support
4,compound,2.184,-0.0401926845269464,-0.1966882893674679,0.1163029203135749,11.04,6.72,-0.396848999434475,0.27725745831695,Low-Amplitude Persistent Disturbance,1.0,solid_common_support
4,compound,2.212,-0.040679893702431,-0.1987148541503998,0.1173550667455377,11.04,6.72,-0.396848999434475,0.27725745831695,Low-Amplitude Persistent Disturbance,1.0,solid_common_support
4,compound,2.24,-0.0411660296937709,-0.200722535714156,0.118390476326614,11.04,6.72,-0.396848999434475,0.27725745831695,Low-Amplitude Persistent Disturbance,1.0,solid_common_support
4,compound,2.268,-0.0416510789163568,-0.2027110977218166,0.119408939889103,11.04,6.72,-0.396848999434475,0.27725745831695,Low-Amplitude Persistent Disturbance,1.0,solid_common_support
4,compound,2.2960000000000003,-0.0421350277855792,-0.2046803039729982,0.1204102484018397,11.04,6.72,-0.396848999434475,0.27725745831695,Low-Amplitude Persistent Disturbance,1.0,solid_common_support
4,compound,2.324,-0.0426178627168287,-0.2066299184083128,0.1213941929746553,11.04,6.72,-0.396848999434475,0.27725745831695,Low-Amplitude Persistent Disturbance,1.0,solid_common_support
4,compound,2.352,-0.0430995701254959,-0.2085597051139912,0.1223605648629992,11.04,6.72,-0.396848999434475,0.27725745831695,Low-Amplitude Persistent Disturbance,1.0,solid_common_support
4,compound,2.38,-0.0435801364269714,-0.2104694283266752,0.1233091554727323,11.04,6.72,-0.396848999434475,0.27725745831695,Low-Amplitude Persistent Disturbance,1.0,solid_common_support
4,compound,2.408,-0.0440595480366457,-0.2123588524383887,0.1242397563650972,11.04,6.72,-0.396848999434475,0.27725745831695,Low-Amplitude Persistent Disturbance,1.0,solid_common_support
4,compound,2.436,-0.0445377913699094,-0.2142277420016934,0.1251521592618744,11.04,6.72,-0.396848999434475,0.27725745831695,Low-Amplitude Persistent Disturbance,1.0,solid_common_support
4,compound,2.464,-0.0450148528421531,-0.2160758617350396,0.1260461560507332,11.04,6.72,-0.396848999434475,0.27725745831695,Low-Amplitude Persistent Disturbance,1.0,solid_common_support
4,compound,2.492,-0.0454907188687674,-0.2179029765283191,0.1269215387907842,11.04,6.72,-0.396848999434475,0.27725745831695,Low-Amplitude Persistent Disturbance,1.0,solid_common_support
4,compound,2.52,-0.0459653758651428,-0.2197088514486306,0.1277780997183448,11.04,6.72,-0.396848999434475,0.27725745831695,Low-Amplitude Persistent Disturbance,1.0,solid_common_support
4,compound,2.548,-0.0464388102466699,-0.2214932517462665,0.1286156312529266,11.04,6.72,-0.396848999434475,0.27725745831695,Low-Amplitude Persistent Disturbance,1.0,solid_common_support
4,compound,2.576,-0.0469110084287393,-0.2232559428609329,0.1294339260034542,11.04,6.72,-0.396848999434475,0.27725745831695,Low-Amplitude Persistent Disturbance,1.0,solid_common_support
4,compound,2.604,-0.0473819568267416,-0.2249966904282108,0.1302327767747275,11.04,6.72,-0.396848999434475,0.27725745831695,Low-Amplitude Persistent Disturbance,1.0,solid_common_support
4,compound,2.632,-0.0478516418560673,-0.2267152602862723,0.1310119765741377,11.04,6.72,-0.396848999434475,0.27725745831695,Low-Amplitude Persistent Disturbance,1.0,solid_common_support
4,compound,2.66,-0.0483200501436224,-0.2284114222065517,0.1317713219193069,11.04,6.72,-0.396848999434475,0.27725745831695,Low-Amplitude Persistent Disturbance,1.0,solid_common_support
4,compound,2.688,-0.0487871773770142,-0.2300851056710298,0.1325107509170013,11.04,6.72,-0.396848999434475,0.27725745831695,Low-Amplitude Persistent Disturbance,1.0,solid_common_support
4,compound,2.716,-0.0492530315231816,-0.2317364564460931,0.1332303933997298,11.04,6.72,-0.396848999434475,0.27725745831695,Low-Amplitude Persistent Disturbance,1.0,solid_common_support
4,compound,2.744,-0.049717621423008,-0.2333656357435038,0.1339303928974877,11.04,6.72,-0.396848999434475,0.27725745831695,Low-Amplitude Persistent Disturbance,1.0,solid_common_support
4,compound,2.772,-0.0501809559173771,-0.234972804832143,0.1346108929973888,11.04,6.72,-0.396848999434475,0.27725745831695,Low-Amplitude Persistent Disturbance,1.0,solid_common_support
4,compound,2.8000000000000003,-0.0506430438471721,-0.2365581250370325,0.1352720373426882,11.04,6.72,-0.396848999434475,0.27725745831695,Low-Amplitude Persistent Disturbance,1.0,solid_common_support
4,compound,2.828,-0.0511038940532767,-0.2381217577384297,0.1359139696318761,11.04,6.72,-0.396848999434475,0.27725745831695,Low-Amplitude Persistent Disturbance,1.0,solid_common_support
4,compound,2.856,-0.0515635153765744,-0.2396638643709891,0.1365368336178402,11.04,6.72,-0.396848999434475,0.27725745831695,Low-Amplitude Persistent Disturbance,1.0,solid_common_support
4,compound,2.884,-0.0520219166579487,-0.2411846064229824,0.1371407731070849,11.04,6.72,-0.396848999434475,0.27725745831695,Low-Amplitude Persistent Disturbance,1.0,solid_common_support
4,compound,2.912,-0.052479106738283,-0.2426841454355726,0.1377259319590065,11.04,6.72,-0.396848999434475,0.27725745831695,Low-Amplitude Persistent Disturbance,1.0,solid_common_support
4,compound,2.94,-0.0529350944584609,-0.2441626430021384,0.1382924540852166,11.04,6.72,-0.396848999434475,0.27725745831695,Low-Amplitude Persistent Disturbance,1.0,solid_common_support
4,compound,2.968,-0.0533898886593658,-0.2456202607676403,0.1388404834489086,11.04,6.72,-0.396848999434475,0.27725745831695,Low-Amplitude Persistent Disturbance,1.0,solid_common_support
4,compound,2.996,-0.0538434981818814,-0.2470571604280278,0.1393701640642649,11.04,6.72,-0.396848999434475,0.27725745831695,Low-Amplitude Persistent Disturbance,1.0,solid_common_support
4,compound,3.024,-0.054295931866891,-0.248473503729681,0.1398816399958988,11.04,6.72,-0.396848999434475,0.27725745831695,Low-Amplitude Persistent Disturbance,1.0,solid_common_support
4,compound,3.052,-0.0547471985552782,-0.2498694524688847,0.1403750553583281,11.04,6.72,-0.396848999434475,0.27725745831695,Low-Amplitude Persistent Disturbance,1.0,solid_common_support
4,compound,3.08,-0.0551973070879265,-0.2512451684913288,0.1408505543154757,11.04,6.72,-0.396848999434475,0.27725745831695,Low-Amplitude Persistent Disturbance,1.0,solid_common_support
4,compound,3.108,-0.0556462663057194,-0.2526008136916353,0.1413082810801964,11.04,6.72,-0.396848999434475,0.27725745831695,Low-Amplitude Persistent Disturbance,1.0,solid_common_support
4,compound,3.136,-0.0560940850495404,-0.2539365500129048,0.1417483799138238,11.04,6.72,-0.396848999434475,0.27725745831695,Low-Amplitude Persistent Disturbance,1.0,solid_common_support
4,compound,3.164,-0.056540772160273,-0.2552525394462829,0.1421709951257368,11.04,6.72,-0.396848999434475,0.27725745831695,Low-Amplitude Persistent Disturbance,1.0,solid_common_support
4,compound,3.192,-0.0569863364788007,-0.2565489440305415,0.1425762710729401,11.04,6.72,-0.396848999434475,0.27725745831695,Low-Amplitude Persistent Disturbance,1.0,solid_common_support
4,compound,3.22,-0.057430786846007,-0.2578259258516747,0.1429643521596606,11.04,6.72,-0.396848999434475,0.27725745831695,Low-Amplitude Persistent Disturbance,1.0,solid_common_support
4,compound,3.248,-0.0578741321027754,-0.2590836470425028,0.143335382836952,11.04,6.72,-0.396848999434475,0.27725745831695,Low-Amplitude Persistent Disturbance,1.0,solid_common_support
4,compound,3.276,-0.0583163810899894,-0.2603222697822884,0.1436895076023096,11.04,6.72,-0.396848999434475,0.27725745831695,Low-Amplitude Persistent Disturbance,1.0,solid_common_support
4,compound,3.3040000000000003,-0.0587575426485325,-0.261541956296355,0.1440268709992899,11.04,6.72,-0.396848999434475,0.27725745831695,Low-Amplitude Persistent Disturbance,1.0,solid_common_support
4,compound,3.332,-0.0591976256192882,-0.2627428688557126,0.144347617617136,11.04,6.72,-0.396848999434475,0.27725745831695,Low-Amplitude Persistent Disturbance,1.0,solid_common_support
4,compound,3.36,-0.0596366388431401,-0.2639251697766835,0.1446518920904032,11.04,6.72,-0.396848999434475,0.27725745831695,Low-Amplitude Persistent Disturbance,1.0,solid_common_support
4,compound,3.388,-0.0600745911609716,-0.26508902142053,0.1449398390985868,11.04,6.72,-0.396848999434475,0.27725745831695,Low-Amplitude Persistent Disturbance,1.0,solid_common_support
4,compound,3.416,-0.0605114914136662,-0.2662345861930785,0.1452116033657461,11.04,6.72,-0.396848999434475,0.27725745831695,Low-Amplitude Persistent Disturbance,1.0,solid_common_support
4,compound,3.444,-0.0609473484421074,-0.267362026544342,0.1454673296601271,11.04,6.72,-0.396848999434475,0.27725745831695,Low-Amplitude Persistent Disturbance,1.0,solid_common_support
4,compound,3.472,-0.0613821710871788,-0.2684715049681358,0.1457071627937782,11.04,6.72,-0.396848999434475,0.27725745831695,Low-Amplitude Persistent Disturbance,1.0,solid_common_support
4,compound,3.5,-0.0618159681897638,-0.2695631840016881,0.1459312476221605,11.04,6.72,-0.396848999434475,0.27725745831695,Low-Amplitude Persistent Disturbance,1.0,solid_common_support
4,compound,3.528,-0.0622487485907459,-0.2706372262252402,0.1461397290437483,11.04,6.72,-0.396848999434475,0.27725745831695,Low-Amplitude Persistent Disturbance,1.0,solid_common_support
4,compound,3.556,-0.0626805211310087,-0.2716937942616378,0.1463327519996204,11.04,6.72,-0.396848999434475,0.27725745831695,Low-Amplitude Persistent Disturbance,1.0,solid_common_support
4,compound,3.584,-0.0631112946514356,-0.2727330507759107,0.1465104614730394,11.04,6.72,-0.396848999434475,0.27725745831695,Low-Amplitude Persistent Disturbance,1.0,solid_common_support
4,compound,3.612,-0.0635410779929102,-0.2737551584748386,0.1466730024890182,11.04,6.72,-0.396848999434475,0.27725745831695,Low-Amplitude Persistent Disturbance,1.0,solid_common_support
4,compound,3.64,-0.0639698799963159,-0.2747602801065026,0.1468205201138708,11.04,6.72,-0.396848999434475,0.27725745831695,Low-Amplitude Persistent Disturbance,1.0,solid_common_support
4,compound,3.668,-0.0643977095025363,-0.275748578459821,0.1469531594547483,11.04,6.72,-0.396848999434475,0.27725745831695,Low-Amplitude Persistent Disturbance,1.0,solid_common_support
4,compound,3.696,-0.0648245753524548,-0.2767202163640658,0.147071065659156,11.04,6.72,-0.396848999434475,0.27725745831695,Low-Amplitude Persistent Disturbance,1.0,solid_common_support
4,compound,3.724,-0.065250486386955,-0.2776753566883628,0.1471743839144526,11.04,6.72,-0.396848999434475,0.27725745831695,Low-Amplitude Persistent Disturbance,1.0,solid_common_support
4,compound,3.752,-0.0656754514469204,-0.2786141623411685,0.1472632594473276,11.04,6.72,-0.396848999434475,0.27725745831695,Low-Amplitude Persistent Disturbance,1.0,solid_common_support
4,compound,3.78,-0.0660994793732344,-0.2795367962697266,0.1473378375232577,11.04,6.72,-0.396848999434475,0.27725745831695,Low-Amplitude Persistent Disturbance,1.0,solid_common_support
4,compound,3.808,-0.0665225790067806,-0.2804434214595005,0.1473982634459391,11.04,6.72,-0.396848999434475,0.27725745831695,Low-Amplitude Persistent Disturbance,1.0,solid_common_support
4,compound,3.836,-0.0669447591884425,-0.281334200933581,0.1474446825566959,11.04,6.72,-0.396848999434475,0.27725745831695,Low-Amplitude Persistent Disturbance,1.0,solid_common_support
4,compound,3.864,-0.0673660287591035,-0.2822092977520679,0.1474772402338608,11.04,6.72,-0.396848999434475,0.27725745831695,Low-Amplitude Persistent Disturbance,1.0,solid_common_support
4,compound,3.892,-0.0677863965596473,-0.2830688750114243,0.1474960818921297,11.04,6.72,-0.396848999434475,0.27725745831695,Low-Amplitude Persistent Disturbance,1.0,solid_common_support
4,compound,3.92,-0.0682058714309572,-0.2839130958438003,0.147501352981886,11.04,6.72,-0.396848999434475,0.27725745831695,Low-Amplitude Persistent Disturbance,1.0,solid_common_support
4,compound,3.948,-0.0686244622139168,-0.2847421234163285,0.1474931989884949,11.04,6.72,-0.396848999434475,0.27725745831695,Low-Amplitude Persistent Disturbance,1.0,solid_common_support
4,compound,3.976,-0.0690421777494096,-0.2855561209303849,0.1474717654315657,11.04,6.72,-0.396848999434475,0.27725745831695,Low-Amplitude Persistent Disturbance,1.0,solid_common_support
4,compound,4.004,-0.069459026878319,-0.2863552516208182,0.14743719786418,11.04,6.72,-0.396848999434475,0.27725745831695,Low-Amplitude Persistent Disturbance,1.0,solid_common_support
4,compound,4.032,-0.0698750184415287,-0.2871396787551438,0.1473896418720863,11.04,6.72,-0.396848999434475,0.27725745831695,Low-Amplitude Persistent Disturbance,1.0,solid_common_support
4,compound,4.0600000000000005,-0.0702901612799221,-0.2879095656327014,0.1473292430728571,11.04,6.72,-0.396848999434475,0.27725745831695,Low-Amplitude Persistent Disturbance,1.0,solid_common_support
4,compound,4.088,-0.0707044642343826,-0.2886650755837735,0.1472561471150081,11.04,6.72,-0.396848999434475,0.27725745831695,Low-Amplitude Persistent Disturbance,1.0,solid_common_support
4,compound,4.116,-0.0711179361457939,-0.2894063719686669,0.147170499677079,11.04,6.72,-0.396848999434475,0.27725745831695,Low-Amplitude Persistent Disturbance,1.0,solid_common_support
4,compound,4.144,-0.0715305858550394,-0.2901336181767511,0.1470724464666722,11.04,6.72,-0.396848999434475,0.27725745831695,Low-Amplitude Persistent Disturbance,1.0,solid_common_support
4,compound,4.172,-0.0719424222030026,-0.2908469776254561,0.1469621332194508,11.04,6.72,-0.396848999434475,0.27725745831695,Low-Amplitude Persistent Disturbance,1.0,solid_common_support
4,compound,4.2,-0.072353454030567,-0.2915466137592246,0.1468397056980904,11.04,6.72,-0.396848999434475,0.27725745831695,Low-Amplitude Persistent Disturbance,1.0,solid_common_support
4,compound,4.228,-0.0727636901786161,-0.29223269004842,0.1467053096911877,11.04,6.72,-0.396848999434475,0.27725745831695,Low-Amplitude Persistent Disturbance,1.0,solid_common_support
4,compound,4.256,-0.0731731394880335,-0.2929053699881869,0.1465590910121199,11.04,6.72,-0.396848999434475,0.27725745831695,Low-Amplitude Persistent Disturbance,1.0,solid_common_support
4,compound,4.284,-0.0735818107997025,-0.293564817097263,0.1464011954978579,11.04,6.72,-0.396848999434475,0.27725745831695,Low-Amplitude Persistent Disturbance,1.0,solid_common_support
4,compound,4.312,-0.0739897129545068,-0.2942111949167403,0.1462317690077265,11.04,6.72,-0.396848999434475,0.27725745831695,Low-Amplitude Persistent Disturbance,1.0,solid_common_support
4,compound,4.34,-0.0743968547933299,-0.2948446670087751,0.1460509574221153,11.04,6.72,-0.396848999434475,0.27725745831695,Low-Amplitude Persistent Disturbance,1.0,solid_common_support
4,compound,4.368,-0.0748032451570551,-0.2954653969552442,0.1458589066411339,11.04,6.72,-0.396848999434475,0.27725745831695,Low-Amplitude Persistent Disturbance,1.0,solid_common_support
4,compound,4.396,-0.0752088928865661,-0.2960735483563461,0.1456557625832138,11.04,6.72,-0.396848999434475,0.27725745831695,Low-Amplitude Persistent Disturbance,1.0,solid_common_support
4,compound,4.424,-0.0756138068227463,-0.2966692848291447,0.1454416711836519,11.04,6.72,-0.396848999434475,0.27725745831695,Low-Amplitude Persistent Disturbance,1.0,solid_common_support
4,compound,4.452,-0.0760179958064793,-0.2972527700060554,0.1452167783930967,11.04,6.72,-0.396848999434475,0.27725745831695,Low-Amplitude Persistent Disturbance,1.0,solid_common_support
4,compound,4.48,-0.0764214686786485,-0.2978241675332705,0.1449812301759733,11.04,6.72,-0.396848999434475,0.27725745831695,Low-Amplitude Persistent Disturbance,1.0,solid_common_support
4,compound,4.508,-0.0768242342801375,-0.2983836410691227,0.1447351725088476,11.04,6.72,-0.396848999434475,0.27725745831695,Low-Amplitude Persistent Disturbance,1.0,solid_common_support
4,compound,4.5360000000000005,-0.0772263014518297,-0.2989313542823842,0.1444787513787246,11.04,6.72,-0.396848999434475,0.27725745831695,Low-Amplitude Persistent Disturbance,1.0,solid_common_support
4,compound,4.564,-0.0776276790346087,-0.299467470850502,0.1442121127812844,11.04,6.72,-0.396848999434475,0.27725745831695,Low-Amplitude Persistent Disturbance,1.0,solid_common_support
4,compound,4.5920000000000005,-0.0780283758693579,-0.2999921544577643,0.1439354027190483,11.04,6.72,-0.396848999434475,0.27725745831695,Low-Amplitude Persistent Disturbance,1.0,solid_common_support
4,compound,4.62,-0.0784284007969609,-0.3005055687933986,0.1436487671994767,11.04,6.72,-0.396848999434475,0.27725745831695,Low-Amplitude Persistent Disturbance,1.0,solid_common_support
4,compound,4.648,-0.0788277626583012,-0.3010078775495993,0.1433523522329969,11.04,6.72,-0.396848999434475,0.27725745831695,Low-Amplitude Persistent Disturbance,1.0,solid_common_support
4,compound,4.676,-0.0792264702942622,-0.301499244419482,0.1430463038309576,11.04,6.72,-0.396848999434475,0.27725745831695,Low-Amplitude Persistent Disturbance,1.0,solid_common_support
4,compound,4.704,-0.0796245325457275,-0.3019798330949639,0.1427307680035088,11.04,6.72,-0.396848999434475,0.27725745831695,Low-Amplitude Persistent Disturbance,1.0,solid_common_support
4,compound,4.732,-0.0800219582535806,-0.3024498072645672,0.1424058907574059,11.04,6.72,-0.396848999434475,0.27725745831695,Low-Amplitude Persistent Disturbance,1.0,solid_common_support
4,compound,4.76,-0.0804187562587049,-0.3029093306111455,0.1420718180937356,11.04,6.72,-0.396848999434475,0.27725745831695,Low-Amplitude Persistent Disturbance,1.0,solid_common_support
4,compound,4.788,-0.0808149354019841,-0.3033585668095295,0.1417286960055613,11.04,6.72,-0.396848999434475,0.27725745831695,Low-Amplitude Persistent Disturbance,1.0,solid_common_support
4,compound,4.816,-0.0812105045243015,-0.3037976795240911,0.141376670475488,11.04,6.72,-0.396848999434475,0.27725745831695,Low-Amplitude Persistent Disturbance,1.0,solid_common_support
4,compound,4.844,-0.0816054724665406,-0.3042268324062231,0.1410158874731418,11.04,6.72,-0.396848999434475,0.27725745831695,Low-Amplitude Persistent Disturbance,1.0,solid_common_support
4,compound,4.872,-0.0819998480695851,-0.3046461890917358,0.1406464929525654,11.04,6.72,-0.396848999434475,0.27725745831695,Low-Amplitude Persistent Disturbance,1.0,solid_common_support
4,compound,4.9,-0.0823936401743184,-0.3050559131981621,0.1402686328495252,11.04,6.72,-0.396848999434475,0.27725745831695,Low-Amplitude Persistent Disturbance,1.0,solid_common_support
4,compound,4.928,-0.082786857621624,-0.3054561683219782,0.1398824530787302,11.04,6.72,-0.396848999434475,0.27725745831695,Low-Amplitude Persistent Disturbance,1.0,solid_common_support
4,compound,4.956,-0.0831795092523854,-0.3058471180357296,0.1394880995309587,11.04,6.72,-0.396848999434475,0.27725745831695,Low-Amplitude Persistent Disturbance,1.0,solid_common_support
4,compound,4.984,-0.083571603907486,-0.3062289258850652,0.139085718070093,11.04,6.72,-0.396848999434475,0.27725745831695,Low-Amplitude Persistent Disturbance,1.0,solid_common_support
4,compound,5.0120000000000005,-0.0839631504278095,-0.3066017553856783,0.1386754545300592,11.04,6.72,-0.396848999434475,0.27725745831695,Low-Amplitude Persistent Disturbance,1.0,solid_common_support
4,compound,5.04,-0.0843541576542393,-0.3069657700201486,0.1382574547116699,11.04,6.72,-0.396848999434475,0.27725745831695,Low-Amplitude Persistent Disturbance,1.0,solid_common_support
4,compound,5.0680000000000005,-0.0847446344276589,-0.3073211332346872,0.1378318643793693,11.04,6.72,-0.396848999434475,0.27725745831695,Low-Amplitude Persistent Disturbance,1.0,solid_common_support
4,compound,5.096,-0.0851345895889518,-0.3076680084357817,0.137398829257878,11.04,6.72,-0.396848999434475,0.27725745831695,Low-Amplitude Persistent Disturbance,1.0,solid_common_support
4,compound,5.124,-0.0855240319790015,-0.3080065589867389,0.1369584950287358,11.04,6.72,-0.396848999434475,0.27725745831695,Low-Amplitude Persistent Disturbance,1.0,solid_common_support
4,compound,5.152,-0.0859129704386916,-0.3083369482041239,0.1365110073267406,11.04,6.72,-0.396848999434475,0.27725745831695,Low-Amplitude Persistent Disturbance,1.0,solid_common_support
4,compound,5.18,-0.0863014138089055,-0.308659339354094,0.136056511736283,11.04,6.72,-0.396848999434475,0.27725745831695,Low-Amplitude Persistent Disturbance,1.0,solid_common_support
4,compound,5.208,-0.0866893709305267,-0.3089738956486261,0.1355951537875726,11.04,6.72,-0.396848999434475,0.27725745831695,Low-Amplitude Persistent Disturbance,1.0,solid_common_support
4,compound,5.236,-0.0870768506444387,-0.3092807802416348,0.1351270789527573,11.04,6.72,-0.396848999434475,0.27725745831695,Low-Amplitude Persistent Disturbance,1.0,solid_common_support
4,compound,5.264,-0.0874638617915251,-0.3095801562249808,0.1346524326419305,11.04,6.72,-0.396848999434475,0.27725745831695,Low-Amplitude Persistent Disturbance,1.0,solid_common_support
4,compound,5.292,-0.0878504132126693,-0.3098721866243675,0.1341713601990289,11.04,6.72,-0.396848999434475,0.27725745831695,Low-Amplitude Persistent Disturbance,1.0,solid_common_support
4,compound,5.32,-0.0882365137487548,-0.3101570343951245,0.1336840068976147,11.04,6.72,-0.396848999434475,0.27725745831695,Low-Amplitude Persistent Disturbance,1.0,solid_common_support
4,compound,5.348,-0.0886221722406652,-0.3104348624178756,0.1331905179365451,11.04,6.72,-0.396848999434475,0.27725745831695,Low-Amplitude Persistent Disturbance,1.0,solid_common_support
4,compound,5.376,-0.089007397529284,-0.3107058334940928,0.1326910384355249,11.04,6.72,-0.396848999434475,0.27725745831695,Low-Amplitude Persistent Disturbance,1.0,solid_common_support
4,compound,5.404,-0.0893921984554945,-0.3109701103415309,0.1321857134305417,11.04,6.72,-0.396848999434475,0.27725745831695,Low-Amplitude Persistent Disturbance,1.0,solid_common_support
4,compound,5.432,-0.0897765838601805,-0.3112278555895443,0.1316746878691833,11.04,6.72,-0.396848999434475,0.27725745831695,Low-Amplitude Persistent Disturbance,1.0,solid_common_support
4,compound,5.46,-0.0901605625842252,-0.3114792317742852,0.1311581066058346,11.04,6.72,-0.396848999434475,0.27725745831695,Low-Amplitude Persistent Disturbance,1.0,solid_common_support
4,compound,5.488,-0.0905441434685124,-0.3117244013337793,0.1306361143967543,11.04,6.72,-0.396848999434475,0.27725745831695,Low-Amplitude Persistent Disturbance,1.0,solid_common_support
4,compound,5.516,-0.0909273353539254,-0.3119635266028804,0.1301088558950295,11.04,6.72,-0.396848999434475,0.27725745831695,Low-Amplitude Persistent Disturbance,1.0,solid_common_support
4,compound,5.5440000000000005,-0.0913101470813478,-0.3121967698081039,0.1295764756454082,11.04,6.72,-0.396848999434475,0.27725745831695,Low-Amplitude Persistent Disturbance,1.0,solid_common_support
4,compound,5.572,-0.091692587491663,-0.3124242930623339,0.1290391180790077,11.04,6.72,-0.396848999434475,0.27725745831695,Low-Amplitude Persistent Disturbance,1.0,solid_common_support
4,compound,5.6000000000000005,-0.0920746654257546,-0.3126462583594089,0.1284969275078996,11.04,6.72,-0.396848999434475,0.27725745831695,Low-Amplitude Persistent Disturbance,1.0,solid_common_support
4,compound,5.628,-0.0924563897245061,-0.312862827568582,0.1279500481195697,11.04,6.72,-0.396848999434475,0.27725745831695,Low-Amplitude Persistent Disturbance,1.0,solid_common_support
4,compound,5.656,-0.092837769228801,-0.3130741624288553,0.1273986239712533,11.04,6.72,-0.396848999434475,0.27725745831695,Low-Amplitude Persistent Disturbance,1.0,solid_common_support
4,compound,5.684,-0.0932188127795227,-0.3132804245431901,0.1268427989841446,11.04,6.72,-0.396848999434475,0.27725745831695,Low-Amplitude Persistent Disturbance,1.0,solid_common_support
4,compound,5.712,-0.0935995292175549,-0.3134817753725909,0.1262827169374811,11.04,6.72,-0.396848999434475,0.27725745831695,Low-Amplitude Persistent Disturbance,1.0,solid_common_support
4,compound,5.74,-0.0939799273837809,-0.3136783762300638,0.125718521462502,11.04,6.72,-0.396848999434475,0.27725745831695,Low-Amplitude Persistent Disturbance,1.0,solid_common_support
4,compound,5.768,-0.0943600161190843,-0.3138703882744503,0.1251503560362817,11.04,6.72,-0.396848999434475,0.27725745831695,Low-Amplitude Persistent Disturbance,1.0,solid_common_support
4,compound,5.796,-0.0947398042643486,-0.3140579725041348,0.1245783639754376,11.04,6.72,-0.396848999434475,0.27725745831695,Low-Amplitude Persistent Disturbance,1.0,solid_common_support
4,compound,5.824,-0.0951193006604573,-0.3142412897506286,0.1240026884297139,11.04,6.72,-0.396848999434475,0.27725745831695,Low-Amplitude Persistent Disturbance,1.0,solid_common_support
4,compound,5.852,-0.0954985141482939,-0.3144205006720289,0.123423472375441,11.04,6.72,-0.396848999434475,0.27725745831695,Low-Amplitude Persistent Disturbance,1.0,solid_common_support
4,compound,5.88,-0.0958774535687419,-0.3145957657463556,0.1228408586088717,11.04,6.72,-0.396848999434475,0.27725745831695,Low-Amplitude Persistent Disturbance,1.0,solid_common_support
4,compound,5.908,-0.0962561277626848,-0.3147672452647652,0.1222549897393956,11.04,6.72,-0.396848999434475,0.27725745831695,Low-Amplitude Persistent Disturbance,1.0,solid_common_support
4,compound,5.936,-0.0966345455710061,-0.3149350993246445,0.1216660081826322,11.04,6.72,-0.396848999434475,0.27725745831695,Low-Amplitude Persistent Disturbance,1.0,solid_common_support
4,compound,5.964,-0.0970127158345893,-0.3150994878225836,0.1210740561534049,11.04,6.72,-0.396848999434475,0.27725745831695,Low-Amplitude Persistent Disturbance,1.0,solid_common_support
4,compound,5.992,-0.0973906473943179,-0.3152605704472331,0.1204792756585971,11.04,6.72,-0.396848999434475,0.27725745831695,Low-Amplitude Persistent Disturbance,1.0,solid_common_support
4,compound,6.0200000000000005,-0.0977683490910755,-0.3154185066720437,0.1198818084898925,11.04,6.72,-0.396848999434475,0.27725745831695,Low-Amplitude Persistent Disturbance,1.0,solid_common_support
4,compound,6.048,-0.0981458297657455,-0.3155734557478921,0.1192817962164011,11.04,6.72,-0.396848999434475,0.27725745831695,Low-Amplitude Persistent Disturbance,1.0,solid_common_support
4,compound,6.0760000000000005,-0.0985230982592114,-0.3157255766955973,0.1186793801771745,11.04,6.72,-0.396848999434475,0.27725745831695,Low-Amplitude Persistent Disturbance,1.0,solid_common_support
4,compound,6.104,-0.0989001634123567,-0.315875028298326,0.1180747014736125,11.04,6.72,-0.396848999434475,0.27725745831695,Low-Amplitude Persistent Disturbance,1.0,solid_common_support
4,compound,6.132000000000001,-0.099277034066065,-0.3160219690938931,0.1174679009617631,11.04,6.72,-0.396848999434475,0.27725745831695,Low-Amplitude Persistent Disturbance,1.0,solid_common_support
4,compound,6.16,-0.0996537190612197,-0.3161665573669603,0.1168591192445208,11.04,6.72,-0.396848999434475,0.27725745831695,Low-Amplitude Persistent Disturbance,1.0,solid_common_support
4,compound,6.188,-0.1000302272387043,-0.3163089511411342,0.1162484966637255,11.04,6.72,-0.396848999434475,0.27725745831695,Low-Amplitude Persistent Disturbance,1.0,solid_common_support
4,compound,6.216,-0.1004065674394024,-0.31644930817097,0.1156361732921651,11.04,6.72,-0.396848999434475,0.27725745831695,Low-Amplitude Persistent Disturbance,1.0,solid_common_support
4,compound,6.244,-0.1007827485041974,-0.3165877859338833,0.1150222889254884,11.04,6.72,-0.396848999434475,0.27725745831695,Low-Amplitude Persistent Disturbance,1.0,solid_common_support
4,compound,6.272,-0.1011587792739729,-0.3167245416219755,0.1144069830740297,11.04,6.72,-0.396848999434475,0.27725745831695,Low-Amplitude Persistent Disturbance,1.0,solid_common_support
4,compound,6.3,-0.1015346685896123,-0.3168597321337764,0.1137903949545518,11.04,6.72,-0.396848999434475,0.27725745831695,Low-Amplitude Persistent Disturbance,1.0,solid_common_support
4,compound,6.328,-0.1019104252919991,-0.3169935140659099,0.1131726634819115,11.04,6.72,-0.396848999434475,0.27725745831695,Low-Amplitude Persistent Disturbance,1.0,solid_common_support
4,compound,6.356,-0.102286058222017,-0.3171260437046879,0.1125539272606538,11.04,6.72,-0.396848999434475,0.27725745831695,Low-Amplitude Persistent Disturbance,1.0,solid_common_support
4,compound,6.384,-0.1026615762205492,-0.3172574770176374,0.1119343245765388,11.04,6.72,-0.396848999434475,0.27725745831695,Low-Amplitude Persistent Disturbance,1.0,solid_common_support
4,compound,6.412,-0.1030369881284795,-0.317387969644969,0.1113139933880099,11.04,6.72,-0.396848999434475,0.27725745831695,Low-Amplitude Persistent Disturbance,1.0,solid_common_support
4,compound,6.44,-0.1034123027866912,-0.3175176768909896,0.1106930713176071,11.04,6.72,-0.396848999434475,0.27725745831695,Low-Amplitude Persistent Disturbance,1.0,solid_common_support
4,compound,6.468,-0.1037875290360679,-0.3176467537154701,0.1100716956433342,11.04,6.72,-0.396848999434475,0.27725745831695,Low-Amplitude Persistent Disturbance,1.0,solid_common_support
4,compound,6.496,-0.104162675717493,-0.317775354724972,0.1094500032899858,11.04,6.72,-0.396848999434475,0.27725745831695,Low-Amplitude Persistent Disturbance,1.0,solid_common_support
4,compound,6.524,-0.1045377516718502,-0.3179036341641425,0.1088281308204421,11.04,6.72,-0.396848999434475,0.27725745831695,Low-Amplitude Persistent Disturbance,1.0,solid_common_support
4,compound,6.5520000000000005,-0.1049127657400228,-0.3180317459069849,0.1082062144269392,11.04,6.72,-0.396848999434475,0.27725745831695,Low-Amplitude Persistent Disturbance,1.0,solid_common_support
4,compound,6.58,-0.1052877267628943,-0.3181598434481128,0.107584389922324,11.04,6.72,-0.396848999434475,0.27725745831695,Low-Amplitude Persistent Disturbance,1.0,solid_common_support
4,compound,6.6080000000000005,-0.1056626435813484,-0.3182880798939976,0.1069627927313006,11.04,6.72,-0.396848999434475,0.27725745831695,Low-Amplitude Persistent Disturbance,1.0,solid_common_support
4,compound,6.636,-0.1060375250362685,-0.3184166079542163,0.1063415578816792,11.04,6.72,-0.396848999434475,0.27725745831695,Low-Amplitude Persistent Disturbance,1.0,solid_common_support
4,compound,6.664,-0.106412379968538,-0.3185455799327119,0.1057208199956358,11.04,6.72,-0.396848999434475,0.27725745831695,Low-Amplitude Persistent Disturbance,1.0,solid_common_support
4,compound,6.692,-0.1067872172190406,-0.3186751477190735,0.1051007132809923,11.04,6.72,-0.396848999434475,0.27725745831695,Low-Amplitude Persistent Disturbance,1.0,solid_common_support
4,compound,6.72,-0.1071620456286596,-0.3188054627798483,0.104481371522529,11.04,6.72,-0.396848999434475,0.27725745831695,Low-Amplitude Persistent Disturbance,1.0,solid_common_support
4,compound,6.8652191875,-0.1091060478829146,-0.3194956824228752,0.1012835866570458,11.04,6.72,-0.396848999434475,0.27725745831695,Low-Amplitude Persistent Disturbance,1.0,dashed_p80_tail
4,compound,7.010438375,-0.1110500501371696,-0.3202105011687517,0.0981104008944123,11.04,6.72,-0.396848999434475,0.27725745831695,Low-Amplitude Persistent Disturbance,1.0,dashed_p80_tail
4,compound,7.1556575625,-0.1129940523914246,-0.3209503552174324,0.094962250434583,11.04,6.72,-0.396848999434475,0.27725745831695,Low-Amplitude Persistent Disturbance,1.0,dashed_p80_tail
4,compound,7.30087675,-0.1149380546456797,-0.3217156819408984,0.0918395726495389,11.04,6.72,-0.396848999434475,0.27725745831695,Low-Amplitude Persistent Disturbance,1.0,dashed_p80_tail
4,compound,7.446095937500001,-0.1168820568999347,-0.3225069193802999,0.0887428055804305,11.04,6.72,-0.396848999434475,0.27725745831695,Low-Amplitude Persistent Disturbance,1.0,dashed_p80_tail
4,compound,7.591315125,-0.1188260591541897,-0.3233245057149121,0.0856723874065327,11.04,6.72,-0.396848999434475,0.27725745831695,Low-Amplitude Persistent Disturbance,1.0,dashed_p80_tail
4,compound,7.736534312500001,-0.1207700614084447,-0.3241688787031352,0.0826287558862456,11.04,6.72,-0.396848999434475,0.27725745831695,Low-Amplitude Persistent Disturbance,1.0,dashed_p80_tail
4,compound,7.8817535,-0.1227140636626997,-0.3250404750959572,0.0796123477705576,11.04,6.72,-0.396848999434475,0.27725745831695,Low-Amplitude Persistent Disturbance,1.0,dashed_p80_tail
4,compound,8.0269726875,-0.1246580659169548,-0.3259397300234783,0.0766235981895686,11.04,6.72,-0.396848999434475,0.27725745831695,Low-Amplitude Persistent Disturbance,1.0,dashed_p80_tail
4,compound,8.172191875000001,-0.1266020681712098,-0.3268670763552997,0.0736629400128801,11.04,6.72,-0.396848999434475,0.27725745831695,Low-Amplitude Persistent Disturbance,1.0,dashed_p80_tail
4,compound,8.317411062500002,-0.1285460704254648,-0.3278229440357927,0.070730803184863,11.04,6.72,-0.396848999434475,0.27725745831695,Low-Amplitude Persistent Disturbance,1.0,dashed_p80_tail
4,compound,8.462630250000002,-0.1304900726797198,-0.3288077593954795,0.0678276140360399,11.04,6.72,-0.396848999434475,0.27725745831695,Low-Amplitude Persistent Disturbance,1.0,dashed_p80_tail
4,compound,8.6078494375,-0.1324340749339748,-0.3298219444399926,0.0649537945720428,11.04,6.72,-0.396848999434475,0.27725745831695,Low-Amplitude Persistent Disturbance,1.0,dashed_p80_tail
4,compound,8.753068625000001,-0.1343780771882298,-0.3308659161183013,0.0621097617418416,11.04,6.72,-0.396848999434475,0.27725745831695,Low-Amplitude Persistent Disturbance,1.0,dashed_p80_tail
4,compound,8.898287812500001,-0.1363220794424849,-0.3319400855721495,0.0592959266871797,11.04,6.72,-0.396848999434475,0.27725745831695,Low-Amplitude Persistent Disturbance,1.0,dashed_p80_tail
4,compound,9.043507000000002,-0.1382660816967399,-0.3330448573688648,0.056512693975385,11.04,6.72,-0.396848999434475,0.27725745831695,Low-Amplitude Persistent Disturbance,1.0,dashed_p80_tail
4,compound,9.188726187500002,-0.1402100839509949,-0.33418062871996,0.0537604608179701,11.04,6.72,-0.396848999434475,0.27725745831695,Low-Amplitude Persistent Disturbance,1.0,dashed_p80_tail
4,compound,9.333945375000004,-0.1421540862052499,-0.3353477886881646,0.0510396162776647,11.04,6.72,-0.396848999434475,0.27725745831695,Low-Amplitude Persistent Disturbance,1.0,dashed_p80_tail
4,compound,9.479164562500005,-0.1440980884595049,-0.3365467173857603,0.0483505404667503,11.04,6.72,-0.396848999434475,0.27725745831695,Low-Amplitude Persistent Disturbance,1.0,dashed_p80_tail
4,compound,9.624383750000003,-0.14604209071376,-0.3377777851673093,0.0456936037397892,11.04,6.72,-0.396848999434475,0.27725745831695,Low-Amplitude Persistent Disturbance,1.0,dashed_p80_tail
4,compound,9.769602937500002,-0.147986092968015,-0.3390413518200673,0.0430691658840373,11.04,6.72,-0.396848999434475,0.27725745831695,Low-Amplitude Persistent Disturbance,1.0,dashed_p80_tail
4,compound,9.914822125000002,-0.1499300952222699,-0.3403377657555636,0.0404775753110236,11.04,6.72,-0.396848999434475,0.27725745831695,Low-Amplitude Persistent Disturbance,1.0,dashed_p80_tail
4,compound,10.060041312500005,-0.151874097476525,-0.3416673632059936,0.0379191682529435,11.04,6.72,-0.396848999434475,0.27725745831695,Low-Amplitude Persistent Disturbance,1.0,dashed_p80_tail
4,compound,10.205260500000003,-0.15381809973078,-0.3430304674292175,0.0353942679676574,11.04,6.72,-0.396848999434475,0.27725745831695,Low-Amplitude Persistent Disturbance,1.0,dashed_p80_tail
4,compound,10.350479687500002,-0.155762101985035,-0.3444273879262793,0.0329031839562092,11.04,6.72,-0.396848999434475,0.27725745831695,Low-Amplitude Persistent Disturbance,1.0,dashed_p80_tail
4,compound,10.495698875000002,-0.15770610423929,-0.3458584196754409,0.0304462111968608,11.04,6.72,-0.396848999434475,0.27725745831695,Low-Amplitude Persistent Disturbance,1.0,dashed_p80_tail
4,compound,10.640918062500004,-0.1596501064935451,-0.3473238423867941,0.0280236293997039,11.04,6.72,-0.396848999434475,0.27725745831695,Low-Amplitude Persistent Disturbance,1.0,dashed_p80_tail
4,compound,10.786137250000005,-0.1615941087478001,-0.3488239197815236,0.0256357022859233,11.04,6.72,-0.396848999434475,0.27725745831695,Low-Amplitude Persistent Disturbance,1.0,dashed_p80_tail
4,compound,10.931356437500003,-0.1635381110020551,-0.350358898899894,0.0232826768957837,11.04,6.72,-0.396848999434475,0.27725745831695,Low-Amplitude Persistent Disturbance,1.0,dashed_p80_tail
1,day,0.0,0.0,0.0,0.0,12.211500000000015,7.94000000000001,-0.2778093198900647,0.0856554171794287,Delayed Deterioration,1.0,solid_common_support
1,day,0.0330833333333333,-0.0016113437151827,-0.0027244794145415,-0.000498208015824,12.211500000000015,7.94000000000001,-0.2778093198900647,0.0856554171794287,Delayed Deterioration,1.0,solid_common_support
1,day,0.0661666666666667,-0.0032224169393024,-0.005448500926484,-0.0009963329521208,12.211500000000015,7.94000000000001,-0.2778093198900647,0.0856554171794287,Delayed Deterioration,1.0,solid_common_support
1,day,0.0992500000000001,-0.0048329491812956,-0.008171606634023,-0.0014942917285682,12.211500000000015,7.94000000000001,-0.2778093198900647,0.0856554171794287,Delayed Deterioration,1.0,solid_common_support
1,day,0.1323333333333335,-0.0064426699500994,-0.0108933386369444,-0.0019920012632543,12.211500000000015,7.94000000000001,-0.2778093198900647,0.0856554171794287,Delayed Deterioration,1.0,solid_common_support
1,day,0.1654166666666668,-0.0080513087546504,-0.0136132390374214,-0.0024893784718795,12.211500000000015,7.94000000000001,-0.2778093198900647,0.0856554171794287,Delayed Deterioration,1.0,solid_common_support
1,day,0.1985000000000002,-0.0096585951038856,-0.016330849940815,-0.0029863402669562,12.211500000000015,7.94000000000001,-0.2778093198900647,0.0856554171794287,Delayed Deterioration,1.0,solid_common_support
1,day,0.2315833333333336,-0.0112642585067417,-0.0190457134564782,-0.0034828035570053,12.211500000000015,7.94000000000001,-0.2778093198900647,0.0856554171794287,Delayed Deterioration,1.0,solid_common_support
1,day,0.264666666666667,-0.0128680284721556,-0.0217573716985643,-0.003978685245747,12.211500000000015,7.94000000000001,-0.2778093198900647,0.0856554171794287,Delayed Deterioration,1.0,solid_common_support
1,day,0.2977500000000003,-0.0144696345090641,-0.0244653667868417,-0.0044739022312866,12.211500000000015,7.94000000000001,-0.2778093198900647,0.0856554171794287,Delayed Deterioration,1.0,solid_common_support
1,day,0.3308333333333337,-0.0160688061264041,-0.0271692408475147,-0.0049683714052934,12.211500000000015,7.94000000000001,-0.2778093198900647,0.0856554171794287,Delayed Deterioration,1.0,solid_common_support
1,day,0.3639166666666671,-0.0176652728331122,-0.0298685360140524,-0.0054620096521721,12.211500000000015,7.94000000000001,-0.2778093198900647,0.0856554171794287,Delayed Deterioration,1.0,solid_common_support
1,day,0.3970000000000004,-0.0192587641381255,-0.032562794428026,-0.005954733848225,12.211500000000015,7.94000000000001,-0.2778093198900647,0.0856554171794287,Delayed Deterioration,1.0,solid_common_support
1,day,0.4300833333333339,-0.0208490095503807,-0.0352515582399558,-0.0064464608608055,12.211500000000015,7.94000000000001,-0.2778093198900647,0.0856554171794287,Delayed Deterioration,1.0,solid_common_support
1,day,0.4631666666666672,-0.0224357385788145,-0.0379343696101693,-0.0069371075474598,12.211500000000015,7.94000000000001,-0.2778093198900647,0.0856554171794287,Delayed Deterioration,1.0,solid_common_support
1,day,0.4962500000000006,-0.024018680732364,-0.0406107707096704,-0.0074265907550575,12.211500000000015,7.94000000000001,-0.2778093198900647,0.0856554171794287,Delayed Deterioration,1.0,solid_common_support
1,day,0.529333333333334,-0.0255975655199658,-0.0432803037210223,-0.0079148273189093,12.211500000000015,7.94000000000001,-0.2778093198900647,0.0856554171794287,Delayed Deterioration,1.0,solid_common_support
1,day,0.5624166666666673,-0.0271721224505568,-0.0459425108392436,-0.0084017340618701,12.211500000000015,7.94000000000001,-0.2778093198900647,0.0856554171794287,Delayed Deterioration,1.0,solid_common_support
1,day,0.5955000000000007,-0.0287420810330739,-0.04859693427272,-0.0088872277934277,12.211500000000015,7.94000000000001,-0.2778093198900647,0.0856554171794287,Delayed Deterioration,1.0,solid_common_support
1,day,0.6285833333333342,-0.0303071707764538,-0.0512431162441328,-0.0093712253087748,12.211500000000015,7.94000000000001,-0.2778093198900647,0.0856554171794287,Delayed Deterioration,1.0,solid_common_support
1,day,0.6616666666666675,-0.0318671211896334,-0.0538805989914032,-0.0098536433878635,12.211500000000015,7.94000000000001,-0.2778093198900647,0.0856554171794287,Delayed Deterioration,1.0,solid_common_support
1,day,0.6947500000000009,-0.0334216617815494,-0.0565089247686581,-0.0103343987944408,12.211500000000015,7.94000000000001,-0.2778093198900647,0.0856554171794287,Delayed Deterioration,1.0,solid_common_support
1,day,0.7278333333333342,-0.0349705220611389,-0.0591276358472131,-0.0108134082750646,12.211500000000015,7.94000000000001,-0.2778093198900647,0.0856554171794287,Delayed Deterioration,1.0,solid_common_support
1,day,0.7609166666666676,-0.0365134315373384,-0.0617362745165789,-0.0112905885580979,12.211500000000015,7.94000000000001,-0.2778093198900647,0.0856554171794287,Delayed Deterioration,1.0,solid_common_support
1,day,0.7940000000000009,-0.038050119719085,-0.06433438308549,-0.0117658563526799,12.211500000000015,7.94000000000001,-0.2778093198900647,0.0856554171794287,Delayed Deterioration,1.0,solid_common_support
1,day,0.8270833333333344,-0.0395803161153153,-0.066921503882957,-0.0122391283476737,12.211500000000015,7.94000000000001,-0.2778093198900647,0.0856554171794287,Delayed Deterioration,1.0,solid_common_support
1,day,0.8601666666666677,-0.0411037502349663,-0.069497179259345,-0.0127103212105876,12.211500000000015,7.94000000000001,-0.2778093198900647,0.0856554171794287,Delayed Deterioration,1.0,solid_common_support
1,day,0.8932500000000011,-0.0426201515869747,-0.07206095158748,-0.0131793515864695,12.211500000000015,7.94000000000001,-0.2778093198900647,0.0856554171794287,Delayed Deterioration,1.0,solid_common_support
1,day,0.9263333333333345,-0.0441292496802775,-0.0746123632637824,-0.0136461360967725,12.211500000000015,7.94000000000001,-0.2778093198900647,0.0856554171794287,Delayed Deterioration,1.0,solid_common_support
1,day,0.9594166666666678,-0.0456307740238113,-0.0771509567094328,-0.0141105913381898,12.211500000000015,7.94000000000001,-0.2778093198900647,0.0856554171794287,Delayed Deterioration,1.0,solid_common_support
1,day,0.9925000000000012,-0.047124454126513,-0.0796762743715687,-0.0145726338814574,12.211500000000015,7.94000000000001,-0.2778093198900647,0.0856554171794287,Delayed Deterioration,1.0,solid_common_support
1,day,1.0255833333333346,-0.0486100194973196,-0.082187858724516,-0.0150321802701231,12.211500000000015,7.94000000000001,-0.2778093198900647,0.0856554171794287,Delayed Deterioration,1.0,solid_common_support
1,day,1.058666666666668,-0.0500871996451676,-0.0846852522710558,-0.0154891470192794,12.211500000000015,7.94000000000001,-0.2778093198900647,0.0856554171794287,Delayed Deterioration,1.0,solid_common_support
1,day,1.091750000000001,-0.0515557240789941,-0.0871679975437299,-0.0159434506142584,12.211500000000015,7.94000000000001,-0.2778093198900647,0.0856554171794287,Delayed Deterioration,1.0,solid_common_support
1,day,1.124833333333335,-0.0530153223077358,-0.0896356371061852,-0.0163950075092865,12.211500000000015,7.94000000000001,-0.2778093198900647,0.0856554171794287,Delayed Deterioration,1.0,solid_common_support
1,day,1.157916666666668,-0.0544657238403296,-0.092087713554561,-0.0168437341260983,12.211500000000015,7.94000000000001,-0.2778093198900647,0.0856554171794287,Delayed Deterioration,1.0,solid_common_support
1,day,1.1910000000000014,-0.0559066581857123,-0.0945237695189201,-0.0172895468525045,12.211500000000015,7.94000000000001,-0.2778093198900647,0.0856554171794287,Delayed Deterioration,1.0,solid_common_support
1,day,1.2240833333333347,-0.0573378548528207,-0.0969433476647271,-0.0177323620409142,12.211500000000015,7.94000000000001,-0.2778093198900647,0.0856554171794287,Delayed Deterioration,1.0,solid_common_support
1,day,1.2571666666666683,-0.0587590433505916,-0.099345990694375,-0.0181720960068082,12.211500000000015,7.94000000000001,-0.2778093198900647,0.0856554171794287,Delayed Deterioration,1.0,solid_common_support
1,day,1.2902500000000017,-0.0601699531879618,-0.1017312413487643,-0.0186086650271593,12.211500000000015,7.94000000000001,-0.2778093198900647,0.0856554171794287,Delayed Deterioration,1.0,solid_common_support
1,day,1.323333333333335,-0.0615703138738683,-0.1040986424089366,-0.0190419853388,12.211500000000015,7.94000000000001,-0.2778093198900647,0.0856554171794287,Delayed Deterioration,1.0,solid_common_support
1,day,1.3564166666666684,-0.0629598549172478,-0.1064477366977643,-0.0194719731367312,12.211500000000015,7.94000000000001,-0.2778093198900647,0.0856554171794287,Delayed Deterioration,1.0,solid_common_support
1,day,1.3895000000000015,-0.064338305827037,-0.1087780670817022,-0.0198985445723718,12.211500000000015,7.94000000000001,-0.2778093198900647,0.0856554171794287,Delayed Deterioration,1.0,solid_common_support
1,day,1.422583333333335,-0.0657053961121729,-0.1110891764726016,-0.0203216157517443,12.211500000000015,7.94000000000001,-0.2778093198900647,0.0856554171794287,Delayed Deterioration,1.0,solid_common_support
1,day,1.4556666666666684,-0.0670608552815924,-0.113380607829591,-0.0207411027335938,12.211500000000015,7.94000000000001,-0.2778093198900647,0.0856554171794287,Delayed Deterioration,1.0,solid_common_support
1,day,1.4887500000000018,-0.0684044128442321,-0.1156519041610276,-0.0211569215274367,12.211500000000015,7.94000000000001,-0.2778093198900647,0.0856554171794287,Delayed Deterioration,1.0,solid_common_support
1,day,1.5218333333333351,-0.069735798309029,-0.1179026085265224,-0.0215689880915356,12.211500000000015,7.94000000000001,-0.2778093198900647,0.0856554171794287,Delayed Deterioration,1.0,solid_common_support
1,day,1.5549166666666685,-0.0710547411849198,-0.1201322640390434,-0.0219772183307962,12.211500000000015,7.94000000000001,-0.2778093198900647,0.0856554171794287,Delayed Deterioration,1.0,solid_common_support
1,day,1.588000000000002,-0.0723609709808414,-0.1223404138670999,-0.0223815280945829,12.211500000000015,7.94000000000001,-0.2778093198900647,0.0856554171794287,Delayed Deterioration,1.0,solid_common_support
1,day,1.6210833333333354,-0.0736542172057307,-0.1245266012370141,-0.0227818331744472,12.211500000000015,7.94000000000001,-0.2778093198900647,0.0856554171794287,Delayed Deterioration,1.0,solid_common_support
1,day,1.6541666666666688,-0.0749342093685243,-0.1266903694352823,-0.0231780493017663,12.211500000000015,7.94000000000001,-0.2778093198900647,0.0856554171794287,Delayed Deterioration,1.0,solid_common_support
1,day,1.687250000000002,-0.0762006769781592,-0.1288312618110324,-0.0235700921452861,12.211500000000015,7.94000000000001,-0.2778093198900647,0.0856554171794287,Delayed Deterioration,1.0,solid_common_support
1,day,1.7203333333333355,-0.0774533512943365,-0.13094882474081,-0.0239578778478629,12.211500000000015,7.94000000000001,-0.2778093198900647,0.0856554171794287,Delayed Deterioration,1.0,solid_common_support
1,day,1.7534166666666688,-0.078692086433813,-0.1330428125335059,-0.02434136033412,12.211500000000015,7.94000000000001,-0.2778093198900647,0.0856554171794287,Delayed Deterioration,1.0,solid_common_support
1,day,1.7865000000000022,-0.0799169379573551,-0.1351133203682918,-0.0247205555464184,12.211500000000015,7.94000000000001,-0.2778093198900647,0.0856554171794287,Delayed Deterioration,1.0,solid_common_support
1,day,1.819583333333336,-0.0811279801088983,-0.1371604750519429,-0.0250954851658537,12.211500000000015,7.94000000000001,-0.2778093198900647,0.0856554171794287,Delayed Deterioration,1.0,solid_common_support
1,day,1.852666666666669,-0.082325287132378,-0.1391844034060956,-0.0254661708586604,12.211500000000015,7.94000000000001,-0.2778093198900647,0.0856554171794287,Delayed Deterioration,1.0,solid_common_support
1,day,1.8857500000000025,-0.0835089332717297,-0.1411852322665409,-0.0258326342769185,12.211500000000015,7.94000000000001,-0.2778093198900647,0.0856554171794287,Delayed Deterioration,1.0,solid_common_support
1,day,1.918833333333336,-0.084678992770889,-0.1431630884825992,-0.0261948970591787,12.211500000000015,7.94000000000001,-0.2778093198900647,0.0856554171794287,Delayed Deterioration,1.0,solid_common_support
1,day,1.9519166666666687,-0.0858355398737912,-0.1451180989165654,-0.026552980831017,12.211500000000015,7.94000000000001,-0.2778093198900647,0.0856554171794287,Delayed Deterioration,1.0,solid_common_support
1,day,1.9850000000000023,-0.0869786488243718,-0.1470503904432165,-0.0269069072055271,12.211500000000015,7.94000000000001,-0.2778093198900647,0.0856554171794287,Delayed Deterioration,1.0,solid_common_support
1,day,2.018083333333336,-0.0881083938665664,-0.148960089949373,-0.0272566977837599,12.211500000000015,7.94000000000001,-0.2778093198900647,0.0856554171794287,Delayed Deterioration,1.0,solid_common_support
1,day,2.051166666666669,-0.0892248492443104,-0.1508473243335067,-0.0276023741551141,12.211500000000015,7.94000000000001,-0.2778093198900647,0.0856554171794287,Delayed Deterioration,1.0,solid_common_support
1,day,2.0842500000000026,-0.0903280892015393,-0.1527122205053925,-0.0279439578976862,12.211500000000015,7.94000000000001,-0.2778093198900647,0.0856554171794287,Delayed Deterioration,1.0,solid_common_support
1,day,2.117333333333336,-0.0914181879821886,-0.1545549053857939,-0.0282814705785833,12.211500000000015,7.94000000000001,-0.2778093198900647,0.0856554171794287,Delayed Deterioration,1.0,solid_common_support
1,day,2.1504166666666693,-0.0924952198301937,-0.1563755059061829,-0.0286149337542045,12.211500000000015,7.94000000000001,-0.2778093198900647,0.0856554171794287,Delayed Deterioration,1.0,solid_common_support
1,day,2.1835000000000027,-0.0935592589894901,-0.1581741490084879,-0.0289443689704924,12.211500000000015,7.94000000000001,-0.2778093198900647,0.0856554171794287,Delayed Deterioration,1.0,solid_common_support
1,day,2.216583333333336,-0.0946103797040133,-0.1599509616448658,-0.0292697977631608,12.211500000000015,7.94000000000001,-0.2778093198900647,0.0856554171794287,Delayed Deterioration,1.0,solid_common_support
1,day,2.2496666666666694,-0.0956486562176988,-0.1617060707774978,-0.0295912416578998,12.211500000000015,7.94000000000001,-0.2778093198900647,0.0856554171794287,Delayed Deterioration,1.0,solid_common_support
1,day,2.2827500000000027,-0.0966741627744821,-0.1634396033784036,-0.0299087221705606,12.211500000000015,7.94000000000001,-0.2778093198900647,0.0856554171794287,Delayed Deterioration,1.0,solid_common_support
1,day,2.315833333333336,-0.0976869736182987,-0.1651516864292736,-0.0302222608073237,12.211500000000015,7.94000000000001,-0.2778093198900647,0.0856554171794287,Delayed Deterioration,1.0,solid_common_support
1,day,2.348916666666669,-0.0986871629930838,-0.1668424469213162,-0.0305318790648515,12.211500000000015,7.94000000000001,-0.2778093198900647,0.0856554171794287,Delayed Deterioration,1.0,solid_common_support
1,day,2.382000000000003,-0.0996748051427732,-0.1685120118551192,-0.0308375984304272,12.211500000000015,7.94000000000001,-0.2778093198900647,0.0856554171794287,Delayed Deterioration,1.0,solid_common_support
1,day,2.415083333333336,-0.1006499743113023,-0.170160508240523,-0.0311394403820816,12.211500000000015,7.94000000000001,-0.2778093198900647,0.0856554171794287,Delayed Deterioration,1.0,solid_common_support
1,day,2.448166666666669,-0.1016127447426065,-0.1717880630965036,-0.0314374263887094,12.211500000000015,7.94000000000001,-0.2778093198900647,0.0856554171794287,Delayed Deterioration,1.0,solid_common_support
1,day,2.481250000000004,-0.1025631906806214,-0.1733948034510665,-0.0317315779101762,12.211500000000015,7.94000000000001,-0.2778093198900647,0.0856554171794287,Delayed Deterioration,1.0,solid_common_support
1,day,2.5143333333333366,-0.1035013863692823,-0.1749808563411479,-0.0320219163974168,12.211500000000015,7.94000000000001,-0.2778093198900647,0.0856554171794287,Delayed Deterioration,1.0,solid_common_support
1,day,2.54741666666667,-0.1044274060525249,-0.1765463488125228,-0.0323084632925269,12.211500000000015,7.94000000000001,-0.2778093198900647,0.0856554171794287,Delayed Deterioration,1.0,solid_common_support
1,day,2.580500000000004,-0.1053413239742845,-0.1780914079197208,-0.0325912400288481,12.211500000000015,7.94000000000001,-0.2778093198900647,0.0856554171794287,Delayed Deterioration,1.0,solid_common_support
1,day,2.6135833333333367,-0.1062432143784966,-0.179616160725946,-0.0328702680310472,12.211500000000015,7.94000000000001,-0.2778093198900647,0.0856554171794287,Delayed Deterioration,1.0,solid_common_support
1,day,2.64666666666667,-0.1071331515090967,-0.1811207343030024,-0.0331455687151911,12.211500000000015,7.94000000000001,-0.2778093198900647,0.0856554171794287,Delayed Deterioration,1.0,solid_common_support
1,day,2.6797500000000034,-0.1080112096100204,-0.1826052557312235,-0.0334171634888173,12.211500000000015,7.94000000000001,-0.2778093198900647,0.0856554171794287,Delayed Deterioration,1.0,solid_common_support
1,day,2.7128333333333368,-0.108877462925203,-0.1840698520994049,-0.0336850737510011,12.211500000000015,7.94000000000001,-0.2778093198900647,0.0856554171794287,Delayed Deterioration,1.0,solid_common_support
1,day,2.74591666666667,-0.10973198569858,-0.1855146505047403,-0.0339493208924198,12.211500000000015,7.94000000000001,-0.2778093198900647,0.0856554171794287,Delayed Deterioration,1.0,solid_common_support
1,day,2.7790000000000035,-0.110574852174087,-0.1869397780527598,-0.0342099262954143,12.211500000000015,7.94000000000001,-0.2778093198900647,0.0856554171794287,Delayed Deterioration,1.0,solid_common_support
1,day,2.812083333333337,-0.1114061365956594,-0.1883453618572698,-0.034466911334049,12.211500000000015,7.94000000000001,-0.2778093198900647,0.0856554171794287,Delayed Deterioration,1.0,solid_common_support
1,day,2.84516666666667,-0.1122259132072328,-0.1897315290402955,-0.0347202973741701,12.211500000000015,7.94000000000001,-0.2778093198900647,0.0856554171794287,Delayed Deterioration,1.0,solid_common_support
1,day,2.8782500000000035,-0.1130342562527425,-0.1910984067320225,-0.0349701057734624,12.211500000000015,7.94000000000001,-0.2778093198900647,0.0856554171794287,Delayed Deterioration,1.0,solid_common_support
1,day,2.911333333333337,-0.1138312399761239,-0.1924461220707417,-0.0352163578815061,12.211500000000015,7.94000000000001,-0.2778093198900647,0.0856554171794287,Delayed Deterioration,1.0,solid_common_support
1,day,2.9444166666666702,-0.1146169386213127,-0.1937748022027928,-0.0354590750398326,12.211500000000015,7.94000000000001,-0.2778093198900647,0.0856554171794287,Delayed Deterioration,1.0,solid_common_support
1,day,2.977500000000004,-0.1153914264322443,-0.1950845742825083,-0.0356982785819803,12.211500000000015,7.94000000000001,-0.2778093198900647,0.0856554171794287,Delayed Deterioration,1.0,solid_common_support
1,day,3.010583333333337,-0.1161547776528542,-0.1963755654721575,-0.0359339898335508,12.211500000000015,7.94000000000001,-0.2778093198900647,0.0856554171794287,Delayed Deterioration,1.0,solid_common_support
1,day,3.0436666666666703,-0.1169070665270779,-0.1976479029418902,-0.0361662301122655,12.211500000000015,7.94000000000001,-0.2778093198900647,0.0856554171794287,Delayed Deterioration,1.0,solid_common_support
1,day,3.076750000000004,-0.1176483672988507,-0.1989017138696787,-0.0363950207280227,12.211500000000015,7.94000000000001,-0.2778093198900647,0.0856554171794287,Delayed Deterioration,1.0,solid_common_support
1,day,3.109833333333337,-0.1183787542121083,-0.2001371254412601,-0.0366203829829565,12.211500000000015,7.94000000000001,-0.2778093198900647,0.0856554171794287,Delayed Deterioration,1.0,solid_common_support
1,day,3.1429166666666704,-0.1190983015107861,-0.2013542648500761,-0.0368423381714961,12.211500000000015,7.94000000000001,-0.2778093198900647,0.0856554171794287,Delayed Deterioration,1.0,solid_common_support
1,day,3.176000000000004,-0.1198070834388196,-0.2025532592972123,-0.0370609075804269,12.211500000000015,7.94000000000001,-0.2778093198900647,0.0856554171794287,Delayed Deterioration,1.0,solid_common_support
1,day,3.209083333333337,-0.1205051742401441,-0.2037342359913345,-0.0372761124889537,12.211500000000015,7.94000000000001,-0.2778093198900647,0.0856554171794287,Delayed Deterioration,1.0,solid_common_support
1,day,3.242166666666671,-0.1211926481586954,-0.2048973221486252,-0.0374879741687655,12.211500000000015,7.94000000000001,-0.2778093198900647,0.0856554171794287,Delayed Deterioration,1.0,solid_common_support
1,day,3.275250000000004,-0.1218695794384087,-0.2060426449927152,-0.0376965138841022,12.211500000000015,7.94000000000001,-0.2778093198900647,0.0856554171794287,Delayed Deterioration,1.0,solid_common_support
1,day,3.3083333333333376,-0.1225360423232196,-0.2071703317546153,-0.0379017528918239,12.211500000000015,7.94000000000001,-0.2778093198900647,0.0856554171794287,Delayed Deterioration,1.0,solid_common_support
1,day,3.341416666666671,-0.1231921110570636,-0.2082805096726439,-0.0381037124414833,12.211500000000015,7.94000000000001,-0.2778093198900647,0.0856554171794287,Delayed Deterioration,1.0,solid_common_support
1,day,3.3745000000000043,-0.123837859883876,-0.2093733059923523,-0.0383024137753996,12.211500000000015,7.94000000000001,-0.2778093198900647,0.0856554171794287,Delayed Deterioration,1.0,solid_common_support
1,day,3.4075833333333376,-0.1244733630475925,-0.2104488479664485,-0.0384978781287364,12.211500000000015,7.94000000000001,-0.2778093198900647,0.0856554171794287,Delayed Deterioration,1.0,solid_common_support
1,day,3.440666666666671,-0.1250986947921485,-0.2115072628547146,-0.0386901267295824,12.211500000000015,7.94000000000001,-0.2778093198900647,0.0856554171794287,Delayed Deterioration,1.0,solid_common_support
1,day,3.4737500000000043,-0.1257139293614795,-0.2125486779239244,-0.0388791807990346,12.211500000000015,7.94000000000001,-0.2778093198900647,0.0856554171794287,Delayed Deterioration,1.0,solid_common_support
1,day,3.5068333333333377,-0.1263191409995209,-0.2135732204477555,-0.0390650615512863,12.211500000000015,7.94000000000001,-0.2778093198900647,0.0856554171794287,Delayed Deterioration,1.0,solid_common_support
1,day,3.539916666666671,-0.1269144039502082,-0.2145810177066988,-0.0392477901937177,12.211500000000015,7.94000000000001,-0.2778093198900647,0.0856554171794287,Delayed Deterioration,1.0,solid_common_support
1,day,3.5730000000000044,-0.127499792457477,-0.2155721969879634,-0.0394273879269906,12.211500000000015,7.94000000000001,-0.2778093198900647,0.0856554171794287,Delayed Deterioration,1.0,solid_common_support
1,day,3.6060833333333377,-0.1280753807652626,-0.2165468855853781,-0.0396038759451471,12.211500000000015,7.94000000000001,-0.2778093198900647,0.0856554171794287,Delayed Deterioration,1.0,solid_common_support
1,day,3.639166666666671,-0.1286412431175006,-0.2175052107992888,-0.0397772754357124,12.211500000000015,7.94000000000001,-0.2778093198900647,0.0856554171794287,Delayed Deterioration,1.0,solid_common_support
1,day,3.672250000000005,-0.1291974537581265,-0.218447299936451,-0.0399476075798019,12.211500000000015,7.94000000000001,-0.2778093198900647,0.0856554171794287,Delayed Deterioration,1.0,solid_common_support
1,day,3.705333333333338,-0.1297440869310757,-0.2193732803099187,-0.0401148935522326,12.211500000000015,7.94000000000001,-0.2778093198900647,0.0856554171794287,Delayed Deterioration,1.0,solid_common_support
1,day,3.738416666666671,-0.1302812168802836,-0.2202832792389279,-0.0402791545216393,12.211500000000015,7.94000000000001,-0.2778093198900647,0.0856554171794287,Delayed Deterioration,1.0,solid_common_support
1,day,3.771500000000005,-0.1308089178496858,-0.2211774240487758,-0.0404404116505957,12.211500000000015,7.94000000000001,-0.2778093198900647,0.0856554171794287,Delayed Deterioration,1.0,solid_common_support
1,day,3.804583333333338,-0.1313272640832178,-0.222055842070695,-0.0405986860957405,12.211500000000015,7.94000000000001,-0.2778093198900647,0.0856554171794287,Delayed Deterioration,1.0,solid_common_support
1,day,3.8376666666666712,-0.131836329824815,-0.2229186606417221,-0.0407539990079078,12.211500000000015,7.94000000000001,-0.2778093198900647,0.0856554171794287,Delayed Deterioration,1.0,solid_common_support
1,day,3.870750000000005,-0.1323361893184129,-0.2237660071045616,-0.0409063715322641,12.211500000000015,7.94000000000001,-0.2778093198900647,0.0856554171794287,Delayed Deterioration,1.0,solid_common_support
1,day,3.9038333333333375,-0.1328269168079469,-0.224598008807444,-0.0410558248084498,12.211500000000015,7.94000000000001,-0.2778093198900647,0.0856554171794287,Delayed Deterioration,1.0,solid_common_support
1,day,3.936916666666672,-0.1333085865373527,-0.2254147931039787,-0.0412023799707268,12.211500000000015,7.94000000000001,-0.2778093198900647,0.0856554171794287,Delayed Deterioration,1.0,solid_common_support
1,day,3.970000000000005,-0.1337812727505656,-0.2262164873529999,-0.0413460581481314,12.211500000000015,7.94000000000001,-0.2778093198900647,0.0856554171794287,Delayed Deterioration,1.0,solid_common_support
1,day,4.003083333333338,-0.1342450496915212,-0.2270032189184082,-0.0414868804646341,12.211500000000015,7.94000000000001,-0.2778093198900647,0.0856554171794287,Delayed Deterioration,1.0,solid_common_support
1,day,4.036166666666672,-0.1346999916041548,-0.2277751151690048,-0.0416248680393047,12.211500000000015,7.94000000000001,-0.2778093198900647,0.0856554171794287,Delayed Deterioration,1.0,solid_common_support
1,day,4.069250000000005,-0.135146172732402,-0.22853230347832,-0.041760041986484,12.211500000000015,7.94000000000001,-0.2778093198900647,0.0856554171794287,Delayed Deterioration,1.0,solid_common_support
1,day,4.1023333333333385,-0.1355836673201983,-0.2292749112244347,-0.0418924234159618,12.211500000000015,7.94000000000001,-0.2778093198900647,0.0856554171794287,Delayed Deterioration,1.0,solid_common_support
1,day,4.135416666666671,-0.136012549611479,-0.2300030657897958,-0.0420220334331623,12.211500000000015,7.94000000000001,-0.2778093198900647,0.0856554171794287,Delayed Deterioration,1.0,solid_common_support
1,day,4.168500000000005,-0.1364328938501798,-0.2307168945610244,-0.0421488931393352,12.211500000000015,7.94000000000001,-0.2778093198900647,0.0856554171794287,Delayed Deterioration,1.0,solid_common_support
1,day,4.201583333333338,-0.1368447742802362,-0.2314165249287171,-0.0422730236317552,12.211500000000015,7.94000000000001,-0.2778093198900647,0.0856554171794287,Delayed Deterioration,1.0,solid_common_support
1,day,4.234666666666672,-0.1372482651455834,-0.2321020842872396,-0.0423944460039272,12.211500000000015,7.94000000000001,-0.2778093198900647,0.0856554171794287,Delayed Deterioration,1.0,solid_common_support
1,day,4.267750000000006,-0.1376434406901571,-0.232773700034514,-0.0425131813458002,12.211500000000015,7.94000000000001,-0.2778093198900647,0.0856554171794287,Delayed Deterioration,1.0,solid_common_support
1,day,4.300833333333339,-0.1380303751578928,-0.2334314995717974,-0.0426292507439881,12.211500000000015,7.94000000000001,-0.2778093198900647,0.0856554171794287,Delayed Deterioration,1.0,solid_common_support
1,day,4.333916666666672,-0.1384091427927258,-0.2340756103034533,-0.0427426752819983,12.211500000000015,7.94000000000001,-0.2778093198900647,0.0856554171794287,Delayed Deterioration,1.0,solid_common_support
1,day,4.367000000000005,-0.1387798178385917,-0.2347061596367149,-0.0428534760404685,12.211500000000015,7.94000000000001,-0.2778093198900647,0.0856554171794287,Delayed Deterioration,1.0,solid_common_support
1,day,4.400083333333339,-0.139142474539426,-0.2353232749814406,-0.0429616740974114,12.211500000000015,7.94000000000001,-0.2778093198900647,0.0856554171794287,Delayed Deterioration,1.0,solid_common_support
1,day,4.433166666666672,-0.1394971871391641,-0.2359270837498605,-0.0430672905284678,12.211500000000015,7.94000000000001,-0.2778093198900647,0.0856554171794287,Delayed Deterioration,1.0,solid_common_support
1,day,4.466250000000006,-0.1398440298817415,-0.2365177133563147,-0.0431703464071683,12.211500000000015,7.94000000000001,-0.2778093198900647,0.0856554171794287,Delayed Deterioration,1.0,solid_common_support
1,day,4.499333333333339,-0.1401830770110937,-0.2370952912169839,-0.0432708628052036,12.211500000000015,7.94000000000001,-0.2778093198900647,0.0856554171794287,Delayed Deterioration,1.0,solid_common_support
1,day,4.5324166666666725,-0.1405144027711563,-0.2376599447496087,-0.0433688607927038,12.211500000000015,7.94000000000001,-0.2778093198900647,0.0856554171794287,Delayed Deterioration,1.0,solid_common_support
1,day,4.5655000000000046,-0.1408380814058645,-0.2382118013732024,-0.0434643614385265,12.211500000000015,7.94000000000001,-0.2778093198900647,0.0856554171794287,Delayed Deterioration,1.0,solid_common_support
1,day,4.598583333333339,-0.141154187159154,-0.2387509885077532,-0.0435573858105547,12.211500000000015,7.94000000000001,-0.2778093198900647,0.0856554171794287,Delayed Deterioration,1.0,solid_common_support
1,day,4.631666666666672,-0.1414627942749602,-0.2392776335739165,-0.0436479549760039,12.211500000000015,7.94000000000001,-0.2778093198900647,0.0856554171794287,Delayed Deterioration,1.0,solid_common_support
1,day,4.664750000000006,-0.1417639769972185,-0.2397918639926986,-0.0437360900017384,12.211500000000015,7.94000000000001,-0.2778093198900647,0.0856554171794287,Delayed Deterioration,1.0,solid_common_support
1,day,4.697833333333339,-0.1420578095698645,-0.2402938071851303,-0.0438218119545988,12.211500000000015,7.94000000000001,-0.2778093198900647,0.0856554171794287,Delayed Deterioration,1.0,solid_common_support
1,day,4.730916666666673,-0.1423443662368337,-0.2407835905719293,-0.0439051419017381,12.211500000000015,7.94000000000001,-0.2778093198900647,0.0856554171794287,Delayed Deterioration,1.0,solid_common_support
1,day,4.764000000000006,-0.1426237212420615,-0.2412613415731539,-0.043986100910969,12.211500000000015,7.94000000000001,-0.2778093198900647,0.0856554171794287,Delayed Deterioration,1.0,solid_common_support
1,day,4.797083333333339,-0.1428959488294834,-0.2417271876078451,-0.0440647100511216,12.211500000000015,7.94000000000001,-0.2778093198900647,0.0856554171794287,Delayed Deterioration,1.0,solid_common_support
1,day,4.830166666666672,-0.1431611232430348,-0.2421812560936585,-0.0441409903924111,12.211500000000015,7.94000000000001,-0.2778093198900647,0.0856554171794287,Delayed Deterioration,1.0,solid_common_support
1,day,4.863250000000006,-0.1434193187266513,-0.2426236744464851,-0.0442149630068175,12.211500000000015,7.94000000000001,-0.2778093198900647,0.0856554171794287,Delayed Deterioration,1.0,solid_common_support
1,day,4.896333333333339,-0.1436706095242683,-0.2430545700800611,-0.0442866489684756,12.211500000000015,7.94000000000001,-0.2778093198900647,0.0856554171794287,Delayed Deterioration,1.0,solid_common_support
1,day,4.929416666666673,-0.1439150698798214,-0.2434740704055667,-0.0443560693540761,12.211500000000015,7.94000000000001,-0.2778093198900647,0.0856554171794287,Delayed Deterioration,1.0,solid_common_support
1,day,4.962500000000007,-0.144152774037246,-0.2438823028312124,-0.0444232452432795,12.211500000000015,7.94000000000001,-0.2778093198900647,0.0856554171794287,Delayed Deterioration,1.0,solid_common_support
1,day,4.99558333333334,-0.1443837962404775,-0.2442793947618151,-0.0444881977191398,12.211500000000015,7.94000000000001,-0.2778093198900647,0.0856554171794287,Delayed Deterioration,1.0,solid_common_support
1,day,5.028666666666673,-0.1446082107334514,-0.244665473598361,-0.0445509478685419,12.211500000000015,7.94000000000001,-0.2778093198900647,0.0856554171794287,Delayed Deterioration,1.0,solid_common_support
1,day,5.061750000000006,-0.1448260917601033,-0.245040666737557,-0.0446115167826496,12.211500000000015,7.94000000000001,-0.2778093198900647,0.0856554171794287,Delayed Deterioration,1.0,solid_common_support
1,day,5.09483333333334,-0.1450375135643686,-0.2454051015713698,-0.0446699255573673,12.211500000000015,7.94000000000001,-0.2778093198900647,0.0856554171794287,Delayed Deterioration,1.0,solid_common_support
1,day,5.127916666666673,-0.1452425503901827,-0.2457589054865522,-0.0447261952938132,12.211500000000015,7.94000000000001,-0.2778093198900647,0.0856554171794287,Delayed Deterioration,1.0,solid_common_support
1,day,5.161000000000007,-0.1454412764814812,-0.2461022058641572,-0.0447803470988052,12.211500000000015,7.94000000000001,-0.2778093198900647,0.0856554171794287,Delayed Deterioration,1.0,solid_common_support
1,day,5.19408333333334,-0.1456337660821996,-0.2464351300790384,-0.0448324020853608,12.211500000000015,7.94000000000001,-0.2778093198900647,0.0856554171794287,Delayed Deterioration,1.0,solid_common_support
1,day,5.227166666666673,-0.1458200934362732,-0.246757805499338,-0.0448823813732084,12.211500000000015,7.94000000000001,-0.2778093198900647,0.0856554171794287,Delayed Deterioration,1.0,solid_common_support
1,day,5.260250000000006,-0.1460003327876377,-0.2470703594859617,-0.0449303060893136,12.211500000000015,7.94000000000001,-0.2778093198900647,0.0856554171794287,Delayed Deterioration,1.0,solid_common_support
1,day,5.29333333333334,-0.1461745583802284,-0.2473729193920391,-0.0449761973684176,12.211500000000015,7.94000000000001,-0.2778093198900647,0.0856554171794287,Delayed Deterioration,1.0,solid_common_support
1,day,5.326416666666673,-0.1463428444579808,-0.2476656125623714,-0.0450200763535903,12.211500000000015,7.94000000000001,-0.2778093198900647,0.0856554171794287,Delayed Deterioration,1.0,solid_common_support
1,day,5.359500000000007,-0.1465052652648305,-0.2479485663328647,-0.0450619641967963,12.211500000000015,7.94000000000001,-0.2778093198900647,0.0856554171794287,Delayed Deterioration,1.0,solid_common_support
1,day,5.39258333333334,-0.1466618950447129,-0.2482219080299498,-0.045101882059476,12.211500000000015,7.94000000000001,-0.2778093198900647,0.0856554171794287,Delayed Deterioration,1.0,solid_common_support
1,day,5.4256666666666735,-0.1468128080415635,-0.248485764969987,-0.04513985111314,12.211500000000015,7.94000000000001,-0.2778093198900647,0.0856554171794287,Delayed Deterioration,1.0,solid_common_support
1,day,5.458750000000006,-0.1469580784993177,-0.2487402644586572,-0.0451758925399782,12.211500000000015,7.94000000000001,-0.2778093198900647,0.0856554171794287,Delayed Deterioration,1.0,solid_common_support
1,day,5.49183333333334,-0.1470977806619111,-0.2489855337903382,-0.045210027533484,12.211500000000015,7.94000000000001,-0.2778093198900647,0.0856554171794287,Delayed Deterioration,1.0,solid_common_support
1,day,5.524916666666673,-0.1472319887732791,-0.2492217002474661,-0.045242277299092,12.211500000000015,7.94000000000001,-0.2778093198900647,0.0856554171794287,Delayed Deterioration,1.0,solid_common_support
1,day,5.558000000000007,-0.1473607770773572,-0.2494488910998824,-0.0452726630548319,12.211500000000015,7.94000000000001,-0.2778093198900647,0.0856554171794287,Delayed Deterioration,1.0,solid_common_support
1,day,5.59108333333334,-0.1474842198180808,-0.2496672336041647,-0.0453012060319969,12.211500000000015,7.94000000000001,-0.2778093198900647,0.0856554171794287,Delayed Deterioration,1.0,solid_common_support
1,day,5.624166666666674,-0.1476023912393855,-0.2498768550029441,-0.0453279274758269,12.211500000000015,7.94000000000001,-0.2778093198900647,0.0856554171794287,Delayed Deterioration,1.0,solid_common_support
1,day,5.657250000000007,-0.1477153655852068,-0.2500778825242058,-0.0453528486462078,12.211500000000015,7.94000000000001,-0.2778093198900647,0.0856554171794287,Delayed Deterioration,1.0,solid_common_support
1,day,5.69033333333334,-0.14782321709948,-0.2502704433805743,-0.0453759908183857,12.211500000000015,7.94000000000001,-0.2778093198900647,0.0856554171794287,Delayed Deterioration,1.0,solid_common_support
1,day,5.723416666666674,-0.1479260200261407,-0.2504546647685843,-0.0453973752836972,12.211500000000015,7.94000000000001,-0.2778093198900647,0.0856554171794287,Delayed Deterioration,1.0,solid_common_support
1,day,5.756500000000007,-0.1480238486091244,-0.2506306738679339,-0.045417023350315,12.211500000000015,7.94000000000001,-0.2778093198900647,0.0856554171794287,Delayed Deterioration,1.0,solid_common_support
1,day,5.789583333333341,-0.1481167770923666,-0.2507985978407235,-0.0454349563440096,12.211500000000015,7.94000000000001,-0.2778093198900647,0.0856554171794287,Delayed Deterioration,1.0,solid_common_support
1,day,5.822666666666674,-0.1482048797198026,-0.250958563830678,-0.0454511956089272,12.211500000000015,7.94000000000001,-0.2778093198900647,0.0856554171794287,Delayed Deterioration,1.0,solid_common_support
1,day,5.855750000000008,-0.1482882307353681,-0.2511106989623533,-0.0454657625083829,12.211500000000015,7.94000000000001,-0.2778093198900647,0.0856554171794287,Delayed Deterioration,1.0,solid_common_support
1,day,5.8888333333333405,-0.1483669043829984,-0.2512551303403257,-0.045478678425671,12.211500000000015,7.94000000000001,-0.2778093198900647,0.0856554171794287,Delayed Deterioration,1.0,solid_common_support
1,day,5.921916666666674,-0.148440974906629,-0.2513919850483669,-0.0454899647648912,12.211500000000015,7.94000000000001,-0.2778093198900647,0.0856554171794287,Delayed Deterioration,1.0,solid_common_support
1,day,5.955000000000007,-0.1485105165501956,-0.2515213901486005,-0.0454996429517906,12.211500000000015,7.94000000000001,-0.2778093198900647,0.0856554171794287,Delayed Deterioration,1.0,solid_common_support
1,day,5.988083333333341,-0.1485756035576334,-0.2516434726806438,-0.045507734434623,12.211500000000015,7.94000000000001,-0.2778093198900647,0.0856554171794287,Delayed Deterioration,1.0,solid_common_support
1,day,6.021166666666674,-0.148636310172878,-0.251758359660732,-0.045514260685024,12.211500000000015,7.94000000000001,-0.2778093198900647,0.0856554171794287,Delayed Deterioration,1.0,solid_common_support
1,day,6.054250000000008,-0.1486927106398649,-0.251866178080827,-0.0455192431989027,12.211500000000015,7.94000000000001,-0.2778093198900647,0.0856554171794287,Delayed Deterioration,1.0,solid_common_support
1,day,6.087333333333341,-0.1487448792025295,-0.2519670549077091,-0.04552270349735,12.211500000000015,7.94000000000001,-0.2778093198900647,0.0856554171794287,Delayed Deterioration,1.0,solid_common_support
1,day,6.120416666666674,-0.1487928901048074,-0.2520611170820517,-0.0455246631275631,12.211500000000015,7.94000000000001,-0.2778093198900647,0.0856554171794287,Delayed Deterioration,1.0,solid_common_support
1,day,6.153500000000007,-0.1488368175906339,-0.2521484915174806,-0.0455251436637872,12.211500000000015,7.94000000000001,-0.2778093198900647,0.0856554171794287,Delayed Deterioration,1.0,solid_common_support
1,day,6.186583333333341,-0.1488767359039446,-0.2522293050996161,-0.0455241667082731,12.211500000000015,7.94000000000001,-0.2778093198900647,0.0856554171794287,Delayed Deterioration,1.0,solid_common_support
1,day,6.219666666666674,-0.148912719288675,-0.252303684685099,-0.0455217538922511,12.211500000000015,7.94000000000001,-0.2778093198900647,0.0856554171794287,Delayed Deterioration,1.0,solid_common_support
1,day,6.252750000000008,-0.1489448419887605,-0.2523717571005993,-0.0455179268769218,12.211500000000015,7.94000000000001,-0.2778093198900647,0.0856554171794287,Delayed Deterioration,1.0,solid_common_support
1,day,6.285833333333341,-0.1489731782481367,-0.2524336491418102,-0.0455127073544632,12.211500000000015,7.94000000000001,-0.2778093198900647,0.0856554171794287,Delayed Deterioration,1.0,solid_common_support
1,day,6.3189166666666745,-0.1489978023107389,-0.2524894875724239,-0.0455061170490539,12.211500000000015,7.94000000000001,-0.2778093198900647,0.0856554171794287,Delayed Deterioration,1.0,solid_common_support
1,day,6.352000000000007,-0.1490187884205027,-0.2525393991230931,-0.0454981777179124,12.211500000000015,7.94000000000001,-0.2778093198900647,0.0856554171794287,Delayed Deterioration,1.0,solid_common_support
1,day,6.385083333333341,-0.1490362108213636,-0.2525835104903748,-0.0454889111523523,12.211500000000015,7.94000000000001,-0.2778093198900647,0.0856554171794287,Delayed Deterioration,1.0,solid_common_support
1,day,6.418166666666675,-0.1490501437572569,-0.2526219483356593,-0.0454783391788546,12.211500000000015,7.94000000000001,-0.2778093198900647,0.0856554171794287,Delayed Deterioration,1.0,solid_common_support
1,day,6.451250000000008,-0.1490606614721183,-0.2526548392840828,-0.0454664836601538,12.211500000000015,7.94000000000001,-0.2778093198900647,0.0856554171794287,Delayed Deterioration,1.0,solid_common_support
1,day,6.484333333333342,-0.1490678382098832,-0.252682309923425,-0.0454533664963414,12.211500000000015,7.94000000000001,-0.2778093198900647,0.0856554171794287,Delayed Deterioration,1.0,solid_common_support
1,day,6.517416666666675,-0.149071748214487,-0.2527044868029902,-0.0454390096259838,12.211500000000015,7.94000000000001,-0.2778093198900647,0.0856554171794287,Delayed Deterioration,1.0,solid_common_support
1,day,6.550500000000008,-0.1490724657298652,-0.2527214964324747,-0.0454234350272558,12.211500000000015,7.94000000000001,-0.2778093198900647,0.0856554171794287,Delayed Deterioration,1.0,solid_common_support
1,day,6.583583333333341,-0.1490700649999534,-0.2527334652808183,-0.0454066647190886,12.211500000000015,7.94000000000001,-0.2778093198900647,0.0856554171794287,Delayed Deterioration,1.0,solid_common_support
1,day,6.616666666666675,-0.149064620268687,-0.2527405197750408,-0.0453887207623332,12.211500000000015,7.94000000000001,-0.2778093198900647,0.0856554171794287,Delayed Deterioration,1.0,solid_common_support
1,day,6.649750000000008,-0.1490562057800015,-0.2527427862990652,-0.0453696252609377,12.211500000000015,7.94000000000001,-0.2778093198900647,0.0856554171794287,Delayed Deterioration,1.0,solid_common_support
1,day,6.682833333333342,-0.1490448957778323,-0.2527403911925261,-0.0453494003631385,12.211500000000015,7.94000000000001,-0.2778093198900647,0.0856554171794287,Delayed Deterioration,1.0,solid_common_support
1,day,6.715916666666675,-0.1490307645061149,-0.2527334607495639,-0.0453280682626659,12.211500000000015,7.94000000000001,-0.2778093198900647,0.0856554171794287,Delayed Deterioration,1.0,solid_common_support
1,day,6.7490000000000085,-0.1490138862087848,-0.2527221212176071,-0.0453056511999626,12.211500000000015,7.94000000000001,-0.2778093198900647,0.0856554171794287,Delayed Deterioration,1.0,solid_common_support
1,day,6.7820833333333415,-0.1489943351297775,-0.2527064987961397,-0.0452821714634154,12.211500000000015,7.94000000000001,-0.2778093198900647,0.0856554171794287,Delayed Deterioration,1.0,solid_common_support
1,day,6.815166666666675,-0.1489721855130286,-0.2526867196354578,-0.0452576513905993,12.211500000000015,7.94000000000001,-0.2778093198900647,0.0856554171794287,Delayed Deterioration,1.0,solid_common_support
1,day,6.848250000000008,-0.1489475116024733,-0.2526629098354127,-0.0452321133695339,12.211500000000015,7.94000000000001,-0.2778093198900647,0.0856554171794287,Delayed Deterioration,1.0,solid_common_support
1,day,6.881333333333342,-0.1489203876420472,-0.2526351954441427,-0.0452055798399518,12.211500000000015,7.94000000000001,-0.2778093198900647,0.0856554171794287,Delayed Deterioration,1.0,solid_common_support
1,day,6.914416666666675,-0.1488908878756859,-0.2526037024567947,-0.0451780732945771,12.211500000000015,7.94000000000001,-0.2778093198900647,0.0856554171794287,Delayed Deterioration,1.0,solid_common_support
1,day,6.947500000000009,-0.1488590865473247,-0.2525685568142335,-0.0451496162804159,12.211500000000015,7.94000000000001,-0.2778093198900647,0.0856554171794287,Delayed Deterioration,1.0,solid_common_support
1,day,6.980583333333342,-0.1488250579008992,-0.2525298844017423,-0.0451202314000561,12.211500000000015,7.94000000000001,-0.2778093198900647,0.0856554171794287,Delayed Deterioration,1.0,solid_common_support
1,day,7.013666666666675,-0.1487888761803448,-0.2524878110477132,-0.0450899413129764,12.211500000000015,7.94000000000001,-0.2778093198900647,0.0856554171794287,Delayed Deterioration,1.0,solid_common_support
1,day,7.046750000000008,-0.148750615629597,-0.252442462522329,-0.0450587687368651,12.211500000000015,7.94000000000001,-0.2778093198900647,0.0856554171794287,Delayed Deterioration,1.0,solid_common_support
1,day,7.079833333333342,-0.1487103504925914,-0.2523939645362366,-0.0450267364489461,12.211500000000015,7.94000000000001,-0.2778093198900647,0.0856554171794287,Delayed Deterioration,1.0,solid_common_support
1,day,7.112916666666676,-0.1486681550132632,-0.2523424427392133,-0.0449938672873131,12.211500000000015,7.94000000000001,-0.2778093198900647,0.0856554171794287,Delayed Deterioration,1.0,solid_common_support
1,day,7.146000000000009,-0.1486241034355482,-0.252288022718826,-0.0449601841522704,12.211500000000015,7.94000000000001,-0.2778093198900647,0.0856554171794287,Delayed Deterioration,1.0,solid_common_support
1,day,7.179083333333343,-0.1485782700033816,-0.2522308299990841,-0.0449257100076792,12.211500000000015,7.94000000000001,-0.2778093198900647,0.0856554171794287,Delayed Deterioration,1.0,solid_common_support
1,day,7.2121666666666755,-0.1485307289606991,-0.2521709900390882,-0.0448904678823099,12.211500000000015,7.94000000000001,-0.2778093198900647,0.0856554171794287,Delayed Deterioration,1.0,solid_common_support
1,day,7.245250000000009,-0.148481554551436,-0.2521086282316735,-0.0448544808711986,12.211500000000015,7.94000000000001,-0.2778093198900647,0.0856554171794287,Delayed Deterioration,1.0,solid_common_support
1,day,7.278333333333342,-0.148430821019528,-0.2520438699020496,-0.0448177721370063,12.211500000000015,7.94000000000001,-0.2778093198900647,0.0856554171794287,Delayed Deterioration,1.0,solid_common_support
1,day,7.311416666666676,-0.1483786026089103,-0.2519768403064385,-0.0447803649113821,12.211500000000015,7.94000000000001,-0.2778093198900647,0.0856554171794287,Delayed Deterioration,1.0,solid_common_support
1,day,7.344500000000009,-0.1483249735635185,-0.2519076646307102,-0.0447422824963269,12.211500000000015,7.94000000000001,-0.2778093198900647,0.0856554171794287,Delayed Deterioration,1.0,solid_common_support
1,day,7.377583333333343,-0.1482700081272882,-0.2518364679890179,-0.0447035482655585,12.211500000000015,7.94000000000001,-0.2778093198900647,0.0856554171794287,Delayed Deterioration,1.0,solid_common_support
1,day,7.410666666666676,-0.1482137805441547,-0.2517633754224335,-0.0446641856658759,12.211500000000015,7.94000000000001,-0.2778093198900647,0.0856554171794287,Delayed Deterioration,1.0,solid_common_support
1,day,7.443750000000009,-0.1481563650580536,-0.2516885118975843,-0.0446242182185229,12.211500000000015,7.94000000000001,-0.2778093198900647,0.0856554171794287,Delayed Deterioration,1.0,solid_common_support
1,day,7.476833333333342,-0.1480978359129202,-0.2516120023052922,-0.0445836695205482,12.211500000000015,7.94000000000001,-0.2778093198900647,0.0856554171794287,Delayed Deterioration,1.0,solid_common_support
1,day,7.509916666666676,-0.1480382673526902,-0.251533971459217,-0.0445425632461635,12.211500000000015,7.94000000000001,-0.2778093198900647,0.0856554171794287,Delayed Deterioration,1.0,solid_common_support
1,day,7.543000000000009,-0.147977733621299,-0.2514545440945029,-0.0445009231480951,12.211500000000015,7.94000000000001,-0.2778093198900647,0.0856554171794287,Delayed Deterioration,1.0,solid_common_support
1,day,7.576083333333343,-0.1479163089626821,-0.251373844866433,-0.0444587730589311,12.211500000000015,7.94000000000001,-0.2778093198900647,0.0856554171794287,Delayed Deterioration,1.0,solid_common_support
1,day,7.609166666666676,-0.1478540676207749,-0.2512919983490893,-0.0444161368924605,12.211500000000015,7.94000000000001,-0.2778093198900647,0.0856554171794287,Delayed Deterioration,1.0,solid_common_support
1,day,7.6422500000000095,-0.1477910838395128,-0.2512091290340218,-0.0443730386450038,12.211500000000015,7.94000000000001,-0.2778093198900647,0.0856554171794287,Delayed Deterioration,1.0,solid_common_support
1,day,7.6753333333333424,-0.1477274318628316,-0.251125361328928,-0.0443295023967351,12.211500000000015,7.94000000000001,-0.2778093198900647,0.0856554171794287,Delayed Deterioration,1.0,solid_common_support
1,day,7.708416666666676,-0.1476631859346664,-0.2510408195563413,-0.0442855523129915,12.211500000000015,7.94000000000001,-0.2778093198900647,0.0856554171794287,Delayed Deterioration,1.0,solid_common_support
1,day,7.741500000000009,-0.1475984202989529,-0.2509556279523349,-0.044241212645571,12.211500000000015,7.94000000000001,-0.2778093198900647,0.0856554171794287,Delayed Deterioration,1.0,solid_common_support
1,day,7.774583333333343,-0.1475332091996266,-0.2508699106652369,-0.0441965077340163,12.211500000000015,7.94000000000001,-0.2778093198900647,0.0856554171794287,Delayed Deterioration,1.0,solid_common_support
1,day,7.807666666666677,-0.1474676268806228,-0.2507837917543625,-0.0441514620068832,12.211500000000015,7.94000000000001,-0.2778093198900647,0.0856554171794287,Delayed Deterioration,1.0,solid_common_support
1,day,7.84075000000001,-0.1474017475858772,-0.2506973951887623,-0.0441060999829922,12.211500000000015,7.94000000000001,-0.2778093198900647,0.0856554171794287,Delayed Deterioration,1.0,solid_common_support
1,day,7.873833333333343,-0.1473356455593252,-0.2506108448459885,-0.0440604462726618,12.211500000000015,7.94000000000001,-0.2778093198900647,0.0856554171794287,Delayed Deterioration,1.0,solid_common_support
1,day,7.906916666666676,-0.1472693950449021,-0.2505242645108825,-0.0440145255789218,12.211500000000015,7.94000000000001,-0.2778093198900647,0.0856554171794287,Delayed Deterioration,1.0,solid_common_support
1,day,7.94000000000001,-0.1472030702865436,-0.250437777874382,-0.0439683626987052,12.211500000000015,7.94000000000001,-0.2778093198900647,0.0856554171794287,Delayed Deterioration,1.0,solid_common_support
1,day,8.327791354166676,-0.1464254894386442,-0.2494400050579851,-0.0434109738193033,12.211500000000015,7.94000000000001,-0.2778093198900647,0.0856554171794287,Delayed Deterioration,1.0,dashed_p80_tail
1,day,8.715582708333343,-0.1456479085907448,-0.2484722787770994,-0.0428235384043903,12.211500000000015,7.94000000000001,-0.2778093198900647,0.0856554171794287,Delayed Deterioration,1.0,dashed_p80_tail
1,day,9.10337406250001,-0.1448703277428454,-0.2475347659799763,-0.0422058895057145,12.211500000000015,7.94000000000001,-0.2778093198900647,0.0856554171794287,Delayed Deterioration,1.0,dashed_p80_tail
1,day,9.491165416666677,-0.144092746894946,-0.2466276080459858,-0.0415578857439063,12.211500000000015,7.94000000000001,-0.2778093198900647,0.0856554171794287,Delayed Deterioration,1.0,dashed_p80_tail
1,day,9.878956770833344,-0.1433151660470467,-0.245750920168215,-0.0408794119258784,12.211500000000015,7.94000000000001,-0.2778093198900647,0.0856554171794287,Delayed Deterioration,1.0,dashed_p80_tail
1,day,10.26674812500001,-0.1425375851991472,-0.2449047908456532,-0.0401703795526413,12.211500000000015,7.94000000000001,-0.2778093198900647,0.0856554171794287,Delayed Deterioration,1.0,dashed_p80_tail
1,day,10.654539479166676,-0.1417600043512479,-0.2440892814901379,-0.0394307272123579,12.211500000000015,7.94000000000001,-0.2778093198900647,0.0856554171794287,Delayed Deterioration,1.0,dashed_p80_tail
1,day,11.042330833333342,-0.1409824235033485,-0.2433044261521122,-0.0386604208545848,12.211500000000015,7.94000000000001,-0.2778093198900647,0.0856554171794287,Delayed Deterioration,1.0,dashed_p80_tail
1,day,11.43012218750001,-0.140204842655449,-0.2425502313680412,-0.0378594539428568,12.211500000000015,7.94000000000001,-0.2778093198900647,0.0856554171794287,Delayed Deterioration,1.0,dashed_p80_tail
1,day,11.817913541666677,-0.1394272618075497,-0.2418266761310786,-0.0370278474840209,12.211500000000015,7.94000000000001,-0.2778093198900647,0.0856554171794287,Delayed Deterioration,1.0,dashed_p80_tail
1,day,12.205704895833344,-0.1386496809596503,-0.2411337119852885,-0.0361656499340121,12.211500000000015,7.94000000000001,-0.2778093198900647,0.0856554171794287,Delayed Deterioration,1.0,dashed_p80_tail
2,day,0.0,0.0,0.0,0.0,10.715400000000017,7.94000000000001,-0.1787737928332056,0.1575482802062968,Weak Oscillatory Response,1.0,solid_common_support
2,day,0.0330833333333333,-0.0002800530718724,-0.0013875670720698,0.0008274609283248,10.715400000000017,7.94000000000001,-0.1787737928332056,0.1575482802062968,Weak Oscillatory Response,1.0,solid_common_support
2,day,0.0661666666666667,-0.0005600845517932,-0.002774922754948,0.0016547536513615,10.715400000000017,7.94000000000001,-0.1787737928332056,0.1575482802062968,Weak Oscillatory Response,1.0,solid_common_support
2,day,0.0992500000000001,-0.0008400728478105,-0.0041618556600181,0.002481709964397,10.715400000000017,7.94000000000001,-0.1787737928332056,0.1575482802062968,Weak Oscillatory Response,1.0,solid_common_support
2,day,0.1323333333333335,-0.0011199963679725,-0.0055481543998145,0.0033081616638695,10.715400000000017,7.94000000000001,-0.1787737928332056,0.1575482802062968,Weak Oscillatory Response,1.0,solid_common_support
2,day,0.1654166666666668,-0.0013998335203275,-0.0069336075886001,0.004133940547945,10.715400000000017,7.94000000000001,-0.1787737928332056,0.1575482802062968,Weak Oscillatory Response,1.0,solid_common_support
2,day,0.1985000000000002,-0.0016795627129238,-0.0083180038429451,0.0049588784170973,10.715400000000017,7.94000000000001,-0.1787737928332056,0.1575482802062968,Weak Oscillatory Response,1.0,solid_common_support
2,day,0.2315833333333336,-0.0019591623538097,-0.0097011317823093,0.0057828070746898,10.715400000000017,7.94000000000001,-0.1787737928332056,0.1575482802062968,Weak Oscillatory Response,1.0,solid_common_support
2,day,0.264666666666667,-0.0022386108510333,-0.0110827800296277,0.0066055583275609,10.715400000000017,7.94000000000001,-0.1787737928332056,0.1575482802062968,Weak Oscillatory Response,1.0,solid_common_support
2,day,0.2977500000000003,-0.002517886612643,-0.0124627372119003,0.0074269639866142,10.715400000000017,7.94000000000001,-0.1787737928332056,0.1575482802062968,Weak Oscillatory Response,1.0,solid_common_support
2,day,0.3308333333333337,-0.002796968046687,-0.0138407919607865,0.0082468558674125,10.715400000000017,7.94000000000001,-0.1787737928332056,0.1575482802062968,Weak Oscillatory Response,1.0,solid_common_support
2,day,0.3639166666666671,-0.0030758335612135,-0.0152167329132058,0.0090650657907787,10.715400000000017,7.94000000000001,-0.1787737928332056,0.1575482802062968,Weak Oscillatory Response,1.0,solid_common_support
2,day,0.3970000000000004,-0.0033544615642708,-0.0165903487119439,0.0098814255834021,10.715400000000017,7.94000000000001,-0.1787737928332056,0.1575482802062968,Weak Oscillatory Response,1.0,solid_common_support
2,day,0.4300833333333339,-0.0036328304639072,-0.0179614280062671,0.0106957670784526,10.715400000000017,7.94000000000001,-0.1787737928332056,0.1575482802062968,Weak Oscillatory Response,1.0,solid_common_support
2,day,0.4631666666666672,-0.0039109186681709,-0.019329759452544,0.011507922116202,10.715400000000017,7.94000000000001,-0.1787737928332056,0.1575482802062968,Weak Oscillatory Response,1.0,solid_common_support
2,day,0.4962500000000006,-0.0041887045851102,-0.0206951317148752,0.0123177225446547,10.715400000000017,7.94000000000001,-0.1787737928332056,0.1575482802062968,Weak Oscillatory Response,1.0,solid_common_support
2,day,0.529333333333334,-0.0044661666227733,-0.0220573334657344,0.0131250002201877,10.715400000000017,7.94000000000001,-0.1787737928332056,0.1575482802062968,Weak Oscillatory Response,1.0,solid_common_support
2,day,0.5624166666666673,-0.0047432831892085,-0.0234161533866176,0.0139295870082006,10.715400000000017,7.94000000000001,-0.1787737928332056,0.1575482802062968,Weak Oscillatory Response,1.0,solid_common_support
2,day,0.5955000000000007,-0.005020032692464,-0.0247713801687053,0.0147313147837772,10.715400000000017,7.94000000000001,-0.1787737928332056,0.1575482802062968,Weak Oscillatory Response,1.0,solid_common_support
2,day,0.6285833333333342,-0.0052963935405881,-0.0261228025135353,0.015530015432359,10.715400000000017,7.94000000000001,-0.1787737928332056,0.1575482802062968,Weak Oscillatory Response,1.0,solid_common_support
2,day,0.6616666666666675,-0.005572344141629,-0.0274702091336899,0.0163255208504317,10.715400000000017,7.94000000000001,-0.1787737928332056,0.1575482802062968,Weak Oscillatory Response,1.0,solid_common_support
2,day,0.6947500000000009,-0.0058478629036351,-0.0288133887534955,0.0171176629462252,10.715400000000017,7.94000000000001,-0.1787737928332056,0.1575482802062968,Weak Oscillatory Response,1.0,solid_common_support
2,day,0.7278333333333342,-0.0061229282346545,-0.0301521301097381,0.017906273640429,10.715400000000017,7.94000000000001,-0.1787737928332056,0.1575482802062968,Weak Oscillatory Response,1.0,solid_common_support
2,day,0.7609166666666676,-0.0063975185427355,-0.0314862219523943,0.0186911848669232,10.715400000000017,7.94000000000001,-0.1787737928332056,0.1575482802062968,Weak Oscillatory Response,1.0,solid_common_support
2,day,0.7940000000000009,-0.0066716122359264,-0.0328154530453787,0.0194722285735257,10.715400000000017,7.94000000000001,-0.1787737928332056,0.1575482802062968,Weak Oscillatory Response,1.0,solid_common_support
2,day,0.8270833333333344,-0.0069451877222754,-0.0341396121673098,0.0202492367227588,10.715400000000017,7.94000000000001,-0.1787737928332056,0.1575482802062968,Weak Oscillatory Response,1.0,solid_common_support
2,day,0.8601666666666677,-0.0072182234098308,-0.0354584881122947,0.021022041292633,10.715400000000017,7.94000000000001,-0.1787737928332056,0.1575482802062968,Weak Oscillatory Response,1.0,solid_common_support
2,day,0.8932500000000011,-0.0074906977066408,-0.0367718696907337,0.021790474277452,10.715400000000017,7.94000000000001,-0.1787737928332056,0.1575482802062968,Weak Oscillatory Response,1.0,solid_common_support
2,day,0.9263333333333345,-0.0077625890207537,-0.0380795457301467,0.0225543676886392,10.715400000000017,7.94000000000001,-0.1787737928332056,0.1575482802062968,Weak Oscillatory Response,1.0,solid_common_support
2,day,0.9594166666666678,-0.0080338757602177,-0.0393813050760215,0.0233135535555859,10.715400000000017,7.94000000000001,-0.1787737928332056,0.1575482802062968,Weak Oscillatory Response,1.0,solid_common_support
2,day,0.9925000000000012,-0.0083045363330812,-0.0406769365926864,0.0240678639265239,10.715400000000017,7.94000000000001,-0.1787737928332056,0.1575482802062968,Weak Oscillatory Response,1.0,solid_common_support
2,day,1.0255833333333346,-0.0085745491473923,-0.0419662291642081,0.0248171308694235,10.715400000000017,7.94000000000001,-0.1787737928332056,0.1575482802062968,Weak Oscillatory Response,1.0,solid_common_support
2,day,1.058666666666668,-0.0088438926111993,-0.0432489716953159,0.0255611864729173,10.715400000000017,7.94000000000001,-0.1787737928332056,0.1575482802062968,Weak Oscillatory Response,1.0,solid_common_support
2,day,1.091750000000001,-0.0091125451325504,-0.044524953112354,0.0262998628472531,10.715400000000017,7.94000000000001,-0.1787737928332056,0.1575482802062968,Weak Oscillatory Response,1.0,solid_common_support
2,day,1.124833333333335,-0.009380485119494,-0.0457939623642634,0.0270329921252753,10.715400000000017,7.94000000000001,-0.1787737928332056,0.1575482802062968,Weak Oscillatory Response,1.0,solid_common_support
2,day,1.157916666666668,-0.0096476909800782,-0.0470557884235951,0.0277604064634386,10.715400000000017,7.94000000000001,-0.1787737928332056,0.1575482802062968,Weak Oscillatory Response,1.0,solid_common_support
2,day,1.1910000000000014,-0.0099141411223514,-0.0483102202875562,0.0284819380428534,10.715400000000017,7.94000000000001,-0.1787737928332056,0.1575482802062968,Weak Oscillatory Response,1.0,solid_common_support
2,day,1.2240833333333347,-0.0101798139543617,-0.0495570469790905,0.0291974190703669,10.715400000000017,7.94000000000001,-0.1787737928332056,0.1575482802062968,Weak Oscillatory Response,1.0,solid_common_support
2,day,1.2571666666666683,-0.0104446878841575,-0.0507960575479952,0.0299066817796801,10.715400000000017,7.94000000000001,-0.1787737928332056,0.1575482802062968,Weak Oscillatory Response,1.0,solid_common_support
2,day,1.2902500000000017,-0.010708741319787,-0.0520270410720773,0.0306095584325032,10.715400000000017,7.94000000000001,-0.1787737928332056,0.1575482802062968,Weak Oscillatory Response,1.0,solid_common_support
2,day,1.323333333333335,-0.0109719526692984,-0.0532497866583488,0.0313058813197519,10.715400000000017,7.94000000000001,-0.1787737928332056,0.1575482802062968,Weak Oscillatory Response,1.0,solid_common_support
2,day,1.3564166666666684,-0.01123430034074,-0.0544640834442658,0.0319954827627856,10.715400000000017,7.94000000000001,-0.1787737928332056,0.1575482802062968,Weak Oscillatory Response,1.0,solid_common_support
2,day,1.3895000000000015,-0.0114957627421601,-0.0556697205990115,0.0326781951146912,10.715400000000017,7.94000000000001,-0.1787737928332056,0.1575482802062968,Weak Oscillatory Response,1.0,solid_common_support
2,day,1.422583333333335,-0.0117563182816069,-0.0568664873248272,0.0333538507616134,10.715400000000017,7.94000000000001,-0.1787737928332056,0.1575482802062968,Weak Oscillatory Response,1.0,solid_common_support
2,day,1.4556666666666684,-0.0120159453671286,-0.0580541728583926,0.0340222821241352,10.715400000000017,7.94000000000001,-0.1787737928332056,0.1575482802062968,Weak Oscillatory Response,1.0,solid_common_support
2,day,1.4887500000000018,-0.0122746224067736,-0.059232566472258,0.0346833216587107,10.715400000000017,7.94000000000001,-0.1787737928332056,0.1575482802062968,Weak Oscillatory Response,1.0,solid_common_support
2,day,1.5218333333333351,-0.0125323278085901,-0.0604014574763328,0.0353368018591525,10.715400000000017,7.94000000000001,-0.1787737928332056,0.1575482802062968,Weak Oscillatory Response,1.0,solid_common_support
2,day,1.5549166666666685,-0.0127890399806263,-0.0615606352194304,0.0359825552581778,10.715400000000017,7.94000000000001,-0.1787737928332056,0.1575482802062968,Weak Oscillatory Response,1.0,solid_common_support
2,day,1.588000000000002,-0.0130447373309304,-0.0627098890908758,0.0366204144290148,10.715400000000017,7.94000000000001,-0.1787737928332056,0.1575482802062968,Weak Oscillatory Response,1.0,solid_common_support
2,day,1.6210833333333354,-0.0132993982675508,-0.0638490085221763,0.0372502119870745,10.715400000000017,7.94000000000001,-0.1787737928332056,0.1575482802062968,Weak Oscillatory Response,1.0,solid_common_support
2,day,1.6541666666666688,-0.0135530011985357,-0.0649777829887606,0.037871780591689,10.715400000000017,7.94000000000001,-0.1787737928332056,0.1575482802062968,Weak Oscillatory Response,1.0,solid_common_support
2,day,1.687250000000002,-0.0138055245319334,-0.0660960020117892,0.0384849529479223,10.715400000000017,7.94000000000001,-0.1787737928332056,0.1575482802062968,Weak Oscillatory Response,1.0,solid_common_support
2,day,1.7203333333333355,-0.0140569468155468,-0.0672034565271297,0.0390895628960359,10.715400000000017,7.94000000000001,-0.1787737928332056,0.1575482802062968,Weak Oscillatory Response,1.0,solid_common_support
2,day,1.7534166666666688,-0.0143072564042448,-0.0683000334498566,0.0396855206413669,10.715400000000017,7.94000000000001,-0.1787737928332056,0.1575482802062968,Weak Oscillatory Response,1.0,solid_common_support
2,day,1.7865000000000022,-0.0145564577331659,-0.0693857770185929,0.040272861552261,10.715400000000017,7.94000000000001,-0.1787737928332056,0.1575482802062968,Weak Oscillatory Response,1.0,solid_common_support
2,day,1.819583333333336,-0.0148045567288331,-0.0704607460729685,0.0408516326153023,10.715400000000017,7.94000000000001,-0.1787737928332056,0.1575482802062968,Weak Oscillatory Response,1.0,solid_common_support
2,day,1.852666666666669,-0.0150515593177692,-0.0715249994637206,0.0414218808281821,10.715400000000017,7.94000000000001,-0.1787737928332056,0.1575482802062968,Weak Oscillatory Response,1.0,solid_common_support
2,day,1.8857500000000025,-0.0152974714264971,-0.072578596052192,0.0419836531991976,10.715400000000017,7.94000000000001,-0.1787737928332056,0.1575482802062968,Weak Oscillatory Response,1.0,solid_common_support
2,day,1.918833333333336,-0.0155422989815398,-0.0736215947098889,0.0425369967468093,10.715400000000017,7.94000000000001,-0.1787737928332056,0.1575482802062968,Weak Oscillatory Response,1.0,solid_common_support
2,day,1.9519166666666687,-0.0157860479094199,-0.0746540543180897,0.0430819584992497,10.715400000000017,7.94000000000001,-0.1787737928332056,0.1575482802062968,Weak Oscillatory Response,1.0,solid_common_support
2,day,1.9850000000000023,-0.0160287241366605,-0.0756760337674985,0.0436185854941773,10.715400000000017,7.94000000000001,-0.1787737928332056,0.1575482802062968,Weak Oscillatory Response,1.0,solid_common_support
2,day,2.018083333333336,-0.0162703335897844,-0.0766875919579377,0.0441469247783689,10.715400000000017,7.94000000000001,-0.1787737928332056,0.1575482802062968,Weak Oscillatory Response,1.0,solid_common_support
2,day,2.051166666666669,-0.0165108821953144,-0.0776887877980755,0.0446670234074465,10.715400000000017,7.94000000000001,-0.1787737928332056,0.1575482802062968,Weak Oscillatory Response,1.0,solid_common_support
2,day,2.0842500000000026,-0.0167503758797735,-0.0786796802051825,0.0451789284456355,10.715400000000017,7.94000000000001,-0.1787737928332056,0.1575482802062968,Weak Oscillatory Response,1.0,solid_common_support
2,day,2.117333333333336,-0.0169888205696844,-0.0796603281049164,0.0456826869655474,10.715400000000017,7.94000000000001,-0.1787737928332056,0.1575482802062968,Weak Oscillatory Response,1.0,solid_common_support
2,day,2.1504166666666693,-0.0172262221915702,-0.0806307904311285,0.046178346047988,10.715400000000017,7.94000000000001,-0.1787737928332056,0.1575482802062968,Weak Oscillatory Response,1.0,solid_common_support
2,day,2.1835000000000027,-0.0174625866719536,-0.0815911261256923,0.0466659527817851,10.715400000000017,7.94000000000001,-0.1787737928332056,0.1575482802062968,Weak Oscillatory Response,1.0,solid_common_support
2,day,2.216583333333336,-0.0176979199373575,-0.0825413941383496,0.0471455542636346,10.715400000000017,7.94000000000001,-0.1787737928332056,0.1575482802062968,Weak Oscillatory Response,1.0,solid_common_support
2,day,2.2496666666666694,-0.0179322279143047,-0.0834816534265729,0.0476171975979633,10.715400000000017,7.94000000000001,-0.1787737928332056,0.1575482802062968,Weak Oscillatory Response,1.0,solid_common_support
2,day,2.2827500000000027,-0.0181655165293183,-0.0844119629554426,0.0480809298968059,10.715400000000017,7.94000000000001,-0.1787737928332056,0.1575482802062968,Weak Oscillatory Response,1.0,solid_common_support
2,day,2.315833333333336,-0.018397791708921,-0.085332381697536,0.0485367982796939,10.715400000000017,7.94000000000001,-0.1787737928332056,0.1575482802062968,Weak Oscillatory Response,1.0,solid_common_support
2,day,2.348916666666669,-0.0186290593796356,-0.0862429686328283,0.048984849873557,10.715400000000017,7.94000000000001,-0.1787737928332056,0.1575482802062968,Weak Oscillatory Response,1.0,solid_common_support
2,day,2.382000000000003,-0.0188593254679851,-0.0871437827486039,0.0494251318126335,10.715400000000017,7.94000000000001,-0.1787737928332056,0.1575482802062968,Weak Oscillatory Response,1.0,solid_common_support
2,day,2.415083333333336,-0.0190885959004924,-0.0880348830393752,0.0498576912383903,10.715400000000017,7.94000000000001,-0.1787737928332056,0.1575482802062968,Weak Oscillatory Response,1.0,solid_common_support
2,day,2.448166666666669,-0.0193168766036803,-0.0889163285068107,0.05028257529945,10.715400000000017,7.94000000000001,-0.1787737928332056,0.1575482802062968,Weak Oscillatory Response,1.0,solid_common_support
2,day,2.481250000000004,-0.0195441735040716,-0.0897881781596688,0.0506998311515255,10.715400000000017,7.94000000000001,-0.1787737928332056,0.1575482802062968,Weak Oscillatory Response,1.0,solid_common_support
2,day,2.5143333333333366,-0.0197704925281893,-0.0906504910137392,0.0511095059573604,10.715400000000017,7.94000000000001,-0.1787737928332056,0.1575482802062968,Weak Oscillatory Response,1.0,solid_common_support
2,day,2.54741666666667,-0.0199958396025562,-0.0915033260917877,0.0515116468866751,10.715400000000017,7.94000000000001,-0.1787737928332056,0.1575482802062968,Weak Oscillatory Response,1.0,solid_common_support
2,day,2.580500000000004,-0.0202202206536953,-0.0923467424235079,0.0519063011161173,10.715400000000017,7.94000000000001,-0.1787737928332056,0.1575482802062968,Weak Oscillatory Response,1.0,solid_common_support
2,day,2.6135833333333367,-0.0204436416081292,-0.0931807990454752,0.0522935158292167,10.715400000000017,7.94000000000001,-0.1787737928332056,0.1575482802062968,Weak Oscillatory Response,1.0,solid_common_support
2,day,2.64666666666667,-0.020666108392381,-0.0940055550011058,0.0526733382163436,10.715400000000017,7.94000000000001,-0.1787737928332056,0.1575482802062968,Weak Oscillatory Response,1.0,solid_common_support
2,day,2.6797500000000034,-0.0208876269329735,-0.0948210693406179,0.0530458154746707,10.715400000000017,7.94000000000001,-0.1787737928332056,0.1575482802062968,Weak Oscillatory Response,1.0,solid_common_support
2,day,2.7128333333333368,-0.0211082031564296,-0.0956274011209961,0.0534109948081368,10.715400000000017,7.94000000000001,-0.1787737928332056,0.1575482802062968,Weak Oscillatory Response,1.0,solid_common_support
2,day,2.74591666666667,-0.0213278429892721,-0.096424609405958,0.0537689234274136,10.715400000000017,7.94000000000001,-0.1787737928332056,0.1575482802062968,Weak Oscillatory Response,1.0,solid_common_support
2,day,2.7790000000000035,-0.021546552358024,-0.0972127532659226,0.0541196485498746,10.715400000000017,7.94000000000001,-0.1787737928332056,0.1575482802062968,Weak Oscillatory Response,1.0,solid_common_support
2,day,2.812083333333337,-0.021764337189208,-0.0979918917779803,0.0544632173995643,10.715400000000017,7.94000000000001,-0.1787737928332056,0.1575482802062968,Weak Oscillatory Response,1.0,solid_common_support
2,day,2.84516666666667,-0.0219812034093471,-0.0987620840258646,0.0547996772071703,10.715400000000017,7.94000000000001,-0.1787737928332056,0.1575482802062968,Weak Oscillatory Response,1.0,solid_common_support
2,day,2.8782500000000035,-0.0221971569449641,-0.0995233890999236,0.0551290752099953,10.715400000000017,7.94000000000001,-0.1787737928332056,0.1575482802062968,Weak Oscillatory Response,1.0,solid_common_support
2,day,2.911333333333337,-0.0224122037225819,-0.100275866097094,0.0554514586519302,10.715400000000017,7.94000000000001,-0.1787737928332056,0.1575482802062968,Weak Oscillatory Response,1.0,solid_common_support
2,day,2.9444166666666702,-0.0226263496687233,-0.1010195741208741,0.0557668747834273,10.715400000000017,7.94000000000001,-0.1787737928332056,0.1575482802062968,Weak Oscillatory Response,1.0,solid_common_support
2,day,2.977500000000004,-0.0228396007099114,-0.1017545722812975,0.0560753708614746,10.715400000000017,7.94000000000001,-0.1787737928332056,0.1575482802062968,Weak Oscillatory Response,1.0,solid_common_support
2,day,3.010583333333337,-0.0230519627726688,-0.1024809196949069,0.0563769941495692,10.715400000000017,7.94000000000001,-0.1787737928332056,0.1575482802062968,Weak Oscillatory Response,1.0,solid_common_support
2,day,3.0436666666666703,-0.0232634417835185,-0.1031986754847279,0.0566717919176908,10.715400000000017,7.94000000000001,-0.1787737928332056,0.1575482802062968,Weak Oscillatory Response,1.0,solid_common_support
2,day,3.076750000000004,-0.0234740436689833,-0.1039078987802416,0.0569598114422749,10.715400000000017,7.94000000000001,-0.1787737928332056,0.1575482802062968,Weak Oscillatory Response,1.0,solid_common_support
2,day,3.109833333333337,-0.0236837743555862,-0.104608648717358,0.0572411000061856,10.715400000000017,7.94000000000001,-0.1787737928332056,0.1575482802062968,Weak Oscillatory Response,1.0,solid_common_support
2,day,3.1429166666666704,-0.0238926397698499,-0.1053009844383871,0.0575157048986871,10.715400000000017,7.94000000000001,-0.1787737928332056,0.1575482802062968,Weak Oscillatory Response,1.0,solid_common_support
2,day,3.176000000000004,-0.0241006458382975,-0.10598496509201,0.057783673415415,10.715400000000017,7.94000000000001,-0.1787737928332056,0.1575482802062968,Weak Oscillatory Response,1.0,solid_common_support
2,day,3.209083333333337,-0.0243077984874516,-0.1066606498332491,0.0580450528583458,10.715400000000017,7.94000000000001,-0.1787737928332056,0.1575482802062968,Weak Oscillatory Response,1.0,solid_common_support
2,day,3.242166666666671,-0.0245141036438353,-0.1073280978234363,0.0582998905357657,10.715400000000017,7.94000000000001,-0.1787737928332056,0.1575482802062968,Weak Oscillatory Response,1.0,solid_common_support
2,day,3.275250000000004,-0.0247195672339713,-0.1079873682301803,0.0585482337622377,10.715400000000017,7.94000000000001,-0.1787737928332056,0.1575482802062968,Weak Oscillatory Response,1.0,solid_common_support
2,day,3.3083333333333376,-0.0249241951843826,-0.1086385202273324,0.0587901298585672,10.715400000000017,7.94000000000001,-0.1787737928332056,0.1575482802062968,Weak Oscillatory Response,1.0,solid_common_support
2,day,3.341416666666671,-0.0251279934215919,-0.1092816129949503,0.0590256261517663,10.715400000000017,7.94000000000001,-0.1787737928332056,0.1575482802062968,Weak Oscillatory Response,1.0,solid_common_support
2,day,3.3745000000000043,-0.0253309678721223,-0.1099167057192604,0.0592547699750157,10.715400000000017,7.94000000000001,-0.1787737928332056,0.1575482802062968,Weak Oscillatory Response,1.0,solid_common_support
2,day,3.4075833333333376,-0.0255331244624965,-0.1105438575926181,0.059477608667625,10.715400000000017,7.94000000000001,-0.1787737928332056,0.1575482802062968,Weak Oscillatory Response,1.0,solid_common_support
2,day,3.440666666666671,-0.0257344691192375,-0.1111631278134658,0.0596941895749907,10.715400000000017,7.94000000000001,-0.1787737928332056,0.1575482802062968,Weak Oscillatory Response,1.0,solid_common_support
2,day,3.4737500000000043,-0.025935007768868,-0.1117745755862886,0.0599045600485524,10.715400000000017,7.94000000000001,-0.1787737928332056,0.1575482802062968,Weak Oscillatory Response,1.0,solid_common_support
2,day,3.5068333333333377,-0.0261347463379111,-0.1123782601215684,0.0601087674457462,10.715400000000017,7.94000000000001,-0.1787737928332056,0.1575482802062968,Weak Oscillatory Response,1.0,solid_common_support
2,day,3.539916666666671,-0.0263336907528894,-0.1129742406357345,0.0603068591299555,10.715400000000017,7.94000000000001,-0.1787737928332056,0.1575482802062968,Weak Oscillatory Response,1.0,solid_common_support
2,day,3.5730000000000044,-0.026531846940326,-0.1135625763511122,0.0604988824704602,10.715400000000017,7.94000000000001,-0.1787737928332056,0.1575482802062968,Weak Oscillatory Response,1.0,solid_common_support
2,day,3.6060833333333377,-0.0267292208267436,-0.1141433264958687,0.0606848848423814,10.715400000000017,7.94000000000001,-0.1787737928332056,0.1575482802062968,Weak Oscillatory Response,1.0,solid_common_support
2,day,3.639166666666671,-0.0269258183386652,-0.1147165503039557,0.0608649136266252,10.715400000000017,7.94000000000001,-0.1787737928332056,0.1575482802062968,Weak Oscillatory Response,1.0,solid_common_support
2,day,3.672250000000005,-0.0271216454026136,-0.1152823070150495,0.0610390162098221,10.715400000000017,7.94000000000001,-0.1787737928332056,0.1575482802062968,Weak Oscillatory Response,1.0,solid_common_support
2,day,3.705333333333338,-0.0273167079451117,-0.1158406558744874,0.0612072399842638,10.715400000000017,7.94000000000001,-0.1787737928332056,0.1575482802062968,Weak Oscillatory Response,1.0,solid_common_support
2,day,3.738416666666671,-0.0275110118926824,-0.1163916561332018,0.0613696323478368,10.715400000000017,7.94000000000001,-0.1787737928332056,0.1575482802062968,Weak Oscillatory Response,1.0,solid_common_support
2,day,3.771500000000005,-0.0277045631718485,-0.1169353670476496,0.0615262407039525,10.715400000000017,7.94000000000001,-0.1787737928332056,0.1575482802062968,Weak Oscillatory Response,1.0,solid_common_support
2,day,3.804583333333338,-0.0278973677091329,-0.1174718478797395,0.0616771124614736,10.715400000000017,7.94000000000001,-0.1787737928332056,0.1575482802062968,Weak Oscillatory Response,1.0,solid_common_support
2,day,3.8376666666666712,-0.0280894314310585,-0.1180011578967546,0.0618222950346375,10.715400000000017,7.94000000000001,-0.1787737928332056,0.1575482802062968,Weak Oscillatory Response,1.0,solid_common_support
2,day,3.870750000000005,-0.0282807602641481,-0.1185233563712716,0.0619618358429752,10.715400000000017,7.94000000000001,-0.1787737928332056,0.1575482802062968,Weak Oscillatory Response,1.0,solid_common_support
2,day,3.9038333333333375,-0.0284713601349247,-0.1190385025810764,0.062095782311227,10.715400000000017,7.94000000000001,-0.1787737928332056,0.1575482802062968,Weak Oscillatory Response,1.0,solid_common_support
2,day,3.936916666666672,-0.028661236969911,-0.1195466558090753,0.0622241818692532,10.715400000000017,7.94000000000001,-0.1787737928332056,0.1575482802062968,Weak Oscillatory Response,1.0,solid_common_support
2,day,3.970000000000005,-0.02885039669563,-0.120047875343202,0.062347081951942,10.715400000000017,7.94000000000001,-0.1787737928332056,0.1575482802062968,Weak Oscillatory Response,1.0,solid_common_support
2,day,4.003083333333338,-0.0290388452386045,-0.1205422204763207,0.0624645299991117,10.715400000000017,7.94000000000001,-0.1787737928332056,0.1575482802062968,Weak Oscillatory Response,1.0,solid_common_support
2,day,4.036166666666672,-0.0292265885253574,-0.1210297505061244,0.0625765734554096,10.715400000000017,7.94000000000001,-0.1787737928332056,0.1575482802062968,Weak Oscillatory Response,1.0,solid_common_support
2,day,4.069250000000005,-0.0294136324824115,-0.1215105247350288,0.0626832597702057,10.715400000000017,7.94000000000001,-0.1787737928332056,0.1575482802062968,Weak Oscillatory Response,1.0,solid_common_support
2,day,4.1023333333333385,-0.0295999830362899,-0.1219846024700615,0.0627846363974817,10.715400000000017,7.94000000000001,-0.1787737928332056,0.1575482802062968,Weak Oscillatory Response,1.0,solid_common_support
2,day,4.135416666666671,-0.0297856461135152,-0.1224520430227461,0.0628807507957157,10.715400000000017,7.94000000000001,-0.1787737928332056,0.1575482802062968,Weak Oscillatory Response,1.0,solid_common_support
2,day,4.168500000000005,-0.0299706276406104,-0.122912905708982,0.0629716504277612,10.715400000000017,7.94000000000001,-0.1787737928332056,0.1575482802062968,Weak Oscillatory Response,1.0,solid_common_support
2,day,4.201583333333338,-0.0301549335440983,-0.1233672498489182,0.0630573827607214,10.715400000000017,7.94000000000001,-0.1787737928332056,0.1575482802062968,Weak Oscillatory Response,1.0,solid_common_support
2,day,4.234666666666672,-0.0303385697505019,-0.1238151347668221,0.0631379952658182,10.715400000000017,7.94000000000001,-0.1787737928332056,0.1575482802062968,Weak Oscillatory Response,1.0,solid_common_support
2,day,4.267750000000006,-0.030521542186344,-0.1242566197909435,0.0632135354182555,10.715400000000017,7.94000000000001,-0.1787737928332056,0.1575482802062968,Weak Oscillatory Response,1.0,solid_common_support
2,day,4.300833333333339,-0.0307038567781474,-0.1246917642533725,0.0632840506970776,10.715400000000017,7.94000000000001,-0.1787737928332056,0.1575482802062968,Weak Oscillatory Response,1.0,solid_common_support
2,day,4.333916666666672,-0.0308855194524351,-0.125120627489891,0.0633495885850208,10.715400000000017,7.94000000000001,-0.1787737928332056,0.1575482802062968,Weak Oscillatory Response,1.0,solid_common_support
2,day,4.367000000000005,-0.0310665361357298,-0.1255432688398197,0.06341019656836,10.715400000000017,7.94000000000001,-0.1787737928332056,0.1575482802062968,Weak Oscillatory Response,1.0,solid_common_support
2,day,4.400083333333339,-0.0312469127545546,-0.1259597476458585,0.0634659221367493,10.715400000000017,7.94000000000001,-0.1787737928332056,0.1575482802062968,Weak Oscillatory Response,1.0,solid_common_support
2,day,4.433166666666672,-0.0314266552354321,-0.12637012325392,0.0635168127830556,10.715400000000017,7.94000000000001,-0.1787737928332056,0.1575482802062968,Weak Oscillatory Response,1.0,solid_common_support
2,day,4.466250000000006,-0.0316057695048854,-0.1267744550129577,0.0635629160031867,10.715400000000017,7.94000000000001,-0.1787737928332056,0.1575482802062968,Weak Oscillatory Response,1.0,solid_common_support
2,day,4.499333333333339,-0.0317842614894373,-0.1271728022747874,0.0636042792959127,10.715400000000017,7.94000000000001,-0.1787737928332056,0.1575482802062968,Weak Oscillatory Response,1.0,solid_common_support
2,day,4.5324166666666725,-0.0319621371156107,-0.1275652243939015,0.0636409501626801,10.715400000000017,7.94000000000001,-0.1787737928332056,0.1575482802062968,Weak Oscillatory Response,1.0,solid_common_support
2,day,4.5655000000000046,-0.0321394023099283,-0.1279517807272768,0.0636729761074201,10.715400000000017,7.94000000000001,-0.1787737928332056,0.1575482802062968,Weak Oscillatory Response,1.0,solid_common_support
2,day,4.598583333333339,-0.0323160629989132,-0.1283325306341757,0.0637004046363492,10.715400000000017,7.94000000000001,-0.1787737928332056,0.1575482802062968,Weak Oscillatory Response,1.0,solid_common_support
2,day,4.631666666666672,-0.0324921251090881,-0.1287075334759393,0.0637232832577629,10.715400000000017,7.94000000000001,-0.1787737928332056,0.1575482802062968,Weak Oscillatory Response,1.0,solid_common_support
2,day,4.664750000000006,-0.032667594566976,-0.1290768486157739,0.0637416594818218,10.715400000000017,7.94000000000001,-0.1787737928332056,0.1575482802062968,Weak Oscillatory Response,1.0,solid_common_support
2,day,4.697833333333339,-0.0328424772990997,-0.1294405354185301,0.0637555808203306,10.715400000000017,7.94000000000001,-0.1787737928332056,0.1575482802062968,Weak Oscillatory Response,1.0,solid_common_support
2,day,4.730916666666673,-0.033016779231982,-0.1297986532504733,0.0637650947865092,10.715400000000017,7.94000000000001,-0.1787737928332056,0.1575482802062968,Weak Oscillatory Response,1.0,solid_common_support
2,day,4.764000000000006,-0.033190506292146,-0.130151261479048,0.063770248894756,10.715400000000017,7.94000000000001,-0.1787737928332056,0.1575482802062968,Weak Oscillatory Response,1.0,solid_common_support
2,day,4.797083333333339,-0.0333636644061143,-0.1304984194726318,0.0637710906604031,10.715400000000017,7.94000000000001,-0.1787737928332056,0.1575482802062968,Weak Oscillatory Response,1.0,solid_common_support
2,day,4.830166666666672,-0.0335362595004099,-0.1308401866002835,0.0637676675994636,10.715400000000017,7.94000000000001,-0.1787737928332056,0.1575482802062968,Weak Oscillatory Response,1.0,solid_common_support
2,day,4.863250000000006,-0.0337082975015557,-0.1311766222314815,0.06376002722837,10.715400000000017,7.94000000000001,-0.1787737928332056,0.1575482802062968,Weak Oscillatory Response,1.0,solid_common_support
2,day,4.896333333333339,-0.0338797843360745,-0.1315077857358539,0.0637482170637047,10.715400000000017,7.94000000000001,-0.1787737928332056,0.1575482802062968,Weak Oscillatory Response,1.0,solid_common_support
2,day,4.929416666666673,-0.0340507259304893,-0.1318337364828997,0.0637322846219211,10.715400000000017,7.94000000000001,-0.1787737928332056,0.1575482802062968,Weak Oscillatory Response,1.0,solid_common_support
2,day,4.962500000000007,-0.0342211282113228,-0.1321545338417019,0.0637122774190563,10.715400000000017,7.94000000000001,-0.1787737928332056,0.1575482802062968,Weak Oscillatory Response,1.0,solid_common_support
2,day,4.99558333333334,-0.0343909971050979,-0.1324702371806304,0.0636882429704345,10.715400000000017,7.94000000000001,-0.1787737928332056,0.1575482802062968,Weak Oscillatory Response,1.0,solid_common_support
2,day,5.028666666666673,-0.0345603385383376,-0.1327809058670366,0.0636602287903613,10.715400000000017,7.94000000000001,-0.1787737928332056,0.1575482802062968,Weak Oscillatory Response,1.0,solid_common_support
2,day,5.061750000000006,-0.0347291584375646,-0.1330865992669374,0.0636282823918081,10.715400000000017,7.94000000000001,-0.1787737928332056,0.1575482802062968,Weak Oscillatory Response,1.0,solid_common_support
2,day,5.09483333333334,-0.0348974627293019,-0.1333873767446911,0.0635924512860871,10.715400000000017,7.94000000000001,-0.1787737928332056,0.1575482802062968,Weak Oscillatory Response,1.0,solid_common_support
2,day,5.127916666666673,-0.0350652573400724,-0.133683297662662,0.0635527829825172,10.715400000000017,7.94000000000001,-0.1787737928332056,0.1575482802062968,Weak Oscillatory Response,1.0,solid_common_support
2,day,5.161000000000007,-0.0352325481963988,-0.1339744213808759,0.0635093249880782,10.715400000000017,7.94000000000001,-0.1787737928332056,0.1575482802062968,Weak Oscillatory Response,1.0,solid_common_support
2,day,5.19408333333334,-0.0353993412248041,-0.1342608072566649,0.0634621248070566,10.715400000000017,7.94000000000001,-0.1787737928332056,0.1575482802062968,Weak Oscillatory Response,1.0,solid_common_support
2,day,5.227166666666673,-0.0355656423518111,-0.1345425146443021,0.0634112299406797,10.715400000000017,7.94000000000001,-0.1787737928332056,0.1575482802062968,Weak Oscillatory Response,1.0,solid_common_support
2,day,5.260250000000006,-0.0357314575039428,-0.1348196028946257,0.06335668788674,10.715400000000017,7.94000000000001,-0.1787737928332056,0.1575482802062968,Weak Oscillatory Response,1.0,solid_common_support
2,day,5.29333333333334,-0.0358967926077219,-0.1350921313546522,0.0632985461392082,10.715400000000017,7.94000000000001,-0.1787737928332056,0.1575482802062968,Weak Oscillatory Response,1.0,solid_common_support
2,day,5.326416666666673,-0.0360616535896714,-0.1353601593671788,0.0632368521878359,10.715400000000017,7.94000000000001,-0.1787737928332056,0.1575482802062968,Weak Oscillatory Response,1.0,solid_common_support
2,day,5.359500000000007,-0.0362260463763141,-0.1356237462703747,0.0631716535177464,10.715400000000017,7.94000000000001,-0.1787737928332056,0.1575482802062968,Weak Oscillatory Response,1.0,solid_common_support
2,day,5.39258333333334,-0.0363899768941729,-0.1358829513973607,0.0631029976090148,10.715400000000017,7.94000000000001,-0.1787737928332056,0.1575482802062968,Weak Oscillatory Response,1.0,solid_common_support
2,day,5.4256666666666735,-0.0365534510697707,-0.1361378340757781,0.0630309319362366,10.715400000000017,7.94000000000001,-0.1787737928332056,0.1575482802062968,Weak Oscillatory Response,1.0,solid_common_support
2,day,5.458750000000006,-0.0367164748296303,-0.136388453627345,0.0629555039680844,10.715400000000017,7.94000000000001,-0.1787737928332056,0.1575482802062968,Weak Oscillatory Response,1.0,solid_common_support
2,day,5.49183333333334,-0.0368790541002745,-0.1366348693674015,0.0628767611668523,10.715400000000017,7.94000000000001,-0.1787737928332056,0.1575482802062968,Weak Oscillatory Response,1.0,solid_common_support
2,day,5.524916666666673,-0.0370411948082264,-0.1368771406044426,0.0627947509879897,10.715400000000017,7.94000000000001,-0.1787737928332056,0.1575482802062968,Weak Oscillatory Response,1.0,solid_common_support
2,day,5.558000000000007,-0.0372029028800087,-0.1371153266396388,0.0627095208796212,10.715400000000017,7.94000000000001,-0.1787737928332056,0.1575482802062968,Weak Oscillatory Response,1.0,solid_common_support
2,day,5.59108333333334,-0.0373641842421444,-0.1373494867663443,0.0626211182820555,10.715400000000017,7.94000000000001,-0.1787737928332056,0.1575482802062968,Weak Oscillatory Response,1.0,solid_common_support
2,day,5.624166666666674,-0.0375250448211562,-0.1375796802695932,0.0625295906272807,10.715400000000017,7.94000000000001,-0.1787737928332056,0.1575482802062968,Weak Oscillatory Response,1.0,solid_common_support
2,day,5.657250000000007,-0.0376854905435671,-0.1378059664255821,0.0624349853384478,10.715400000000017,7.94000000000001,-0.1787737928332056,0.1575482802062968,Weak Oscillatory Response,1.0,solid_common_support
2,day,5.69033333333334,-0.0378455273358999,-0.1380284045011406,0.0623373498293408,10.715400000000017,7.94000000000001,-0.1787737928332056,0.1575482802062968,Weak Oscillatory Response,1.0,solid_common_support
2,day,5.723416666666674,-0.0380051611246775,-0.1382470537531887,0.0622367315038336,10.715400000000017,7.94000000000001,-0.1787737928332056,0.1575482802062968,Weak Oscillatory Response,1.0,solid_common_support
2,day,5.756500000000007,-0.0381643978364228,-0.1384619734281801,0.0621331777553345,10.715400000000017,7.94000000000001,-0.1787737928332056,0.1575482802062968,Weak Oscillatory Response,1.0,solid_common_support
2,day,5.789583333333341,-0.0383232433976586,-0.1386732227615338,0.0620267359662166,10.715400000000017,7.94000000000001,-0.1787737928332056,0.1575482802062968,Weak Oscillatory Response,1.0,solid_common_support
2,day,5.822666666666674,-0.0384817037349078,-0.1388808609770509,0.0619174535072352,10.715400000000017,7.94000000000001,-0.1787737928332056,0.1575482802062968,Weak Oscillatory Response,1.0,solid_common_support
2,day,5.855750000000008,-0.0386397847746933,-0.1390849472863178,0.0618053777369311,10.715400000000017,7.94000000000001,-0.1787737928332056,0.1575482802062968,Weak Oscillatory Response,1.0,solid_common_support
2,day,5.8888333333333405,-0.038797492443538,-0.1392855408880968,0.0616905560010208,10.715400000000017,7.94000000000001,-0.1787737928332056,0.1575482802062968,Weak Oscillatory Response,1.0,solid_common_support
2,day,5.921916666666674,-0.0389548326679646,-0.1394827009677018,0.0615730356317724,10.715400000000017,7.94000000000001,-0.1787737928332056,0.1575482802062968,Weak Oscillatory Response,1.0,solid_common_support
2,day,5.955000000000007,-0.0391118113744962,-0.1396764866963599,0.0614528639473673,10.715400000000017,7.94000000000001,-0.1787737928332056,0.1575482802062968,Weak Oscillatory Response,1.0,solid_common_support
2,day,5.988083333333341,-0.0392684344896556,-0.1398669572305598,0.0613300882512486,10.715400000000017,7.94000000000001,-0.1787737928332056,0.1575482802062968,Weak Oscillatory Response,1.0,solid_common_support
2,day,6.021166666666674,-0.0394247079399655,-0.1400541717113853,0.0612047558314542,10.715400000000017,7.94000000000001,-0.1787737928332056,0.1575482802062968,Weak Oscillatory Response,1.0,solid_common_support
2,day,6.054250000000008,-0.039580637651949,-0.1402381892638345,0.0610769139599364,10.715400000000017,7.94000000000001,-0.1787737928332056,0.1575482802062968,Weak Oscillatory Response,1.0,solid_common_support
2,day,6.087333333333341,-0.0397362295521288,-0.1404190689961247,0.0609466098918669,10.715400000000017,7.94000000000001,-0.1787737928332056,0.1575482802062968,Weak Oscillatory Response,1.0,solid_common_support
2,day,6.120416666666674,-0.0398914895670279,-0.140596869998983,0.0608138908649271,10.715400000000017,7.94000000000001,-0.1787737928332056,0.1575482802062968,Weak Oscillatory Response,1.0,solid_common_support
2,day,6.153500000000007,-0.0400464236231691,-0.1407716513449223,0.0606788040985839,10.715400000000017,7.94000000000001,-0.1787737928332056,0.1575482802062968,Weak Oscillatory Response,1.0,solid_common_support
2,day,6.186583333333341,-0.0402010376470753,-0.1409434720875019,0.0605413967933511,10.715400000000017,7.94000000000001,-0.1787737928332056,0.1575482802062968,Weak Oscillatory Response,1.0,solid_common_support
2,day,6.219666666666674,-0.0403553375652694,-0.1411123912605746,0.0604017161300357,10.715400000000017,7.94000000000001,-0.1787737928332056,0.1575482802062968,Weak Oscillatory Response,1.0,solid_common_support
2,day,6.252750000000008,-0.0405093293042742,-0.1412784678775185,0.0602598092689701,10.715400000000017,7.94000000000001,-0.1787737928332056,0.1575482802062968,Weak Oscillatory Response,1.0,solid_common_support
2,day,6.285833333333341,-0.0406630187906126,-0.1414417609304539,0.0601157233492286,10.715400000000017,7.94000000000001,-0.1787737928332056,0.1575482802062968,Weak Oscillatory Response,1.0,solid_common_support
2,day,6.3189166666666745,-0.0408164119508074,-0.1416023293894452,0.0599695054878303,10.715400000000017,7.94000000000001,-0.1787737928332056,0.1575482802062968,Weak Oscillatory Response,1.0,solid_common_support
2,day,6.352000000000007,-0.0409695147113816,-0.1417602322016894,0.0598212027789261,10.715400000000017,7.94000000000001,-0.1787737928332056,0.1575482802062968,Weak Oscillatory Response,1.0,solid_common_support
2,day,6.385083333333341,-0.041122332998858,-0.141915528290688,0.0596708622929719,10.715400000000017,7.94000000000001,-0.1787737928332056,0.1575482802062968,Weak Oscillatory Response,1.0,solid_common_support
2,day,6.418166666666675,-0.0412748727397595,-0.1420682765554052,0.0595185310758861,10.715400000000017,7.94000000000001,-0.1787737928332056,0.1575482802062968,Weak Oscillatory Response,1.0,solid_common_support
2,day,6.451250000000008,-0.0414271398606089,-0.1422185358694113,0.0593642561481933,10.715400000000017,7.94000000000001,-0.1787737928332056,0.1575482802062968,Weak Oscillatory Response,1.0,solid_common_support
2,day,6.484333333333342,-0.0415791402879292,-0.1423663650800113,0.0592080845041528,10.715400000000017,7.94000000000001,-0.1787737928332056,0.1575482802062968,Weak Oscillatory Response,1.0,solid_common_support
2,day,6.517416666666675,-0.0417308799482432,-0.1425118230073588,0.0590500631108724,10.715400000000017,7.94000000000001,-0.1787737928332056,0.1575482802062968,Weak Oscillatory Response,1.0,solid_common_support
2,day,6.550500000000008,-0.0418823647680737,-0.1426549684435557,0.0588902389074083,10.715400000000017,7.94000000000001,-0.1787737928332056,0.1575482802062968,Weak Oscillatory Response,1.0,solid_common_support
2,day,6.583583333333341,-0.0420336006739436,-0.1427958601517372,0.0587286588038498,10.715400000000017,7.94000000000001,-0.1787737928332056,0.1575482802062968,Weak Oscillatory Response,1.0,solid_common_support
2,day,6.616666666666675,-0.0421845935923759,-0.1429345568651426,0.0585653696803907,10.715400000000017,7.94000000000001,-0.1787737928332056,0.1575482802062968,Weak Oscillatory Response,1.0,solid_common_support
2,day,6.649750000000008,-0.0423353494498933,-0.1430711172861721,0.0584004183863853,10.715400000000017,7.94000000000001,-0.1787737928332056,0.1575482802062968,Weak Oscillatory Response,1.0,solid_common_support
2,day,6.682833333333342,-0.0424858741730188,-0.1432056000854294,0.0582338517393918,10.715400000000017,7.94000000000001,-0.1787737928332056,0.1575482802062968,Weak Oscillatory Response,1.0,solid_common_support
2,day,6.715916666666675,-0.0426361736882752,-0.143338063900751,0.0580657165242005,10.715400000000017,7.94000000000001,-0.1787737928332056,0.1575482802062968,Weak Oscillatory Response,1.0,solid_common_support
2,day,6.7490000000000085,-0.0427862539221854,-0.1434685673362205,0.0578960594918497,10.715400000000017,7.94000000000001,-0.1787737928332056,0.1575482802062968,Weak Oscillatory Response,1.0,solid_common_support
2,day,6.7820833333333415,-0.0429361208012722,-0.1435971689611716,0.0577249273586271,10.715400000000017,7.94000000000001,-0.1787737928332056,0.1575482802062968,Weak Oscillatory Response,1.0,solid_common_support
2,day,6.815166666666675,-0.0430857802520586,-0.1437239273091762,0.0575523668050589,10.715400000000017,7.94000000000001,-0.1787737928332056,0.1575482802062968,Weak Oscillatory Response,1.0,solid_common_support
2,day,6.848250000000008,-0.0432352382010673,-0.1438489008770204,0.0573784244748856,10.715400000000017,7.94000000000001,-0.1787737928332056,0.1575482802062968,Weak Oscillatory Response,1.0,solid_common_support
2,day,6.881333333333342,-0.0433845005748214,-0.1439721481236678,0.0572031469740249,10.715400000000017,7.94000000000001,-0.1787737928332056,0.1575482802062968,Weak Oscillatory Response,1.0,solid_common_support
2,day,6.914416666666675,-0.0435335732998436,-0.1440937274692104,0.0570265808695232,10.715400000000017,7.94000000000001,-0.1787737928332056,0.1575482802062968,Weak Oscillatory Response,1.0,solid_common_support
2,day,6.947500000000009,-0.0436824623026568,-0.144213697293808,0.0568487726884944,10.715400000000017,7.94000000000001,-0.1787737928332056,0.1575482802062968,Weak Oscillatory Response,1.0,solid_common_support
2,day,6.980583333333342,-0.0438311735097838,-0.1443321159366152,0.0566697689170474,10.715400000000017,7.94000000000001,-0.1787737928332056,0.1575482802062968,Weak Oscillatory Response,1.0,solid_common_support
2,day,7.013666666666675,-0.0439797128477477,-0.1444490416946978,0.0564896159992024,10.715400000000017,7.94000000000001,-0.1787737928332056,0.1575482802062968,Weak Oscillatory Response,1.0,solid_common_support
2,day,7.046750000000008,-0.0441280862430711,-0.1445645328219387,0.0563083603357964,10.715400000000017,7.94000000000001,-0.1787737928332056,0.1575482802062968,Weak Oscillatory Response,1.0,solid_common_support
2,day,7.079833333333342,-0.044276299622277,-0.1446786475279327,0.0561260482833785,10.715400000000017,7.94000000000001,-0.1787737928332056,0.1575482802062968,Weak Oscillatory Response,1.0,solid_common_support
2,day,7.112916666666676,-0.0444243589118883,-0.1447914439768721,0.0559427261530953,10.715400000000017,7.94000000000001,-0.1787737928332056,0.1575482802062968,Weak Oscillatory Response,1.0,solid_common_support
2,day,7.146000000000009,-0.0445722700384279,-0.1449029802864228,0.0557584402095669,10.715400000000017,7.94000000000001,-0.1787737928332056,0.1575482802062968,Weak Oscillatory Response,1.0,solid_common_support
2,day,7.179083333333343,-0.0447200389284185,-0.1450133145265913,0.0555732366697541,10.715400000000017,7.94000000000001,-0.1787737928332056,0.1575482802062968,Weak Oscillatory Response,1.0,solid_common_support
2,day,7.2121666666666755,-0.0448676715083832,-0.1451225047185839,0.0553871617018175,10.715400000000017,7.94000000000001,-0.1787737928332056,0.1575482802062968,Weak Oscillatory Response,1.0,solid_common_support
2,day,7.245250000000009,-0.0450151737048446,-0.1452306088336582,0.0552002614239688,10.715400000000017,7.94000000000001,-0.1787737928332056,0.1575482802062968,Weak Oscillatory Response,1.0,solid_common_support
2,day,7.278333333333342,-0.0451625514443258,-0.1453376847919672,0.0550125819033154,10.715400000000017,7.94000000000001,-0.1787737928332056,0.1575482802062968,Weak Oscillatory Response,1.0,solid_common_support
2,day,7.311416666666676,-0.0453098106533496,-0.1454437904613974,0.0548241691546982,10.715400000000017,7.94000000000001,-0.1787737928332056,0.1575482802062968,Weak Oscillatory Response,1.0,solid_common_support
2,day,7.344500000000009,-0.0454569572584388,-0.1455489836564016,0.0546350691395239,10.715400000000017,7.94000000000001,-0.1787737928332056,0.1575482802062968,Weak Oscillatory Response,1.0,solid_common_support
2,day,7.377583333333343,-0.0456039971861164,-0.1456533221368259,0.0544453277645931,10.715400000000017,7.94000000000001,-0.1787737928332056,0.1575482802062968,Weak Oscillatory Response,1.0,solid_common_support
2,day,7.410666666666676,-0.0457509363629051,-0.1457568636067332,0.0542549908809228,10.715400000000017,7.94000000000001,-0.1787737928332056,0.1575482802062968,Weak Oscillatory Response,1.0,solid_common_support
2,day,7.443750000000009,-0.045897780715328,-0.145859665713223,0.054064104282567,10.715400000000017,7.94000000000001,-0.1787737928332056,0.1575482802062968,Weak Oscillatory Response,1.0,solid_common_support
2,day,7.476833333333342,-0.0460445361699077,-0.1459617860452494,0.0538727137054338,10.715400000000017,7.94000000000001,-0.1787737928332056,0.1575482802062968,Weak Oscillatory Response,1.0,solid_common_support
2,day,7.509916666666676,-0.0461912086531673,-0.1460632821324362,0.0536808648261015,10.715400000000017,7.94000000000001,-0.1787737928332056,0.1575482802062968,Weak Oscillatory Response,1.0,solid_common_support
2,day,7.543000000000009,-0.0463378040916296,-0.1461642114438925,0.0534886032606332,10.715400000000017,7.94000000000001,-0.1787737928332056,0.1575482802062968,Weak Oscillatory Response,1.0,solid_common_support
2,day,7.576083333333343,-0.0464843284118174,-0.1462646313870276,0.0532959745633927,10.715400000000017,7.94000000000001,-0.1787737928332056,0.1575482802062968,Weak Oscillatory Response,1.0,solid_common_support
2,day,7.609166666666676,-0.0466307875402536,-0.1463645993063675,0.0531030242258602,10.715400000000017,7.94000000000001,-0.1787737928332056,0.1575482802062968,Weak Oscillatory Response,1.0,solid_common_support
2,day,7.6422500000000095,-0.0467771874034612,-0.1464641724823739,0.0529097976754514,10.715400000000017,7.94000000000001,-0.1787737928332056,0.1575482802062968,Weak Oscillatory Response,1.0,solid_common_support
2,day,7.6753333333333424,-0.0469235339279629,-0.1465634081302652,0.0527163402743393,10.715400000000017,7.94000000000001,-0.1787737928332056,0.1575482802062968,Weak Oscillatory Response,1.0,solid_common_support
2,day,7.708416666666676,-0.0470698330402816,-0.1466623633988434,0.0525226973182801,10.715400000000017,7.94000000000001,-0.1787737928332056,0.1575482802062968,Weak Oscillatory Response,1.0,solid_common_support
2,day,7.741500000000009,-0.0472160906669403,-0.1467610953693256,0.052328914035445,10.715400000000017,7.94000000000001,-0.1787737928332056,0.1575482802062968,Weak Oscillatory Response,1.0,solid_common_support
2,day,7.774583333333343,-0.0473623127344617,-0.1468596610541818,0.0521350355852584,10.715400000000017,7.94000000000001,-0.1787737928332056,0.1575482802062968,Weak Oscillatory Response,1.0,solid_common_support
2,day,7.807666666666677,-0.0475085051693687,-0.1469581173959813,0.0519411070572437,10.715400000000017,7.94000000000001,-0.1787737928332056,0.1575482802062968,Weak Oscillatory Response,1.0,solid_common_support
2,day,7.84075000000001,-0.0476546738981843,-0.1470565212662478,0.051747173469879,10.715400000000017,7.94000000000001,-0.1787737928332056,0.1575482802062968,Weak Oscillatory Response,1.0,solid_common_support
2,day,7.873833333333343,-0.0478008248474313,-0.1471549294643244,0.0515532797694617,10.715400000000017,7.94000000000001,-0.1787737928332056,0.1575482802062968,Weak Oscillatory Response,1.0,solid_common_support
2,day,7.906916666666676,-0.0479469639436325,-0.147253398716251,0.0513594708289859,10.715400000000017,7.94000000000001,-0.1787737928332056,0.1575482802062968,Weak Oscillatory Response,1.0,solid_common_support
2,day,7.94000000000001,-0.0480930971133109,-0.1473519856736541,0.0511657914470323,10.715400000000017,7.94000000000001,-0.1787737928332056,0.1575482802062968,Weak Oscillatory Response,1.0,solid_common_support
2,day,8.197528333333343,-0.0492306238817962,-0.1481253143837004,0.0496640666201078,10.715400000000017,7.94000000000001,-0.1787737928332056,0.1575482802062968,Weak Oscillatory Response,1.0,dashed_p80_tail
2,day,8.455056666666676,-0.0503681506502816,-0.1489093209048472,0.0481730196042838,10.715400000000017,7.94000000000001,-0.1787737928332056,0.1575482802062968,Weak Oscillatory Response,1.0,dashed_p80_tail
2,day,8.71258500000001,-0.051505677418767,-0.1497041205594311,0.046692765721897,10.715400000000017,7.94000000000001,-0.1787737928332056,0.1575482802062968,Weak Oscillatory Response,1.0,dashed_p80_tail
2,day,8.970113333333343,-0.0526432041872524,-0.1505098267395828,0.0452234183650779,10.715400000000017,7.94000000000001,-0.1787737928332056,0.1575482802062968,Weak Oscillatory Response,1.0,dashed_p80_tail
2,day,9.227641666666676,-0.0537807309557378,-0.1513265507472054,0.0437650888357297,10.715400000000017,7.94000000000001,-0.1787737928332056,0.1575482802062968,Weak Oscillatory Response,1.0,dashed_p80_tail
2,day,9.485170000000007,-0.0549182577242232,-0.1521544016328425,0.0423178861843961,10.715400000000017,7.94000000000001,-0.1787737928332056,0.1575482802062968,Weak Oscillatory Response,1.0,dashed_p80_tail
2,day,9.742698333333344,-0.0560557844927086,-0.1529934860338793,0.0408819170484621,10.715400000000017,7.94000000000001,-0.1787737928332056,0.1575482802062968,Weak Oscillatory Response,1.0,dashed_p80_tail
2,day,10.000226666666675,-0.057193311261194,-0.1538439080125414,0.0394572854901534,10.715400000000017,7.94000000000001,-0.1787737928332056,0.1575482802062968,Weak Oscillatory Response,1.0,dashed_p80_tail
2,day,10.25775500000001,-0.0583308380296794,-0.1547057688941793,0.0380440928348205,10.715400000000017,7.94000000000001,-0.1787737928332056,0.1575482802062968,Weak Oscillatory Response,1.0,dashed_p80_tail
2,day,10.515283333333343,-0.0594683647981647,-0.1555791671063434,0.0366424375100139,10.715400000000017,7.94000000000001,-0.1787737928332056,0.1575482802062968,Weak Oscillatory Response,1.0,dashed_p80_tail
3,day,0.0,0.0,0.0,0.0,8.739999999999984,7.94000000000001,-0.6177505356605795,0.26615382593344,Early Suppression Followed by Attenuation,1.0,solid_common_support
3,day,0.0330833333333333,-0.0022169582206109,-0.0058101316948849,0.001376215253663,8.739999999999984,7.94000000000001,-0.6177505356605795,0.26615382593344,Early Suppression Followed by Attenuation,1.0,solid_common_support
3,day,0.0661666666666667,-0.0044335817010303,-0.0116193054535669,0.0027521420515062,8.739999999999984,7.94000000000001,-0.6177505356605795,0.26615382593344,Early Suppression Followed by Attenuation,1.0,solid_common_support
3,day,0.0992500000000001,-0.0066495357010665,-0.0174265633435634,0.0041274919414304,8.739999999999984,7.94000000000001,-0.6177505356605795,0.26615382593344,Early Suppression Followed by Attenuation,1.0,solid_common_support
3,day,0.1323333333333335,-0.0088644854805279,-0.0232309474398383,0.0055019764787824,8.739999999999984,7.94000000000001,-0.6177505356605795,0.26615382593344,Early Suppression Followed by Attenuation,1.0,solid_common_support
3,day,0.1654166666666668,-0.0110780962992229,-0.0290314998285351,0.0068753072300891,8.739999999999984,7.94000000000001,-0.6177505356605795,0.26615382593344,Early Suppression Followed by Attenuation,1.0,solid_common_support
3,day,0.1985000000000002,-0.0132900334169601,-0.0348272626107259,0.0082471957768057,8.739999999999984,7.94000000000001,-0.6177505356605795,0.26615382593344,Early Suppression Followed by Attenuation,1.0,solid_common_support
3,day,0.2315833333333336,-0.0154999620935476,-0.0406172779061766,0.0096173537190812,8.739999999999984,7.94000000000001,-0.6177505356605795,0.26615382593344,Early Suppression Followed by Attenuation,1.0,solid_common_support
3,day,0.264666666666667,-0.0177075475887941,-0.0464005878571361,0.0109854926795478,8.739999999999984,7.94000000000001,-0.6177505356605795,0.26615382593344,Early Suppression Followed by Attenuation,1.0,solid_common_support
3,day,0.2977500000000003,-0.0199124551625078,-0.0521762346321525,0.0123513243071367,8.739999999999984,7.94000000000001,-0.6177505356605795,0.26615382593344,Early Suppression Followed by Attenuation,1.0,solid_common_support
3,day,0.3308333333333337,-0.0221143500744973,-0.0579432604299216,0.013714560280927,8.739999999999984,7.94000000000001,-0.6177505356605795,0.26615382593344,Early Suppression Followed by Attenuation,1.0,solid_common_support
3,day,0.3639166666666671,-0.0243128975845708,-0.0637007074831721,0.0150749123140304,8.739999999999984,7.94000000000001,-0.6177505356605795,0.26615382593344,Early Suppression Followed by Attenuation,1.0,solid_common_support
3,day,0.3970000000000004,-0.0265077629525368,-0.0694476180625929,0.0164320921575191,8.739999999999984,7.94000000000001,-0.6177505356605795,0.26615382593344,Early Suppression Followed by Attenuation,1.0,solid_common_support
3,day,0.4300833333333339,-0.0286986114382038,-0.0751830344808071,0.0177858116043994,8.739999999999984,7.94000000000001,-0.6177505356605795,0.26615382593344,Early Suppression Followed by Attenuation,1.0,solid_common_support
3,day,0.4631666666666672,-0.0308851083013801,-0.0809059990963976,0.0191357824936372,8.739999999999984,7.94000000000001,-0.6177505356605795,0.26615382593344,Early Suppression Followed by Attenuation,1.0,solid_common_support
3,day,0.4962500000000006,-0.0330669188018742,-0.08661555431799,0.0204817167142415,8.739999999999984,7.94000000000001,-0.6177505356605795,0.26615382593344,Early Suppression Followed by Attenuation,1.0,solid_common_support
3,day,0.529333333333334,-0.0352437081994944,-0.0923107426083973,0.0218233262094084,8.739999999999984,7.94000000000001,-0.6177505356605795,0.26615382593344,Early Suppression Followed by Attenuation,1.0,solid_common_support
3,day,0.5624166666666673,-0.0374151417540492,-0.0979906064888329,0.0231603229807344,8.739999999999984,7.94000000000001,-0.6177505356605795,0.26615382593344,Early Suppression Followed by Attenuation,1.0,solid_common_support
3,day,0.5955000000000007,-0.039580884725347,-0.1036541885431962,0.0244924190925022,8.739999999999984,7.94000000000001,-0.6177505356605795,0.26615382593344,Early Suppression Followed by Attenuation,1.0,solid_common_support
3,day,0.6285833333333342,-0.0417406023731962,-0.1093005314224374,0.025819326676045,8.739999999999984,7.94000000000001,-0.6177505356605795,0.26615382593344,Early Suppression Followed by Attenuation,1.0,solid_common_support
3,day,0.6616666666666675,-0.0438939599574051,-0.114928677849007,0.0271407579341967,8.739999999999984,7.94000000000001,-0.6177505356605795,0.26615382593344,Early Suppression Followed by Attenuation,1.0,solid_common_support
3,day,0.6947500000000009,-0.0460406227377823,-0.1205376706213967,0.028456425145832,8.739999999999984,7.94000000000001,-0.6177505356605795,0.26615382593344,Early Suppression Followed by Attenuation,1.0,solid_common_support
3,day,0.7278333333333342,-0.0481802559741361,-0.1261265526187766,0.0297660406705043,8.739999999999984,7.94000000000001,-0.6177505356605795,0.26615382593344,Early Suppression Followed by Attenuation,1.0,solid_common_support
3,day,0.7609166666666676,-0.0503125249262749,-0.1316943668057365,0.0310693169531867,8.739999999999984,7.94000000000001,-0.6177505356605795,0.26615382593344,Early Suppression Followed by Attenuation,1.0,solid_common_support
3,day,0.7940000000000009,-0.0524370948540071,-0.1372401562371382,0.0323659665291238,8.739999999999984,7.94000000000001,-0.6177505356605795,0.26615382593344,Early Suppression Followed by Attenuation,1.0,solid_common_support
3,day,0.8270833333333344,-0.0545536310171413,-0.1427629640630835,0.0336557020288008,8.739999999999984,7.94000000000001,-0.6177505356605795,0.26615382593344,Early Suppression Followed by Attenuation,1.0,solid_common_support
3,day,0.8601666666666677,-0.0566617986754857,-0.1482618335340085,0.0349382361830371,8.739999999999984,7.94000000000001,-0.6177505356605795,0.26615382593344,Early Suppression Followed by Attenuation,1.0,solid_common_support
3,day,0.8932500000000011,-0.0587612630888487,-0.1537358080059089,0.0362132818282114,8.739999999999984,7.94000000000001,-0.6177505356605795,0.26615382593344,Early Suppression Followed by Attenuation,1.0,solid_common_support
3,day,0.9263333333333345,-0.0608516895170389,-0.1591839309457055,0.0374805519116277,8.739999999999984,7.94000000000001,-0.6177505356605795,0.26615382593344,Early Suppression Followed by Attenuation,1.0,solid_common_support
3,day,0.9594166666666678,-0.0629327432198645,-0.1646052459367576,0.0387397594970285,8.739999999999984,7.94000000000001,-0.6177505356605795,0.26615382593344,Early Suppression Followed by Attenuation,1.0,solid_common_support
3,day,0.9925000000000012,-0.0650040894571341,-0.1699987966845328,0.0399906177702647,8.739999999999984,7.94000000000001,-0.6177505356605795,0.26615382593344,Early Suppression Followed by Attenuation,1.0,solid_common_support
3,day,1.0255833333333346,-0.0670653934886559,-0.1753636270224429,0.0412328400451309,8.739999999999984,7.94000000000001,-0.6177505356605795,0.26615382593344,Early Suppression Followed by Attenuation,1.0,solid_common_support
3,day,1.058666666666668,-0.0691163205742385,-0.1806987809178526,0.0424661397693756,8.739999999999984,7.94000000000001,-0.6177505356605795,0.26615382593344,Early Suppression Followed by Attenuation,1.0,solid_common_support
3,day,1.091750000000001,-0.0711565359736902,-0.1860033024782749,0.0436902305308943,8.739999999999984,7.94000000000001,-0.6177505356605795,0.26615382593344,Early Suppression Followed by Attenuation,1.0,solid_common_support
3,day,1.124833333333335,-0.0731857049468195,-0.1912762359577578,0.0449048260641187,8.739999999999984,7.94000000000001,-0.6177505356605795,0.26615382593344,Early Suppression Followed by Attenuation,1.0,solid_common_support
3,day,1.157916666666668,-0.0752034927534347,-0.1965166257634792,0.0461096402566096,8.739999999999984,7.94000000000001,-0.6177505356605795,0.26615382593344,Early Suppression Followed by Attenuation,1.0,solid_common_support
3,day,1.1910000000000014,-0.0772095646533443,-0.2017235164625546,0.0473043871558658,8.739999999999984,7.94000000000001,-0.6177505356605795,0.26615382593344,Early Suppression Followed by Attenuation,1.0,solid_common_support
3,day,1.2240833333333347,-0.0792035859063567,-0.2068959527890746,0.0484887809763611,8.739999999999984,7.94000000000001,-0.6177505356605795,0.26615382593344,Early Suppression Followed by Attenuation,1.0,solid_common_support
3,day,1.2571666666666683,-0.0811852217722803,-0.212032979651381,0.0496625361068203,8.739999999999984,7.94000000000001,-0.6177505356605795,0.26615382593344,Early Suppression Followed by Attenuation,1.0,solid_common_support
3,day,1.2902500000000017,-0.0831541375109234,-0.2171336421395954,0.0508253671177484,8.739999999999984,7.94000000000001,-0.6177505356605795,0.26615382593344,Early Suppression Followed by Attenuation,1.0,solid_common_support
3,day,1.323333333333335,-0.0851099983820947,-0.2221969855334148,0.0519769887692254,8.739999999999984,7.94000000000001,-0.6177505356605795,0.26615382593344,Early Suppression Followed by Attenuation,1.0,solid_common_support
3,day,1.3564166666666684,-0.0870524696456023,-0.2272220553101855,0.0531171160189809,8.739999999999984,7.94000000000001,-0.6177505356605795,0.26615382593344,Early Suppression Followed by Attenuation,1.0,solid_common_support
3,day,1.3895000000000015,-0.0889812165612547,-0.2322078971532732,0.0542454640307638,8.739999999999984,7.94000000000001,-0.6177505356605795,0.26615382593344,Early Suppression Followed by Attenuation,1.0,solid_common_support
3,day,1.422583333333335,-0.0908959043888604,-0.2371535569607437,0.0553617481830229,8.739999999999984,7.94000000000001,-0.6177505356605795,0.26615382593344,Early Suppression Followed by Attenuation,1.0,solid_common_support
3,day,1.4556666666666684,-0.0927961983882277,-0.2420580808543693,0.0564656840779138,8.739999999999984,7.94000000000001,-0.6177505356605795,0.26615382593344,Early Suppression Followed by Attenuation,1.0,solid_common_support
3,day,1.4887500000000018,-0.0946817638191651,-0.2469205151889809,0.0575569875506506,8.739999999999984,7.94000000000001,-0.6177505356605795,0.26615382593344,Early Suppression Followed by Attenuation,1.0,solid_common_support
3,day,1.5218333333333351,-0.096552265941481,-0.2517399065621818,0.0586353746792197,8.739999999999984,7.94000000000001,-0.6177505356605795,0.26615382593344,Early Suppression Followed by Attenuation,1.0,solid_common_support
3,day,1.5549166666666685,-0.0984073700149837,-0.2565153018244438,0.0597005617944762,8.739999999999984,7.94000000000001,-0.6177505356605795,0.26615382593344,Early Suppression Followed by Attenuation,1.0,solid_common_support
3,day,1.588000000000002,-0.1002467412994818,-0.2612457480896057,0.0607522654906421,8.739999999999984,7.94000000000001,-0.6177505356605795,0.26615382593344,Early Suppression Followed by Attenuation,1.0,solid_common_support
3,day,1.6210833333333354,-0.1020700450547835,-0.2659302927457951,0.0617902026362279,8.739999999999984,7.94000000000001,-0.6177505356605795,0.26615382593344,Early Suppression Followed by Attenuation,1.0,solid_common_support
3,day,1.6541666666666688,-0.1038769465406974,-0.2705679834667965,0.0628140903854015,8.739999999999984,7.94000000000001,-0.6177505356605795,0.26615382593344,Early Suppression Followed by Attenuation,1.0,solid_common_support
3,day,1.687250000000002,-0.1056671110170318,-0.275157868223891,0.0638236461898272,8.739999999999984,7.94000000000001,-0.6177505356605795,0.26615382593344,Early Suppression Followed by Attenuation,1.0,solid_common_support
3,day,1.7203333333333355,-0.1074402059102145,-0.2796990014911172,0.0648185896706882,8.739999999999984,7.94000000000001,-0.6177505356605795,0.26615382593344,Early Suppression Followed by Attenuation,1.0,solid_common_support
3,day,1.7534166666666688,-0.1091960506856866,-0.284190872619789,0.0657987712484157,8.739999999999984,7.94000000000001,-0.6177505356605795,0.26615382593344,Early Suppression Followed by Attenuation,1.0,solid_common_support
3,day,1.7865000000000022,-0.1109347141014374,-0.2886336836886609,0.0667642554857861,8.739999999999984,7.94000000000001,-0.6177505356605795,0.26615382593344,Early Suppression Followed by Attenuation,1.0,solid_common_support
3,day,1.819583333333336,-0.1126562880363957,-0.2930277029441732,0.0677151268713817,8.739999999999984,7.94000000000001,-0.6177505356605795,0.26615382593344,Early Suppression Followed by Attenuation,1.0,solid_common_support
3,day,1.852666666666669,-0.1143608643694905,-0.2973731987060233,0.0686514699670421,8.739999999999984,7.94000000000001,-0.6177505356605795,0.26615382593344,Early Suppression Followed by Attenuation,1.0,solid_common_support
3,day,1.8857500000000025,-0.1160485349796509,-0.3016704393639574,0.0695733694046555,8.739999999999984,7.94000000000001,-0.6177505356605795,0.26615382593344,Early Suppression Followed by Attenuation,1.0,solid_common_support
3,day,1.918833333333336,-0.1177193917458058,-0.3059196933749401,0.0704809098833285,8.739999999999984,7.94000000000001,-0.6177505356605795,0.26615382593344,Early Suppression Followed by Attenuation,1.0,solid_common_support
3,day,1.9519166666666687,-0.1193735265468842,-0.3101212292606566,0.0713741761668881,8.739999999999984,7.94000000000001,-0.6177505356605795,0.26615382593344,Early Suppression Followed by Attenuation,1.0,solid_common_support
3,day,1.9850000000000023,-0.1210110312618151,-0.3142753156053026,0.0722532530816723,8.739999999999984,7.94000000000001,-0.6177505356605795,0.26615382593344,Early Suppression Followed by Attenuation,1.0,solid_common_support
3,day,2.018083333333336,-0.1226319977695276,-0.3183822210536287,0.0731182255145734,8.739999999999984,7.94000000000001,-0.6177505356605795,0.26615382593344,Early Suppression Followed by Attenuation,1.0,solid_common_support
3,day,2.051166666666669,-0.1242365179489505,-0.3224422143092054,0.0739691784113043,8.739999999999984,7.94000000000001,-0.6177505356605795,0.26615382593344,Early Suppression Followed by Attenuation,1.0,solid_common_support
3,day,2.0842500000000026,-0.1258246836790129,-0.3264555641328845,0.0748061967748587,8.739999999999984,7.94000000000001,-0.6177505356605795,0.26615382593344,Early Suppression Followed by Attenuation,1.0,solid_common_support
3,day,2.117333333333336,-0.1273965868386438,-0.3304225393414313,0.0756293656641436,8.739999999999984,7.94000000000001,-0.6177505356605795,0.26615382593344,Early Suppression Followed by Attenuation,1.0,solid_common_support
3,day,2.1504166666666693,-0.1289523193067722,-0.3343434088063081,0.0764387701927637,8.739999999999984,7.94000000000001,-0.6177505356605795,0.26615382593344,Early Suppression Followed by Attenuation,1.0,solid_common_support
3,day,2.1835000000000027,-0.130491972962327,-0.3382184414525925,0.0772344955279383,8.739999999999984,7.94000000000001,-0.6177505356605795,0.26615382593344,Early Suppression Followed by Attenuation,1.0,solid_common_support
3,day,2.216583333333336,-0.1320156396842373,-0.3420479062580119,0.0780166268895373,8.739999999999984,7.94000000000001,-0.6177505356605795,0.26615382593344,Early Suppression Followed by Attenuation,1.0,solid_common_support
3,day,2.2496666666666694,-0.133523411351432,-0.345832072252085,0.078785249549221,8.739999999999984,7.94000000000001,-0.6177505356605795,0.26615382593344,Early Suppression Followed by Attenuation,1.0,solid_common_support
3,day,2.2827500000000027,-0.1350153798428402,-0.3495712085153538,0.0795404488296734,8.739999999999984,7.94000000000001,-0.6177505356605795,0.26615382593344,Early Suppression Followed by Attenuation,1.0,solid_common_support
3,day,2.315833333333336,-0.1364916370373908,-0.3532655841786979,0.0802823101039162,8.739999999999984,7.94000000000001,-0.6177505356605795,0.26615382593344,Early Suppression Followed by Attenuation,1.0,solid_common_support
3,day,2.348916666666669,-0.1379522748140129,-0.3569154684227225,0.0810109187946966,8.739999999999984,7.94000000000001,-0.6177505356605795,0.26615382593344,Early Suppression Followed by Attenuation,1.0,solid_common_support
3,day,2.382000000000003,-0.1393973850516352,-0.3605211304772098,0.0817263603739393,8.739999999999984,7.94000000000001,-0.6177505356605795,0.26615382593344,Early Suppression Followed by Attenuation,1.0,solid_common_support
3,day,2.415083333333336,-0.1408270596291871,-0.364082839620629,0.0824287203622547,8.739999999999984,7.94000000000001,-0.6177505356605795,0.26615382593344,Early Suppression Followed by Attenuation,1.0,solid_common_support
3,day,2.448166666666669,-0.1422413904255973,-0.3676008651796935,0.0831180843284988,8.739999999999984,7.94000000000001,-0.6177505356605795,0.26615382593344,Early Suppression Followed by Attenuation,1.0,solid_common_support
3,day,2.481250000000004,-0.1436404693197949,-0.3710754765289666,0.0837945378893766,8.739999999999984,7.94000000000001,-0.6177505356605795,0.26615382593344,Early Suppression Followed by Attenuation,1.0,solid_common_support
3,day,2.5143333333333366,-0.1450243881907089,-0.3745069430905045,0.0844581667090865,8.739999999999984,7.94000000000001,-0.6177505356605795,0.26615382593344,Early Suppression Followed by Attenuation,1.0,solid_common_support
3,day,2.54741666666667,-0.1463932389172683,-0.3778955343335337,0.0851090564989971,8.739999999999984,7.94000000000001,-0.6177505356605795,0.26615382593344,Early Suppression Followed by Attenuation,1.0,solid_common_support
3,day,2.580500000000004,-0.147747113378402,-0.3812415197741612,0.0857472930173571,8.739999999999984,7.94000000000001,-0.6177505356605795,0.26615382593344,Early Suppression Followed by Attenuation,1.0,solid_common_support
3,day,2.6135833333333367,-0.1490861034530391,-0.3845451689751081,0.0863729620690298,8.739999999999984,7.94000000000001,-0.6177505356605795,0.26615382593344,Early Suppression Followed by Attenuation,1.0,solid_common_support
3,day,2.64666666666667,-0.1504103010201085,-0.3878067515454689,0.0869861495052519,8.739999999999984,7.94000000000001,-0.6177505356605795,0.26615382593344,Early Suppression Followed by Attenuation,1.0,solid_common_support
3,day,2.6797500000000034,-0.1517197979585393,-0.3910265371404905,0.0875869412234119,8.739999999999984,7.94000000000001,-0.6177505356605795,0.26615382593344,Early Suppression Followed by Attenuation,1.0,solid_common_support
3,day,2.7128333333333368,-0.1530146861472603,-0.3942047954613669,0.0881754231668462,8.739999999999984,7.94000000000001,-0.6177505356605795,0.26615382593344,Early Suppression Followed by Attenuation,1.0,solid_common_support
3,day,2.74591666666667,-0.1542950574652007,-0.3973417962550505,0.0887516813246489,8.739999999999984,7.94000000000001,-0.6177505356605795,0.26615382593344,Early Suppression Followed by Attenuation,1.0,solid_common_support
3,day,2.7790000000000035,-0.1555610037912894,-0.4004378093140738,0.0893158017314949,8.739999999999984,7.94000000000001,-0.6177505356605795,0.26615382593344,Early Suppression Followed by Attenuation,1.0,solid_common_support
3,day,2.812083333333337,-0.1568126170044554,-0.4034931044763827,0.0898678704674718,8.739999999999984,7.94000000000001,-0.6177505356605795,0.26615382593344,Early Suppression Followed by Attenuation,1.0,solid_common_support
3,day,2.84516666666667,-0.1580499889836278,-0.4065079516251767,0.090407973657921,8.739999999999984,7.94000000000001,-0.6177505356605795,0.26615382593344,Early Suppression Followed by Attenuation,1.0,solid_common_support
3,day,2.8782500000000035,-0.1592732116077354,-0.4094826206887543,0.0909361974732833,8.739999999999984,7.94000000000001,-0.6177505356605795,0.26615382593344,Early Suppression Followed by Attenuation,1.0,solid_common_support
3,day,2.911333333333337,-0.1604823767557073,-0.412417381640365,0.0914526281289503,8.739999999999984,7.94000000000001,-0.6177505356605795,0.26615382593344,Early Suppression Followed by Attenuation,1.0,solid_common_support
3,day,2.9444166666666702,-0.1616775763064724,-0.4153125044980625,0.0919573518851177,8.739999999999984,7.94000000000001,-0.6177505356605795,0.26615382593344,Early Suppression Followed by Attenuation,1.0,solid_common_support
3,day,2.977500000000004,-0.1628589021389598,-0.4181682593245591,0.0924504550466394,8.739999999999984,7.94000000000001,-0.6177505356605795,0.26615382593344,Early Suppression Followed by Attenuation,1.0,solid_common_support
3,day,3.010583333333337,-0.1640264461320985,-0.420984916227079,0.092932023962882,8.739999999999984,7.94000000000001,-0.6177505356605795,0.26615382593344,Early Suppression Followed by Attenuation,1.0,solid_common_support
3,day,3.0436666666666703,-0.1651803001648174,-0.423762745357212,0.0934021450275771,8.739999999999984,7.94000000000001,-0.6177505356605795,0.26615382593344,Early Suppression Followed by Attenuation,1.0,solid_common_support
3,day,3.076750000000004,-0.1663205561160455,-0.4265020169107619,0.0938609046786708,8.739999999999984,7.94000000000001,-0.6177505356605795,0.26615382593344,Early Suppression Followed by Attenuation,1.0,solid_common_support
3,day,3.109833333333337,-0.1674473058647119,-0.4292030011275931,0.0943083893981692,8.739999999999984,7.94000000000001,-0.6177505356605795,0.26615382593344,Early Suppression Followed by Attenuation,1.0,solid_common_support
3,day,3.1429166666666704,-0.1685606412897455,-0.4318659682914686,0.0947446857119775,8.739999999999984,7.94000000000001,-0.6177505356605795,0.26615382593344,Early Suppression Followed by Attenuation,1.0,solid_common_support
3,day,3.176000000000004,-0.1696606542700753,-0.434491188729885,0.0951698801897343,8.739999999999984,7.94000000000001,-0.6177505356605795,0.26615382593344,Early Suppression Followed by Attenuation,1.0,solid_common_support
3,day,3.209083333333337,-0.1707474366846303,-0.4370789328138974,0.0955840594446366,8.739999999999984,7.94000000000001,-0.6177505356605795,0.26615382593344,Early Suppression Followed by Attenuation,1.0,solid_common_support
3,day,3.242166666666671,-0.1718210804123395,-0.4396294709579365,0.0959873101332574,8.739999999999984,7.94000000000001,-0.6177505356605795,0.26615382593344,Early Suppression Followed by Attenuation,1.0,solid_common_support
3,day,3.275250000000004,-0.1728816773321319,-0.4421430736196166,0.0963797189553526,8.739999999999984,7.94000000000001,-0.6177505356605795,0.26615382593344,Early Suppression Followed by Attenuation,1.0,solid_common_support
3,day,3.3083333333333376,-0.1739293193229365,-0.4446200112995316,0.0967613726536585,8.739999999999984,7.94000000000001,-0.6177505356605795,0.26615382593344,Early Suppression Followed by Attenuation,1.0,solid_common_support
3,day,3.341416666666671,-0.1749640982636823,-0.4470605545410408,0.0971323580136762,8.739999999999984,7.94000000000001,-0.6177505356605795,0.26615382593344,Early Suppression Followed by Attenuation,1.0,solid_common_support
3,day,3.3745000000000043,-0.175986106033298,-0.449464973930041,0.0974927618634448,8.739999999999984,7.94000000000001,-0.6177505356605795,0.26615382593344,Early Suppression Followed by Attenuation,1.0,solid_common_support
3,day,3.4075833333333376,-0.1769954345107132,-0.4518335400947272,0.0978426710733008,8.739999999999984,7.94000000000001,-0.6177505356605795,0.26615382593344,Early Suppression Followed by Attenuation,1.0,solid_common_support
3,day,3.440666666666671,-0.1779921755748564,-0.4541665237053348,0.098182172555622,8.739999999999984,7.94000000000001,-0.6177505356605795,0.26615382593344,Early Suppression Followed by Attenuation,1.0,solid_common_support
3,day,3.4737500000000043,-0.1789764211046567,-0.4564641954738712,0.0985113532645577,8.739999999999984,7.94000000000001,-0.6177505356605795,0.26615382593344,Early Suppression Followed by Attenuation,1.0,solid_common_support
3,day,3.5068333333333377,-0.1799482629790431,-0.4587268261538285,0.0988303001957422,8.739999999999984,7.94000000000001,-0.6177505356605795,0.26615382593344,Early Suppression Followed by Attenuation,1.0,solid_common_support
3,day,3.539916666666671,-0.1809077930769447,-0.4609546865398802,0.0991391003859907,8.739999999999984,7.94000000000001,-0.6177505356605795,0.26615382593344,Early Suppression Followed by Attenuation,1.0,solid_common_support
3,day,3.5730000000000044,-0.1818551032772904,-0.4631480474675588,0.0994378409129778,8.739999999999984,7.94000000000001,-0.6177505356605795,0.26615382593344,Early Suppression Followed by Attenuation,1.0,solid_common_support
3,day,3.6060833333333377,-0.1827902854590092,-0.4653071798129158,0.0997266088948973,8.739999999999984,7.94000000000001,-0.6177505356605795,0.26615382593344,Early Suppression Followed by Attenuation,1.0,solid_common_support
3,day,3.639166666666671,-0.18371343150103,-0.467432354492162,0.1000054914901018,8.739999999999984,7.94000000000001,-0.6177505356605795,0.26615382593344,Early Suppression Followed by Attenuation,1.0,solid_common_support
3,day,3.672250000000005,-0.1846246332822821,-0.4695238424612866,0.1002745758967224,8.739999999999984,7.94000000000001,-0.6177505356605795,0.26615382593344,Early Suppression Followed by Attenuation,1.0,solid_common_support
3,day,3.705333333333338,-0.1855239826816941,-0.4715819147156548,0.1005339493522664,8.739999999999984,7.94000000000001,-0.6177505356605795,0.26615382593344,Early Suppression Followed by Attenuation,1.0,solid_common_support
3,day,3.738416666666671,-0.1864115715781952,-0.4736068422895835,0.100783699133193,8.739999999999984,7.94000000000001,-0.6177505356605795,0.26615382593344,Early Suppression Followed by Attenuation,1.0,solid_common_support
3,day,3.771500000000005,-0.1872874918507144,-0.4755988962558945,0.1010239125544656,8.739999999999984,7.94000000000001,-0.6177505356605795,0.26615382593344,Early Suppression Followed by Attenuation,1.0,solid_common_support
3,day,3.804583333333338,-0.1881518353781806,-0.4775583477254425,0.1012546769690811,8.739999999999984,7.94000000000001,-0.6177505356605795,0.26615382593344,Early Suppression Followed by Attenuation,1.0,solid_common_support
3,day,3.8376666666666712,-0.1890046940395229,-0.4794854678466177,0.1014760797675718,8.739999999999984,7.94000000000001,-0.6177505356605795,0.26615382593344,Early Suppression Followed by Attenuation,1.0,solid_common_support
3,day,3.870750000000005,-0.1898461597136702,-0.4813805278048249,0.1016882083774843,8.739999999999984,7.94000000000001,-0.6177505356605795,0.26615382593344,Early Suppression Followed by Attenuation,1.0,solid_common_support
3,day,3.9038333333333375,-0.1906763242795515,-0.4832437988219328,0.1018911502628297,8.739999999999984,7.94000000000001,-0.6177505356605795,0.26615382593344,Early Suppression Followed by Attenuation,1.0,solid_common_support
3,day,3.936916666666672,-0.1914952796160959,-0.4850755521556987,0.1020849929235069,8.739999999999984,7.94000000000001,-0.6177505356605795,0.26615382593344,Early Suppression Followed by Attenuation,1.0,solid_common_support
3,day,3.970000000000005,-0.1923031176022323,-0.4868760590991615,0.1022698238946969,8.739999999999984,7.94000000000001,-0.6177505356605795,0.26615382593344,Early Suppression Followed by Attenuation,1.0,solid_common_support
3,day,4.003083333333338,-0.1930999301168896,-0.4886455909800075,0.1024457307462281,8.739999999999984,7.94000000000001,-0.6177505356605795,0.26615382593344,Early Suppression Followed by Attenuation,1.0,solid_common_support
3,day,4.036166666666672,-0.193885809038997,-0.4903844191599047,0.1026128010819107,8.739999999999984,7.94000000000001,-0.6177505356605795,0.26615382593344,Early Suppression Followed by Attenuation,1.0,solid_common_support
3,day,4.069250000000005,-0.1946608462474833,-0.4920928150338066,0.1027711225388398,8.739999999999984,7.94000000000001,-0.6177505356605795,0.26615382593344,Early Suppression Followed by Attenuation,1.0,solid_common_support
3,day,4.1023333333333385,-0.1954251336212777,-0.4937710500292212,0.1029207827866657,8.739999999999984,7.94000000000001,-0.6177505356605795,0.26615382593344,Early Suppression Followed by Attenuation,1.0,solid_common_support
3,day,4.135416666666671,-0.1961787630393089,-0.4954193956054498,0.1030618695268318,8.739999999999984,7.94000000000001,-0.6177505356605795,0.26615382593344,Early Suppression Followed by Attenuation,1.0,solid_common_support
3,day,4.168500000000005,-0.1969218263805062,-0.4970381232527894,0.1031944704917769,8.739999999999984,7.94000000000001,-0.6177505356605795,0.26615382593344,Early Suppression Followed by Attenuation,1.0,solid_common_support
3,day,4.201583333333338,-0.1976544155237985,-0.4986275044917004,0.1033186734441034,8.739999999999984,7.94000000000001,-0.6177505356605795,0.26615382593344,Early Suppression Followed by Attenuation,1.0,solid_common_support
3,day,4.234666666666672,-0.1983766223481146,-0.5001878108719373,0.103434566175708,8.739999999999984,7.94000000000001,-0.6177505356605795,0.26615382593344,Early Suppression Followed by Attenuation,1.0,solid_common_support
3,day,4.267750000000006,-0.1990885387323837,-0.501719313971643,0.1035422365068756,8.739999999999984,7.94000000000001,-0.6177505356605795,0.26615382593344,Early Suppression Followed by Attenuation,1.0,solid_common_support
3,day,4.300833333333339,-0.1997902565555347,-0.5032222853964046,0.103641772285335,8.739999999999984,7.94000000000001,-0.6177505356605795,0.26615382593344,Early Suppression Followed by Attenuation,1.0,solid_common_support
3,day,4.333916666666672,-0.2004818676964966,-0.5046969967782675,0.1037332613852741,8.739999999999984,7.94000000000001,-0.6177505356605795,0.26615382593344,Early Suppression Followed by Attenuation,1.0,solid_common_support
3,day,4.367000000000005,-0.2011634640341985,-0.5061437197747128,0.1038167917063158,8.739999999999984,7.94000000000001,-0.6177505356605795,0.26615382593344,Early Suppression Followed by Attenuation,1.0,solid_common_support
3,day,4.400083333333339,-0.2018351374475692,-0.5075627260675901,0.1038924511724516,8.739999999999984,7.94000000000001,-0.6177505356605795,0.26615382593344,Early Suppression Followed by Attenuation,1.0,solid_common_support
3,day,4.433166666666672,-0.2024969798155379,-0.5089542873620082,0.1039603277309323,8.739999999999984,7.94000000000001,-0.6177505356605795,0.26615382593344,Early Suppression Followed by Attenuation,1.0,solid_common_support
3,day,4.466250000000006,-0.2031490830170334,-0.5103186753851825,0.1040205093511155,8.739999999999984,7.94000000000001,-0.6177505356605795,0.26615382593344,Early Suppression Followed by Attenuation,1.0,solid_common_support
3,day,4.499333333333339,-0.2037915389309848,-0.5116561618852378,0.1040730840232681,8.739999999999984,7.94000000000001,-0.6177505356605795,0.26615382593344,Early Suppression Followed by Attenuation,1.0,solid_common_support
3,day,4.5324166666666725,-0.2044244394363211,-0.5129670186299641,0.1041181397573218,8.739999999999984,7.94000000000001,-0.6177505356605795,0.26615382593344,Early Suppression Followed by Attenuation,1.0,solid_common_support
3,day,4.5655000000000046,-0.2050478764119712,-0.5142515174055252,0.1041557645815828,8.739999999999984,7.94000000000001,-0.6177505356605795,0.26615382593344,Early Suppression Followed by Attenuation,1.0,solid_common_support
3,day,4.598583333333339,-0.2056619417368642,-0.5155099300151208,0.1041860465413923,8.739999999999984,7.94000000000001,-0.6177505356605795,0.26615382593344,Early Suppression Followed by Attenuation,1.0,solid_common_support
3,day,4.631666666666672,-0.2062667272899291,-0.5167425282775965,0.1042090736977382,8.739999999999984,7.94000000000001,-0.6177505356605795,0.26615382593344,Early Suppression Followed by Attenuation,1.0,solid_common_support
3,day,4.664750000000006,-0.2068623249500947,-0.5179495840260042,0.1042249341258148,8.739999999999984,7.94000000000001,-0.6177505356605795,0.26615382593344,Early Suppression Followed by Attenuation,1.0,solid_common_support
3,day,4.697833333333339,-0.2074488265962902,-0.5191313691061132,0.1042337159135327,8.739999999999984,7.94000000000001,-0.6177505356605795,0.26615382593344,Early Suppression Followed by Attenuation,1.0,solid_common_support
3,day,4.730916666666673,-0.2080263241074445,-0.5202881553748626,0.1042355071599735,8.739999999999984,7.94000000000001,-0.6177505356605795,0.26615382593344,Early Suppression Followed by Attenuation,1.0,solid_common_support
3,day,4.764000000000006,-0.2085949093624866,-0.5214202146987656,0.1042303959737924,8.739999999999984,7.94000000000001,-0.6177505356605795,0.26615382593344,Early Suppression Followed by Attenuation,1.0,solid_common_support
3,day,4.797083333333339,-0.2091546742403455,-0.5225278189522545,0.1042184704715634,8.739999999999984,7.94000000000001,-0.6177505356605795,0.26615382593344,Early Suppression Followed by Attenuation,1.0,solid_common_support
3,day,4.830166666666672,-0.2097057106199503,-0.52361124001597,0.1041998187760694,8.739999999999984,7.94000000000001,-0.6177505356605795,0.26615382593344,Early Suppression Followed by Attenuation,1.0,solid_common_support
3,day,4.863250000000006,-0.2102481103802297,-0.5246707497749932,0.1041745290145336,8.739999999999984,7.94000000000001,-0.6177505356605795,0.26615382593344,Early Suppression Followed by Attenuation,1.0,solid_common_support
3,day,4.896333333333339,-0.210781965400113,-0.5257066201170177,0.1041426893167917,8.739999999999984,7.94000000000001,-0.6177505356605795,0.26615382593344,Early Suppression Followed by Attenuation,1.0,solid_common_support
3,day,4.929416666666673,-0.2113073675585291,-0.5267191229304627,0.1041043878134045,8.739999999999984,7.94000000000001,-0.6177505356605795,0.26615382593344,Early Suppression Followed by Attenuation,1.0,solid_common_support
3,day,4.962500000000007,-0.2118244087344069,-0.527708530102522,0.1040597126337081,8.739999999999984,7.94000000000001,-0.6177505356605795,0.26615382593344,Early Suppression Followed by Attenuation,1.0,solid_common_support
3,day,4.99558333333334,-0.2123331808066755,-0.5286751135171528,0.1040087519038018,8.739999999999984,7.94000000000001,-0.6177505356605795,0.26615382593344,Early Suppression Followed by Attenuation,1.0,solid_common_support
3,day,5.028666666666673,-0.2128337756542638,-0.5296191450529991,0.1039515937444714,8.739999999999984,7.94000000000001,-0.6177505356605795,0.26615382593344,Early Suppression Followed by Attenuation,1.0,solid_common_support
3,day,5.061750000000006,-0.2133262851561008,-0.5305408965812495,0.1038883262690478,8.739999999999984,7.94000000000001,-0.6177505356605795,0.26615382593344,Early Suppression Followed by Attenuation,1.0,solid_common_support
3,day,5.09483333333334,-0.2138108011911156,-0.5314406399634294,0.1038190375811981,8.739999999999984,7.94000000000001,-0.6177505356605795,0.26615382593344,Early Suppression Followed by Attenuation,1.0,solid_common_support
3,day,5.127916666666673,-0.2142874156382371,-0.5323186470491239,0.1037438157726497,8.739999999999984,7.94000000000001,-0.6177505356605795,0.26615382593344,Early Suppression Followed by Attenuation,1.0,solid_common_support
3,day,5.161000000000007,-0.2147562203763942,-0.5331751896736332,0.1036627489208446,8.739999999999984,7.94000000000001,-0.6177505356605795,0.26615382593344,Early Suppression Followed by Attenuation,1.0,solid_common_support
3,day,5.19408333333334,-0.2152173072845161,-0.534010539655556,0.1035759250865236,8.739999999999984,7.94000000000001,-0.6177505356605795,0.26615382593344,Early Suppression Followed by Attenuation,1.0,solid_common_support
3,day,5.227166666666673,-0.2156707682415317,-0.5348249687943022,0.1034834323112386,8.739999999999984,7.94000000000001,-0.6177505356605795,0.26615382593344,Early Suppression Followed by Attenuation,1.0,solid_common_support
3,day,5.260250000000006,-0.21611669512637,-0.5356187488675325,0.1033853586147924,8.739999999999984,7.94000000000001,-0.6177505356605795,0.26615382593344,Early Suppression Followed by Attenuation,1.0,solid_common_support
3,day,5.29333333333334,-0.2165551798179599,-0.5363921516285237,0.1032817919926038,8.739999999999984,7.94000000000001,-0.6177505356605795,0.26615382593344,Early Suppression Followed by Attenuation,1.0,solid_common_support
3,day,5.326416666666673,-0.2169863141952306,-0.5371454488034589,0.1031728204129977,8.739999999999984,7.94000000000001,-0.6177505356605795,0.26615382593344,Early Suppression Followed by Attenuation,1.0,solid_common_support
3,day,5.359500000000007,-0.2174101901371108,-0.5378789120886398,0.103058531814418,8.739999999999984,7.94000000000001,-0.6177505356605795,0.26615382593344,Early Suppression Followed by Attenuation,1.0,solid_common_support
3,day,5.39258333333334,-0.2178268995225298,-0.5385928131476233,0.1029390141025636,8.739999999999984,7.94000000000001,-0.6177505356605795,0.26615382593344,Early Suppression Followed by Attenuation,1.0,solid_common_support
3,day,5.4256666666666735,-0.2182365342304164,-0.539287423608277,0.1028143551474441,8.739999999999984,7.94000000000001,-0.6177505356605795,0.26615382593344,Early Suppression Followed by Attenuation,1.0,solid_common_support
3,day,5.458750000000006,-0.2186391861396996,-0.5399630150597553,0.102684642780356,8.739999999999984,7.94000000000001,-0.6177505356605795,0.26615382593344,Early Suppression Followed by Attenuation,1.0,solid_common_support
3,day,5.49183333333334,-0.2190349471293084,-0.5406198590493944,0.1025499647907775,8.739999999999984,7.94000000000001,-0.6177505356605795,0.26615382593344,Early Suppression Followed by Attenuation,1.0,solid_common_support
3,day,5.524916666666673,-0.2194239090781718,-0.5412582270795236,0.1024104089231799,8.739999999999984,7.94000000000001,-0.6177505356605795,0.26615382593344,Early Suppression Followed by Attenuation,1.0,solid_common_support
3,day,5.558000000000007,-0.2198061638652189,-0.5418783906041944,0.1022660628737565,8.739999999999984,7.94000000000001,-0.6177505356605795,0.26615382593344,Early Suppression Followed by Attenuation,1.0,solid_common_support
3,day,5.59108333333334,-0.2201818033693786,-0.542480621025822,0.1021170142870648,8.739999999999984,7.94000000000001,-0.6177505356605795,0.26615382593344,Early Suppression Followed by Attenuation,1.0,solid_common_support
3,day,5.624166666666674,-0.2205509194695798,-0.5430651896917442,0.1019633507525845,8.739999999999984,7.94000000000001,-0.6177505356605795,0.26615382593344,Early Suppression Followed by Attenuation,1.0,solid_common_support
3,day,5.657250000000007,-0.2209136040447517,-0.5436323678906912,0.1018051598011877,8.739999999999984,7.94000000000001,-0.6177505356605795,0.26615382593344,Early Suppression Followed by Attenuation,1.0,solid_common_support
3,day,5.69033333333334,-0.2212699489738231,-0.5441824268491664,0.1016425289015201,8.739999999999984,7.94000000000001,-0.6177505356605795,0.26615382593344,Early Suppression Followed by Attenuation,1.0,solid_common_support
3,day,5.723416666666674,-0.2216200461357231,-0.5447156377277413,0.101475545456295,8.739999999999984,7.94000000000001,-0.6177505356605795,0.26615382593344,Early Suppression Followed by Attenuation,1.0,solid_common_support
3,day,5.756500000000007,-0.2219639874093806,-0.5452322716172566,0.1013042967984953,8.739999999999984,7.94000000000001,-0.6177505356605795,0.26615382593344,Early Suppression Followed by Attenuation,1.0,solid_common_support
3,day,5.789583333333341,-0.2223018646737247,-0.545732599534935,0.1011288701874855,8.739999999999984,7.94000000000001,-0.6177505356605795,0.26615382593344,Early Suppression Followed by Attenuation,1.0,solid_common_support
3,day,5.822666666666674,-0.2226337698076843,-0.5462168924204003,0.1009493528050315,8.739999999999984,7.94000000000001,-0.6177505356605795,0.26615382593344,Early Suppression Followed by Attenuation,1.0,solid_common_support
3,day,5.855750000000008,-0.2229597946901886,-0.546685421131605,0.1007658317512278,8.739999999999984,7.94000000000001,-0.6177505356605795,0.26615382593344,Early Suppression Followed by Attenuation,1.0,solid_common_support
3,day,5.8888333333333405,-0.2232800312001662,-0.5471384564406632,0.1005783940403306,8.739999999999984,7.94000000000001,-0.6177505356605795,0.26615382593344,Early Suppression Followed by Attenuation,1.0,solid_common_support
3,day,5.921916666666674,-0.2235945712165464,-0.5475762690295898,0.1003871265964969,8.739999999999984,7.94000000000001,-0.6177505356605795,0.26615382593344,Early Suppression Followed by Attenuation,1.0,solid_common_support
3,day,5.955000000000007,-0.2239035066182582,-0.5479991294859446,0.1001921162494282,8.739999999999984,7.94000000000001,-0.6177505356605795,0.26615382593344,Early Suppression Followed by Attenuation,1.0,solid_common_support
3,day,5.988083333333341,-0.2242069292842304,-0.5484073082983801,0.0999934497299192,8.739999999999984,7.94000000000001,-0.6177505356605795,0.26615382593344,Early Suppression Followed by Attenuation,1.0,solid_common_support
3,day,6.021166666666674,-0.2245049310933921,-0.5488010758520929,0.0997912136653086,8.739999999999984,7.94000000000001,-0.6177505356605795,0.26615382593344,Early Suppression Followed by Attenuation,1.0,solid_common_support
3,day,6.054250000000008,-0.2247976039246723,-0.5491807024241799,0.0995854945748351,8.739999999999984,7.94000000000001,-0.6177505356605795,0.26615382593344,Early Suppression Followed by Attenuation,1.0,solid_common_support
3,day,6.087333333333341,-0.225085039657,-0.5495464581788941,0.099376378864894,8.739999999999984,7.94000000000001,-0.6177505356605795,0.26615382593344,Early Suppression Followed by Attenuation,1.0,solid_common_support
3,day,6.120416666666674,-0.2253673301693042,-0.5498986131628056,0.0991639528241972,8.739999999999984,7.94000000000001,-0.6177505356605795,0.26615382593344,Early Suppression Followed by Attenuation,1.0,solid_common_support
3,day,6.153500000000007,-0.2256445673405138,-0.550237437299863,0.0989483026188353,8.739999999999984,7.94000000000001,-0.6177505356605795,0.26615382593344,Early Suppression Followed by Attenuation,1.0,solid_common_support
3,day,6.186583333333341,-0.2259168430495578,-0.5505632003863556,0.0987295142872399,8.739999999999984,7.94000000000001,-0.6177505356605795,0.26615382593344,Early Suppression Followed by Attenuation,1.0,solid_common_support
3,day,6.219666666666674,-0.2261842491753653,-0.55087617208578,0.0985076737350492,8.739999999999984,7.94000000000001,-0.6177505356605795,0.26615382593344,Early Suppression Followed by Attenuation,1.0,solid_common_support
3,day,6.252750000000008,-0.2264468775968653,-0.5511766219236043,0.0982828667298736,8.739999999999984,7.94000000000001,-0.6177505356605795,0.26615382593344,Early Suppression Followed by Attenuation,1.0,solid_common_support
3,day,6.285833333333341,-0.2267048201929867,-0.5514648192819368,0.0980551788959633,8.739999999999984,7.94000000000001,-0.6177505356605795,0.26615382593344,Early Suppression Followed by Attenuation,1.0,solid_common_support
3,day,6.3189166666666745,-0.2269581688426584,-0.5517410333940943,0.0978246957087773,8.739999999999984,7.94000000000001,-0.6177505356605795,0.26615382593344,Early Suppression Followed by Attenuation,1.0,solid_common_support
3,day,6.352000000000007,-0.2272070154248096,-0.5520055333390732,0.0975915024894539,8.739999999999984,7.94000000000001,-0.6177505356605795,0.26615382593344,Early Suppression Followed by Attenuation,1.0,solid_common_support
3,day,6.385083333333341,-0.2274514518183692,-0.5522585880359214,0.097355684399183,8.739999999999984,7.94000000000001,-0.6177505356605795,0.26615382593344,Early Suppression Followed by Attenuation,1.0,solid_common_support
3,day,6.418166666666675,-0.2276915699022662,-0.5525004662380137,0.0971173264334812,8.739999999999984,7.94000000000001,-0.6177505356605795,0.26615382593344,Early Suppression Followed by Attenuation,1.0,solid_common_support
3,day,6.451250000000008,-0.2279274615554296,-0.5527314365272287,0.0968765134163694,8.739999999999984,7.94000000000001,-0.6177505356605795,0.26615382593344,Early Suppression Followed by Attenuation,1.0,solid_common_support
3,day,6.484333333333342,-0.2281592186567884,-0.5529517673080306,0.0966333299944539,8.739999999999984,7.94000000000001,-0.6177505356605795,0.26615382593344,Early Suppression Followed by Attenuation,1.0,solid_common_support
3,day,6.517416666666675,-0.2283869330852714,-0.5531617268014546,0.0963878606309117,8.739999999999984,7.94000000000001,-0.6177505356605795,0.26615382593344,Early Suppression Followed by Attenuation,1.0,solid_common_support
3,day,6.550500000000008,-0.2286106967198079,-0.5533615830389965,0.0961401895993806,8.739999999999984,7.94000000000001,-0.6177505356605795,0.26615382593344,Early Suppression Followed by Attenuation,1.0,solid_common_support
3,day,6.583583333333341,-0.2288306014393267,-0.5535516038564097,0.0958904009777562,8.739999999999984,7.94000000000001,-0.6177505356605795,0.26615382593344,Early Suppression Followed by Attenuation,1.0,solid_common_support
3,day,6.616666666666675,-0.2290467391227569,-0.5537320568874082,0.0956385786418944,8.739999999999984,7.94000000000001,-0.6177505356605795,0.26615382593344,Early Suppression Followed by Attenuation,1.0,solid_common_support
3,day,6.649750000000008,-0.2292592016490274,-0.5539032095572791,0.0953848062592243,8.739999999999984,7.94000000000001,-0.6177505356605795,0.26615382593344,Early Suppression Followed by Attenuation,1.0,solid_common_support
3,day,6.682833333333342,-0.2294680808970672,-0.5540653290764038,0.0951291672822692,8.739999999999984,7.94000000000001,-0.6177505356605795,0.26615382593344,Early Suppression Followed by Attenuation,1.0,solid_common_support
3,day,6.715916666666675,-0.2296734687458054,-0.5542186824336912,0.0948717449420803,8.739999999999984,7.94000000000001,-0.6177505356605795,0.26615382593344,Early Suppression Followed by Attenuation,1.0,solid_common_support
3,day,6.7490000000000085,-0.2298754570741708,-0.5543635363899238,0.0946126222415821,8.739999999999984,7.94000000000001,-0.6177505356605795,0.26615382593344,Early Suppression Followed by Attenuation,1.0,solid_common_support
3,day,6.7820833333333415,-0.2300741377610926,-0.5545001574710191,0.0943518819488339,8.739999999999984,7.94000000000001,-0.6177505356605795,0.26615382593344,Early Suppression Followed by Attenuation,1.0,solid_common_support
3,day,6.815166666666675,-0.2302696026854996,-0.5546288119612067,0.0940896065902074,8.739999999999984,7.94000000000001,-0.6177505356605795,0.26615382593344,Early Suppression Followed by Attenuation,1.0,solid_common_support
3,day,6.848250000000008,-0.2304619437263209,-0.5547497658961256,0.0938258784434836,8.739999999999984,7.94000000000001,-0.6177505356605795,0.26615382593344,Early Suppression Followed by Attenuation,1.0,solid_common_support
3,day,6.881333333333342,-0.2306512527624855,-0.5548632850558429,0.0935607795308717,8.739999999999984,7.94000000000001,-0.6177505356605795,0.26615382593344,Early Suppression Followed by Attenuation,1.0,solid_common_support
3,day,6.914416666666675,-0.2308376216729224,-0.5549696349577956,0.0932943916119506,8.739999999999984,7.94000000000001,-0.6177505356605795,0.26615382593344,Early Suppression Followed by Attenuation,1.0,solid_common_support
3,day,6.947500000000009,-0.2310211423365605,-0.5550690808496597,0.0930267961765384,8.739999999999984,7.94000000000001,-0.6177505356605795,0.26615382593344,Early Suppression Followed by Attenuation,1.0,solid_common_support
3,day,6.980583333333342,-0.2312019066323289,-0.5551618877021487,0.0927580744374907,8.739999999999984,7.94000000000001,-0.6177505356605795,0.26615382593344,Early Suppression Followed by Attenuation,1.0,solid_common_support
3,day,7.013666666666675,-0.2313800064391566,-0.5552483202017447,0.0924883073234315,8.739999999999984,7.94000000000001,-0.6177505356605795,0.26615382593344,Early Suppression Followed by Attenuation,1.0,solid_common_support
3,day,7.046750000000008,-0.2315555336359724,-0.5553286427433651,0.0922175754714202,8.739999999999984,7.94000000000001,-0.6177505356605795,0.26615382593344,Early Suppression Followed by Attenuation,1.0,solid_common_support
3,day,7.079833333333342,-0.2317285801017055,-0.5554031194229685,0.0919459592195574,8.739999999999984,7.94000000000001,-0.6177505356605795,0.26615382593344,Early Suppression Followed by Attenuation,1.0,solid_common_support
3,day,7.112916666666676,-0.2318992377152848,-0.5554720140301044,0.0916735385995347,8.739999999999984,7.94000000000001,-0.6177505356605795,0.26615382593344,Early Suppression Followed by Attenuation,1.0,solid_common_support
3,day,7.146000000000009,-0.2320675983556393,-0.5555355900404085,0.0914003933291298,8.739999999999984,7.94000000000001,-0.6177505356605795,0.26615382593344,Early Suppression Followed by Attenuation,1.0,solid_common_support
3,day,7.179083333333343,-0.232233753901698,-0.5555941106080498,0.0911266028046536,8.739999999999984,7.94000000000001,-0.6177505356605795,0.26615382593344,Early Suppression Followed by Attenuation,1.0,solid_common_support
3,day,7.2121666666666755,-0.2323977962323899,-0.5556478385581318,0.0908522460933518,8.739999999999984,7.94000000000001,-0.6177505356605795,0.26615382593344,Early Suppression Followed by Attenuation,1.0,solid_common_support
3,day,7.245250000000009,-0.232559817226644,-0.5556970363790548,0.0905774019257666,8.739999999999984,7.94000000000001,-0.6177505356605795,0.26615382593344,Early Suppression Followed by Attenuation,1.0,solid_common_support
3,day,7.278333333333342,-0.2327199087633893,-0.5557419662148411,0.0903021486880623,8.739999999999984,7.94000000000001,-0.6177505356605795,0.26615382593344,Early Suppression Followed by Attenuation,1.0,solid_common_support
3,day,7.311416666666676,-0.2328781627215547,-0.5557828898574293,0.0900265644143198,8.739999999999984,7.94000000000001,-0.6177505356605795,0.26615382593344,Early Suppression Followed by Attenuation,1.0,solid_common_support
3,day,7.344500000000009,-0.2330346709800693,-0.5558200687389456,0.0897507267788069,8.739999999999984,7.94000000000001,-0.6177505356605795,0.26615382593344,Early Suppression Followed by Attenuation,1.0,solid_common_support
3,day,7.377583333333343,-0.2331895254178621,-0.5558537639239505,0.0894747130882263,8.739999999999984,7.94000000000001,-0.6177505356605795,0.26615382593344,Early Suppression Followed by Attenuation,1.0,solid_common_support
3,day,7.410666666666676,-0.233342817913862,-0.5558842361016746,0.0891986002739506,8.739999999999984,7.94000000000001,-0.6177505356605795,0.26615382593344,Early Suppression Followed by Attenuation,1.0,solid_common_support
3,day,7.443750000000009,-0.233494640346998,-0.5559117455782432,0.0889224648842472,8.739999999999984,7.94000000000001,-0.6177505356605795,0.26615382593344,Early Suppression Followed by Attenuation,1.0,solid_common_support
3,day,7.476833333333342,-0.233645084596199,-0.5559365522688997,0.0886463830765016,8.739999999999984,7.94000000000001,-0.6177505356605795,0.26615382593344,Early Suppression Followed by Attenuation,1.0,solid_common_support
3,day,7.509916666666676,-0.2337942425403943,-0.5559589156902313,0.0883704306094426,8.739999999999984,7.94000000000001,-0.6177505356605795,0.26615382593344,Early Suppression Followed by Attenuation,1.0,solid_common_support
3,day,7.543000000000009,-0.2339422060585127,-0.5559790949524045,0.088094682835379,8.739999999999984,7.94000000000001,-0.6177505356605795,0.26615382593344,Early Suppression Followed by Attenuation,1.0,solid_common_support
3,day,7.576083333333343,-0.2340890670294831,-0.5559973487514183,0.0878192146924519,8.739999999999984,7.94000000000001,-0.6177505356605795,0.26615382593344,Early Suppression Followed by Attenuation,1.0,solid_common_support
3,day,7.609166666666676,-0.2342349173322347,-0.5560139353613806,0.087544100696911,8.739999999999984,7.94000000000001,-0.6177505356605795,0.26615382593344,Early Suppression Followed by Attenuation,1.0,solid_common_support
3,day,7.6422500000000095,-0.2343798488456963,-0.5560291126268151,0.0872694149354223,8.739999999999984,7.94000000000001,-0.6177505356605795,0.26615382593344,Early Suppression Followed by Attenuation,1.0,solid_common_support
3,day,7.6753333333333424,-0.2345239534487971,-0.5560431379550068,0.0869952310574125,8.739999999999984,7.94000000000001,-0.6177505356605795,0.26615382593344,Early Suppression Followed by Attenuation,1.0,solid_common_support
3,day,7.708416666666676,-0.2346673230204659,-0.5560562683083934,0.0867216222674615,8.739999999999984,7.94000000000001,-0.6177505356605795,0.26615382593344,Early Suppression Followed by Attenuation,1.0,solid_common_support
3,day,7.741500000000009,-0.2348100494396317,-0.55606876019701,0.0864486613177465,8.739999999999984,7.94000000000001,-0.6177505356605795,0.26615382593344,Early Suppression Followed by Attenuation,1.0,solid_common_support
3,day,7.774583333333343,-0.2349522245852236,-0.5560808696709972,0.08617642050055,8.739999999999984,7.94000000000001,-0.6177505356605795,0.26615382593344,Early Suppression Followed by Attenuation,1.0,solid_common_support
3,day,7.807666666666677,-0.2350939403361705,-0.5560928523131773,0.0859049716408362,8.739999999999984,7.94000000000001,-0.6177505356605795,0.26615382593344,Early Suppression Followed by Attenuation,1.0,solid_common_support
3,day,7.84075000000001,-0.2352352885714015,-0.5561049632317109,0.0856343860889078,8.739999999999984,7.94000000000001,-0.6177505356605795,0.26615382593344,Early Suppression Followed by Attenuation,1.0,solid_common_support
3,day,7.873833333333343,-0.2353763611698455,-0.5561174570528402,0.0853647347131492,8.739999999999984,7.94000000000001,-0.6177505356605795,0.26615382593344,Early Suppression Followed by Attenuation,1.0,solid_common_support
3,day,7.906916666666676,-0.2355172500104315,-0.5561305879137296,0.0850960878928664,8.739999999999984,7.94000000000001,-0.6177505356605795,0.26615382593344,Early Suppression Followed by Attenuation,1.0,solid_common_support
3,day,7.94000000000001,-0.2356580469720885,-0.5561446094554107,0.0848285155112336,8.739999999999984,7.94000000000001,-0.6177505356605795,0.26615382593344,Early Suppression Followed by Attenuation,1.0,solid_common_support
3,day,8.093329562500012,-0.2363105201783213,-0.5562243568786313,0.0836033165219886,8.739999999999984,7.94000000000001,-0.6177505356605795,0.26615382593344,Early Suppression Followed by Attenuation,1.0,dashed_p80_tail
3,day,8.246659125000011,-0.2369629933845541,-0.5563288061796106,0.0824028194105023,8.739999999999984,7.94000000000001,-0.6177505356605795,0.26615382593344,Early Suppression Followed by Attenuation,1.0,dashed_p80_tail
3,day,8.399988687500013,-0.2376154665907869,-0.556458084730489,0.0812271515489151,8.739999999999984,7.94000000000001,-0.6177505356605795,0.26615382593344,Early Suppression Followed by Attenuation,1.0,dashed_p80_tail
3,day,8.553318250000013,-0.2382679397970197,-0.5566123149508948,0.0800764353568552,8.739999999999984,7.94000000000001,-0.6177505356605795,0.26615382593344,Early Suppression Followed by Attenuation,1.0,dashed_p80_tail
3,day,8.706647812500014,-0.2389204130032525,-0.5567916141713367,0.0789507881648315,8.739999999999984,7.94000000000001,-0.6177505356605795,0.26615382593344,Early Suppression Followed by Attenuation,1.0,dashed_p80_tail
4,day,0.0,0.0,0.0,0.0,8.100000000000012,7.94000000000001,-0.396848999434475,0.27725745831695,Low-Amplitude Persistent Disturbance,1.0,solid_common_support
4,day,0.0330833333333333,-0.0011929788860263,-0.0028710607874359,0.0004851030153832,8.100000000000012,7.94000000000001,-0.396848999434475,0.27725745831695,Low-Amplitude Persistent Disturbance,1.0,solid_common_support
4,day,0.0661666666666667,-0.0023858122036564,-0.0057417018253741,0.0009700774180612,8.100000000000012,7.94000000000001,-0.396848999434475,0.27725745831695,Low-Amplitude Persistent Disturbance,1.0,solid_common_support
4,day,0.0992500000000001,-0.003578354384494,-0.0086115033736634,0.0014547946046753,8.100000000000012,7.94000000000001,-0.396848999434475,0.27725745831695,Low-Amplitude Persistent Disturbance,1.0,solid_common_support
4,day,0.1323333333333335,-0.0047704598601428,-0.0114800457108556,0.0019391259905699,8.100000000000012,7.94000000000001,-0.396848999434475,0.27725745831695,Low-Amplitude Persistent Disturbance,1.0,solid_common_support
4,day,0.1654166666666668,-0.0059619830622066,-0.0143469091435844,0.0024229430191711,8.100000000000012,7.94000000000001,-0.396848999434475,0.27725745831695,Low-Amplitude Persistent Disturbance,1.0,solid_common_support
4,day,0.1985000000000002,-0.0071527784222892,-0.0172116740159758,0.0029061171713974,8.100000000000012,7.94000000000001,-0.396848999434475,0.27725745831695,Low-Amplitude Persistent Disturbance,1.0,solid_common_support
4,day,0.2315833333333336,-0.0083427003719942,-0.0200739207191014,0.003388519975113,8.100000000000012,7.94000000000001,-0.396848999434475,0.27725745831695,Low-Amplitude Persistent Disturbance,1.0,solid_common_support
4,day,0.264666666666667,-0.0095316033429254,-0.0229332297004864,0.0038700230146355,8.100000000000012,7.94000000000001,-0.396848999434475,0.27725745831695,Low-Amplitude Persistent Disturbance,1.0,solid_common_support
4,day,0.2977500000000003,-0.0107193417666866,-0.0257891814736811,0.0043504979403079,8.100000000000012,7.94000000000001,-0.396848999434475,0.27725745831695,Low-Amplitude Persistent Disturbance,1.0,solid_common_support
4,day,0.3308333333333337,-0.0119057700748815,-0.02864135662791,0.004829816478147,8.100000000000012,7.94000000000001,-0.396848999434475,0.27725745831695,Low-Amplitude Persistent Disturbance,1.0,solid_common_support
4,day,0.3639166666666671,-0.0130907426991138,-0.0314893358378069,0.0053078504395792,8.100000000000012,7.94000000000001,-0.396848999434475,0.27725745831695,Low-Amplitude Persistent Disturbance,1.0,solid_common_support
4,day,0.3970000000000004,-0.0142741140709874,-0.0343326998732493,0.0057844717312744,8.100000000000012,7.94000000000001,-0.396848999434475,0.27725745831695,Low-Amplitude Persistent Disturbance,1.0,solid_common_support
4,day,0.4300833333333339,-0.0154557386221059,-0.037171029609303,0.0062595523650911,8.100000000000012,7.94000000000001,-0.396848999434475,0.27725745831695,Low-Amplitude Persistent Disturbance,1.0,solid_common_support
4,day,0.4631666666666672,-0.0166354707840731,-0.0400039060362888,0.0067329644681426,8.100000000000012,7.94000000000001,-0.396848999434475,0.27725745831695,Low-Amplitude Persistent Disturbance,1.0,solid_common_support
4,day,0.4962500000000006,-0.0178131649884927,-0.0428309102699841,0.0072045802929986,8.100000000000012,7.94000000000001,-0.396848999434475,0.27725745831695,Low-Amplitude Persistent Disturbance,1.0,solid_common_support
4,day,0.529333333333334,-0.0189886756669685,-0.0456516235619696,0.0076742722280325,8.100000000000012,7.94000000000001,-0.396848999434475,0.27725745831695,Low-Amplitude Persistent Disturbance,1.0,solid_common_support
4,day,0.5624166666666673,-0.0201618572511042,-0.0484656273101369,0.0081419128079284,8.100000000000012,7.94000000000001,-0.396848999434475,0.27725745831695,Low-Amplitude Persistent Disturbance,1.0,solid_common_support
4,day,0.5955000000000007,-0.0213325641725036,-0.0512725030693674,0.0086073747243601,8.100000000000012,7.94000000000001,-0.396848999434475,0.27725745831695,Low-Amplitude Persistent Disturbance,1.0,solid_common_support
4,day,0.6285833333333342,-0.0225006508627704,-0.0540718325623964,0.0090705308368555,8.100000000000012,7.94000000000001,-0.396848999434475,0.27725745831695,Low-Amplitude Persistent Disturbance,1.0,solid_common_support
4,day,0.6616666666666675,-0.0236659717535084,-0.0568631976908769,0.00953125418386,8.100000000000012,7.94000000000001,-0.396848999434475,0.27725745831695,Low-Amplitude Persistent Disturbance,1.0,solid_common_support
4,day,0.6947500000000009,-0.0248283812763213,-0.0596461805466559,0.0099894179940132,8.100000000000012,7.94000000000001,-0.396848999434475,0.27725745831695,Low-Amplitude Persistent Disturbance,1.0,solid_common_support
4,day,0.7278333333333342,-0.0259877338628128,-0.0624203634232788,0.0104448956976531,8.100000000000012,7.94000000000001,-0.396848999434475,0.27725745831695,Low-Amplitude Persistent Disturbance,1.0,solid_common_support
4,day,0.7609166666666676,-0.0271438839445868,-0.0651853288277359,0.0108975609385623,8.100000000000012,7.94000000000001,-0.396848999434475,0.27725745831695,Low-Amplitude Persistent Disturbance,1.0,solid_common_support
4,day,0.7940000000000009,-0.0282966859532468,-0.0679406594924667,0.0113472875859729,8.100000000000012,7.94000000000001,-0.396848999434475,0.27725745831695,Low-Amplitude Persistent Disturbance,1.0,solid_common_support
4,day,0.8270833333333344,-0.0294459943203968,-0.0706859383876382,0.0117939497468445,8.100000000000012,7.94000000000001,-0.396848999434475,0.27725745831695,Low-Amplitude Persistent Disturbance,1.0,solid_common_support
4,day,0.8601666666666677,-0.0305916634776404,-0.0734207487337136,0.0122374217784327,8.100000000000012,7.94000000000001,-0.396848999434475,0.27725745831695,Low-Amplitude Persistent Disturbance,1.0,solid_common_support
4,day,0.8932500000000011,-0.0317335478565814,-0.0761446740143279,0.0126775783011649,8.100000000000012,7.94000000000001,-0.396848999434475,0.27725745831695,Low-Amplitude Persistent Disturbance,1.0,solid_common_support
4,day,0.9263333333333345,-0.0328715018888235,-0.0788572979894887,0.0131142942118416,8.100000000000012,7.94000000000001,-0.396848999434475,0.27725745831695,Low-Amplitude Persistent Disturbance,1.0,solid_common_support
4,day,0.9594166666666678,-0.0340053800059705,-0.0815582047091211,0.01354744469718,8.100000000000012,7.94000000000001,-0.396848999434475,0.27725745831695,Low-Amplitude Persistent Disturbance,1.0,solid_common_support
4,day,0.9925000000000012,-0.0351350366396261,-0.0842469785269739,0.0139769052477216,8.100000000000012,7.94000000000001,-0.396848999434475,0.27725745831695,Low-Amplitude Persistent Disturbance,1.0,solid_common_support
4,day,1.0255833333333346,-0.0362603262213941,-0.0869232041149094,0.0144025516721211,8.100000000000012,7.94000000000001,-0.396848999434475,0.27725745831695,Low-Amplitude Persistent Disturbance,1.0,solid_common_support
4,day,1.058666666666668,-0.0373811031828782,-0.0895864664775953,0.0148242601118389,8.100000000000012,7.94000000000001,-0.396848999434475,0.27725745831695,Low-Amplitude Persistent Disturbance,1.0,solid_common_support
4,day,1.091750000000001,-0.0384972219556821,-0.0922363509676225,0.0152419070562582,8.100000000000012,7.94000000000001,-0.396848999434475,0.27725745831695,Low-Amplitude Persistent Disturbance,1.0,solid_common_support
4,day,1.124833333333335,-0.0396085369714096,-0.0948724433010682,0.0156553693582489,8.100000000000012,7.94000000000001,-0.396848999434475,0.27725745831695,Low-Amplitude Persistent Disturbance,1.0,solid_common_support
4,day,1.157916666666668,-0.0407149026616645,-0.0974943295735316,0.0160645242502026,8.100000000000012,7.94000000000001,-0.396848999434475,0.27725745831695,Low-Amplitude Persistent Disturbance,1.0,solid_common_support
4,day,1.1910000000000014,-0.0418161734580504,-0.1001015962766625,0.0164692493605616,8.100000000000012,7.94000000000001,-0.396848999434475,0.27725745831695,Low-Amplitude Persistent Disturbance,1.0,solid_common_support
4,day,1.2240833333333347,-0.0429122037921712,-0.1026938303152122,0.0168694227308697,8.100000000000012,7.94000000000001,-0.396848999434475,0.27725745831695,Low-Amplitude Persistent Disturbance,1.0,solid_common_support
4,day,1.2571666666666683,-0.0440028480956306,-0.1052706190246304,0.0172649228333691,8.100000000000012,7.94000000000001,-0.396848999434475,0.27725745831695,Low-Amplitude Persistent Disturbance,1.0,solid_common_support
4,day,1.2902500000000017,-0.0450879608000323,-0.1078315501892376,0.017655628589173,8.100000000000012,7.94000000000001,-0.396848999434475,0.27725745831695,Low-Amplitude Persistent Disturbance,1.0,solid_common_support
4,day,1.323333333333335,-0.04616739633698,-0.1103762120610026,0.0180414193870424,8.100000000000012,7.94000000000001,-0.396848999434475,0.27725745831695,Low-Amplitude Persistent Disturbance,1.0,solid_common_support
4,day,1.3564166666666684,-0.0472410091380776,-0.1129041933789536,0.0184221751027982,8.100000000000012,7.94000000000001,-0.396848999434475,0.27725745831695,Low-Amplitude Persistent Disturbance,1.0,solid_common_support
4,day,1.3895000000000015,-0.0483086536349288,-0.1154150833892577,0.0187977761194001,8.100000000000012,7.94000000000001,-0.396848999434475,0.27725745831695,Low-Amplitude Persistent Disturbance,1.0,solid_common_support
4,day,1.422583333333335,-0.0493701842591372,-0.1179084718660006,0.0191681033477261,8.100000000000012,7.94000000000001,-0.396848999434475,0.27725745831695,Low-Amplitude Persistent Disturbance,1.0,solid_common_support
4,day,1.4556666666666684,-0.0504254554423067,-0.1203839491327021,0.0195330382480886,8.100000000000012,7.94000000000001,-0.396848999434475,0.27725745831695,Low-Amplitude Persistent Disturbance,1.0,solid_common_support
4,day,1.4887500000000018,-0.051474321616041,-0.122841106084605,0.0198924628525228,8.100000000000012,7.94000000000001,-0.396848999434475,0.27725745831695,Low-Amplitude Persistent Disturbance,1.0,solid_common_support
4,day,1.5218333333333351,-0.0525166372119439,-0.1252795342117754,0.0202462597878875,8.100000000000012,7.94000000000001,-0.396848999434475,0.27725745831695,Low-Amplitude Persistent Disturbance,1.0,solid_common_support
4,day,1.5549166666666685,-0.053552256661619,-0.1276988256230564,0.0205943122998183,8.100000000000012,7.94000000000001,-0.396848999434475,0.27725745831695,Low-Amplitude Persistent Disturbance,1.0,solid_common_support
4,day,1.588000000000002,-0.0545810343966702,-0.1300985730709172,0.0209365042775768,8.100000000000012,7.94000000000001,-0.396848999434475,0.27725745831695,Low-Amplitude Persistent Disturbance,1.0,solid_common_support
4,day,1.6210833333333354,-0.0556028248487011,-0.1324783699772422,0.0212727202798398,8.100000000000012,7.94000000000001,-0.396848999434475,0.27725745831695,Low-Amplitude Persistent Disturbance,1.0,solid_common_support
4,day,1.6541666666666688,-0.0566174824493156,-0.1348378104601094,0.0216028455614782,8.100000000000012,7.94000000000001,-0.396848999434475,0.27725745831695,Low-Amplitude Persistent Disturbance,1.0,solid_common_support
4,day,1.687250000000002,-0.0576248616301173,-0.1371764893616067,0.021926766101372,8.100000000000012,7.94000000000001,-0.396848999434475,0.27725745831695,Low-Amplitude Persistent Disturbance,1.0,solid_common_support
4,day,1.7203333333333355,-0.0586248177649074,-0.1394940049752537,0.0222443694454389,8.100000000000012,7.94000000000001,-0.396848999434475,0.27725745831695,Low-Amplitude Persistent Disturbance,1.0,solid_common_support
4,day,1.7534166666666688,-0.0596172723446603,-0.1417901456820677,0.0225556009927469,8.100000000000012,7.94000000000001,-0.396848999434475,0.27725745831695,Low-Amplitude Persistent Disturbance,1.0,solid_common_support
4,day,1.7865000000000022,-0.0606022552701484,-0.1440650107486495,0.0228605002083525,8.100000000000012,7.94000000000001,-0.396848999434475,0.27725745831695,Low-Amplitude Persistent Disturbance,1.0,solid_common_support
4,day,1.819583333333336,-0.061579806496742,-0.1463187284195538,0.0231591154260696,8.100000000000012,7.94000000000001,-0.396848999434475,0.27725745831695,Low-Amplitude Persistent Disturbance,1.0,solid_common_support
4,day,1.852666666666669,-0.0625499659798115,-0.1485514271020654,0.0234514951424423,8.100000000000012,7.94000000000001,-0.396848999434475,0.27725745831695,Low-Amplitude Persistent Disturbance,1.0,solid_common_support
4,day,1.8857500000000025,-0.0635127736747273,-0.1507632353574147,0.02373768800796,8.100000000000012,7.94000000000001,-0.396848999434475,0.27725745831695,Low-Amplitude Persistent Disturbance,1.0,solid_common_support
4,day,1.918833333333336,-0.0644682695368598,-0.1529542818929378,0.0240177428192181,8.100000000000012,7.94000000000001,-0.396848999434475,0.27725745831695,Low-Amplitude Persistent Disturbance,1.0,solid_common_support
4,day,1.9519166666666687,-0.0654164935215794,-0.155124695555061,0.024291708511902,8.100000000000012,7.94000000000001,-0.396848999434475,0.27725745831695,Low-Amplitude Persistent Disturbance,1.0,solid_common_support
4,day,1.9850000000000023,-0.0663574855842565,-0.1572746053230012,0.0245596341544881,8.100000000000012,7.94000000000001,-0.396848999434475,0.27725745831695,Low-Amplitude Persistent Disturbance,1.0,solid_common_support
4,day,2.018083333333336,-0.0672912856802615,-0.1594041403030936,0.0248215689425704,8.100000000000012,7.94000000000001,-0.396848999434475,0.27725745831695,Low-Amplitude Persistent Disturbance,1.0,solid_common_support
4,day,2.051166666666669,-0.0682179337649648,-0.1615134297236647,0.0250775621937349,8.100000000000012,7.94000000000001,-0.396848999434475,0.27725745831695,Low-Amplitude Persistent Disturbance,1.0,solid_common_support
4,day,2.0842500000000026,-0.0691374697937368,-0.163602602930386,0.0253276633429122,8.100000000000012,7.94000000000001,-0.396848999434475,0.27725745831695,Low-Amplitude Persistent Disturbance,1.0,solid_common_support
4,day,2.117333333333336,-0.070049933721948,-0.1656717893820462,0.0255719219381501,8.100000000000012,7.94000000000001,-0.396848999434475,0.27725745831695,Low-Amplitude Persistent Disturbance,1.0,solid_common_support
4,day,2.1504166666666693,-0.0709553655049686,-0.1677211186466917,0.0258103876367544,8.100000000000012,7.94000000000001,-0.396848999434475,0.27725745831695,Low-Amplitude Persistent Disturbance,1.0,solid_common_support
4,day,2.1835000000000027,-0.0718538050981691,-0.1697507203980907,0.0260431102017524,8.100000000000012,7.94000000000001,-0.396848999434475,0.27725745831695,Low-Amplitude Persistent Disturbance,1.0,solid_common_support
4,day,2.216583333333336,-0.0727452924569199,-0.1717607244124801,0.0262701394986401,8.100000000000012,7.94000000000001,-0.396848999434475,0.27725745831695,Low-Amplitude Persistent Disturbance,1.0,solid_common_support
4,day,2.2496666666666694,-0.0736298675365915,-0.1737512605655613,0.0264915254923783,8.100000000000012,7.94000000000001,-0.396848999434475,0.27725745831695,Low-Amplitude Persistent Disturbance,1.0,solid_common_support
4,day,2.2827500000000027,-0.0745075702925541,-0.1757224588297152,0.0267073182446069,8.100000000000012,7.94000000000001,-0.396848999434475,0.27725745831695,Low-Amplitude Persistent Disturbance,1.0,solid_common_support
4,day,2.315833333333336,-0.0753784406801783,-0.1776744492714073,0.0269175679110505,8.100000000000012,7.94000000000001,-0.396848999434475,0.27725745831695,Low-Amplitude Persistent Disturbance,1.0,solid_common_support
4,day,2.348916666666669,-0.0762425186548344,-0.179607362048761,0.0271223247390922,8.100000000000012,7.94000000000001,-0.396848999434475,0.27725745831695,Low-Amplitude Persistent Disturbance,1.0,solid_common_support
4,day,2.382000000000003,-0.0770998441718927,-0.1815213274092782,0.0273216390654927,8.100000000000012,7.94000000000001,-0.396848999434475,0.27725745831695,Low-Amplitude Persistent Disturbance,1.0,solid_common_support
4,day,2.415083333333336,-0.0779504571867238,-0.183416475687686,0.0275155613142383,8.100000000000012,7.94000000000001,-0.396848999434475,0.27725745831695,Low-Amplitude Persistent Disturbance,1.0,solid_common_support
4,day,2.448166666666669,-0.078794397654698,-0.1852929373038945,0.0277041419944984,8.100000000000012,7.94000000000001,-0.396848999434475,0.27725745831695,Low-Amplitude Persistent Disturbance,1.0,solid_common_support
4,day,2.481250000000004,-0.0796317055311857,-0.1871508427610517,0.0278874316986803,8.100000000000012,7.94000000000001,-0.396848999434475,0.27725745831695,Low-Amplitude Persistent Disturbance,1.0,solid_common_support
4,day,2.5143333333333366,-0.0804624207715573,-0.1889903226436792,0.0280654811005645,8.100000000000012,7.94000000000001,-0.396848999434475,0.27725745831695,Low-Amplitude Persistent Disturbance,1.0,solid_common_support
4,day,2.54741666666667,-0.0812865833311832,-0.1908115076158787,0.0282383409535122,8.100000000000012,7.94000000000001,-0.396848999434475,0.27725745831695,Low-Amplitude Persistent Disturbance,1.0,solid_common_support
4,day,2.580500000000004,-0.0821042331654339,-0.1926145284195986,0.0284060620887308,8.100000000000012,7.94000000000001,-0.396848999434475,0.27725745831695,Low-Amplitude Persistent Disturbance,1.0,solid_common_support
4,day,2.6135833333333367,-0.0829154102296796,-0.1943995158729486,0.0285686954135893,8.100000000000012,7.94000000000001,-0.396848999434475,0.27725745831695,Low-Amplitude Persistent Disturbance,1.0,solid_common_support
4,day,2.64666666666667,-0.0837201544792909,-0.1961666008685565,0.0287262919099747,8.100000000000012,7.94000000000001,-0.396848999434475,0.27725745831695,Low-Amplitude Persistent Disturbance,1.0,solid_common_support
4,day,2.6797500000000034,-0.0845185058696381,-0.1979159143719562,0.02887890263268,8.100000000000012,7.94000000000001,-0.396848999434475,0.27725745831695,Low-Amplitude Persistent Disturbance,1.0,solid_common_support
4,day,2.7128333333333368,-0.0853105043560915,-0.1996475874200014,0.0290265787078183,8.100000000000012,7.94000000000001,-0.396848999434475,0.27725745831695,Low-Amplitude Persistent Disturbance,1.0,solid_common_support
4,day,2.74591666666667,-0.0860961898940217,-0.2013617511192978,0.0291693713312543,8.100000000000012,7.94000000000001,-0.396848999434475,0.27725745831695,Low-Amplitude Persistent Disturbance,1.0,solid_common_support
4,day,2.7790000000000035,-0.086875602438799,-0.2030585366446465,0.0293073317670484,8.100000000000012,7.94000000000001,-0.396848999434475,0.27725745831695,Low-Amplitude Persistent Disturbance,1.0,solid_common_support
4,day,2.812083333333337,-0.0876487819457939,-0.204738075237495,0.0294405113459071,8.100000000000012,7.94000000000001,-0.396848999434475,0.27725745831695,Low-Amplitude Persistent Disturbance,1.0,solid_common_support
4,day,2.84516666666667,-0.0884157683703767,-0.2064004982043883,0.0295689614636349,8.100000000000012,7.94000000000001,-0.396848999434475,0.27725745831695,Low-Amplitude Persistent Disturbance,1.0,solid_common_support
4,day,2.8782500000000035,-0.0891766016679177,-0.2080459369154169,0.0296927335795813,8.100000000000012,7.94000000000001,-0.396848999434475,0.27725745831695,Low-Amplitude Persistent Disturbance,1.0,solid_common_support
4,day,2.911333333333337,-0.0899313217937875,-0.2096745228026566,0.0298118792150816,8.100000000000012,7.94000000000001,-0.396848999434475,0.27725745831695,Low-Amplitude Persistent Disturbance,1.0,solid_common_support
4,day,2.9444166666666702,-0.0906799687033564,-0.2112863873585959,0.0299264499518831,8.100000000000012,7.94000000000001,-0.396848999434475,0.27725745831695,Low-Amplitude Persistent Disturbance,1.0,solid_common_support
4,day,2.977500000000004,-0.0914225823519948,-0.2128816621345465,0.0300364974305568,8.100000000000012,7.94000000000001,-0.396848999434475,0.27725745831695,Low-Amplitude Persistent Disturbance,1.0,solid_common_support
4,day,3.010583333333337,-0.0921592026950731,-0.2144604787390346,0.0301420733488882,8.100000000000012,7.94000000000001,-0.396848999434475,0.27725745831695,Low-Amplitude Persistent Disturbance,1.0,solid_common_support
4,day,3.0436666666666703,-0.0928898696879618,-0.2160229688361684,0.0302432294602446,8.100000000000012,7.94000000000001,-0.396848999434475,0.27725745831695,Low-Amplitude Persistent Disturbance,1.0,solid_common_support
4,day,3.076750000000004,-0.0936146232860312,-0.2175692641439787,0.0303400175719163,8.100000000000012,7.94000000000001,-0.396848999434475,0.27725745831695,Low-Amplitude Persistent Disturbance,1.0,solid_common_support
4,day,3.109833333333337,-0.0943335034446517,-0.2190994964327313,0.0304324895434278,8.100000000000012,7.94000000000001,-0.396848999434475,0.27725745831695,Low-Amplitude Persistent Disturbance,1.0,solid_common_support
4,day,3.1429166666666704,-0.0950465501191937,-0.2206137975232034,0.0305206972848159,8.100000000000012,7.94000000000001,-0.396848999434475,0.27725745831695,Low-Amplitude Persistent Disturbance,1.0,solid_common_support
4,day,3.176000000000004,-0.0957538032650277,-0.2221122992849293,0.0306046927548739,8.100000000000012,7.94000000000001,-0.396848999434475,0.27725745831695,Low-Amplitude Persistent Disturbance,1.0,solid_common_support
4,day,3.209083333333337,-0.0964553028375239,-0.2235951336344038,0.0306845279593558,8.100000000000012,7.94000000000001,-0.396848999434475,0.27725745831695,Low-Amplitude Persistent Disturbance,1.0,solid_common_support
4,day,3.242166666666671,-0.0971510887920529,-0.2250624325332478,0.0307602549491418,8.100000000000012,7.94000000000001,-0.396848999434475,0.27725745831695,Low-Amplitude Persistent Disturbance,1.0,solid_common_support
4,day,3.275250000000004,-0.097841201083985,-0.2265143279863301,0.0308319258183599,8.100000000000012,7.94000000000001,-0.396848999434475,0.27725745831695,Low-Amplitude Persistent Disturbance,1.0,solid_common_support
4,day,3.3083333333333376,-0.0985256796686907,-0.2279509520398443,0.0308995927024628,8.100000000000012,7.94000000000001,-0.396848999434475,0.27725745831695,Low-Amplitude Persistent Disturbance,1.0,solid_common_support
4,day,3.341416666666671,-0.0992045645015403,-0.2293724367793376,0.0309633077762569,8.100000000000012,7.94000000000001,-0.396848999434475,0.27725745831695,Low-Amplitude Persistent Disturbance,1.0,solid_common_support
4,day,3.3745000000000043,-0.0998778955379041,-0.2307789143276912,0.0310231232518829,8.100000000000012,7.94000000000001,-0.396848999434475,0.27725745831695,Low-Amplitude Persistent Disturbance,1.0,solid_common_support
4,day,3.4075833333333376,-0.1005457127331527,-0.2321705168430491,0.0310790913767435,8.100000000000012,7.94000000000001,-0.396848999434475,0.27725745831695,Low-Amplitude Persistent Disturbance,1.0,solid_common_support
4,day,3.440666666666671,-0.1012080560426565,-0.2335473765166913,0.0311312644313783,8.100000000000012,7.94000000000001,-0.396848999434475,0.27725745831695,Low-Amplitude Persistent Disturbance,1.0,solid_common_support
4,day,3.4737500000000043,-0.1018649654217858,-0.2349096255708551,0.0311796947272835,8.100000000000012,7.94000000000001,-0.396848999434475,0.27725745831695,Low-Amplitude Persistent Disturbance,1.0,solid_common_support
4,day,3.5068333333333377,-0.1025164808259109,-0.2362573962564955,0.0312244346046735,8.100000000000012,7.94000000000001,-0.396848999434475,0.27725745831695,Low-Amplitude Persistent Disturbance,1.0,solid_common_support
4,day,3.539916666666671,-0.1031626422104025,-0.2375908208509894,0.0312655364301844,8.100000000000012,7.94000000000001,-0.396848999434475,0.27725745831695,Low-Amplitude Persistent Disturbance,1.0,solid_common_support
4,day,3.5730000000000044,-0.1038034895306307,-0.2389100316557771,0.0313030525945156,8.100000000000012,7.94000000000001,-0.396848999434475,0.27725745831695,Low-Amplitude Persistent Disturbance,1.0,solid_common_support
4,day,3.6060833333333377,-0.1044390627419661,-0.2402151609939415,0.0313370355100092,8.100000000000012,7.94000000000001,-0.396848999434475,0.27725745831695,Low-Amplitude Persistent Disturbance,1.0,solid_common_support
4,day,3.639166666666671,-0.105069401799779,-0.2415063412077239,0.0313675376081659,8.100000000000012,7.94000000000001,-0.396848999434475,0.27725745831695,Low-Amplitude Persistent Disturbance,1.0,solid_common_support
4,day,3.672250000000005,-0.1056945466594398,-0.2427837046559733,0.0313946113370935,8.100000000000012,7.94000000000001,-0.396848999434475,0.27725745831695,Low-Amplitude Persistent Disturbance,1.0,solid_common_support
4,day,3.705333333333338,-0.106314537276319,-0.2440473837115276,0.0314183091588895,8.100000000000012,7.94000000000001,-0.396848999434475,0.27725745831695,Low-Amplitude Persistent Disturbance,1.0,solid_common_support
4,day,3.738416666666671,-0.1069294136057869,-0.2452975107585273,0.0314386835469533,8.100000000000012,7.94000000000001,-0.396848999434475,0.27725745831695,Low-Amplitude Persistent Disturbance,1.0,solid_common_support
4,day,3.771500000000005,-0.1075392156032139,-0.2465342181896573,0.0314557869832294,8.100000000000012,7.94000000000001,-0.396848999434475,0.27725745831695,Low-Amplitude Persistent Disturbance,1.0,solid_common_support
4,day,3.804583333333338,-0.1081439832239705,-0.2477576384033178,0.0314696719553767,8.100000000000012,7.94000000000001,-0.396848999434475,0.27725745831695,Low-Amplitude Persistent Disturbance,1.0,solid_common_support
4,day,3.8376666666666712,-0.108743756423427,-0.2489679038007207,0.0314803909538667,8.100000000000012,7.94000000000001,-0.396848999434475,0.27725745831695,Low-Amplitude Persistent Disturbance,1.0,solid_common_support
4,day,3.870750000000005,-0.1093385751569538,-0.2501651467829121,0.0314879964690044,8.100000000000012,7.94000000000001,-0.396848999434475,0.27725745831695,Low-Amplitude Persistent Disturbance,1.0,solid_common_support
4,day,3.9038333333333375,-0.1099284793799213,-0.2513494997477177,0.0314925409878749,8.100000000000012,7.94000000000001,-0.396848999434475,0.27725745831695,Low-Amplitude Persistent Disturbance,1.0,solid_common_support
4,day,3.936916666666672,-0.1105135090477001,-0.2525210950866121,0.0314940769912119,8.100000000000012,7.94000000000001,-0.396848999434475,0.27725745831695,Low-Amplitude Persistent Disturbance,1.0,solid_common_support
4,day,3.970000000000005,-0.1110937041156603,-0.2536800651815074,0.0314926569501868,8.100000000000012,7.94000000000001,-0.396848999434475,0.27725745831695,Low-Amplitude Persistent Disturbance,1.0,solid_common_support
4,day,4.003083333333338,-0.1116691045391724,-0.2548265424014633,0.0314883333231183,8.100000000000012,7.94000000000001,-0.396848999434475,0.27725745831695,Low-Amplitude Persistent Disturbance,1.0,solid_common_support
4,day,4.036166666666672,-0.1122397502736069,-0.2559606590993149,0.031481158552101,8.100000000000012,7.94000000000001,-0.396848999434475,0.27725745831695,Low-Amplitude Persistent Disturbance,1.0,solid_common_support
4,day,4.069250000000005,-0.1128056812743342,-0.2570825476082187,0.0314711850595503,8.100000000000012,7.94000000000001,-0.396848999434475,0.27725745831695,Low-Amplitude Persistent Disturbance,1.0,solid_common_support
4,day,4.1023333333333385,-0.1133669374967246,-0.2581923402381144,0.0314584652446651,8.100000000000012,7.94000000000001,-0.396848999434475,0.27725745831695,Low-Amplitude Persistent Disturbance,1.0,solid_common_support
4,day,4.135416666666671,-0.1139235588961484,-0.2592901692721017,0.0314430514798047,8.100000000000012,7.94000000000001,-0.396848999434475,0.27725745831695,Low-Amplitude Persistent Disturbance,1.0,solid_common_support
4,day,4.168500000000005,-0.1144755854279763,-0.2603761669627326,0.03142499610678,8.100000000000012,7.94000000000001,-0.396848999434475,0.27725745831695,Low-Amplitude Persistent Disturbance,1.0,solid_common_support
4,day,4.201583333333338,-0.1150230570475785,-0.2614504655282154,0.0314043514330583,8.100000000000012,7.94000000000001,-0.396848999434475,0.27725745831695,Low-Amplitude Persistent Disturbance,1.0,solid_common_support
4,day,4.234666666666672,-0.1155660137103254,-0.2625131971485307,0.0313811697278798,8.100000000000012,7.94000000000001,-0.396848999434475,0.27725745831695,Low-Amplitude Persistent Disturbance,1.0,solid_common_support
4,day,4.267750000000006,-0.1161044953715875,-0.2635644939614602,0.0313555032182851,8.100000000000012,7.94000000000001,-0.396848999434475,0.27725745831695,Low-Amplitude Persistent Disturbance,1.0,solid_common_support
4,day,4.300833333333339,-0.1166385419867351,-0.264604488058524,0.0313274040850537,8.100000000000012,7.94000000000001,-0.396848999434475,0.27725745831695,Low-Amplitude Persistent Disturbance,1.0,solid_common_support
4,day,4.333916666666672,-0.1171681935111386,-0.2656333114808282,0.0312969244585508,8.100000000000012,7.94000000000001,-0.396848999434475,0.27725745831695,Low-Amplitude Persistent Disturbance,1.0,solid_common_support
4,day,4.367000000000005,-0.1176934899001685,-0.2666510962148209,0.0312641164144838,8.100000000000012,7.94000000000001,-0.396848999434475,0.27725745831695,Low-Amplitude Persistent Disturbance,1.0,solid_common_support
4,day,4.400083333333339,-0.1182144711091952,-0.267657974187956,0.0312290319695655,8.100000000000012,7.94000000000001,-0.396848999434475,0.27725745831695,Low-Amplitude Persistent Disturbance,1.0,solid_common_support
4,day,4.433166666666672,-0.1187311770935889,-0.2686540772642635,0.0311917230770855,8.100000000000012,7.94000000000001,-0.396848999434475,0.27725745831695,Low-Amplitude Persistent Disturbance,1.0,solid_common_support
4,day,4.466250000000006,-0.1192436478087203,-0.2696395372398277,0.0311522416223871,8.100000000000012,7.94000000000001,-0.396848999434475,0.27725745831695,Low-Amplitude Persistent Disturbance,1.0,solid_common_support
4,day,4.499333333333339,-0.1197519232099595,-0.2706144858381696,0.0311106394182505,8.100000000000012,7.94000000000001,-0.396848999434475,0.27725745831695,Low-Amplitude Persistent Disturbance,1.0,solid_common_support
4,day,4.5324166666666725,-0.1202560432526771,-0.2715790547055355,0.0310669682001812,8.100000000000012,7.94000000000001,-0.396848999434475,0.27725745831695,Low-Amplitude Persistent Disturbance,1.0,solid_common_support
4,day,4.5655000000000046,-0.1207560478922434,-0.2725333754060898,0.0310212796216029,8.100000000000012,7.94000000000001,-0.396848999434475,0.27725745831695,Low-Amplitude Persistent Disturbance,1.0,solid_common_support
4,day,4.598583333333339,-0.1212519770840289,-0.273477579417013,0.030973625248955,8.100000000000012,7.94000000000001,-0.396848999434475,0.27725745831695,Low-Amplitude Persistent Disturbance,1.0,solid_common_support
4,day,4.631666666666672,-0.121743870783404,-0.2744117981235023,0.0309240565566942,8.100000000000012,7.94000000000001,-0.396848999434475,0.27725745831695,Low-Amplitude Persistent Disturbance,1.0,solid_common_support
4,day,4.664750000000006,-0.1222317689457389,-0.2753361628136773,0.0308726249221993,8.100000000000012,7.94000000000001,-0.396848999434475,0.27725745831695,Low-Amplitude Persistent Disturbance,1.0,solid_common_support
4,day,4.697833333333339,-0.1227157115264043,-0.2762508046733883,0.0308193816205796,8.100000000000012,7.94000000000001,-0.396848999434475,0.27725745831695,Low-Amplitude Persistent Disturbance,1.0,solid_common_support
4,day,4.730916666666673,-0.1231957384807704,-0.2771558547809278,0.030764377819387,8.100000000000012,7.94000000000001,-0.396848999434475,0.27725745831695,Low-Amplitude Persistent Disturbance,1.0,solid_common_support
4,day,4.764000000000006,-0.1236718897642076,-0.2780514441016457,0.0307076645732304,8.100000000000012,7.94000000000001,-0.396848999434475,0.27725745831695,Low-Amplitude Persistent Disturbance,1.0,solid_common_support
4,day,4.797083333333339,-0.1241442053320864,-0.2789377034824666,0.0306492928182938,8.100000000000012,7.94000000000001,-0.396848999434475,0.27725745831695,Low-Amplitude Persistent Disturbance,1.0,solid_common_support
4,day,4.830166666666672,-0.1246127251397771,-0.2798147636463119,0.0305893133667577,8.100000000000012,7.94000000000001,-0.396848999434475,0.27725745831695,Low-Amplitude Persistent Disturbance,1.0,solid_common_support
4,day,4.863250000000006,-0.1250774891426501,-0.2806827551864238,0.0305277769011234,8.100000000000012,7.94000000000001,-0.396848999434475,0.27725745831695,Low-Amplitude Persistent Disturbance,1.0,solid_common_support
4,day,4.896333333333339,-0.1255385372960759,-0.2815418085605929,0.030464733968441,8.100000000000012,7.94000000000001,-0.396848999434475,0.27725745831695,Low-Amplitude Persistent Disturbance,1.0,solid_common_support
4,day,4.929416666666673,-0.1259959095554249,-0.2823920540852912,0.0304002349744413,8.100000000000012,7.94000000000001,-0.396848999434475,0.27725745831695,Low-Amplitude Persistent Disturbance,1.0,solid_common_support
4,day,4.962500000000007,-0.1264496458760675,-0.2832336219297069,0.0303343301775719,8.100000000000012,7.94000000000001,-0.396848999434475,0.27725745831695,Low-Amplitude Persistent Disturbance,1.0,solid_common_support
4,day,4.99558333333334,-0.1268997862133739,-0.2840666421096859,0.030267069682938,8.100000000000012,7.94000000000001,-0.396848999434475,0.27725745831695,Low-Amplitude Persistent Disturbance,1.0,solid_common_support
4,day,5.028666666666673,-0.1273463705227148,-0.2848912444815781,0.0301985034361485,8.100000000000012,7.94000000000001,-0.396848999434475,0.27725745831695,Low-Amplitude Persistent Disturbance,1.0,solid_common_support
4,day,5.061750000000006,-0.1277894387594603,-0.2857075587359886,0.0301286812170679,8.100000000000012,7.94000000000001,-0.396848999434475,0.27725745831695,Low-Amplitude Persistent Disturbance,1.0,solid_common_support
4,day,5.09483333333334,-0.1282290308789811,-0.2865157143914371,0.0300576526334749,8.100000000000012,7.94000000000001,-0.396848999434475,0.27725745831695,Low-Amplitude Persistent Disturbance,1.0,solid_common_support
4,day,5.127916666666673,-0.1286651868366473,-0.2873158407879237,0.0299854671146289,8.100000000000012,7.94000000000001,-0.396848999434475,0.27725745831695,Low-Amplitude Persistent Disturbance,1.0,solid_common_support
4,day,5.161000000000007,-0.1290979465878296,-0.2881080670804038,0.0299121739047445,8.100000000000012,7.94000000000001,-0.396848999434475,0.27725745831695,Low-Amplitude Persistent Disturbance,1.0,solid_common_support
4,day,5.19408333333334,-0.1295273500878982,-0.2888925222321723,0.0298378220563758,8.100000000000012,7.94000000000001,-0.396848999434475,0.27725745831695,Low-Amplitude Persistent Disturbance,1.0,solid_common_support
4,day,5.227166666666673,-0.1299534372922235,-0.2896693350081589,0.0297624604237118,8.100000000000012,7.94000000000001,-0.396848999434475,0.27725745831695,Low-Amplitude Persistent Disturbance,1.0,solid_common_support
4,day,5.260250000000006,-0.130376248156176,-0.2904386339681347,0.0296861376557826,8.100000000000012,7.94000000000001,-0.396848999434475,0.27725745831695,Low-Amplitude Persistent Disturbance,1.0,solid_common_support
4,day,5.29333333333334,-0.1307958226351261,-0.2912005474598332,0.029608902189581,8.100000000000012,7.94000000000001,-0.396848999434475,0.27725745831695,Low-Amplitude Persistent Disturbance,1.0,solid_common_support
4,day,5.326416666666673,-0.1312122006844441,-0.2919552036119852,0.0295308022430969,8.100000000000012,7.94000000000001,-0.396848999434475,0.27725745831695,Low-Amplitude Persistent Disturbance,1.0,solid_common_support
4,day,5.359500000000007,-0.1316254222595005,-0.2927027303272709,0.0294518858082698,8.100000000000012,7.94000000000001,-0.396848999434475,0.27725745831695,Low-Amplitude Persistent Disturbance,1.0,solid_common_support
4,day,5.39258333333334,-0.1320355273156656,-0.2934432552751899,0.0293722006438585,8.100000000000012,7.94000000000001,-0.396848999434475,0.27725745831695,Low-Amplitude Persistent Disturbance,1.0,solid_common_support
4,day,5.4256666666666735,-0.1324425558083099,-0.2941769058848513,0.0292917942682315,8.100000000000012,7.94000000000001,-0.396848999434475,0.27725745831695,Low-Amplitude Persistent Disturbance,1.0,solid_common_support
4,day,5.458750000000006,-0.1328465476928038,-0.2949038093376867,0.029210713952079,8.100000000000012,7.94000000000001,-0.396848999434475,0.27725745831695,Low-Amplitude Persistent Disturbance,1.0,solid_common_support
4,day,5.49183333333334,-0.1332475429245175,-0.2956240925600851,0.0291290067110499,8.100000000000012,7.94000000000001,-0.396848999434475,0.27725745831695,Low-Amplitude Persistent Disturbance,1.0,solid_common_support
4,day,5.524916666666673,-0.1336455814588217,-0.2963378822159575,0.029046719298314,8.100000000000012,7.94000000000001,-0.396848999434475,0.27725745831695,Low-Amplitude Persistent Disturbance,1.0,solid_common_support
4,day,5.558000000000007,-0.1340407032510867,-0.2970453046992271,0.0289638981970537,8.100000000000012,7.94000000000001,-0.396848999434475,0.27725745831695,Low-Amplitude Persistent Disturbance,1.0,solid_common_support
4,day,5.59108333333334,-0.1344329482566827,-0.2977464861262523,0.0288805896128867,8.100000000000012,7.94000000000001,-0.396848999434475,0.27725745831695,Low-Amplitude Persistent Disturbance,1.0,solid_common_support
4,day,5.624166666666674,-0.1348223564309804,-0.2984415523281832,0.0287968394662224,8.100000000000012,7.94000000000001,-0.396848999434475,0.27725745831695,Low-Amplitude Persistent Disturbance,1.0,solid_common_support
4,day,5.657250000000007,-0.13520896772935,-0.2991306288432551,0.0287126933845549,8.100000000000012,7.94000000000001,-0.396848999434475,0.27725745831695,Low-Amplitude Persistent Disturbance,1.0,solid_common_support
4,day,5.69033333333334,-0.135592822107162,-0.2998138409090191,0.028628196694695,8.100000000000012,7.94000000000001,-0.396848999434475,0.27725745831695,Low-Amplitude Persistent Disturbance,1.0,solid_common_support
4,day,5.723416666666674,-0.1359739595197868,-0.3004913134545186,0.028543394414945,8.100000000000012,7.94000000000001,-0.396848999434475,0.27725745831695,Low-Amplitude Persistent Disturbance,1.0,solid_common_support
4,day,5.756500000000007,-0.1363524199225946,-0.3011631710924084,0.028458331247219,8.100000000000012,7.94000000000001,-0.396848999434475,0.27725745831695,Low-Amplitude Persistent Disturbance,1.0,solid_common_support
4,day,5.789583333333341,-0.1367282432709561,-0.3018295381110234,0.0283730515691111,8.100000000000012,7.94000000000001,-0.396848999434475,0.27725745831695,Low-Amplitude Persistent Disturbance,1.0,solid_common_support
4,day,5.822666666666674,-0.1371014695202415,-0.3024905384663995,0.0282875994259164,8.100000000000012,7.94000000000001,-0.396848999434475,0.27725745831695,Low-Amplitude Persistent Disturbance,1.0,solid_common_support
4,day,5.855750000000008,-0.1374721386258214,-0.3031462957742504,0.0282020185226076,8.100000000000012,7.94000000000001,-0.396848999434475,0.27725745831695,Low-Amplitude Persistent Disturbance,1.0,solid_common_support
4,day,5.8888333333333405,-0.1378402905430659,-0.3037969333019024,0.0281163522157706,8.100000000000012,7.94000000000001,-0.396848999434475,0.27725745831695,Low-Amplitude Persistent Disturbance,1.0,solid_common_support
4,day,5.921916666666674,-0.1382059652273456,-0.3044425739601942,0.0280306435055029,8.100000000000012,7.94000000000001,-0.396848999434475,0.27725745831695,Low-Amplitude Persistent Disturbance,1.0,solid_common_support
4,day,5.955000000000007,-0.1385692026340309,-0.3050833402953413,0.0279449350272794,8.100000000000012,7.94000000000001,-0.396848999434475,0.27725745831695,Low-Amplitude Persistent Disturbance,1.0,solid_common_support
4,day,5.988083333333341,-0.1389300427184922,-0.3057193544807735,0.0278592690437889,8.100000000000012,7.94000000000001,-0.396848999434475,0.27725745831695,Low-Amplitude Persistent Disturbance,1.0,solid_common_support
4,day,6.021166666666674,-0.1392885254360998,-0.3063507383089459,0.0277736874367461,8.100000000000012,7.94000000000001,-0.396848999434475,0.27725745831695,Low-Amplitude Persistent Disturbance,1.0,solid_common_support
4,day,6.054250000000008,-0.1396446907422242,-0.3069776131831305,0.027688231698682,8.100000000000012,7.94000000000001,-0.396848999434475,0.27725745831695,Low-Amplitude Persistent Disturbance,1.0,solid_common_support
4,day,6.087333333333341,-0.1399985785922358,-0.3076001001091916,0.0276029429247198,8.100000000000012,7.94000000000001,-0.396848999434475,0.27725745831695,Low-Amplitude Persistent Disturbance,1.0,solid_common_support
4,day,6.120416666666674,-0.1403502289415049,-0.3082183196873482,0.0275178618043382,8.100000000000012,7.94000000000001,-0.396848999434475,0.27725745831695,Low-Amplitude Persistent Disturbance,1.0,solid_common_support
4,day,6.153500000000007,-0.1406996817454021,-0.3088323921039322,0.027433028613128,8.100000000000012,7.94000000000001,-0.396848999434475,0.27725745831695,Low-Amplitude Persistent Disturbance,1.0,solid_common_support
4,day,6.186583333333341,-0.1410469769592975,-0.3094424371231416,0.0273484832045465,8.100000000000012,7.94000000000001,-0.396848999434475,0.27725745831695,Low-Amplitude Persistent Disturbance,1.0,solid_common_support
4,day,6.219666666666674,-0.1413921545385618,-0.3100485740787993,0.0272642650016756,8.100000000000012,7.94000000000001,-0.396848999434475,0.27725745831695,Low-Amplitude Persistent Disturbance,1.0,solid_common_support
4,day,6.252750000000008,-0.1417352544385652,-0.3106509218661176,0.0271804129889871,8.100000000000012,7.94000000000001,-0.396848999434475,0.27725745831695,Low-Amplitude Persistent Disturbance,1.0,solid_common_support
4,day,6.285833333333341,-0.1420763166146783,-0.3112495989334777,0.0270969657041211,8.100000000000012,7.94000000000001,-0.396848999434475,0.27725745831695,Low-Amplitude Persistent Disturbance,1.0,solid_common_support
4,day,6.3189166666666745,-0.1424153810222712,-0.3118447232742262,0.0270139612296837,8.100000000000012,7.94000000000001,-0.396848999434475,0.27725745831695,Low-Amplitude Persistent Disturbance,1.0,solid_common_support
4,day,6.352000000000007,-0.1427524876167145,-0.3124364124184966,0.0269314371850675,8.100000000000012,7.94000000000001,-0.396848999434475,0.27725745831695,Low-Amplitude Persistent Disturbance,1.0,solid_common_support
4,day,6.385083333333341,-0.1430876763533786,-0.3130247834250593,0.026849430718302,8.100000000000012,7.94000000000001,-0.396848999434475,0.27725745831695,Low-Amplitude Persistent Disturbance,1.0,solid_common_support
4,day,6.418166666666675,-0.143420987187634,-0.313609952873207,0.0267679784979389,8.100000000000012,7.94000000000001,-0.396848999434475,0.27725745831695,Low-Amplitude Persistent Disturbance,1.0,solid_common_support
4,day,6.451250000000008,-0.1437524600748508,-0.3141920368546803,0.0266871167049785,8.100000000000012,7.94000000000001,-0.396848999434475,0.27725745831695,Low-Amplitude Persistent Disturbance,1.0,solid_common_support
4,day,6.484333333333342,-0.1440821349703997,-0.3147711509656411,0.0266068810248416,8.100000000000012,7.94000000000001,-0.396848999434475,0.27725745831695,Low-Amplitude Persistent Disturbance,1.0,solid_common_support
4,day,6.517416666666675,-0.1444100518296509,-0.3153474102986965,0.0265273066393946,8.100000000000012,7.94000000000001,-0.396848999434475,0.27725745831695,Low-Amplitude Persistent Disturbance,1.0,solid_common_support
4,day,6.550500000000008,-0.1447362506079749,-0.3159209294349832,0.0264484282190334,8.100000000000012,7.94000000000001,-0.396848999434475,0.27725745831695,Low-Amplitude Persistent Disturbance,1.0,solid_common_support
4,day,6.583583333333341,-0.1450607712607421,-0.3164918224363148,0.0263702799148305,8.100000000000012,7.94000000000001,-0.396848999434475,0.27725745831695,Low-Amplitude Persistent Disturbance,1.0,solid_common_support
4,day,6.616666666666675,-0.1453836537433228,-0.3170602028374002,0.0262928953507545,8.100000000000012,7.94000000000001,-0.396848999434475,0.27725745831695,Low-Amplitude Persistent Disturbance,1.0,solid_common_support
4,day,6.649750000000008,-0.1457049380110875,-0.3176261836381401,0.0262163076159649,8.100000000000012,7.94000000000001,-0.396848999434475,0.27725745831695,Low-Amplitude Persistent Disturbance,1.0,solid_common_support
4,day,6.682833333333342,-0.1460246640194067,-0.3181898772960049,0.0261405492571914,8.100000000000012,7.94000000000001,-0.396848999434475,0.27725745831695,Low-Amplitude Persistent Disturbance,1.0,solid_common_support
4,day,6.715916666666675,-0.1463428717236506,-0.3187513957185034,0.0260656522712022,8.100000000000012,7.94000000000001,-0.396848999434475,0.27725745831695,Low-Amplitude Persistent Disturbance,1.0,solid_common_support
4,day,6.7490000000000085,-0.1466596010791896,-0.3193108502557477,0.0259916480973683,8.100000000000012,7.94000000000001,-0.396848999434475,0.27725745831695,Low-Amplitude Persistent Disturbance,1.0,solid_common_support
4,day,6.7820833333333415,-0.1469748920413943,-0.3198683516931198,0.0259185676103311,8.100000000000012,7.94000000000001,-0.396848999434475,0.27725745831695,Low-Amplitude Persistent Disturbance,1.0,solid_common_support
4,day,6.815166666666675,-0.1472887845656349,-0.320424010244048,0.025846441112778,8.100000000000012,7.94000000000001,-0.396848999434475,0.27725745831695,Low-Amplitude Persistent Disturbance,1.0,solid_common_support
4,day,6.848250000000008,-0.1476013186072819,-0.3209779355428986,0.0257752983283347,8.100000000000012,7.94000000000001,-0.396848999434475,0.27725745831695,Low-Amplitude Persistent Disturbance,1.0,solid_common_support
4,day,6.881333333333342,-0.1479125341217057,-0.3215302366379906,0.025705168394579,8.100000000000012,7.94000000000001,-0.396848999434475,0.27725745831695,Low-Amplitude Persistent Disturbance,1.0,solid_common_support
4,day,6.914416666666675,-0.1482224710642767,-0.3220810219847376,0.0256360798561841,8.100000000000012,7.94000000000001,-0.396848999434475,0.27725745831695,Low-Amplitude Persistent Disturbance,1.0,solid_common_support
4,day,6.947500000000009,-0.1485311693903652,-0.3226303994389277,0.0255680606581971,8.100000000000012,7.94000000000001,-0.396848999434475,0.27725745831695,Low-Amplitude Persistent Disturbance,1.0,solid_common_support
4,day,6.980583333333342,-0.1488386690553418,-0.3231784762501432,0.0255011381394594,8.100000000000012,7.94000000000001,-0.396848999434475,0.27725745831695,Low-Amplitude Persistent Disturbance,1.0,solid_common_support
4,day,7.013666666666675,-0.1491450100145767,-0.323725359055331,0.0254353390261774,8.100000000000012,7.94000000000001,-0.396848999434475,0.27725745831695,Low-Amplitude Persistent Disturbance,1.0,solid_common_support
4,day,7.046750000000008,-0.1494502322234404,-0.3242711538725278,0.0253706894256468,8.100000000000012,7.94000000000001,-0.396848999434475,0.27725745831695,Low-Amplitude Persistent Disturbance,1.0,solid_common_support
4,day,7.079833333333342,-0.1497543756373033,-0.3248159660947476,0.0253072148201408,8.100000000000012,7.94000000000001,-0.396848999434475,0.27725745831695,Low-Amplitude Persistent Disturbance,1.0,solid_common_support
4,day,7.112916666666676,-0.1500574802115358,-0.3253599004840379,0.0252449400609662,8.100000000000012,7.94000000000001,-0.396848999434475,0.27725745831695,Low-Amplitude Persistent Disturbance,1.0,solid_common_support
4,day,7.146000000000009,-0.1503595859015083,-0.3259030611657122,0.0251838893626955,8.100000000000012,7.94000000000001,-0.396848999434475,0.27725745831695,Low-Amplitude Persistent Disturbance,1.0,solid_common_support
4,day,7.179083333333343,-0.1506607326625912,-0.3264455516227629,0.0251240862975805,8.100000000000012,7.94000000000001,-0.396848999434475,0.27725745831695,Low-Amplitude Persistent Disturbance,1.0,solid_common_support
4,day,7.2121666666666755,-0.1509609604501548,-0.3269874746904652,0.0250655537901554,8.100000000000012,7.94000000000001,-0.396848999434475,0.27725745831695,Low-Amplitude Persistent Disturbance,1.0,solid_common_support
4,day,7.245250000000009,-0.1512603092195696,-0.3275289325511738,0.0250083141120344,8.100000000000012,7.94000000000001,-0.396848999434475,0.27725745831695,Low-Amplitude Persistent Disturbance,1.0,solid_common_support
4,day,7.278333333333342,-0.1515588189262061,-0.3280700267293229,0.0249523888769105,8.100000000000012,7.94000000000001,-0.396848999434475,0.27725745831695,Low-Amplitude Persistent Disturbance,1.0,solid_common_support
4,day,7.311416666666676,-0.1518565295254345,-0.3286108580866325,0.0248977990357634,8.100000000000012,7.94000000000001,-0.396848999434475,0.27725745831695,Low-Amplitude Persistent Disturbance,1.0,solid_common_support
4,day,7.344500000000009,-0.1521534809726253,-0.3291515268175308,0.0248445648722801,8.100000000000012,7.94000000000001,-0.396848999434475,0.27725745831695,Low-Amplitude Persistent Disturbance,1.0,solid_common_support
4,day,7.377583333333343,-0.1524497132231489,-0.3296921324447955,0.0247927059984977,8.100000000000012,7.94000000000001,-0.396848999434475,0.27725745831695,Low-Amplitude Persistent Disturbance,1.0,solid_common_support
4,day,7.410666666666676,-0.1527452662323757,-0.3302327738154223,0.0247422413506708,8.100000000000012,7.94000000000001,-0.396848999434475,0.27725745831695,Low-Amplitude Persistent Disturbance,1.0,solid_common_support
4,day,7.443750000000009,-0.1530401799556761,-0.3307735490967257,0.0246931891853735,8.100000000000012,7.94000000000001,-0.396848999434475,0.27725745831695,Low-Amplitude Persistent Disturbance,1.0,solid_common_support
4,day,7.476833333333342,-0.1533344943484204,-0.3313145557726791,0.0246455670758382,8.100000000000012,7.94000000000001,-0.396848999434475,0.27725745831695,Low-Amplitude Persistent Disturbance,1.0,solid_common_support
4,day,7.509916666666676,-0.1536282493659791,-0.3318558906404983,0.02459939190854,8.100000000000012,7.94000000000001,-0.396848999434475,0.27725745831695,Low-Amplitude Persistent Disturbance,1.0,solid_common_support
4,day,7.543000000000009,-0.1539214849637227,-0.3323976498074758,0.0245546798800302,8.100000000000012,7.94000000000001,-0.396848999434475,0.27725745831695,Low-Amplitude Persistent Disturbance,1.0,solid_common_support
4,day,7.576083333333343,-0.1542142410970215,-0.3329399286880694,0.0245114464940263,8.100000000000012,7.94000000000001,-0.396848999434475,0.27725745831695,Low-Amplitude Persistent Disturbance,1.0,solid_common_support
4,day,7.609166666666676,-0.1545065577212458,-0.3334828220012542,0.0244697065587624,8.100000000000012,7.94000000000001,-0.396848999434475,0.27725745831695,Low-Amplitude Persistent Disturbance,1.0,solid_common_support
4,day,7.6422500000000095,-0.1547984747917661,-0.3340264237681382,0.0244294741846058,8.100000000000012,7.94000000000001,-0.396848999434475,0.27725745831695,Low-Amplitude Persistent Disturbance,1.0,solid_common_support
4,day,7.6753333333333424,-0.1550900322639529,-0.3345708273098516,0.0243907627819457,8.100000000000012,7.94000000000001,-0.396848999434475,0.27725745831695,Low-Amplitude Persistent Disturbance,1.0,solid_common_support
4,day,7.708416666666676,-0.1553812700931764,-0.3351161252457109,0.0243535850593579,8.100000000000012,7.94000000000001,-0.396848999434475,0.27725745831695,Low-Amplitude Persistent Disturbance,1.0,solid_common_support
4,day,7.741500000000009,-0.1556722282348072,-0.335662409491665,0.0243179530220506,8.100000000000012,7.94000000000001,-0.396848999434475,0.27725745831695,Low-Amplitude Persistent Disturbance,1.0,solid_common_support
4,day,7.774583333333343,-0.1559629466442155,-0.3362097712590276,0.0242838779705966,8.100000000000012,7.94000000000001,-0.396848999434475,0.27725745831695,Low-Amplitude Persistent Disturbance,1.0,solid_common_support
4,day,7.807666666666677,-0.1562534652767718,-0.3367583010534986,0.0242513704999549,8.100000000000012,7.94000000000001,-0.396848999434475,0.27725745831695,Low-Amplitude Persistent Disturbance,1.0,solid_common_support
4,day,7.84075000000001,-0.1565438240878465,-0.3373080886744815,0.0242204404987884,8.100000000000012,7.94000000000001,-0.396848999434475,0.27725745831695,Low-Amplitude Persistent Disturbance,1.0,solid_common_support
4,day,7.873833333333343,-0.15683406303281,-0.3378592232146984,0.0241910971490783,8.100000000000012,7.94000000000001,-0.396848999434475,0.27725745831695,Low-Amplitude Persistent Disturbance,1.0,solid_common_support
4,day,7.906916666666676,-0.1571242220670327,-0.3384117930601085,0.0241633489260429,8.100000000000012,7.94000000000001,-0.396848999434475,0.27725745831695,Low-Amplitude Persistent Disturbance,1.0,solid_common_support
4,day,7.94000000000001,-0.157414341145885,-0.338965885890132,0.0241372035983618,8.100000000000012,7.94000000000001,-0.396848999434475,0.27725745831695,Low-Amplitude Persistent Disturbance,1.0,solid_common_support
4,day,8.063176822916677,-0.15849449609212,-0.3410429424713838,0.0240539502871437,8.100000000000012,7.94000000000001,-0.396848999434475,0.27725745831695,Low-Amplitude Persistent Disturbance,1.0,dashed_p80_tail
1,night,0.0,0.0,0.0,0.0,12.738000000000042,6.72,-0.2778093198900647,0.0856554171794287,Delayed Deterioration,1.0,solid_common_support
1,night,0.028,-0.0008242335272152,-0.0019358051561294,0.0002873381016989,12.738000000000042,6.72,-0.2778093198900647,0.0856554171794287,Delayed Deterioration,1.0,solid_common_support
1,night,0.056,-0.0016483231516693,-0.0038712879129514,0.0005746416096128,12.738000000000042,6.72,-0.2778093198900647,0.0856554171794287,Delayed Deterioration,1.0,solid_common_support
1,night,0.084,-0.0024721249706009,-0.0058061258716438,0.000861875930442,12.738000000000042,6.72,-0.2778093198900647,0.0856554171794287,Delayed Deterioration,1.0,solid_common_support
1,night,0.112,-0.0032954950812488,-0.0077399966343555,0.0011490064718578,12.738000000000042,6.72,-0.2778093198900647,0.0856554171794287,Delayed Deterioration,1.0,solid_common_support
1,night,0.14,-0.0041182895808519,-0.0096725778046933,0.0014359986429894,12.738000000000042,6.72,-0.2778093198900647,0.0856554171794287,Delayed Deterioration,1.0,solid_common_support
1,night,0.168,-0.0049403645666489,-0.0116035469882107,0.0017228178549128,12.738000000000042,6.72,-0.2778093198900647,0.0856554171794287,Delayed Deterioration,1.0,solid_common_support
1,night,0.196,-0.0057615761358786,-0.0135325817928982,0.0020094295211409,12.738000000000042,6.72,-0.2778093198900647,0.0856554171794287,Delayed Deterioration,1.0,solid_common_support
1,night,0.224,-0.0065817803857797,-0.0154593598296771,0.0022957990581175,12.738000000000042,6.72,-0.2778093198900647,0.0856554171794287,Delayed Deterioration,1.0,solid_common_support
1,night,0.252,-0.0074008334135912,-0.0173835587128963,0.0025818918857139,12.738000000000042,6.72,-0.2778093198900647,0.0856554171794287,Delayed Deterioration,1.0,solid_common_support
1,night,0.28,-0.0082185913165516,-0.0193048560608328,0.0028676734277295,12.738000000000042,6.72,-0.2778093198900647,0.0856554171794287,Delayed Deterioration,1.0,solid_common_support
1,night,0.308,-0.0090349101918999,-0.021222929496197,0.0031531091123971,12.738000000000042,6.72,-0.2778093198900647,0.0856554171794287,Delayed Deterioration,1.0,solid_common_support
1,night,0.336,-0.0098496461368748,-0.0231374566466426,0.003438164372893,12.738000000000042,6.72,-0.2778093198900647,0.0856554171794287,Delayed Deterioration,1.0,solid_common_support
1,night,0.364,-0.010662655248715,-0.0250481151452828,0.0037228046478526,12.738000000000042,6.72,-0.2778093198900647,0.0856554171794287,Delayed Deterioration,1.0,solid_common_support
1,night,0.392,-0.0114737936246595,-0.026954582631212,0.0040069953818929,12.738000000000042,6.72,-0.2778093198900647,0.0856554171794287,Delayed Deterioration,1.0,solid_common_support
1,night,0.42,-0.0122829173619469,-0.0288565367500348,0.004290702026141,12.738000000000042,6.72,-0.2778093198900647,0.0856554171794287,Delayed Deterioration,1.0,solid_common_support
1,night,0.448,-0.013089882557816,-0.0307536551544024,0.0045738900387703,12.738000000000042,6.72,-0.2778093198900647,0.0856554171794287,Delayed Deterioration,1.0,solid_common_support
1,night,0.476,-0.0138945453095056,-0.032645615504557,0.0048565248855457,12.738000000000042,6.72,-0.2778093198900647,0.0856554171794287,Delayed Deterioration,1.0,solid_common_support
1,night,0.504,-0.0146967617142545,-0.0345320954688853,0.0051385720403762,12.738000000000042,6.72,-0.2778093198900647,0.0856554171794287,Delayed Deterioration,1.0,solid_common_support
1,night,0.532,-0.0154963878693015,-0.0364127727244812,0.0054199969858781,12.738000000000042,6.72,-0.2778093198900647,0.0856554171794287,Delayed Deterioration,1.0,solid_common_support
1,night,0.56,-0.0162932798718854,-0.0382873249577185,0.0057007652139477,12.738000000000042,6.72,-0.2778093198900647,0.0856554171794287,Delayed Deterioration,1.0,solid_common_support
1,night,0.588,-0.0170872938192449,-0.0401554298648351,0.0059808422263452,12.738000000000042,6.72,-0.2778093198900647,0.0856554171794287,Delayed Deterioration,1.0,solid_common_support
1,night,0.616,-0.0178782858086188,-0.0420167651525281,0.0062601935352904,12.738000000000042,6.72,-0.2778093198900647,0.0856554171794287,Delayed Deterioration,1.0,solid_common_support
1,night,0.644,-0.0186661119372459,-0.043871008538562,0.00653878466407,12.738000000000042,6.72,-0.2778093198900647,0.0856554171794287,Delayed Deterioration,1.0,solid_common_support
1,night,0.672,-0.0194506283023651,-0.0457178377523894,0.0068165811476592,12.738000000000042,6.72,-0.2778093198900647,0.0856554171794287,Delayed Deterioration,1.0,solid_common_support
1,night,0.7000000000000001,-0.020231691001215,-0.0475569305357863,0.0070935485333563,12.738000000000042,6.72,-0.2778093198900647,0.0856554171794287,Delayed Deterioration,1.0,solid_common_support
1,night,0.728,-0.0210091561310344,-0.049387964643502,0.0073696523814331,12.738000000000042,6.72,-0.2778093198900647,0.0856554171794287,Delayed Deterioration,1.0,solid_common_support
1,night,0.756,-0.0217828797890622,-0.0512106178439243,0.0076448582657999,12.738000000000042,6.72,-0.2778093198900647,0.0856554171794287,Delayed Deterioration,1.0,solid_common_support
1,night,0.784,-0.0225527180725371,-0.0530245679197623,0.007919131774688,12.738000000000042,6.72,-0.2778093198900647,0.0856554171794287,Delayed Deterioration,1.0,solid_common_support
1,night,0.812,-0.0233185270786979,-0.0548294926687457,0.0081924385113499,12.738000000000042,6.72,-0.2778093198900647,0.0856554171794287,Delayed Deterioration,1.0,solid_common_support
1,night,0.84,-0.0240801629047833,-0.0566250699043437,0.0084647440947769,12.738000000000042,6.72,-0.2778093198900647,0.0856554171794287,Delayed Deterioration,1.0,solid_common_support
1,night,0.868,-0.0248374816480323,-0.0584109774565025,0.0087360141604379,12.738000000000042,6.72,-0.2778093198900647,0.0856554171794287,Delayed Deterioration,1.0,solid_common_support
1,night,0.896,-0.0255903394056834,-0.0601868931724043,0.0090062143610373,12.738000000000042,6.72,-0.2778093198900647,0.0856554171794287,Delayed Deterioration,1.0,solid_common_support
1,night,0.924,-0.0263385922749757,-0.0619524949172474,0.009275310367296,12.738000000000042,6.72,-0.2778093198900647,0.0856554171794287,Delayed Deterioration,1.0,solid_common_support
1,night,0.952,-0.0270820963531477,-0.0637074605750499,0.0095432678687544,12.738000000000042,6.72,-0.2778093198900647,0.0856554171794287,Delayed Deterioration,1.0,solid_common_support
1,night,0.98,-0.0278207077374383,-0.0654514680494766,0.0098100525745999,12.738000000000042,6.72,-0.2778093198900647,0.0856554171794287,Delayed Deterioration,1.0,solid_common_support
1,night,1.008,-0.0285542825250863,-0.0671841952646924,0.0100756302145198,12.738000000000042,6.72,-0.2778093198900647,0.0856554171794287,Delayed Deterioration,1.0,solid_common_support
1,night,1.036,-0.0292826768133304,-0.0689053201662417,0.0103399665395808,12.738000000000042,6.72,-0.2778093198900647,0.0856554171794287,Delayed Deterioration,1.0,solid_common_support
1,night,1.064,-0.0300057466994095,-0.0706145207219559,0.0106030273231369,12.738000000000042,6.72,-0.2778093198900647,0.0856554171794287,Delayed Deterioration,1.0,solid_common_support
1,night,1.092,-0.0307233482805623,-0.072311474922891,0.0108647783617663,12.738000000000042,6.72,-0.2778093198900647,0.0856554171794287,Delayed Deterioration,1.0,solid_common_support
1,night,1.12,-0.0314353376540276,-0.0739958607842956,0.0111251854762403,12.738000000000042,6.72,-0.2778093198900647,0.0856554171794287,Delayed Deterioration,1.0,solid_common_support
1,night,1.148,-0.0321415709170442,-0.0756673563466122,0.0113842145125238,12.738000000000042,6.72,-0.2778093198900647,0.0856554171794287,Delayed Deterioration,1.0,solid_common_support
1,night,1.176,-0.0328419041668508,-0.0773256396765125,0.0116418313428108,12.738000000000042,6.72,-0.2778093198900647,0.0856554171794287,Delayed Deterioration,1.0,solid_common_support
1,night,1.204,-0.0335361935006863,-0.0789703888679687,0.011898001866596,12.738000000000042,6.72,-0.2778093198900647,0.0856554171794287,Delayed Deterioration,1.0,solid_common_support
1,night,1.232,-0.0342242950157894,-0.080601282043363,0.0121526920117841,12.738000000000042,6.72,-0.2778093198900647,0.0856554171794287,Delayed Deterioration,1.0,solid_common_support
1,night,1.26,-0.034906064809399,-0.0822179973546371,0.012405867735839,12.738000000000042,6.72,-0.2778093198900647,0.0856554171794287,Delayed Deterioration,1.0,solid_common_support
1,night,1.288,-0.0355813589787537,-0.0838202129844827,0.0126574950269752,12.738000000000042,6.72,-0.2778093198900647,0.0856554171794287,Delayed Deterioration,1.0,solid_common_support
1,night,1.316,-0.0362500336210924,-0.0854076071475778,0.0129075399053929,12.738000000000042,6.72,-0.2778093198900647,0.0856554171794287,Delayed Deterioration,1.0,solid_common_support
1,night,1.344,-0.0369119448336539,-0.0869798580918673,0.0131559684245595,12.738000000000042,6.72,-0.2778093198900647,0.0856554171794287,Delayed Deterioration,1.0,solid_common_support
1,night,1.372,-0.0375669487136769,-0.088536644099894,0.0134027466725402,12.738000000000042,6.72,-0.2778093198900647,0.0856554171794287,Delayed Deterioration,1.0,solid_common_support
1,night,1.4,-0.0382149013584002,-0.0900776434901796,0.0136478407733791,12.738000000000042,6.72,-0.2778093198900647,0.0856554171794287,Delayed Deterioration,1.0,solid_common_support
1,night,1.428,-0.038855679277553,-0.0916025803308034,0.0138912217756972,12.738000000000042,6.72,-0.2778093198900647,0.0856554171794287,Delayed Deterioration,1.0,solid_common_support
1,night,1.456,-0.0394892776375534,-0.0931114444422712,0.0141328891671643,12.738000000000042,6.72,-0.2778093198900647,0.0856554171794287,Delayed Deterioration,1.0,solid_common_support
1,night,1.484,-0.0401157343686695,-0.0946043214231531,0.014372852685814,12.738000000000042,6.72,-0.2778093198900647,0.0856554171794287,Delayed Deterioration,1.0,solid_common_support
1,night,1.512,-0.040735087458289,-0.0960812970076753,0.0146111220910973,12.738000000000042,6.72,-0.2778093198900647,0.0856554171794287,Delayed Deterioration,1.0,solid_common_support
1,night,1.54,-0.0413473748937995,-0.0975424569373281,0.014847707149729,12.738000000000042,6.72,-0.2778093198900647,0.0856554171794287,Delayed Deterioration,1.0,solid_common_support
1,night,1.568,-0.0419526346625889,-0.098987886960444,0.0150826176352661,12.738000000000042,6.72,-0.2778093198900647,0.0856554171794287,Delayed Deterioration,1.0,solid_common_support
1,night,1.596,-0.0425509047520447,-0.1004176728318216,0.0153158633277321,12.738000000000042,6.72,-0.2778093198900647,0.0856554171794287,Delayed Deterioration,1.0,solid_common_support
1,night,1.624,-0.0431422231495546,-0.1018319003123905,0.0155474540132812,12.738000000000042,6.72,-0.2778093198900647,0.0856554171794287,Delayed Deterioration,1.0,solid_common_support
1,night,1.652,-0.0437266278425063,-0.103230655168911,0.0157773994838982,12.738000000000042,6.72,-0.2778093198900647,0.0856554171794287,Delayed Deterioration,1.0,solid_common_support
1,night,1.68,-0.0443041568182876,-0.1046140231737038,0.0160057095371286,12.738000000000042,6.72,-0.2778093198900647,0.0856554171794287,Delayed Deterioration,1.0,solid_common_support
1,night,1.708,-0.044874848064286,-0.1059820901044077,0.0162323939758356,12.738000000000042,6.72,-0.2778093198900647,0.0856554171794287,Delayed Deterioration,1.0,solid_common_support
1,night,1.736,-0.0454387395678893,-0.1073349417437595,0.0164574626079809,12.738000000000042,6.72,-0.2778093198900647,0.0856554171794287,Delayed Deterioration,1.0,solid_common_support
1,night,1.764,-0.0459958693164851,-0.1086726638793952,0.0166809252464249,12.738000000000042,6.72,-0.2778093198900647,0.0856554171794287,Delayed Deterioration,1.0,solid_common_support
1,night,1.792,-0.0465462752974611,-0.1099953423036692,0.0169027917087468,12.738000000000042,6.72,-0.2778093198900647,0.0856554171794287,Delayed Deterioration,1.0,solid_common_support
1,night,1.82,-0.0470899954982051,-0.111303062813489,0.0171230718170787,12.738000000000042,6.72,-0.2778093198900647,0.0856554171794287,Delayed Deterioration,1.0,solid_common_support
1,night,1.848,-0.0476270679061047,-0.1125959112101646,0.0173417753979551,12.738000000000042,6.72,-0.2778093198900647,0.0856554171794287,Delayed Deterioration,1.0,solid_common_support
1,night,1.876,-0.0481575305085475,-0.1138739732992693,0.0175589122821742,12.738000000000042,6.72,-0.2778093198900647,0.0856554171794287,Delayed Deterioration,1.0,solid_common_support
1,night,1.904,-0.0486814212929213,-0.1151373348905125,0.0177744923046699,12.738000000000042,6.72,-0.2778093198900647,0.0856554171794287,Delayed Deterioration,1.0,solid_common_support
1,night,1.932,-0.0491987782466137,-0.1163860817976212,0.0179885253043937,12.738000000000042,6.72,-0.2778093198900647,0.0856554171794287,Delayed Deterioration,1.0,solid_common_support
1,night,1.96,-0.0497096393570125,-0.1176202998382301,0.0182010211242051,12.738000000000042,6.72,-0.2778093198900647,0.0856554171794287,Delayed Deterioration,1.0,solid_common_support
1,night,1.988,-0.0502140426115052,-0.1188400748337794,0.0184119896107688,12.738000000000042,6.72,-0.2778093198900647,0.0856554171794287,Delayed Deterioration,1.0,solid_common_support
1,night,2.016,-0.0507120259974796,-0.1200454926094189,0.0186214406144595,12.738000000000042,6.72,-0.2778093198900647,0.0856554171794287,Delayed Deterioration,1.0,solid_common_support
1,night,2.044,-0.0512036275023234,-0.1212366389939183,0.0188293839892714,12.738000000000042,6.72,-0.2778093198900647,0.0856554171794287,Delayed Deterioration,1.0,solid_common_support
1,night,2.072,-0.0516888851134243,-0.1224135998195821,0.0190358295927334,12.738000000000042,6.72,-0.2778093198900647,0.0856554171794287,Delayed Deterioration,1.0,solid_common_support
1,night,2.1,-0.0521678368181699,-0.1235764609221685,0.0192407872858286,12.738000000000042,6.72,-0.2778093198900647,0.0856554171794287,Delayed Deterioration,1.0,solid_common_support
1,night,2.128,-0.0526405206039479,-0.1247253081408134,0.0194442669329175,12.738000000000042,6.72,-0.2778093198900647,0.0856554171794287,Delayed Deterioration,1.0,solid_common_support
1,night,2.156,-0.053106974458146,-0.1258602273179566,0.0196462784016645,12.738000000000042,6.72,-0.2778093198900647,0.0856554171794287,Delayed Deterioration,1.0,solid_common_support
1,night,2.184,-0.0535672363681519,-0.1269813042992716,0.0198468315629678,12.738000000000042,6.72,-0.2778093198900647,0.0856554171794287,Delayed Deterioration,1.0,solid_common_support
1,night,2.212,-0.0540213443213532,-0.1280886249335973,0.0200459362908908,12.738000000000042,6.72,-0.2778093198900647,0.0856554171794287,Delayed Deterioration,1.0,solid_common_support
1,night,2.24,-0.0544693363051377,-0.1291822750728721,0.0202436024625966,12.738000000000042,6.72,-0.2778093198900647,0.0856554171794287,Delayed Deterioration,1.0,solid_common_support
1,night,2.268,-0.054911250306893,-0.13026234057207,0.0204398399582839,12.738000000000042,6.72,-0.2778093198900647,0.0856554171794287,Delayed Deterioration,1.0,solid_common_support
1,night,2.2960000000000003,-0.0553471243140068,-0.1313289072891377,0.020634658661124,12.738000000000042,6.72,-0.2778093198900647,0.0856554171794287,Delayed Deterioration,1.0,solid_common_support
1,night,2.324,-0.0557769963138668,-0.1323820610849329,0.0208280684571991,12.738000000000042,6.72,-0.2778093198900647,0.0856554171794287,Delayed Deterioration,1.0,solid_common_support
1,night,2.352,-0.0562009042938607,-0.1334218878231639,0.0210200792354424,12.738000000000042,6.72,-0.2778093198900647,0.0856554171794287,Delayed Deterioration,1.0,solid_common_support
1,night,2.38,-0.0566188862413761,-0.1344484733703297,0.0212107008875773,12.738000000000042,6.72,-0.2778093198900647,0.0856554171794287,Delayed Deterioration,1.0,solid_common_support
1,night,2.408,-0.0570309801438008,-0.1354619035956604,0.0213999433080586,12.738000000000042,6.72,-0.2778093198900647,0.0856554171794287,Delayed Deterioration,1.0,solid_common_support
1,night,2.436,-0.0574372239885224,-0.1364622643710578,0.0215878163940129,12.738000000000042,6.72,-0.2778093198900647,0.0856554171794287,Delayed Deterioration,1.0,solid_common_support
1,night,2.464,-0.0578376557629286,-0.1374496415710366,0.0217743300451793,12.738000000000042,6.72,-0.2778093198900647,0.0856554171794287,Delayed Deterioration,1.0,solid_common_support
1,night,2.492,-0.0582323134544071,-0.138424121072665,0.0219594941638507,12.738000000000042,6.72,-0.2778093198900647,0.0856554171794287,Delayed Deterioration,1.0,solid_common_support
1,night,2.52,-0.0586212350503456,-0.1393857887555051,0.0221433186548139,12.738000000000042,6.72,-0.2778093198900647,0.0856554171794287,Delayed Deterioration,1.0,solid_common_support
1,night,2.548,-0.0590044585381317,-0.1403347305015532,0.0223258134252897,12.738000000000042,6.72,-0.2778093198900647,0.0856554171794287,Delayed Deterioration,1.0,solid_common_support
1,night,2.576,-0.0593820219051531,-0.1412710321951791,0.0225069883848728,12.738000000000042,6.72,-0.2778093198900647,0.0856554171794287,Delayed Deterioration,1.0,solid_common_support
1,night,2.604,-0.0597539631387976,-0.1421947797230654,0.0226868534454702,12.738000000000042,6.72,-0.2778093198900647,0.0856554171794287,Delayed Deterioration,1.0,solid_common_support
1,night,2.632,-0.0601203202264527,-0.1431060589741451,0.0228654185212395,12.738000000000042,6.72,-0.2778093198900647,0.0856554171794287,Delayed Deterioration,1.0,solid_common_support
1,night,2.66,-0.0604811311555062,-0.1440049558395391,0.0230426935285265,12.738000000000042,6.72,-0.2778093198900647,0.0856554171794287,Delayed Deterioration,1.0,solid_common_support
1,night,2.688,-0.0608364339133458,-0.1448915562124924,0.0232186883858006,12.738000000000042,6.72,-0.2778093198900647,0.0856554171794287,Delayed Deterioration,1.0,solid_common_support
1,night,2.716,-0.0611862664873592,-0.1457659459883087,0.0233934130135902,12.738000000000042,6.72,-0.2778093198900647,0.0856554171794287,Delayed Deterioration,1.0,solid_common_support
1,night,2.744,-0.0615306668649339,-0.1466282110642847,0.0235668773344168,12.738000000000042,6.72,-0.2778093198900647,0.0856554171794287,Delayed Deterioration,1.0,solid_common_support
1,night,2.772,-0.0618696730334578,-0.1474784373396425,0.0237390912727268,12.738000000000042,6.72,-0.2778093198900647,0.0856554171794287,Delayed Deterioration,1.0,solid_common_support
1,night,2.8000000000000003,-0.0622033229803185,-0.1483167107154602,0.0239100647548232,12.738000000000042,6.72,-0.2778093198900647,0.0856554171794287,Delayed Deterioration,1.0,solid_common_support
1,night,2.828,-0.0625316546929036,-0.1491431170946019,0.0240798077087946,12.738000000000042,6.72,-0.2778093198900647,0.0856554171794287,Delayed Deterioration,1.0,solid_common_support
1,night,2.856,-0.0628547061586009,-0.1499577423816454,0.0242483300644435,12.738000000000042,6.72,-0.2778093198900647,0.0856554171794287,Delayed Deterioration,1.0,solid_common_support
1,night,2.884,-0.063172515364798,-0.1507606724828086,0.0244156417532125,12.738000000000042,6.72,-0.2778093198900647,0.0856554171794287,Delayed Deterioration,1.0,solid_common_support
1,night,2.912,-0.0634851202988827,-0.1515519933058741,0.0245817527081087,12.738000000000042,6.72,-0.2778093198900647,0.0856554171794287,Delayed Deterioration,1.0,solid_common_support
1,night,2.94,-0.0637925589482425,-0.1523317907601117,0.0247466728636265,12.738000000000042,6.72,-0.2778093198900647,0.0856554171794287,Delayed Deterioration,1.0,solid_common_support
1,night,2.968,-0.0640948693002653,-0.1531001507561991,0.0249104121556685,12.738000000000042,6.72,-0.2778093198900647,0.0856554171794287,Delayed Deterioration,1.0,solid_common_support
1,night,2.996,-0.0643920893423385,-0.1538571592061411,0.0250729805214639,12.738000000000042,6.72,-0.2778093198900647,0.0856554171794287,Delayed Deterioration,1.0,solid_common_support
1,night,3.024,-0.0646842570618501,-0.154602902023186,0.0252343878994857,12.738000000000042,6.72,-0.2778093198900647,0.0856554171794287,Delayed Deterioration,1.0,solid_common_support
1,night,3.052,-0.0649714104461876,-0.1553374651217401,0.0253946442293648,12.738000000000042,6.72,-0.2778093198900647,0.0856554171794287,Delayed Deterioration,1.0,solid_common_support
1,night,3.08,-0.0652535874827387,-0.1560609344172805,0.0255537594518029,12.738000000000042,6.72,-0.2778093198900647,0.0856554171794287,Delayed Deterioration,1.0,solid_common_support
1,night,3.108,-0.0655308261588911,-0.1567733958262648,0.0257117435084825,12.738000000000042,6.72,-0.2778093198900647,0.0856554171794287,Delayed Deterioration,1.0,solid_common_support
1,night,3.136,-0.0658031644620325,-0.1574749352660394,0.0258686063419744,12.738000000000042,6.72,-0.2778093198900647,0.0856554171794287,Delayed Deterioration,1.0,solid_common_support
1,night,3.164,-0.0660706403795505,-0.1581656386547446,0.0260243578956436,12.738000000000042,6.72,-0.2778093198900647,0.0856554171794287,Delayed Deterioration,1.0,solid_common_support
1,night,3.192,-0.0663332918988329,-0.1588455919112175,0.0261790081135516,12.738000000000042,6.72,-0.2778093198900647,0.0856554171794287,Delayed Deterioration,1.0,solid_common_support
1,night,3.22,-0.0665911570072673,-0.1595148809548924,0.0263325669403577,12.738000000000042,6.72,-0.2778093198900647,0.0856554171794287,Delayed Deterioration,1.0,solid_common_support
1,night,3.248,-0.0668442736922414,-0.1601735917056988,0.0264850443212159,12.738000000000042,6.72,-0.2778093198900647,0.0856554171794287,Delayed Deterioration,1.0,solid_common_support
1,night,3.276,-0.0670926799411429,-0.1608218100839566,0.0266364502016707,12.738000000000042,6.72,-0.2778093198900647,0.0856554171794287,Delayed Deterioration,1.0,solid_common_support
1,night,3.3040000000000003,-0.0673364137413595,-0.1614596220102681,0.0267867945275491,12.738000000000042,6.72,-0.2778093198900647,0.0856554171794287,Delayed Deterioration,1.0,solid_common_support
1,night,3.332,-0.0675755130802788,-0.1620871134054082,0.0269360872448505,12.738000000000042,6.72,-0.2778093198900647,0.0856554171794287,Delayed Deterioration,1.0,solid_common_support
1,night,3.36,-0.0678100159452886,-0.1627043701902106,0.0270843382996333,12.738000000000042,6.72,-0.2778093198900647,0.0856554171794287,Delayed Deterioration,1.0,solid_common_support
1,night,3.388,-0.0680399603237765,-0.1633114782854522,0.0272315576378991,12.738000000000042,6.72,-0.2778093198900647,0.0856554171794287,Delayed Deterioration,1.0,solid_common_support
1,night,3.416,-0.0682653842031302,-0.1639085236117338,0.0273777552054733,12.738000000000042,6.72,-0.2778093198900647,0.0856554171794287,Delayed Deterioration,1.0,solid_common_support
1,night,3.444,-0.0684863255707374,-0.1644955920893578,0.027522940947883,12.738000000000042,6.72,-0.2778093198900647,0.0856554171794287,Delayed Deterioration,1.0,solid_common_support
1,night,3.472,-0.0687028224139857,-0.1650727696382032,0.0276671248102317,12.738000000000042,6.72,-0.2778093198900647,0.0856554171794287,Delayed Deterioration,1.0,solid_common_support
1,night,3.5,-0.0689149127202629,-0.1656401421775971,0.0278103167370712,12.738000000000042,6.72,-0.2778093198900647,0.0856554171794287,Delayed Deterioration,1.0,solid_common_support
1,night,3.528,-0.0691226344769566,-0.1661977956261834,0.02795252667227,12.738000000000042,6.72,-0.2778093198900647,0.0856554171794287,Delayed Deterioration,1.0,solid_common_support
1,night,3.556,-0.0693260256714546,-0.1667458159017873,0.028093764558878,12.738000000000042,6.72,-0.2778093198900647,0.0856554171794287,Delayed Deterioration,1.0,solid_common_support
1,night,3.584,-0.0695251242911444,-0.1672842889212777,0.0282340403389887,12.738000000000042,6.72,-0.2778093198900647,0.0856554171794287,Delayed Deterioration,1.0,solid_common_support
1,night,3.612,-0.0697199683234138,-0.1678133006004253,0.0283733639535975,12.738000000000042,6.72,-0.2778093198900647,0.0856554171794287,Delayed Deterioration,1.0,solid_common_support
1,night,3.64,-0.0699105957556505,-0.1683329368537576,0.0285117453424565,12.738000000000042,6.72,-0.2778093198900647,0.0856554171794287,Delayed Deterioration,1.0,solid_common_support
1,night,3.668,-0.0700970445752421,-0.1688432835944105,0.0286491944439262,12.738000000000042,6.72,-0.2778093198900647,0.0856554171794287,Delayed Deterioration,1.0,solid_common_support
1,night,3.696,-0.0702793527695764,-0.1693444267339758,0.0287857211948229,12.738000000000042,6.72,-0.2778093198900647,0.0856554171794287,Delayed Deterioration,1.0,solid_common_support
1,night,3.724,-0.0704575583260409,-0.1698364521823456,0.0289213355302636,12.738000000000042,6.72,-0.2778093198900647,0.0856554171794287,Delayed Deterioration,1.0,solid_common_support
1,night,3.752,-0.0706316992320235,-0.1703194458475531,0.0290560473835061,12.738000000000042,6.72,-0.2778093198900647,0.0856554171794287,Delayed Deterioration,1.0,solid_common_support
1,night,3.78,-0.0708018134749117,-0.1707934936356092,0.0291898666857857,12.738000000000042,6.72,-0.2778093198900647,0.0856554171794287,Delayed Deterioration,1.0,solid_common_support
1,night,3.808,-0.0709679390420933,-0.1712586814503354,0.0293228033661487,12.738000000000042,6.72,-0.2778093198900647,0.0856554171794287,Delayed Deterioration,1.0,solid_common_support
1,night,3.836,-0.0711301139209559,-0.171715095193193,0.0294548673512811,12.738000000000042,6.72,-0.2778093198900647,0.0856554171794287,Delayed Deterioration,1.0,solid_common_support
1,night,3.864,-0.0712883760988872,-0.1721628207631088,0.0295860685653342,12.738000000000042,6.72,-0.2778093198900647,0.0856554171794287,Delayed Deterioration,1.0,solid_common_support
1,night,3.892,-0.0714427635632749,-0.1726019440562955,0.0297164169297455,12.738000000000042,6.72,-0.2778093198900647,0.0856554171794287,Delayed Deterioration,1.0,solid_common_support
1,night,3.92,-0.0715933143015067,-0.17303255096607,0.0298459223630564,12.738000000000042,6.72,-0.2778093198900647,0.0856554171794287,Delayed Deterioration,1.0,solid_common_support
1,night,3.948,-0.0717400663009703,-0.173454727382666,0.0299745947807252,12.738000000000042,6.72,-0.2778093198900647,0.0856554171794287,Delayed Deterioration,1.0,solid_common_support
1,night,3.976,-0.0718830575490534,-0.1738685591930429,0.0301024440949361,12.738000000000042,6.72,-0.2778093198900647,0.0856554171794287,Delayed Deterioration,1.0,solid_common_support
1,night,4.004,-0.0720223260331435,-0.1742741322806916,0.0302294802144044,12.738000000000042,6.72,-0.2778093198900647,0.0856554171794287,Delayed Deterioration,1.0,solid_common_support
1,night,4.032,-0.0721579097406285,-0.174671532525434,0.0303557130441768,12.738000000000042,6.72,-0.2778093198900647,0.0856554171794287,Delayed Deterioration,1.0,solid_common_support
1,night,4.0600000000000005,-0.072289846658896,-0.1750608458032203,0.0304811524854283,12.738000000000042,6.72,-0.2778093198900647,0.0856554171794287,Delayed Deterioration,1.0,solid_common_support
1,night,4.088,-0.0724181747753336,-0.1754421579859211,0.0306058084352537,12.738000000000042,6.72,-0.2778093198900647,0.0856554171794287,Delayed Deterioration,1.0,solid_common_support
1,night,4.116,-0.0725429320773291,-0.1758155549411143,0.0307296907864559,12.738000000000042,6.72,-0.2778093198900647,0.0856554171794287,Delayed Deterioration,1.0,solid_common_support
1,night,4.144,-0.0726641565522702,-0.1761811225318696,0.0308528094273292,12.738000000000042,6.72,-0.2778093198900647,0.0856554171794287,Delayed Deterioration,1.0,solid_common_support
1,night,4.172,-0.0727818861875445,-0.1765389466165264,0.0309751742414374,12.738000000000042,6.72,-0.2778093198900647,0.0856554171794287,Delayed Deterioration,1.0,solid_common_support
1,night,4.2,-0.0728961589705397,-0.1768891130484685,0.0310967951073891,12.738000000000042,6.72,-0.2778093198900647,0.0856554171794287,Delayed Deterioration,1.0,solid_common_support
1,night,4.228,-0.0730070128886434,-0.177231707675894,0.031217681898607,12.738000000000042,6.72,-0.2778093198900647,0.0856554171794287,Delayed Deterioration,1.0,solid_common_support
1,night,4.256,-0.0731144859292435,-0.1775668163415805,0.0313378444830934,12.738000000000042,6.72,-0.2778093198900647,0.0856554171794287,Delayed Deterioration,1.0,solid_common_support
1,night,4.284,-0.0732186160797275,-0.1778945248826453,0.0314572927231903,12.738000000000042,6.72,-0.2778093198900647,0.0856554171794287,Delayed Deterioration,1.0,solid_common_support
1,night,4.312,-0.0733194413274831,-0.1782149191303021,0.0315760364753358,12.738000000000042,6.72,-0.2778093198900647,0.0856554171794287,Delayed Deterioration,1.0,solid_common_support
1,night,4.34,-0.0734169996598981,-0.1785280849096116,0.0316940855898153,12.738000000000042,6.72,-0.2778093198900647,0.0856554171794287,Delayed Deterioration,1.0,solid_common_support
1,night,4.368,-0.0735113290643601,-0.178834108039228,0.0318114499105078,12.738000000000042,6.72,-0.2778093198900647,0.0856554171794287,Delayed Deterioration,1.0,solid_common_support
1,night,4.396,-0.0736024675282567,-0.1791330743311411,0.0319281392746276,12.738000000000042,6.72,-0.2778093198900647,0.0856554171794287,Delayed Deterioration,1.0,solid_common_support
1,night,4.424,-0.0736904530389757,-0.1794250695904131,0.0320441635124616,12.738000000000042,6.72,-0.2778093198900647,0.0856554171794287,Delayed Deterioration,1.0,solid_common_support
1,night,4.452,-0.0737753235839048,-0.1797101796149105,0.0321595324471008,12.738000000000042,6.72,-0.2778093198900647,0.0856554171794287,Delayed Deterioration,1.0,solid_common_support
1,night,4.48,-0.0738571171504316,-0.1799884901950315,0.0322742558941682,12.738000000000042,6.72,-0.2778093198900647,0.0856554171794287,Delayed Deterioration,1.0,solid_common_support
1,night,4.508,-0.0739358717259438,-0.1802600871134284,0.0323883436615407,12.738000000000042,6.72,-0.2778093198900647,0.0856554171794287,Delayed Deterioration,1.0,solid_common_support
1,night,4.5360000000000005,-0.0740116252978291,-0.1805250561447251,0.0325018055490668,12.738000000000042,6.72,-0.2778093198900647,0.0856554171794287,Delayed Deterioration,1.0,solid_common_support
1,night,4.564,-0.0740844158534752,-0.1807834830552295,0.0326146513482791,12.738000000000042,6.72,-0.2778093198900647,0.0856554171794287,Delayed Deterioration,1.0,solid_common_support
1,night,4.5920000000000005,-0.0741542813802697,-0.1810354536026414,0.0327268908421019,12.738000000000042,6.72,-0.2778093198900647,0.0856554171794287,Delayed Deterioration,1.0,solid_common_support
1,night,4.62,-0.0742212598656004,-0.1812810535357549,0.0328385338045539,12.738000000000042,6.72,-0.2778093198900647,0.0856554171794287,Delayed Deterioration,1.0,solid_common_support
1,night,4.648,-0.0742853892968549,-0.1815203685941561,0.0329495900004462,12.738000000000042,6.72,-0.2778093198900647,0.0856554171794287,Delayed Deterioration,1.0,solid_common_support
1,night,4.676,-0.0743467076614209,-0.1817534845079164,0.0330600691850745,12.738000000000042,6.72,-0.2778093198900647,0.0856554171794287,Delayed Deterioration,1.0,solid_common_support
1,night,4.704,-0.0744052529466861,-0.1819804869972797,0.0331699811039073,12.738000000000042,6.72,-0.2778093198900647,0.0856554171794287,Delayed Deterioration,1.0,solid_common_support
1,night,4.732,-0.0744610631400382,-0.1822014617723453,0.0332793354922688,12.738000000000042,6.72,-0.2778093198900647,0.0856554171794287,Delayed Deterioration,1.0,solid_common_support
1,night,4.76,-0.0745141762288648,-0.1824164945327462,0.0333881420750164,12.738000000000042,6.72,-0.2778093198900647,0.0856554171794287,Delayed Deterioration,1.0,solid_common_support
1,night,4.788,-0.0745646302005537,-0.1826256709673213,0.0334964105662138,12.738000000000042,6.72,-0.2778093198900647,0.0856554171794287,Delayed Deterioration,1.0,solid_common_support
1,night,4.816,-0.0746124630424925,-0.1828290767537841,0.0336041506687991,12.738000000000042,6.72,-0.2778093198900647,0.0856554171794287,Delayed Deterioration,1.0,solid_common_support
1,night,4.844,-0.0746577127420689,-0.1830267975583854,0.0337113720742475,12.738000000000042,6.72,-0.2778093198900647,0.0856554171794287,Delayed Deterioration,1.0,solid_common_support
1,night,4.872,-0.0747004172866706,-0.1832189190355709,0.0338180844622297,12.738000000000042,6.72,-0.2778093198900647,0.0856554171794287,Delayed Deterioration,1.0,solid_common_support
1,night,4.9,-0.0747406146636852,-0.1834055268276353,0.0339242975002648,12.738000000000042,6.72,-0.2778093198900647,0.0856554171794287,Delayed Deterioration,1.0,solid_common_support
1,night,4.928,-0.0747783428605005,-0.1835867065643698,0.0340300208433687,12.738000000000042,6.72,-0.2778093198900647,0.0856554171794287,Delayed Deterioration,1.0,solid_common_support
1,night,4.956,-0.0748136398645041,-0.1837625438627061,0.0341352641336978,12.738000000000042,6.72,-0.2778093198900647,0.0856554171794287,Delayed Deterioration,1.0,solid_common_support
1,night,4.984,-0.0748465436630837,-0.183933124326355,0.0342400370001875,12.738000000000042,6.72,-0.2778093198900647,0.0856554171794287,Delayed Deterioration,1.0,solid_common_support
1,night,5.0120000000000005,-0.0748770922436271,-0.18409853354544,0.0343443490581858,12.738000000000042,6.72,-0.2778093198900647,0.0856554171794287,Delayed Deterioration,1.0,solid_common_support
1,night,5.04,-0.0749053235935218,-0.1842588570961267,0.034448209909083,12.738000000000042,6.72,-0.2778093198900647,0.0856554171794287,Delayed Deterioration,1.0,solid_common_support
1,night,5.0680000000000005,-0.0749312757001555,-0.1844141805402471,0.034551629139936,12.738000000000042,6.72,-0.2778093198900647,0.0856554171794287,Delayed Deterioration,1.0,solid_common_support
1,night,5.096,-0.074954986550916,-0.1845645894249201,0.0346546163230879,12.738000000000042,6.72,-0.2778093198900647,0.0856554171794287,Delayed Deterioration,1.0,solid_common_support
1,night,5.124,-0.074976494133191,-0.1847101692821658,0.0347571810157837,12.738000000000042,6.72,-0.2778093198900647,0.0856554171794287,Delayed Deterioration,1.0,solid_common_support
1,night,5.152,-0.074995836434368,-0.1848510056285171,0.034859332759781,12.738000000000042,6.72,-0.2778093198900647,0.0856554171794287,Delayed Deterioration,1.0,solid_common_support
1,night,5.18,-0.0750130514418348,-0.1849871839646259,0.0349610810809562,12.738000000000042,6.72,-0.2778093198900647,0.0856554171794287,Delayed Deterioration,1.0,solid_common_support
1,night,5.208,-0.0750281771429791,-0.185118789774865,0.0350624354889066,12.738000000000042,6.72,-0.2778093198900647,0.0856554171794287,Delayed Deterioration,1.0,solid_common_support
1,night,5.236,-0.0750412515251886,-0.1852459085269259,0.0351634054765487,12.738000000000042,6.72,-0.2778093198900647,0.0856554171794287,Delayed Deterioration,1.0,solid_common_support
1,night,5.264,-0.0750523125758509,-0.1853686256714126,0.0352640005197107,12.738000000000042,6.72,-0.2778093198900647,0.0856554171794287,Delayed Deterioration,1.0,solid_common_support
1,night,5.292,-0.0750613982823537,-0.1854870266414308,0.0353642300767233,12.738000000000042,6.72,-0.2778093198900647,0.0856554171794287,Delayed Deterioration,1.0,solid_common_support
1,night,5.32,-0.0750685466320847,-0.1856011968521737,0.0354641035880042,12.738000000000042,6.72,-0.2778093198900647,0.0856554171794287,Delayed Deterioration,1.0,solid_common_support
1,night,5.348,-0.0750737956124316,-0.1857112217005035,0.0355636304756402,12.738000000000042,6.72,-0.2778093198900647,0.0856554171794287,Delayed Deterioration,1.0,solid_common_support
1,night,5.376,-0.075077183210782,-0.1858171865645294,0.0356628201429653,12.738000000000042,6.72,-0.2778093198900647,0.0856554171794287,Delayed Deterioration,1.0,solid_common_support
1,night,5.404,-0.0750787474145237,-0.1859191768031818,0.0357616819741343,12.738000000000042,6.72,-0.2778093198900647,0.0856554171794287,Delayed Deterioration,1.0,solid_common_support
1,night,5.432,-0.0750785262110444,-0.1860172777557831,0.0358602253336943,12.738000000000042,6.72,-0.2778093198900647,0.0856554171794287,Delayed Deterioration,1.0,solid_common_support
1,night,5.46,-0.0750765575877316,-0.186111574741615,0.0359584595661516,12.738000000000042,6.72,-0.2778093198900647,0.0856554171794287,Delayed Deterioration,1.0,solid_common_support
1,night,5.488,-0.0750728795319732,-0.1862021530594825,0.0360563939955361,12.738000000000042,6.72,-0.2778093198900647,0.0856554171794287,Delayed Deterioration,1.0,solid_common_support
1,night,5.516,-0.0750675300311567,-0.1862890979872754,0.036154037924962,12.738000000000042,6.72,-0.2778093198900647,0.0856554171794287,Delayed Deterioration,1.0,solid_common_support
1,night,5.5440000000000005,-0.0750605470726699,-0.1863724947815261,0.0362514006361863,12.738000000000042,6.72,-0.2778093198900647,0.0856554171794287,Delayed Deterioration,1.0,solid_common_support
1,night,5.572,-0.0750519686439004,-0.1864524286769652,0.0363484913891644,12.738000000000042,6.72,-0.2778093198900647,0.0856554171794287,Delayed Deterioration,1.0,solid_common_support
1,night,5.6000000000000005,-0.0750418327322359,-0.186528984886074,0.0364453194216021,12.738000000000042,6.72,-0.2778093198900647,0.0856554171794287,Delayed Deterioration,1.0,solid_common_support
1,night,5.628,-0.0750301773250642,-0.1866022485986351,0.0365418939485067,12.738000000000042,6.72,-0.2778093198900647,0.0856554171794287,Delayed Deterioration,1.0,solid_common_support
1,night,5.656,-0.0750170404097728,-0.1866723049812808,0.036638224161735,12.738000000000042,6.72,-0.2778093198900647,0.0856554171794287,Delayed Deterioration,1.0,solid_common_support
1,night,5.684,-0.0750024599737495,-0.1867392391770388,0.0367343192295396,12.738000000000042,6.72,-0.2778093198900647,0.0856554171794287,Delayed Deterioration,1.0,solid_common_support
1,night,5.712,-0.074986474004382,-0.186803136304877,0.0368301882961129,12.738000000000042,6.72,-0.2778093198900647,0.0856554171794287,Delayed Deterioration,1.0,solid_common_support
1,night,5.74,-0.0749691204890579,-0.1868640814592463,0.0369258404811304,12.738000000000042,6.72,-0.2778093198900647,0.0856554171794287,Delayed Deterioration,1.0,solid_common_support
1,night,5.768,-0.0749504374151649,-0.1869221597096215,0.0370212848792916,12.738000000000042,6.72,-0.2778093198900647,0.0856554171794287,Delayed Deterioration,1.0,solid_common_support
1,night,5.796,-0.0749304627700908,-0.1869774561000424,0.0371165305598608,12.738000000000042,6.72,-0.2778093198900647,0.0856554171794287,Delayed Deterioration,1.0,solid_common_support
1,night,5.824,-0.0749092345412231,-0.1870300556486523,0.0372115865662061,12.738000000000042,6.72,-0.2778093198900647,0.0856554171794287,Delayed Deterioration,1.0,solid_common_support
1,night,5.852,-0.0748867907159495,-0.1870800433472377,0.0373064619153385,12.738000000000042,6.72,-0.2778093198900647,0.0856554171794287,Delayed Deterioration,1.0,solid_common_support
1,night,5.88,-0.0748631692816579,-0.1871275041607659,0.0374011655974501,12.738000000000042,6.72,-0.2778093198900647,0.0856554171794287,Delayed Deterioration,1.0,solid_common_support
1,night,5.908,-0.0748384082257357,-0.1871725230269236,0.0374957065754521,12.738000000000042,6.72,-0.2778093198900647,0.0856554171794287,Delayed Deterioration,1.0,solid_common_support
1,night,5.936,-0.0748125455355708,-0.1872151848556556,0.0375900937845139,12.738000000000042,6.72,-0.2778093198900647,0.0856554171794287,Delayed Deterioration,1.0,solid_common_support
1,night,5.964,-0.0747856191985507,-0.187255574528703,0.0376843361316014,12.738000000000042,6.72,-0.2778093198900647,0.0856554171794287,Delayed Deterioration,1.0,solid_common_support
1,night,5.992,-0.0747576672020632,-0.1872937768991435,0.0377784424950169,12.738000000000042,6.72,-0.2778093198900647,0.0856554171794287,Delayed Deterioration,1.0,solid_common_support
1,night,6.0200000000000005,-0.074728727533496,-0.1873298767909317,0.0378724217239396,12.738000000000042,6.72,-0.2778093198900647,0.0856554171794287,Delayed Deterioration,1.0,solid_common_support
1,night,6.048,-0.0746988381802368,-0.1873639589984416,0.037966282637968,12.738000000000042,6.72,-0.2778093198900647,0.0856554171794287,Delayed Deterioration,1.0,solid_common_support
1,night,6.0760000000000005,-0.0746680371296731,-0.1873961082860096,0.0380600340266632,12.738000000000042,6.72,-0.2778093198900647,0.0856554171794287,Delayed Deterioration,1.0,solid_common_support
1,night,6.104,-0.0746363623691928,-0.1874264093874809,0.0381536846490952,12.738000000000042,6.72,-0.2778093198900647,0.0856554171794287,Delayed Deterioration,1.0,solid_common_support
1,night,6.132000000000001,-0.0746038518861834,-0.1874549470057575,0.0382472432333906,12.738000000000042,6.72,-0.2778093198900647,0.0856554171794287,Delayed Deterioration,1.0,solid_common_support
1,night,6.16,-0.0745705436680328,-0.1874818058123492,0.0383407184762835,12.738000000000042,6.72,-0.2778093198900647,0.0856554171794287,Delayed Deterioration,1.0,solid_common_support
1,night,6.188,-0.0745364757021284,-0.187507070446927,0.03843411904267,12.738000000000042,6.72,-0.2778093198900647,0.0856554171794287,Delayed Deterioration,1.0,solid_common_support
1,night,6.216,-0.0745016859758581,-0.1875308255168811,0.0385274535651647,12.738000000000042,6.72,-0.2778093198900647,0.0856554171794287,Delayed Deterioration,1.0,solid_common_support
1,night,6.244,-0.0744662124766096,-0.1875531555968822,0.0386207306436629,12.738000000000042,6.72,-0.2778093198900647,0.0856554171794287,Delayed Deterioration,1.0,solid_common_support
1,night,6.272,-0.0744300931917704,-0.1875741452284461,0.0387139588449051,12.738000000000042,6.72,-0.2778093198900647,0.0856554171794287,Delayed Deterioration,1.0,solid_common_support
1,night,6.3,-0.0743933661087283,-0.1875938789195048,0.038807146702048,12.738000000000042,6.72,-0.2778093198900647,0.0856554171794287,Delayed Deterioration,1.0,solid_common_support
1,night,6.328,-0.074356069214871,-0.1876124411439811,0.038900302714239,12.738000000000042,6.72,-0.2778093198900647,0.0856554171794287,Delayed Deterioration,1.0,solid_common_support
1,night,6.356,-0.0743182404975862,-0.1876299163413692,0.0389934353461968,12.738000000000042,6.72,-0.2778093198900647,0.0856554171794287,Delayed Deterioration,1.0,solid_common_support
1,night,6.384,-0.0742799179442614,-0.1876463889163209,0.0390865530277979,12.738000000000042,6.72,-0.2778093198900647,0.0856554171794287,Delayed Deterioration,1.0,solid_common_support
1,night,6.412,-0.0742411395422845,-0.1876619432382387,0.0391796641536696,12.738000000000042,6.72,-0.2778093198900647,0.0856554171794287,Delayed Deterioration,1.0,solid_common_support
1,night,6.44,-0.074201943279043,-0.1876766636408751,0.0392727770827889,12.738000000000042,6.72,-0.2778093198900647,0.0856554171794287,Delayed Deterioration,1.0,solid_common_support
1,night,6.468,-0.0741623671419248,-0.1876906344219389,0.0393659001380892,12.738000000000042,6.72,-0.2778093198900647,0.0856554171794287,Delayed Deterioration,1.0,solid_common_support
1,night,6.496,-0.0741224491183174,-0.18770393984271,0.0394590416060752,12.738000000000042,6.72,-0.2778093198900647,0.0856554171794287,Delayed Deterioration,1.0,solid_common_support
1,night,6.524,-0.0740822271956085,-0.1877166641276613,0.0395522097364442,12.738000000000042,6.72,-0.2778093198900647,0.0856554171794287,Delayed Deterioration,1.0,solid_common_support
1,night,6.5520000000000005,-0.0740417393611859,-0.1877288914640899,0.039645412741718,12.738000000000042,6.72,-0.2778093198900647,0.0856554171794287,Delayed Deterioration,1.0,solid_common_support
1,night,6.58,-0.0740010236024371,-0.1877407060017569,0.0397386587968825,12.738000000000042,6.72,-0.2778093198900647,0.0856554171794287,Delayed Deterioration,1.0,solid_common_support
1,night,6.6080000000000005,-0.07396011790675,-0.187752191852537,0.0398319560390369,12.738000000000042,6.72,-0.2778093198900647,0.0856554171794287,Delayed Deterioration,1.0,solid_common_support
1,night,6.636,-0.0739190602615121,-0.1877634330900782,0.0399253125670538,12.738000000000042,6.72,-0.2778093198900647,0.0856554171794287,Delayed Deterioration,1.0,solid_common_support
1,night,6.664,-0.0738778886541112,-0.1877745137494716,0.040018736441249,12.738000000000042,6.72,-0.2778093198900647,0.0856554171794287,Delayed Deterioration,1.0,solid_common_support
1,night,6.692,-0.0738366410719349,-0.1877855178269326,0.0401122356830626,12.738000000000042,6.72,-0.2778093198900647,0.0856554171794287,Delayed Deterioration,1.0,solid_common_support
1,night,6.72,-0.073795355502371,-0.1877965292794937,0.0402058182747516,12.738000000000042,6.72,-0.2778093198900647,0.0856554171794287,Delayed Deterioration,1.0,solid_common_support
1,night,7.150698333333334,-0.0731602000433467,-0.1879771198739897,0.0416567197872961,12.738000000000042,6.72,-0.2778093198900647,0.0856554171794287,Delayed Deterioration,1.0,dashed_p80_tail
1,night,7.5813966666666674,-0.0725250445843225,-0.188178854836507,0.0431287656678618,12.738000000000042,6.72,-0.2778093198900647,0.0856554171794287,Delayed Deterioration,1.0,dashed_p80_tail
1,night,8.012095,-0.0718898891252983,-0.1884012785338779,0.0446215002832812,12.738000000000042,6.72,-0.2778093198900647,0.0856554171794287,Delayed Deterioration,1.0,dashed_p80_tail
1,night,8.442793333333334,-0.0712547336662741,-0.1886439375463775,0.0461344702138292,12.738000000000042,6.72,-0.2778093198900647,0.0856554171794287,Delayed Deterioration,1.0,dashed_p80_tail
1,night,8.873491666666668,-0.0706195782072499,-0.1889063813718832,0.0476672249573833,12.738000000000042,6.72,-0.2778093198900647,0.0856554171794287,Delayed Deterioration,1.0,dashed_p80_tail
1,night,9.304190000000002,-0.0699844227482257,-0.1891881630747369,0.0492193175782855,12.738000000000042,6.72,-0.2778093198900647,0.0856554171794287,Delayed Deterioration,1.0,dashed_p80_tail
1,night,9.734888333333336,-0.0693492672892015,-0.1894888398802897,0.0507903053018867,12.738000000000042,6.72,-0.2778093198900647,0.0856554171794287,Delayed Deterioration,1.0,dashed_p80_tail
1,night,10.16558666666667,-0.0687141118301773,-0.1898079737164258,0.0523797500560711,12.738000000000042,6.72,-0.2778093198900647,0.0856554171794287,Delayed Deterioration,1.0,dashed_p80_tail
1,night,10.596285000000004,-0.068078956371153,-0.1901451317036327,0.0539872189613266,12.738000000000042,6.72,-0.2778093198900647,0.0856554171794287,Delayed Deterioration,1.0,dashed_p80_tail
1,night,11.026983333333336,-0.0674438009121288,-0.1904998865954096,0.0556122847711519,12.738000000000042,6.72,-0.2778093198900647,0.0856554171794287,Delayed Deterioration,1.0,dashed_p80_tail
1,night,11.45768166666667,-0.0668086454531046,-0.1908718171709826,0.0572545262647732,12.738000000000042,6.72,-0.2778093198900647,0.0856554171794287,Delayed Deterioration,1.0,dashed_p80_tail
1,night,11.888380000000003,-0.0661734899940804,-0.1912605085824446,0.0589135285942837,12.738000000000042,6.72,-0.2778093198900647,0.0856554171794287,Delayed Deterioration,1.0,dashed_p80_tail
1,night,12.319078333333335,-0.0655383345350562,-0.1916655526585417,0.0605888835884292,12.738000000000042,6.72,-0.2778093198900647,0.0856554171794287,Delayed Deterioration,1.0,dashed_p80_tail
2,night,0.0,0.0,0.0,0.0,11.025800000000013,6.72,-0.1787737928332056,0.1575482802062968,Weak Oscillatory Response,1.0,solid_common_support
2,night,0.028,0.000377306300688,-0.0006255803814556,0.0013801929828317,11.025800000000013,6.72,-0.1787737928332056,0.1575482802062968,Weak Oscillatory Response,1.0,solid_common_support
2,night,0.056,0.0007545519820345,-0.0012510513886922,0.0027601553527613,11.025800000000013,6.72,-0.1787737928332056,0.1575482802062968,Weak Oscillatory Response,1.0,solid_common_support
2,night,0.084,0.0011316764246981,-0.0018763036477756,0.0041396564971719,11.025800000000013,6.72,-0.1787737928332056,0.1575482802062968,Weak Oscillatory Response,1.0,solid_common_support
2,night,0.112,0.0015086190093372,-0.0025012277853417,0.0055184658040162,11.025800000000013,6.72,-0.1787737928332056,0.1575482802062968,Weak Oscillatory Response,1.0,solid_common_support
2,night,0.14,0.0018853191166104,-0.0031257144288823,0.0068963526621032,11.025800000000013,6.72,-0.1787737928332056,0.1575482802062968,Weak Oscillatory Response,1.0,solid_common_support
2,night,0.168,0.0022617161271762,-0.0037496542070324,0.0082730864613848,11.025800000000013,6.72,-0.1787737928332056,0.1575482802062968,Weak Oscillatory Response,1.0,solid_common_support
2,night,0.196,0.002637749421693,-0.0043729377498579,0.009648436593244,11.025800000000013,6.72,-0.1787737928332056,0.1575482802062968,Weak Oscillatory Response,1.0,solid_common_support
2,night,0.224,0.0030133583808195,-0.0049954556891459,0.0110221724507851,11.025800000000013,6.72,-0.1787737928332056,0.1575482802062968,Weak Oscillatory Response,1.0,solid_common_support
2,night,0.252,0.0033884823852141,-0.0056170986586969,0.0123940634291253,11.025800000000013,6.72,-0.1787737928332056,0.1575482802062968,Weak Oscillatory Response,1.0,solid_common_support
2,night,0.28,0.0037630608155354,-0.0062377572946187,0.0137638789256897,11.025800000000013,6.72,-0.1787737928332056,0.1575482802062968,Weak Oscillatory Response,1.0,solid_common_support
2,night,0.308,0.0041370330524419,-0.0068573222356242,0.0151313883405081,11.025800000000013,6.72,-0.1787737928332056,0.1575482802062968,Weak Oscillatory Response,1.0,solid_common_support
2,night,0.336,0.004510338476592,-0.0074756841233313,0.0164963610765154,11.025800000000013,6.72,-0.1787737928332056,0.1575482802062968,Weak Oscillatory Response,1.0,solid_common_support
2,night,0.364,0.0048829164686443,-0.0080927336025669,0.0178585665398557,11.025800000000013,6.72,-0.1787737928332056,0.1575482802062968,Weak Oscillatory Response,1.0,solid_common_support
2,night,0.392,0.0052547064092574,-0.0087083613216746,0.0192177741401894,11.025800000000013,6.72,-0.1787737928332056,0.1575482802062968,Weak Oscillatory Response,1.0,solid_common_support
2,night,0.42,0.0056256476790897,-0.0093224579328264,0.0205737532910058,11.025800000000013,6.72,-0.1787737928332056,0.1575482802062968,Weak Oscillatory Response,1.0,solid_common_support
2,night,0.448,0.0059956796587997,-0.00993491409234,0.0219262734099395,11.025800000000013,6.72,-0.1787737928332056,0.1575482802062968,Weak Oscillatory Response,1.0,solid_common_support
2,night,0.476,0.006364741729046,-0.0105456204609995,0.0232751039190916,11.025800000000013,6.72,-0.1787737928332056,0.1575482802062968,Weak Oscillatory Response,1.0,solid_common_support
2,night,0.504,0.0067327732704871,-0.0111544677043834,0.0246200142453577,11.025800000000013,6.72,-0.1787737928332056,0.1575482802062968,Weak Oscillatory Response,1.0,solid_common_support
2,night,0.532,0.0070997136637815,-0.011761346493197,0.0259607738207601,11.025800000000013,6.72,-0.1787737928332056,0.1575482802062968,Weak Oscillatory Response,1.0,solid_common_support
2,night,0.56,0.0074655022895877,-0.0123661475036123,0.0272971520827878,11.025800000000013,6.72,-0.1787737928332056,0.1575482802062968,Weak Oscillatory Response,1.0,solid_common_support
2,night,0.588,0.0078300785285642,-0.0129687614176135,0.0286289184747421,11.025800000000013,6.72,-0.1787737928332056,0.1575482802062968,Weak Oscillatory Response,1.0,solid_common_support
2,night,0.616,0.0081933817613697,-0.0135690789233512,0.0299558424460906,11.025800000000013,6.72,-0.1787737928332056,0.1575482802062968,Weak Oscillatory Response,1.0,solid_common_support
2,night,0.644,0.0085553513686624,-0.014166990715503,0.0312776934528279,11.025800000000013,6.72,-0.1787737928332056,0.1575482802062968,Weak Oscillatory Response,1.0,solid_common_support
2,night,0.672,0.0089159267311011,-0.0147623874956428,0.0325942409578451,11.025800000000013,6.72,-0.1787737928332056,0.1575482802062968,Weak Oscillatory Response,1.0,solid_common_support
2,night,0.7000000000000001,0.0092750472293442,-0.0153551599726194,0.0339052544313078,11.025800000000013,6.72,-0.1787737928332056,0.1575482802062968,Weak Oscillatory Response,1.0,solid_common_support
2,night,0.728,0.0096326522440501,-0.0159451988629437,0.0352105033510441,11.025800000000013,6.72,-0.1787737928332056,0.1575482802062968,Weak Oscillatory Response,1.0,solid_common_support
2,night,0.756,0.0099886811558776,-0.0165323948911858,0.036509757202941,11.025800000000013,6.72,-0.1787737928332056,0.1575482802062968,Weak Oscillatory Response,1.0,solid_common_support
2,night,0.784,0.0103430733454849,-0.0171166387903827,0.0378027854813527,11.025800000000013,6.72,-0.1787737928332056,0.1575482802062968,Weak Oscillatory Response,1.0,solid_common_support
2,night,0.812,0.0106957681935308,-0.0176978213024575,0.0390893576895191,11.025800000000013,6.72,-0.1787737928332056,0.1575482802062968,Weak Oscillatory Response,1.0,solid_common_support
2,night,0.84,0.0110467050806736,-0.018275833178649,0.0403692433399963,11.025800000000013,6.72,-0.1787737928332056,0.1575482802062968,Weak Oscillatory Response,1.0,solid_common_support
2,night,0.868,0.011395823387572,-0.0188505651799552,0.0416422119550992,11.025800000000013,6.72,-0.1787737928332056,0.1575482802062968,Weak Oscillatory Response,1.0,solid_common_support
2,night,0.896,0.0117430624948843,-0.0194219080775882,0.0429080330673569,11.025800000000013,6.72,-0.1787737928332056,0.1575482802062968,Weak Oscillatory Response,1.0,solid_common_support
2,night,0.924,0.0120883617832692,-0.0199897526534441,0.0441664762199827,11.025800000000013,6.72,-0.1787737928332056,0.1575482802062968,Weak Oscillatory Response,1.0,solid_common_support
2,night,0.952,0.0124316606333852,-0.0205539897005869,0.0454173109673574,11.025800000000013,6.72,-0.1787737928332056,0.1575482802062968,Weak Oscillatory Response,1.0,solid_common_support
2,night,0.98,0.0127728984258907,-0.021114510023747,0.0466603068755285,11.025800000000013,6.72,-0.1787737928332056,0.1575482802062968,Weak Oscillatory Response,1.0,solid_common_support
2,night,1.008,0.0131120145414443,-0.0216712044398368,0.0478952335227255,11.025800000000013,6.72,-0.1787737928332056,0.1575482802062968,Weak Oscillatory Response,1.0,solid_common_support
2,night,1.036,0.0134489483607045,-0.0222239637784827,0.0491218604998919,11.025800000000013,6.72,-0.1787737928332056,0.1575482802062968,Weak Oscillatory Response,1.0,solid_common_support
2,night,1.064,0.0137836392643299,-0.0227726788825747,0.0503399574112346,11.025800000000013,6.72,-0.1787737928332056,0.1575482802062968,Weak Oscillatory Response,1.0,solid_common_support
2,night,1.092,0.0141160266329789,-0.0233172406088351,0.0515492938747929,11.025800000000013,6.72,-0.1787737928332056,0.1575482802062968,Weak Oscillatory Response,1.0,solid_common_support
2,night,1.12,0.01444604984731,-0.0238575398284068,0.0527496395230269,11.025800000000013,6.72,-0.1787737928332056,0.1575482802062968,Weak Oscillatory Response,1.0,solid_common_support
2,night,1.148,0.0147736482879818,-0.0243934674274623,0.053940764003426,11.025800000000013,6.72,-0.1787737928332056,0.1575482802062968,Weak Oscillatory Response,1.0,solid_common_support
2,night,1.176,0.0150987613356528,-0.0249249143078348,0.0551224369791405,11.025800000000013,6.72,-0.1787737928332056,0.1575482802062968,Weak Oscillatory Response,1.0,solid_common_support
2,night,1.204,0.0154213283709815,-0.0254517713876721,0.0562944281296352,11.025800000000013,6.72,-0.1787737928332056,0.1575482802062968,Weak Oscillatory Response,1.0,solid_common_support
2,night,1.232,0.0157412887746264,-0.0259739296021145,0.0574565071513675,11.025800000000013,6.72,-0.1787737928332056,0.1575482802062968,Weak Oscillatory Response,1.0,solid_common_support
2,night,1.26,0.0160585819272461,-0.0264912799039989,0.0586084437584912,11.025800000000013,6.72,-0.1787737928332056,0.1575482802062968,Weak Oscillatory Response,1.0,solid_common_support
2,night,1.288,0.016373147209499,-0.0270037132645889,0.0597500076835871,11.025800000000013,6.72,-0.1787737928332056,0.1575482802062968,Weak Oscillatory Response,1.0,solid_common_support
2,night,1.316,0.0166849240020437,-0.0275111206743339,0.0608809686784214,11.025800000000013,6.72,-0.1787737928332056,0.1575482802062968,Weak Oscillatory Response,1.0,solid_common_support
2,night,1.344,0.0169938516855387,-0.0280133931436573,0.0620010965147348,11.025800000000013,6.72,-0.1787737928332056,0.1575482802062968,Weak Oscillatory Response,1.0,solid_common_support
2,night,1.372,0.0172998696406425,-0.0285104217037765,0.0631101609850616,11.025800000000013,6.72,-0.1787737928332056,0.1575482802062968,Weak Oscillatory Response,1.0,solid_common_support
2,night,1.4,0.0176029172480136,-0.0290020974075555,0.0642079319035829,11.025800000000013,6.72,-0.1787737928332056,0.1575482802062968,Weak Oscillatory Response,1.0,solid_common_support
2,night,1.428,0.0179029424871152,-0.0294883268332582,0.0652942118074887,11.025800000000013,6.72,-0.1787737928332056,0.1575482802062968,Weak Oscillatory Response,1.0,solid_common_support
2,night,1.456,0.0181999433217906,-0.0299691066947621,0.0663689933383434,11.025800000000013,6.72,-0.1787737928332056,0.1575482802062968,Weak Oscillatory Response,1.0,solid_common_support
2,night,1.484,0.0184939357302453,-0.0304444661915977,0.0674323376520884,11.025800000000013,6.72,-0.1787737928332056,0.1575482802062968,Weak Oscillatory Response,1.0,solid_common_support
2,night,1.512,0.0187849357147464,-0.0309144345716511,0.068484306001144,11.025800000000013,6.72,-0.1787737928332056,0.1575482802062968,Weak Oscillatory Response,1.0,solid_common_support
2,night,1.54,0.0190729592775611,-0.0313790410875138,0.0695249596426361,11.025800000000013,6.72,-0.1787737928332056,0.1575482802062968,Weak Oscillatory Response,1.0,solid_common_support
2,night,1.568,0.0193580224209564,-0.0318383149962465,0.0705543598381594,11.025800000000013,6.72,-0.1787737928332056,0.1575482802062968,Weak Oscillatory Response,1.0,solid_common_support
2,night,1.596,0.0196401411471995,-0.0322922855591696,0.0715725678535687,11.025800000000013,6.72,-0.1787737928332056,0.1575482802062968,Weak Oscillatory Response,1.0,solid_common_support
2,night,1.624,0.0199193314585576,-0.0327409820416774,0.0725796449587926,11.025800000000013,6.72,-0.1787737928332056,0.1575482802062968,Weak Oscillatory Response,1.0,solid_common_support
2,night,1.652,0.0201956093572977,-0.0331844337130732,0.0735756524276687,11.025800000000013,6.72,-0.1787737928332056,0.1575482802062968,Weak Oscillatory Response,1.0,solid_common_support
2,night,1.68,0.020468990845687,-0.0336226698464219,0.074560651537796,11.025800000000013,6.72,-0.1787737928332056,0.1575482802062968,Weak Oscillatory Response,1.0,solid_common_support
2,night,1.708,0.0207394919259927,-0.0340557197184183,0.0755347035704037,11.025800000000013,6.72,-0.1787737928332056,0.1575482802062968,Weak Oscillatory Response,1.0,solid_common_support
2,night,1.736,0.0210071286004818,-0.0344836126092695,0.0764978698102332,11.025800000000013,6.72,-0.1787737928332056,0.1575482802062968,Weak Oscillatory Response,1.0,solid_common_support
2,night,1.764,0.0212719168714215,-0.0349063778025892,0.0774502115454323,11.025800000000013,6.72,-0.1787737928332056,0.1575482802062968,Weak Oscillatory Response,1.0,solid_common_support
2,night,1.792,0.0215338727410789,-0.0353240445853023,0.0783917900674603,11.025800000000013,6.72,-0.1787737928332056,0.1575482802062968,Weak Oscillatory Response,1.0,solid_common_support
2,night,1.82,0.0217930122117212,-0.0357366422475595,0.0793226666710021,11.025800000000013,6.72,-0.1787737928332056,0.1575482802062968,Weak Oscillatory Response,1.0,solid_common_support
2,night,1.848,0.0220493512856155,-0.0361442000826595,0.0802429026538907,11.025800000000013,6.72,-0.1787737928332056,0.1575482802062968,Weak Oscillatory Response,1.0,solid_common_support
2,night,1.876,0.0223029059650289,-0.0365467473869791,0.081152559317037,11.025800000000013,6.72,-0.1787737928332056,0.1575482802062968,Weak Oscillatory Response,1.0,solid_common_support
2,night,1.904,0.0225536922522286,-0.0369443134599089,0.0820516979643661,11.025800000000013,6.72,-0.1787737928332056,0.1575482802062968,Weak Oscillatory Response,1.0,solid_common_support
2,night,1.932,0.0228017261494816,-0.0373369276037959,0.0829403799027591,11.025800000000013,6.72,-0.1787737928332056,0.1575482802062968,Weak Oscillatory Response,1.0,solid_common_support
2,night,1.96,0.0230470236590551,-0.0377246191238894,0.0838186664419998,11.025800000000013,6.72,-0.1787737928332056,0.1575482802062968,Weak Oscillatory Response,1.0,solid_common_support
2,night,1.988,0.0232896007832163,-0.0381074173282934,0.0846866188947262,11.025800000000013,6.72,-0.1787737928332056,0.1575482802062968,Weak Oscillatory Response,1.0,solid_common_support
2,night,2.016,0.0235294735242323,-0.0384853515279208,0.0855442985763854,11.025800000000013,6.72,-0.1787737928332056,0.1575482802062968,Weak Oscillatory Response,1.0,solid_common_support
2,night,2.044,0.0237666578843701,-0.0388584510364525,0.0863917668051929,11.025800000000013,6.72,-0.1787737928332056,0.1575482802062968,Weak Oscillatory Response,1.0,solid_common_support
2,night,2.072,0.0240011698658971,-0.0392267451702993,0.0872290849020935,11.025800000000013,6.72,-0.1787737928332056,0.1575482802062968,Weak Oscillatory Response,1.0,solid_common_support
2,night,2.1,0.0242330254710801,-0.0395902632485656,0.088056314190726,11.025800000000013,6.72,-0.1787737928332056,0.1575482802062968,Weak Oscillatory Response,1.0,solid_common_support
2,night,2.128,0.0244622407021865,-0.0399490345930165,0.0888735159973897,11.025800000000013,6.72,-0.1787737928332056,0.1575482802062968,Weak Oscillatory Response,1.0,solid_common_support
2,night,2.156,0.0246888315614833,-0.0403030885280464,0.0896807516510132,11.025800000000013,6.72,-0.1787737928332056,0.1575482802062968,Weak Oscillatory Response,1.0,solid_common_support
2,night,2.184,0.0249128140512377,-0.0406524543806494,0.090478082483125,11.025800000000013,6.72,-0.1787737928332056,0.1575482802062968,Weak Oscillatory Response,1.0,solid_common_support
2,night,2.212,0.0251342041737168,-0.0409971614803911,0.0912655698278248,11.025800000000013,6.72,-0.1787737928332056,0.1575482802062968,Weak Oscillatory Response,1.0,solid_common_support
2,night,2.24,0.0253530179311877,-0.0413372391593821,0.0920432750217576,11.025800000000013,6.72,-0.1787737928332056,0.1575482802062968,Weak Oscillatory Response,1.0,solid_common_support
2,night,2.268,0.0255692713259176,-0.0416727167522522,0.0928112594040875,11.025800000000013,6.72,-0.1787737928332056,0.1575482802062968,Weak Oscillatory Response,1.0,solid_common_support
2,night,2.2960000000000003,0.0257829803601736,-0.0420036235961259,0.0935695843164731,11.025800000000013,6.72,-0.1787737928332056,0.1575482802062968,Weak Oscillatory Response,1.0,solid_common_support
2,night,2.324,0.0259941610362227,-0.0423299890305984,0.0943183111030439,11.025800000000013,6.72,-0.1787737928332056,0.1575482802062968,Weak Oscillatory Response,1.0,solid_common_support
2,night,2.352,0.0262028293563323,-0.0426518423977117,0.0950575011103763,11.025800000000013,6.72,-0.1787737928332056,0.1575482802062968,Weak Oscillatory Response,1.0,solid_common_support
2,night,2.38,0.0264090013227693,-0.0429692130419327,0.0957872156874714,11.025800000000013,6.72,-0.1787737928332056,0.1575482802062968,Weak Oscillatory Response,1.0,solid_common_support
2,night,2.408,0.026612692937801,-0.04328213031013,0.096507516185732,11.025800000000013,6.72,-0.1787737928332056,0.1575482802062968,Weak Oscillatory Response,1.0,solid_common_support
2,night,2.436,0.0268139202036943,-0.0435906235515514,0.0972184639589402,11.025800000000013,6.72,-0.1787737928332056,0.1575482802062968,Weak Oscillatory Response,1.0,solid_common_support
2,night,2.464,0.0270126991227166,-0.0438947221178023,0.0979201203632356,11.025800000000013,6.72,-0.1787737928332056,0.1575482802062968,Weak Oscillatory Response,1.0,solid_common_support
2,night,2.492,0.0272090456971349,-0.0441944553628232,0.0986125467570931,11.025800000000013,6.72,-0.1787737928332056,0.1575482802062968,Weak Oscillatory Response,1.0,solid_common_support
2,night,2.52,0.0274029759292163,-0.0444898526428672,0.0992958045013,11.025800000000013,6.72,-0.1787737928332056,0.1575482802062968,Weak Oscillatory Response,1.0,solid_common_support
2,night,2.548,0.027594505821228,-0.0447809433164778,0.0999699549589339,11.025800000000013,6.72,-0.1787737928332056,0.1575482802062968,Weak Oscillatory Response,1.0,solid_common_support
2,night,2.576,0.0277836513754371,-0.0450677567444657,0.1006350594953401,11.025800000000013,6.72,-0.1787737928332056,0.1575482802062968,Weak Oscillatory Response,1.0,solid_common_support
2,night,2.604,0.0279704285941108,-0.0453503222898864,0.1012911794781081,11.025800000000013,6.72,-0.1787737928332056,0.1575482802062968,Weak Oscillatory Response,1.0,solid_common_support
2,night,2.632,0.0281548534795161,-0.045628669318016,0.1019383762770483,11.025800000000013,6.72,-0.1787737928332056,0.1575482802062968,Weak Oscillatory Response,1.0,solid_common_support
2,night,2.66,0.0283369420339202,-0.0459028271963274,0.1025767112641679,11.025800000000013,6.72,-0.1787737928332056,0.1575482802062968,Weak Oscillatory Response,1.0,solid_common_support
2,night,2.688,0.0285167102595903,-0.0461728252944658,0.1032062458136465,11.025800000000013,6.72,-0.1787737928332056,0.1575482802062968,Weak Oscillatory Response,1.0,solid_common_support
2,night,2.716,0.0286941741587934,-0.0464386929842235,0.1038270413018103,11.025800000000013,6.72,-0.1787737928332056,0.1575482802062968,Weak Oscillatory Response,1.0,solid_common_support
2,night,2.744,0.0288693497337967,-0.0467004596395134,0.1044391591071069,11.025800000000013,6.72,-0.1787737928332056,0.1575482802062968,Weak Oscillatory Response,1.0,solid_common_support
2,night,2.772,0.0290422529868673,-0.0469581546363432,0.105042660610078,11.025800000000013,6.72,-0.1787737928332056,0.1575482802062968,Weak Oscillatory Response,1.0,solid_common_support
2,night,2.8000000000000003,0.0292128999202724,-0.0472118073527871,0.105637607193332,11.025800000000013,6.72,-0.1787737928332056,0.1575482802062968,Weak Oscillatory Response,1.0,solid_common_support
2,night,2.828,0.0293813065362791,-0.0474614471689578,0.1062240602415161,11.025800000000013,6.72,-0.1787737928332056,0.1575482802062968,Weak Oscillatory Response,1.0,solid_common_support
2,night,2.856,0.0295474888371545,-0.047707103466977,0.1068020811412861,11.025800000000013,6.72,-0.1787737928332056,0.1575482802062968,Weak Oscillatory Response,1.0,solid_common_support
2,night,2.884,0.0297114628251658,-0.0479488056309453,0.1073717312812769,11.025800000000013,6.72,-0.1787737928332056,0.1575482802062968,Weak Oscillatory Response,1.0,solid_common_support
2,night,2.912,0.02987324450258,-0.0481865830469103,0.1079330720520704,11.025800000000013,6.72,-0.1787737928332056,0.1575482802062968,Weak Oscillatory Response,1.0,solid_common_support
2,night,2.94,0.0300328498716644,-0.048420465102835,0.1084861648461638,11.025800000000013,6.72,-0.1787737928332056,0.1575482802062968,Weak Oscillatory Response,1.0,solid_common_support
2,night,2.968,0.030190294934686,-0.0486504811885631,0.1090310710579351,11.025800000000013,6.72,-0.1787737928332056,0.1575482802062968,Weak Oscillatory Response,1.0,solid_common_support
2,night,2.996,0.030345595693912,-0.0488766606957851,0.1095678520836091,11.025800000000013,6.72,-0.1787737928332056,0.1575482802062968,Weak Oscillatory Response,1.0,solid_common_support
2,night,3.024,0.0304987681516094,-0.0490990330180018,0.1100965693212208,11.025800000000013,6.72,-0.1787737928332056,0.1575482802062968,Weak Oscillatory Response,1.0,solid_common_support
2,night,3.052,0.0306498283100456,-0.0493176275504868,0.110617284170578,11.025800000000013,6.72,-0.1787737928332056,0.1575482802062968,Weak Oscillatory Response,1.0,solid_common_support
2,night,3.08,0.0307987921714875,-0.049532473690248,0.1111300580332231,11.025800000000013,6.72,-0.1787737928332056,0.1575482802062968,Weak Oscillatory Response,1.0,solid_common_support
2,night,3.108,0.0309456757382023,-0.0497436008359873,0.1116349523123921,11.025800000000013,6.72,-0.1787737928332056,0.1575482802062968,Weak Oscillatory Response,1.0,solid_common_support
2,night,3.136,0.0310904950124572,-0.0499510383880593,0.1121320284129738,11.025800000000013,6.72,-0.1787737928332056,0.1575482802062968,Weak Oscillatory Response,1.0,solid_common_support
2,night,3.164,0.0312332659965192,-0.0501548157484277,0.1126213477414662,11.025800000000013,6.72,-0.1787737928332056,0.1575482802062968,Weak Oscillatory Response,1.0,solid_common_support
2,night,3.192,0.0313740046926555,-0.050354962320621,0.1131029717059321,11.025800000000013,6.72,-0.1787737928332056,0.1575482802062968,Weak Oscillatory Response,1.0,solid_common_support
2,night,3.22,0.0315127271031333,-0.050551507509686,0.1135769617159527,11.025800000000013,6.72,-0.1787737928332056,0.1575482802062968,Weak Oscillatory Response,1.0,solid_common_support
2,night,3.248,0.0316494492302196,-0.0507444807221403,0.1140433791825795,11.025800000000013,6.72,-0.1787737928332056,0.1575482802062968,Weak Oscillatory Response,1.0,solid_common_support
2,night,3.276,0.0317841870761816,-0.0509339113659221,0.1145022855182853,11.025800000000013,6.72,-0.1787737928332056,0.1575482802062968,Weak Oscillatory Response,1.0,solid_common_support
2,night,3.3040000000000003,0.0319169566432864,-0.0511198288503392,0.1149537421369121,11.025800000000013,6.72,-0.1787737928332056,0.1575482802062968,Weak Oscillatory Response,1.0,solid_common_support
2,night,3.332,0.0320477739338012,-0.0513022625860158,0.1153978104536183,11.025800000000013,6.72,-0.1787737928332056,0.1575482802062968,Weak Oscillatory Response,1.0,solid_common_support
2,night,3.36,0.0321766549499931,-0.0514812419848373,0.1158345518848236,11.025800000000013,6.72,-0.1787737928332056,0.1575482802062968,Weak Oscillatory Response,1.0,solid_common_support
2,night,3.388,0.0323036156941292,-0.0516567964598938,0.1162640278481522,11.025800000000013,6.72,-0.1787737928332056,0.1575482802062968,Weak Oscillatory Response,1.0,solid_common_support
2,night,3.416,0.0324286721684766,-0.0518289554254203,0.1166862997623737,11.025800000000013,6.72,-0.1787737928332056,0.1575482802062968,Weak Oscillatory Response,1.0,solid_common_support
2,night,3.444,0.0325518403753026,-0.0519977482967371,0.1171014290473423,11.025800000000013,6.72,-0.1787737928332056,0.1575482802062968,Weak Oscillatory Response,1.0,solid_common_support
2,night,3.472,0.0326731363168741,-0.0521632044901856,0.1175094771239339,11.025800000000013,6.72,-0.1787737928332056,0.1575482802062968,Weak Oscillatory Response,1.0,solid_common_support
2,night,3.5,0.0327925759954584,-0.0523253534230642,0.1179105054139811,11.025800000000013,6.72,-0.1787737928332056,0.1575482802062968,Weak Oscillatory Response,1.0,solid_common_support
2,night,3.528,0.0329101754133226,-0.0524842245135604,0.1183045753402056,11.025800000000013,6.72,-0.1787737928332056,0.1575482802062968,Weak Oscillatory Response,1.0,solid_common_support
2,night,3.556,0.0330259505727338,-0.0526398471806819,0.1186917483261495,11.025800000000013,6.72,-0.1787737928332056,0.1575482802062968,Weak Oscillatory Response,1.0,solid_common_support
2,night,3.584,0.0331399174759591,-0.0527922508441845,0.1190720857961028,11.025800000000013,6.72,-0.1787737928332056,0.1575482802062968,Weak Oscillatory Response,1.0,solid_common_support
2,night,3.612,0.0332520921252657,-0.0529414649244988,0.1194456491750302,11.025800000000013,6.72,-0.1787737928332056,0.1575482802062968,Weak Oscillatory Response,1.0,solid_common_support
2,night,3.64,0.0333624905229207,-0.0530875188426525,0.119812499888494,11.025800000000013,6.72,-0.1787737928332056,0.1575482802062968,Weak Oscillatory Response,1.0,solid_common_support
2,night,3.668,0.0334711286711912,-0.0532304420201933,0.1201726993625758,11.025800000000013,6.72,-0.1787737928332056,0.1575482802062968,Weak Oscillatory Response,1.0,solid_common_support
2,night,3.696,0.0335780225723444,-0.0533702638791064,0.1205263090237953,11.025800000000013,6.72,-0.1787737928332056,0.1575482802062968,Weak Oscillatory Response,1.0,solid_common_support
2,night,3.724,0.0336831882286474,-0.053507013841731,0.1208733902990258,11.025800000000013,6.72,-0.1787737928332056,0.1575482802062968,Weak Oscillatory Response,1.0,solid_common_support
2,night,3.752,0.0337866416423673,-0.0536407213306742,0.1212140046154089,11.025800000000013,6.72,-0.1787737928332056,0.1575482802062968,Weak Oscillatory Response,1.0,solid_common_support
2,night,3.78,0.0338883988157713,-0.0537714157687218,0.1215482134002645,11.025800000000013,6.72,-0.1787737928332056,0.1575482802062968,Weak Oscillatory Response,1.0,solid_common_support
2,night,3.808,0.0339884757511265,-0.0538991265787467,0.1218760780809998,11.025800000000013,6.72,-0.1787737928332056,0.1575482802062968,Weak Oscillatory Response,1.0,solid_common_support
2,night,3.836,0.0340868884507,-0.0540238831836142,0.1221976600850143,11.025800000000013,6.72,-0.1787737928332056,0.1575482802062968,Weak Oscillatory Response,1.0,solid_common_support
2,night,3.864,0.0341836529167589,-0.054145715006085,0.122513020839603,11.025800000000013,6.72,-0.1787737928332056,0.1575482802062968,Weak Oscillatory Response,1.0,solid_common_support
2,night,3.892,0.0342787851515705,-0.054264651468715,0.1228222217718561,11.025800000000013,6.72,-0.1787737928332056,0.1575482802062968,Weak Oscillatory Response,1.0,solid_common_support
2,night,3.92,0.0343723011574017,-0.0543807219937522,0.1231253243085558,11.025800000000013,6.72,-0.1787737928332056,0.1575482802062968,Weak Oscillatory Response,1.0,solid_common_support
2,night,3.948,0.0344642169365199,-0.054493956003031,0.1234223898760708,11.025800000000013,6.72,-0.1787737928332056,0.1575482802062968,Weak Oscillatory Response,1.0,solid_common_support
2,night,3.976,0.0345545484911919,-0.0546043829178626,0.1237134799002466,11.025800000000013,6.72,-0.1787737928332056,0.1575482802062968,Weak Oscillatory Response,1.0,solid_common_support
2,night,4.004,0.0346433118236852,-0.0547120321589235,0.1239986558062939,11.025800000000013,6.72,-0.1787737928332056,0.1575482802062968,Weak Oscillatory Response,1.0,solid_common_support
2,night,4.032,0.0347305229362666,-0.05481693314614,0.1242779790186733,11.025800000000013,6.72,-0.1787737928332056,0.1575482802062968,Weak Oscillatory Response,1.0,solid_common_support
2,night,4.0600000000000005,0.0348161978312034,-0.0549191152985697,0.1245515109609767,11.025800000000013,6.72,-0.1787737928332056,0.1575482802062968,Weak Oscillatory Response,1.0,solid_common_support
2,night,4.088,0.0349003525107628,-0.0550186080342798,0.1248193130558055,11.025800000000013,6.72,-0.1787737928332056,0.1575482802062968,Weak Oscillatory Response,1.0,solid_common_support
2,night,4.116,0.0349830029772117,-0.0551154407702223,0.1250814467246459,11.025800000000013,6.72,-0.1787737928332056,0.1575482802062968,Weak Oscillatory Response,1.0,solid_common_support
2,night,4.144,0.0350641652328175,-0.0552096429221055,0.1253379733877406,11.025800000000013,6.72,-0.1787737928332056,0.1575482802062968,Weak Oscillatory Response,1.0,solid_common_support
2,night,4.172,0.0351438552798471,-0.0553012439042622,0.1255889544639566,11.025800000000013,6.72,-0.1787737928332056,0.1575482802062968,Weak Oscillatory Response,1.0,solid_common_support
2,night,4.2,0.0352220891205678,-0.0553902731295144,0.1258344513706502,11.025800000000013,6.72,-0.1787737928332056,0.1575482802062968,Weak Oscillatory Response,1.0,solid_common_support
2,night,4.228,0.0352988827572467,-0.0554767600090347,0.1260745255235281,11.025800000000013,6.72,-0.1787737928332056,0.1575482802062968,Weak Oscillatory Response,1.0,solid_common_support
2,night,4.256,0.0353742521921508,-0.0555607339522037,0.1263092383365054,11.025800000000013,6.72,-0.1787737928332056,0.1575482802062968,Weak Oscillatory Response,1.0,solid_common_support
2,night,4.284,0.0354482134275474,-0.0556422243664641,0.1265386512215589,11.025800000000013,6.72,-0.1787737928332056,0.1575482802062968,Weak Oscillatory Response,1.0,solid_common_support
2,night,4.312,0.0355207824657035,-0.0557212606571709,0.126762825588578,11.025800000000013,6.72,-0.1787737928332056,0.1575482802062968,Weak Oscillatory Response,1.0,solid_common_support
2,night,4.34,0.0355919753088863,-0.0557978722274382,0.126981822845211,11.025800000000013,6.72,-0.1787737928332056,0.1575482802062968,Weak Oscillatory Response,1.0,solid_common_support
2,night,4.368,0.035661807959363,-0.0558720884779815,0.1271957043967075,11.025800000000013,6.72,-0.1787737928332056,0.1575482802062968,Weak Oscillatory Response,1.0,solid_common_support
2,night,4.396,0.0357302964194006,-0.0559439388069566,0.1274045316457578,11.025800000000013,6.72,-0.1787737928332056,0.1575482802062968,Weak Oscillatory Response,1.0,solid_common_support
2,night,4.424,0.0357974566912663,-0.0560134526097951,0.1276083659923277,11.025800000000013,6.72,-0.1787737928332056,0.1575482802062968,Weak Oscillatory Response,1.0,solid_common_support
2,night,4.452,0.0358633047772272,-0.0560806592790346,0.127807268833489,11.025800000000013,6.72,-0.1787737928332056,0.1575482802062968,Weak Oscillatory Response,1.0,solid_common_support
2,night,4.48,0.0359278566795504,-0.0561455882041463,0.1280013015632472,11.025800000000013,6.72,-0.1787737928332056,0.1575482802062968,Weak Oscillatory Response,1.0,solid_common_support
2,night,4.508,0.0359911284005031,-0.0562082687713575,0.1281905255723638,11.025800000000013,6.72,-0.1787737928332056,0.1575482802062968,Weak Oscillatory Response,1.0,solid_common_support
2,night,4.5360000000000005,0.0360531359423525,-0.0562687303634706,0.1283750022481756,11.025800000000013,6.72,-0.1787737928332056,0.1575482802062968,Weak Oscillatory Response,1.0,solid_common_support
2,night,4.564,0.0361138953073656,-0.0563270023596775,0.1285547929744087,11.025800000000013,6.72,-0.1787737928332056,0.1575482802062968,Weak Oscillatory Response,1.0,solid_common_support
2,night,4.5920000000000005,0.0361734224978095,-0.0563831141353704,0.1287299591309895,11.025800000000013,6.72,-0.1787737928332056,0.1575482802062968,Weak Oscillatory Response,1.0,solid_common_support
2,night,4.62,0.0362317335159515,-0.0564370950619474,0.1289005620938504,11.025800000000013,6.72,-0.1787737928332056,0.1575482802062968,Weak Oscillatory Response,1.0,solid_common_support
2,night,4.648,0.0362888443640586,-0.0564889745066148,0.129066663234732,11.025800000000013,6.72,-0.1787737928332056,0.1575482802062968,Weak Oscillatory Response,1.0,solid_common_support
2,night,4.676,0.0363447710443979,-0.0565387818321844,0.1292283239209803,11.025800000000013,6.72,-0.1787737928332056,0.1575482802062968,Weak Oscillatory Response,1.0,solid_common_support
2,night,4.704,0.0363995295592367,-0.0565865463968665,0.12938560551534,11.025800000000013,6.72,-0.1787737928332056,0.1575482802062968,Weak Oscillatory Response,1.0,solid_common_support
2,night,4.732,0.036453135910842,-0.0566322975540588,0.1295385693757429,11.025800000000013,6.72,-0.1787737928332056,0.1575482802062968,Weak Oscillatory Response,1.0,solid_common_support
2,night,4.76,0.036505606101481,-0.0566760646521306,0.1296872768550927,11.025800000000013,6.72,-0.1787737928332056,0.1575482802062968,Weak Oscillatory Response,1.0,solid_common_support
2,night,4.788,0.0365569561334207,-0.0567178770342023,0.1298317893010439,11.025800000000013,6.72,-0.1787737928332056,0.1575482802062968,Weak Oscillatory Response,1.0,solid_common_support
2,night,4.816,0.0366072020089284,-0.0567577640379207,0.1299721680557776,11.025800000000013,6.72,-0.1787737928332056,0.1575482802062968,Weak Oscillatory Response,1.0,solid_common_support
2,night,4.844,0.0366563597302712,-0.0567957549952295,0.130108474455772,11.025800000000013,6.72,-0.1787737928332056,0.1575482802062968,Weak Oscillatory Response,1.0,solid_common_support
2,night,4.872,0.0367044452997161,-0.0568318792321355,0.1302407698315678,11.025800000000013,6.72,-0.1787737928332056,0.1575482802062968,Weak Oscillatory Response,1.0,solid_common_support
2,night,4.9,0.0367514747195304,-0.0568661660684698,0.1303691155075306,11.025800000000013,6.72,-0.1787737928332056,0.1575482802062968,Weak Oscillatory Response,1.0,solid_common_support
2,night,4.928,0.0367974639919811,-0.0568986448176444,0.1304935728016066,11.025800000000013,6.72,-0.1787737928332056,0.1575482802062968,Weak Oscillatory Response,1.0,solid_common_support
2,night,4.956,0.0368424291193354,-0.0569293447864044,0.1306142030250752,11.025800000000013,6.72,-0.1787737928332056,0.1575482802062968,Weak Oscillatory Response,1.0,solid_common_support
2,night,4.984,0.0368863861038604,-0.0569582952745754,0.1307310674822962,11.025800000000013,6.72,-0.1787737928332056,0.1575482802062968,Weak Oscillatory Response,1.0,solid_common_support
2,night,5.0120000000000005,0.0369293509478232,-0.0569855255748058,0.1308442274704523,11.025800000000013,6.72,-0.1787737928332056,0.1575482802062968,Weak Oscillatory Response,1.0,solid_common_support
2,night,5.04,0.0369713396534911,-0.057011064972305,0.1309537442792873,11.025800000000013,6.72,-0.1787737928332056,0.1575482802062968,Weak Oscillatory Response,1.0,solid_common_support
2,night,5.0680000000000005,0.037012368223131,-0.0570349427445764,0.1310596791908385,11.025800000000013,6.72,-0.1787737928332056,0.1575482802062968,Weak Oscillatory Response,1.0,solid_common_support
2,night,5.096,0.0370524526590102,-0.0570571881611457,0.1311620934791661,11.025800000000013,6.72,-0.1787737928332056,0.1575482802062968,Weak Oscillatory Response,1.0,solid_common_support
2,night,5.124,0.0370916089633957,-0.0570778304832845,0.131261048410076,11.025800000000013,6.72,-0.1787737928332056,0.1575482802062968,Weak Oscillatory Response,1.0,solid_common_support
2,night,5.152,0.0371298531385548,-0.0570968989637295,0.1313566052408392,11.025800000000013,6.72,-0.1787737928332056,0.1575482802062968,Weak Oscillatory Response,1.0,solid_common_support
2,night,5.18,0.0371672011867545,-0.0571144228463963,0.1314488252199054,11.025800000000013,6.72,-0.1787737928332056,0.1575482802062968,Weak Oscillatory Response,1.0,solid_common_support
2,night,5.208,0.037203669110262,-0.0571304313660888,0.1315377695866128,11.025800000000013,6.72,-0.1787737928332056,0.1575482802062968,Weak Oscillatory Response,1.0,solid_common_support
2,night,5.236,0.0372392729113443,-0.057144953748204,0.1316234995708927,11.025800000000013,6.72,-0.1787737928332056,0.1575482802062968,Weak Oscillatory Response,1.0,solid_common_support
2,night,5.264,0.0372740285922687,-0.0571580192084318,0.1317060763929693,11.025800000000013,6.72,-0.1787737928332056,0.1575482802062968,Weak Oscillatory Response,1.0,solid_common_support
2,night,5.292,0.0373079521553023,-0.0571696569524504,0.131785561263055,11.025800000000013,6.72,-0.1787737928332056,0.1575482802062968,Weak Oscillatory Response,1.0,solid_common_support
2,night,5.32,0.0373410596027121,-0.0571798961756165,0.1318620153810408,11.025800000000013,6.72,-0.1787737928332056,0.1575482802062968,Weak Oscillatory Response,1.0,solid_common_support
2,night,5.348,0.0373733669367654,-0.0571887660626515,0.1319354999361824,11.025800000000013,6.72,-0.1787737928332056,0.1575482802062968,Weak Oscillatory Response,1.0,solid_common_support
2,night,5.376,0.0374048901597292,-0.0571962957873228,0.1320060761067813,11.025800000000013,6.72,-0.1787737928332056,0.1575482802062968,Weak Oscillatory Response,1.0,solid_common_support
2,night,5.404,0.0374356452738707,-0.0572025145121203,0.1320738050598619,11.025800000000013,6.72,-0.1787737928332056,0.1575482802062968,Weak Oscillatory Response,1.0,solid_common_support
2,night,5.432,0.0374656482814571,-0.0572074513879291,0.1321387479508434,11.025800000000013,6.72,-0.1787737928332056,0.1575482802062968,Weak Oscillatory Response,1.0,solid_common_support
2,night,5.46,0.0374949151847554,-0.0572111355536966,0.1322009659232074,11.025800000000013,6.72,-0.1787737928332056,0.1575482802062968,Weak Oscillatory Response,1.0,solid_common_support
2,night,5.488,0.0375234619860327,-0.0572135961360962,0.1322605201081618,11.025800000000013,6.72,-0.1787737928332056,0.1575482802062968,Weak Oscillatory Response,1.0,solid_common_support
2,night,5.516,0.0375513046875563,-0.0572148622491863,0.1323174716242991,11.025800000000013,6.72,-0.1787737928332056,0.1575482802062968,Weak Oscillatory Response,1.0,solid_common_support
2,night,5.5440000000000005,0.0375784592915933,-0.0572149629940649,0.1323718815772515,11.025800000000013,6.72,-0.1787737928332056,0.1575482802062968,Weak Oscillatory Response,1.0,solid_common_support
2,night,5.572,0.0376049418004107,-0.0572139274585201,0.1324238110593415,11.025800000000013,6.72,-0.1787737928332056,0.1575482802062968,Weak Oscillatory Response,1.0,solid_common_support
2,night,5.6000000000000005,0.0376307682162757,-0.0572117847166764,0.1324733211492278,11.025800000000013,6.72,-0.1787737928332056,0.1575482802062968,Weak Oscillatory Response,1.0,solid_common_support
2,night,5.628,0.0376559545414554,-0.0572085638286372,0.1325204729115482,11.025800000000013,6.72,-0.1787737928332056,0.1575482802062968,Weak Oscillatory Response,1.0,solid_common_support
2,night,5.656,0.0376805167782171,-0.057204293840123,0.1325653273965572,11.025800000000013,6.72,-0.1787737928332056,0.1575482802062968,Weak Oscillatory Response,1.0,solid_common_support
2,night,5.684,0.0377044709288277,-0.0571990037821062,0.1326079456397617,11.025800000000013,6.72,-0.1787737928332056,0.1575482802062968,Weak Oscillatory Response,1.0,solid_common_support
2,night,5.712,0.0377278329955545,-0.0571927226704417,0.1326483886615507,11.025800000000013,6.72,-0.1787737928332056,0.1575482802062968,Weak Oscillatory Response,1.0,solid_common_support
2,night,5.74,0.0377506189806645,-0.0571854795054942,0.1326867174668233,11.025800000000013,6.72,-0.1787737928332056,0.1575482802062968,Weak Oscillatory Response,1.0,solid_common_support
2,night,5.768,0.0377728448864249,-0.0571773032717621,0.132722993044612,11.025800000000013,6.72,-0.1787737928332056,0.1575482802062968,Weak Oscillatory Response,1.0,solid_common_support
2,night,5.796,0.0377945267151029,-0.0571682229374978,0.1327572763677036,11.025800000000013,6.72,-0.1787737928332056,0.1575482802062968,Weak Oscillatory Response,1.0,solid_common_support
2,night,5.824,0.0378156804689655,-0.0571582674543248,0.132789628392256,11.025800000000013,6.72,-0.1787737928332056,0.1575482802062968,Weak Oscillatory Response,1.0,solid_common_support
2,night,5.852,0.0378363221502799,-0.0571474657568523,0.1328201100574123,11.025800000000013,6.72,-0.1787737928332056,0.1575482802062968,Weak Oscillatory Response,1.0,solid_common_support
2,night,5.88,0.0378564677613133,-0.0571358467622859,0.1328487822849126,11.025800000000013,6.72,-0.1787737928332056,0.1575482802062968,Weak Oscillatory Response,1.0,solid_common_support
2,night,5.908,0.0378761333043326,-0.0571234393700365,0.1328757059787019,11.025800000000013,6.72,-0.1787737928332056,0.1575482802062968,Weak Oscillatory Response,1.0,solid_common_support
2,night,5.936,0.0378953347816052,-0.0571102724613264,0.132900942024537,11.025800000000013,6.72,-0.1787737928332056,0.1575482802062968,Weak Oscillatory Response,1.0,solid_common_support
2,night,5.964,0.0379140881953981,-0.0570963748987927,0.132924551289589,11.025800000000013,6.72,-0.1787737928332056,0.1575482802062968,Weak Oscillatory Response,1.0,solid_common_support
2,night,5.992,0.0379324095479784,-0.0570817755260888,0.1329465946220459,11.025800000000013,6.72,-0.1787737928332056,0.1575482802062968,Weak Oscillatory Response,1.0,solid_common_support
2,night,6.0200000000000005,0.0379503148416134,-0.0570665031674845,0.1329671328507113,11.025800000000013,6.72,-0.1787737928332056,0.1575482802062968,Weak Oscillatory Response,1.0,solid_common_support
2,night,6.048,0.03796782007857,-0.0570505866274629,0.132986226784603,11.025800000000013,6.72,-0.1787737928332056,0.1575482802062968,Weak Oscillatory Response,1.0,solid_common_support
2,night,6.0760000000000005,0.0379849412611155,-0.0570340546903175,0.1330039372125486,11.025800000000013,6.72,-0.1787737928332056,0.1575482802062968,Weak Oscillatory Response,1.0,solid_common_support
2,night,6.104,0.0380016943915169,-0.0570169361197468,0.1330203249027808,11.025800000000013,6.72,-0.1787737928332056,0.1575482802062968,Weak Oscillatory Response,1.0,solid_common_support
2,night,6.132000000000001,0.0380180954720415,-0.0569992596584484,0.1330354506025315,11.025800000000013,6.72,-0.1787737928332056,0.1575482802062968,Weak Oscillatory Response,1.0,solid_common_support
2,night,6.16,0.0380341605049563,-0.0569810540277122,0.1330493750376249,11.025800000000013,6.72,-0.1787737928332056,0.1575482802062968,Weak Oscillatory Response,1.0,solid_common_support
2,night,6.188,0.0380499054925285,-0.0569623479270131,0.1330621589120702,11.025800000000013,6.72,-0.1787737928332056,0.1575482802062968,Weak Oscillatory Response,1.0,solid_common_support
2,night,6.216,0.0380653464370252,-0.0569431700336035,0.133073862907654,11.025800000000013,6.72,-0.1787737928332056,0.1575482802062968,Weak Oscillatory Response,1.0,solid_common_support
2,night,6.244,0.0380804993407135,-0.0569235490021058,0.1330845476835328,11.025800000000013,6.72,-0.1787737928332056,0.1575482802062968,Weak Oscillatory Response,1.0,solid_common_support
2,night,6.272,0.0380953802058605,-0.0569035134641049,0.1330942738758261,11.025800000000013,6.72,-0.1787737928332056,0.1575482802062968,Weak Oscillatory Response,1.0,solid_common_support
2,night,6.3,0.0381100050347335,-0.0568830920277426,0.1331031020972097,11.025800000000013,6.72,-0.1787737928332056,0.1575482802062968,Weak Oscillatory Response,1.0,solid_common_support
2,night,6.328,0.0381243898295995,-0.056862313277311,0.1331110929365101,11.025800000000013,6.72,-0.1787737928332056,0.1575482802062968,Weak Oscillatory Response,1.0,solid_common_support
2,night,6.356,0.0381385505927257,-0.0568412057728491,0.1331183069583006,11.025800000000013,6.72,-0.1787737928332056,0.1575482802062968,Weak Oscillatory Response,1.0,solid_common_support
2,night,6.384,0.0381525033263791,-0.05681979804974,0.1331248047024983,11.025800000000013,6.72,-0.1787737928332056,0.1575482802062968,Weak Oscillatory Response,1.0,solid_common_support
2,night,6.412,0.038166264032827,-0.0567981186183101,0.1331306466839641,11.025800000000013,6.72,-0.1787737928332056,0.1575482802062968,Weak Oscillatory Response,1.0,solid_common_support
2,night,6.44,0.0381798487143364,-0.0567761959634312,0.133135893392104,11.025800000000013,6.72,-0.1787737928332056,0.1575482802062968,Weak Oscillatory Response,1.0,solid_common_support
2,night,6.468,0.0381932733731745,-0.0567540585441248,0.1331406052904739,11.025800000000013,6.72,-0.1787737928332056,0.1575482802062968,Weak Oscillatory Response,1.0,solid_common_support
2,night,6.496,0.0382065540116084,-0.05673173479317,0.1331448428163869,11.025800000000013,6.72,-0.1787737928332056,0.1575482802062968,Weak Oscillatory Response,1.0,solid_common_support
2,night,6.524,0.0382197066319053,-0.0567092531167143,0.133148666380525,11.025800000000013,6.72,-0.1787737928332056,0.1575482802062968,Weak Oscillatory Response,1.0,solid_common_support
2,night,6.5520000000000005,0.0382327472363322,-0.0566866418938891,0.1331521363665536,11.025800000000013,6.72,-0.1787737928332056,0.1575482802062968,Weak Oscillatory Response,1.0,solid_common_support
2,night,6.58,0.0382456918271564,-0.0566639294764284,0.1331553131307413,11.025800000000013,6.72,-0.1787737928332056,0.1575482802062968,Weak Oscillatory Response,1.0,solid_common_support
2,night,6.6080000000000005,0.0382585564066449,-0.0566411441882938,0.1331582570015837,11.025800000000013,6.72,-0.1787737928332056,0.1575482802062968,Weak Oscillatory Response,1.0,solid_common_support
2,night,6.636,0.0382713569770649,-0.0566183143253032,0.133161028279433,11.025800000000013,6.72,-0.1787737928332056,0.1575482802062968,Weak Oscillatory Response,1.0,solid_common_support
2,night,6.664,0.0382841095406834,-0.0565954681547658,0.1331636872361328,11.025800000000013,6.72,-0.1787737928332056,0.1575482802062968,Weak Oscillatory Response,1.0,solid_common_support
2,night,6.692,0.0382968300997678,-0.0565726339151237,0.1331662941146593,11.025800000000013,6.72,-0.1787737928332056,0.1575482802062968,Weak Oscillatory Response,1.0,solid_common_support
2,night,6.72,0.038309534656585,-0.0565498398155989,0.1331689091287689,11.025800000000013,6.72,-0.1787737928332056,0.1575482802062968,Weak Oscillatory Response,1.0,solid_common_support
2,night,7.071973052083333,0.0384692033319604,-0.0562690828378669,0.1332074895017876,11.025800000000013,6.72,-0.1787737928332056,0.1575482802062968,Weak Oscillatory Response,1.0,dashed_p80_tail
2,night,7.4239461041666654,0.0386288720073357,-0.0559991630692544,0.1332569070839259,11.025800000000013,6.72,-0.1787737928332056,0.1575482802062968,Weak Oscillatory Response,1.0,dashed_p80_tail
2,night,7.775919156249999,0.0387885406827111,-0.0557401184288773,0.1333171997942997,11.025800000000013,6.72,-0.1787737928332056,0.1575482802062968,Weak Oscillatory Response,1.0,dashed_p80_tail
2,night,8.127892208333332,0.0389482093580865,-0.0554919832472425,0.1333884019634157,11.025800000000013,6.72,-0.1787737928332056,0.1575482802062968,Weak Oscillatory Response,1.0,dashed_p80_tail
2,night,8.479865260416664,0.0391078780334619,-0.0552547882077303,0.1334705442746541,11.025800000000013,6.72,-0.1787737928332056,0.1575482802062968,Weak Oscillatory Response,1.0,dashed_p80_tail
2,night,8.831838312499999,0.0392675467088373,-0.0550285602939433,0.133563653711618,11.025800000000013,6.72,-0.1787737928332056,0.1575482802062968,Weak Oscillatory Response,1.0,dashed_p80_tail
2,night,9.183811364583333,0.0394272153842127,-0.0548133227431308,0.1336677535115562,11.025800000000013,6.72,-0.1787737928332056,0.1575482802062968,Weak Oscillatory Response,1.0,dashed_p80_tail
2,night,9.535784416666663,0.0395868840595881,-0.0546090950058739,0.1337828631250502,11.025800000000013,6.72,-0.1787737928332056,0.1575482802062968,Weak Oscillatory Response,1.0,dashed_p80_tail
2,night,9.887757468749998,0.0397465527349635,-0.0544158927121936,0.1339089981821207,11.025800000000013,6.72,-0.1787737928332056,0.1575482802062968,Weak Oscillatory Response,1.0,dashed_p80_tail
2,night,10.23973052083333,0.0399062214103389,-0.0542337276442201,0.134046170464898,11.025800000000013,6.72,-0.1787737928332056,0.1575482802062968,Weak Oscillatory Response,1.0,dashed_p80_tail
2,night,10.591703572916664,0.0400658900857143,-0.0540626077155325,0.1341943878869611,11.025800000000013,6.72,-0.1787737928332056,0.1575482802062968,Weak Oscillatory Response,1.0,dashed_p80_tail
2,night,10.943676624999997,0.0402255587610897,-0.0539025369572552,0.1343536544794346,11.025800000000013,6.72,-0.1787737928332056,0.1575482802062968,Weak Oscillatory Response,1.0,dashed_p80_tail
3,night,0.0,0.0,0.0,0.0,7.549999999999997,6.72,-0.6177505356605795,0.26615382593344,Early Suppression Followed by Attenuation,1.0,solid_common_support
3,night,0.028,0.0002518676969107,-0.0011698665030847,0.0016736018969063,7.549999999999997,6.72,-0.6177505356605795,0.26615382593344,Early Suppression Followed by Attenuation,1.0,solid_common_support
3,night,0.056,0.0005036582047831,-0.0023395198103742,0.0033468362199406,7.549999999999997,6.72,-0.6177505356605795,0.26615382593344,Early Suppression Followed by Attenuation,1.0,solid_common_support
3,night,0.084,0.0007552943345788,-0.0035087467449794,0.0050193354141371,7.549999999999997,6.72,-0.6177505356605795,0.26615382593344,Early Suppression Followed by Attenuation,1.0,solid_common_support
3,night,0.112,0.0010066988972593,-0.0046773341678507,0.0066907319623694,7.549999999999997,6.72,-0.6177505356605795,0.26615382593344,Early Suppression Followed by Attenuation,1.0,solid_common_support
3,night,0.14,0.0012577947037864,-0.0058450689967652,0.0083606584043381,7.549999999999997,6.72,-0.6177505356605795,0.26615382593344,Early Suppression Followed by Attenuation,1.0,solid_common_support
3,night,0.168,0.0015085045651216,-0.0070117382253958,0.010028747355639,7.549999999999997,6.72,-0.6177505356605795,0.26615382593344,Early Suppression Followed by Attenuation,1.0,solid_common_support
3,night,0.196,0.0017587512922265,-0.0081771289424884,0.0116946315269416,7.549999999999997,6.72,-0.6177505356605795,0.26615382593344,Early Suppression Followed by Attenuation,1.0,solid_common_support
3,night,0.224,0.0020084576960629,-0.0093410283511764,0.0133579437433023,7.549999999999997,6.72,-0.6177505356605795,0.26615382593344,Early Suppression Followed by Attenuation,1.0,solid_common_support
3,night,0.252,0.0022575465875923,-0.0105032237884586,0.0150183169636433,7.549999999999997,6.72,-0.6177505356605795,0.26615382593344,Early Suppression Followed by Attenuation,1.0,solid_common_support
3,night,0.28,0.0025059407777764,-0.0116635027448715,0.0166753843004243,7.549999999999997,6.72,-0.6177505356605795,0.26615382593344,Early Suppression Followed by Attenuation,1.0,solid_common_support
3,night,0.308,0.0027535630775767,-0.0128216528843815,0.018328779039535,7.549999999999997,6.72,-0.6177505356605795,0.26615382593344,Early Suppression Followed by Attenuation,1.0,solid_common_support
3,night,0.336,0.0030003362979549,-0.0139774620645299,0.0199781346604399,7.549999999999997,6.72,-0.6177505356605795,0.26615382593344,Early Suppression Followed by Attenuation,1.0,solid_common_support
3,night,0.364,0.0032461832498727,-0.0151307183568576,0.0216230848566032,7.549999999999997,6.72,-0.6177505356605795,0.26615382593344,Early Suppression Followed by Attenuation,1.0,solid_common_support
3,night,0.392,0.0034910267442917,-0.0162812100676422,0.0232632635562257,7.549999999999997,6.72,-0.6177505356605795,0.26615382593344,Early Suppression Followed by Attenuation,1.0,solid_common_support
3,night,0.42,0.0037347895921734,-0.017428725758978,0.024898304943325,7.549999999999997,6.72,-0.6177505356605795,0.26615382593344,Early Suppression Followed by Attenuation,1.0,solid_common_support
3,night,0.448,0.0039773946044796,-0.0185730542702307,0.0265278434791901,7.549999999999997,6.72,-0.6177505356605795,0.26615382593344,Early Suppression Followed by Attenuation,1.0,solid_common_support
3,night,0.476,0.0042187645921719,-0.0197139847399013,0.0281515139242452,7.549999999999997,6.72,-0.6177505356605795,0.26615382593344,Early Suppression Followed by Attenuation,1.0,solid_common_support
3,night,0.504,0.0044588223662118,-0.0208513066279317,0.0297689513603554,7.549999999999997,6.72,-0.6177505356605795,0.26615382593344,Early Suppression Followed by Attenuation,1.0,solid_common_support
3,night,0.532,0.004697490737561,-0.0219848097384877,0.0313797912136098,7.549999999999997,6.72,-0.6177505356605795,0.26615382593344,Early Suppression Followed by Attenuation,1.0,solid_common_support
3,night,0.56,0.0049346925171812,-0.0231142842432566,0.0329836692776191,7.549999999999997,6.72,-0.6177505356605795,0.26615382593344,Early Suppression Followed by Attenuation,1.0,solid_common_support
3,night,0.588,0.005170350516034,-0.0242395207052956,0.0345802217373636,7.549999999999997,6.72,-0.6177505356605795,0.26615382593344,Early Suppression Followed by Attenuation,1.0,solid_common_support
3,night,0.616,0.0054043875450809,-0.0253603101034703,0.0361690851936322,7.549999999999997,6.72,-0.6177505356605795,0.26615382593344,Early Suppression Followed by Attenuation,1.0,solid_common_support
3,night,0.644,0.0056367264152837,-0.0264764438575248,0.0377498966880923,7.549999999999997,6.72,-0.6177505356605795,0.26615382593344,Early Suppression Followed by Attenuation,1.0,solid_common_support
3,night,0.672,0.0058672899376039,-0.0275877138538237,0.0393222937290316,7.549999999999997,6.72,-0.6177505356605795,0.26615382593344,Early Suppression Followed by Attenuation,1.0,solid_common_support
3,night,0.7000000000000001,0.0060960009230032,-0.0286939124718107,0.0408859143178172,7.549999999999997,6.72,-0.6177505356605795,0.26615382593344,Early Suppression Followed by Attenuation,1.0,solid_common_support
3,night,0.728,0.0063227821824432,-0.029794832611229,0.0424403969761155,7.549999999999997,6.72,-0.6177505356605795,0.26615382593344,Early Suppression Followed by Attenuation,1.0,solid_common_support
3,night,0.756,0.0065475565268856,-0.030890267720151,0.0439853807739223,7.549999999999997,6.72,-0.6177505356605795,0.26615382593344,Early Suppression Followed by Attenuation,1.0,solid_common_support
3,night,0.784,0.0067702467672919,-0.0319800118238668,0.0455205053584507,7.549999999999997,6.72,-0.6177505356605795,0.26615382593344,Early Suppression Followed by Attenuation,1.0,solid_common_support
3,night,0.812,0.0069907757146238,-0.0330638595546821,0.0470454109839298,7.549999999999997,6.72,-0.6177505356605795,0.26615382593344,Early Suppression Followed by Attenuation,1.0,solid_common_support
3,night,0.84,0.007209066179843,-0.0341416061826821,0.0485597385423681,7.549999999999997,6.72,-0.6177505356605795,0.26615382593344,Early Suppression Followed by Attenuation,1.0,solid_common_support
3,night,0.868,0.007425040973911,-0.0352130476475152,0.0500631295953372,7.549999999999997,6.72,-0.6177505356605795,0.26615382593344,Early Suppression Followed by Attenuation,1.0,solid_common_support
3,night,0.896,0.0076386229077894,-0.0362779805912571,0.0515552264068361,7.549999999999997,6.72,-0.6177505356605795,0.26615382593344,Early Suppression Followed by Attenuation,1.0,solid_common_support
3,night,0.924,0.00784973479244,-0.0373362023924181,0.0530356719772982,7.549999999999997,6.72,-0.6177505356605795,0.26615382593344,Early Suppression Followed by Attenuation,1.0,solid_common_support
3,night,0.952,0.0080582994388244,-0.0383875112011569,0.0545041100788057,7.549999999999997,6.72,-0.6177505356605795,0.26615382593344,Early Suppression Followed by Attenuation,1.0,solid_common_support
3,night,0.98,0.0082642396579041,-0.0394317059757716,0.0559601852915798,7.549999999999997,6.72,-0.6177505356605795,0.26615382593344,Early Suppression Followed by Attenuation,1.0,solid_common_support
3,night,1.008,0.0084674782606407,-0.0404685865205381,0.0574035430418197,7.549999999999997,6.72,-0.6177505356605795,0.26615382593344,Early Suppression Followed by Attenuation,1.0,solid_common_support
3,night,1.036,0.0086679380579961,-0.0414979535249729,0.0588338296409652,7.549999999999997,6.72,-0.6177505356605795,0.26615382593344,Early Suppression Followed by Attenuation,1.0,solid_common_support
3,night,1.064,0.0088655418609316,-0.0425196086045985,0.0602506923264619,7.549999999999997,6.72,-0.6177505356605795,0.26615382593344,Early Suppression Followed by Attenuation,1.0,solid_common_support
3,night,1.092,0.0090602124804091,-0.0435333543432969,0.0616537793041151,7.549999999999997,6.72,-0.6177505356605795,0.26615382593344,Early Suppression Followed by Attenuation,1.0,solid_common_support
3,night,1.12,0.00925187272739,-0.0445389943373384,0.0630427397921186,7.549999999999997,6.72,-0.6177505356605795,0.26615382593344,Early Suppression Followed by Attenuation,1.0,solid_common_support
3,night,1.148,0.0094404454128361,-0.0455363332411795,0.0644172240668519,7.549999999999997,6.72,-0.6177505356605795,0.26615382593344,Early Suppression Followed by Attenuation,1.0,solid_common_support
3,night,1.176,0.009625853347709,-0.0465251768151271,0.0657768835105452,7.549999999999997,6.72,-0.6177505356605795,0.26615382593344,Early Suppression Followed by Attenuation,1.0,solid_common_support
3,night,1.204,0.0098080193429703,-0.0475053319749744,0.067121370660915,7.549999999999997,6.72,-0.6177505356605795,0.26615382593344,Early Suppression Followed by Attenuation,1.0,solid_common_support
3,night,1.232,0.0099868662095815,-0.0484766068437163,0.0684503392628795,7.549999999999997,6.72,-0.6177505356605795,0.26615382593344,Early Suppression Followed by Attenuation,1.0,solid_common_support
3,night,1.26,0.0101623167585045,-0.0494388108054607,0.0697634443224698,7.549999999999997,6.72,-0.6177505356605795,0.26615382593344,Early Suppression Followed by Attenuation,1.0,solid_common_support
3,night,1.288,0.0103342938007007,-0.0503917545616584,0.0710603421630599,7.549999999999997,6.72,-0.6177505356605795,0.26615382593344,Early Suppression Followed by Attenuation,1.0,solid_common_support
3,night,1.316,0.0105027201471318,-0.0513352501897794,0.0723406904840431,7.549999999999997,6.72,-0.6177505356605795,0.26615382593344,Early Suppression Followed by Attenuation,1.0,solid_common_support
3,night,1.344,0.0106675186087595,-0.052269111204574,0.073604148422093,7.549999999999997,6.72,-0.6177505356605795,0.26615382593344,Early Suppression Followed by Attenuation,1.0,solid_common_support
3,night,1.372,0.0108286119965453,-0.0531931526220623,0.074850376615153,7.549999999999997,6.72,-0.6177505356605795,0.26615382593344,Early Suppression Followed by Attenuation,1.0,solid_common_support
3,night,1.4,0.0109859231214509,-0.0541071910264055,0.0760790372693074,7.549999999999997,6.72,-0.6177505356605795,0.26615382593344,Early Suppression Followed by Attenuation,1.0,solid_common_support
3,night,1.428,0.0111393857436407,-0.0550110740807935,0.077289845568075,7.549999999999997,6.72,-0.6177505356605795,0.26615382593344,Early Suppression Followed by Attenuation,1.0,solid_common_support
3,night,1.456,0.0112889972703947,-0.0559048219397495,0.078482816480539,7.549999999999997,6.72,-0.6177505356605795,0.26615382593344,Early Suppression Followed by Attenuation,1.0,solid_common_support
3,night,1.484,0.0114347780474028,-0.0567885170362837,0.0796580731310894,7.549999999999997,6.72,-0.6177505356605795,0.26615382593344,Early Suppression Followed by Attenuation,1.0,solid_common_support
3,night,1.512,0.0115767484509933,-0.0576622423216646,0.0808157392236513,7.549999999999997,6.72,-0.6177505356605795,0.26615382593344,Early Suppression Followed by Attenuation,1.0,solid_common_support
3,night,1.54,0.0117149288574947,-0.0585260811676235,0.081955938882613,7.549999999999997,6.72,-0.6177505356605795,0.26615382593344,Early Suppression Followed by Attenuation,1.0,solid_common_support
3,night,1.568,0.0118493396432354,-0.0593801173530592,0.0830787966395301,7.549999999999997,6.72,-0.6177505356605795,0.26615382593344,Early Suppression Followed by Attenuation,1.0,solid_common_support
3,night,1.596,0.0119800011845438,-0.0602244350524871,0.0841844374215748,7.549999999999997,6.72,-0.6177505356605795,0.26615382593344,Early Suppression Followed by Attenuation,1.0,solid_common_support
3,night,1.624,0.0121069338577484,-0.0610591188260003,0.0852729865414971,7.549999999999997,6.72,-0.6177505356605795,0.26615382593344,Early Suppression Followed by Attenuation,1.0,solid_common_support
3,night,1.652,0.0122301580391776,-0.0618842536105435,0.0863445696888989,7.549999999999997,6.72,-0.6177505356605795,0.26615382593344,Early Suppression Followed by Attenuation,1.0,solid_common_support
3,night,1.68,0.0123496941051599,-0.0626999247123296,0.0873993129226495,7.549999999999997,6.72,-0.6177505356605795,0.26615382593344,Early Suppression Followed by Attenuation,1.0,solid_common_support
3,night,1.708,0.0124655624320237,-0.0635062178002509,0.0884373426642983,7.549999999999997,6.72,-0.6177505356605795,0.26615382593344,Early Suppression Followed by Attenuation,1.0,solid_common_support
3,night,1.736,0.0125777833960974,-0.0643032189001577,0.0894587856923526,7.549999999999997,6.72,-0.6177505356605795,0.26615382593344,Early Suppression Followed by Attenuation,1.0,solid_common_support
3,night,1.764,0.0126863773737095,-0.0650910143898954,0.0904637691373144,7.549999999999997,6.72,-0.6177505356605795,0.26615382593344,Early Suppression Followed by Attenuation,1.0,solid_common_support
3,night,1.792,0.0127913647411883,-0.065869690995001,0.0914524204773777,7.549999999999997,6.72,-0.6177505356605795,0.26615382593344,Early Suppression Followed by Attenuation,1.0,solid_common_support
3,night,1.82,0.0128927658748624,-0.0666393357849777,0.0924248675347026,7.549999999999997,6.72,-0.6177505356605795,0.26615382593344,Early Suppression Followed by Attenuation,1.0,solid_common_support
3,night,1.848,0.0129906011510602,-0.067400036170073,0.0933812384721935,7.549999999999997,6.72,-0.6177505356605795,0.26615382593344,Early Suppression Followed by Attenuation,1.0,solid_common_support
3,night,1.876,0.0130848909461101,-0.068151879898495,0.0943216617907153,7.549999999999997,6.72,-0.6177505356605795,0.26615382593344,Early Suppression Followed by Attenuation,1.0,solid_common_support
3,night,1.904,0.0131756556363405,-0.068894955054011,0.0952462663266921,7.549999999999997,6.72,-0.6177505356605795,0.26615382593344,Early Suppression Followed by Attenuation,1.0,solid_common_support
3,night,1.932,0.0132629155980799,-0.0696293500538759,0.0961551812500358,7.549999999999997,6.72,-0.6177505356605795,0.26615382593344,Early Suppression Followed by Attenuation,1.0,solid_common_support
3,night,1.96,0.0133466912076567,-0.070355153647048,0.0970485360623615,7.549999999999997,6.72,-0.6177505356605795,0.26615382593344,Early Suppression Followed by Attenuation,1.0,solid_common_support
3,night,1.988,0.0134270028413994,-0.0710724549126493,0.0979264605954482,7.549999999999997,6.72,-0.6177505356605795,0.26615382593344,Early Suppression Followed by Attenuation,1.0,solid_common_support
3,night,2.016,0.0135038708756364,-0.0717813432586363,0.0987890850099091,7.549999999999997,6.72,-0.6177505356605795,0.26615382593344,Early Suppression Followed by Attenuation,1.0,solid_common_support
3,night,2.044,0.013577315686696,-0.072481908420648,0.0996365397940402,7.549999999999997,6.72,-0.6177505356605795,0.26615382593344,Early Suppression Followed by Attenuation,1.0,solid_common_support
3,night,2.072,0.0136473576509069,-0.0731742404610021,0.100468955762816,7.549999999999997,6.72,-0.6177505356605795,0.26615382593344,Early Suppression Followed by Attenuation,1.0,solid_common_support
3,night,2.1,0.0137140171445973,-0.0738584297678121,0.1012864640570069,7.549999999999997,6.72,-0.6177505356605795,0.26615382593344,Early Suppression Followed by Attenuation,1.0,solid_common_support
3,night,2.128,0.0137773145440958,-0.0745345670542033,0.102089196142395,7.549999999999997,6.72,-0.6177505356605795,0.26615382593344,Early Suppression Followed by Attenuation,1.0,solid_common_support
3,night,2.156,0.0138372702257308,-0.0752027433576021,0.1028772838090637,7.549999999999997,6.72,-0.6177505356605795,0.26615382593344,Early Suppression Followed by Attenuation,1.0,solid_common_support
3,night,2.184,0.0138939045658306,-0.0758630500390821,0.1036508591707435,7.549999999999997,6.72,-0.6177505356605795,0.26615382593344,Early Suppression Followed by Attenuation,1.0,solid_common_support
3,night,2.212,0.0139472379407238,-0.0765155787827447,0.1044100546641924,7.549999999999997,6.72,-0.6177505356605795,0.26615382593344,Early Suppression Followed by Attenuation,1.0,solid_common_support
3,night,2.24,0.0139972907267388,-0.077160421595119,0.1051550030485966,7.549999999999997,6.72,-0.6177505356605795,0.26615382593344,Early Suppression Followed by Attenuation,1.0,solid_common_support
3,night,2.268,0.014044083300204,-0.0777976708045637,0.1058858374049718,7.549999999999997,6.72,-0.6177505356605795,0.26615382593344,Early Suppression Followed by Attenuation,1.0,solid_common_support
3,night,2.2960000000000003,0.0140876360374478,-0.0784274190606563,0.106602691135552,7.549999999999997,6.72,-0.6177505356605795,0.26615382593344,Early Suppression Followed by Attenuation,1.0,solid_common_support
3,night,2.324,0.0141279693147987,-0.0790497593335539,0.1073056979631514,7.549999999999997,6.72,-0.6177505356605795,0.26615382593344,Early Suppression Followed by Attenuation,1.0,solid_common_support
3,night,2.352,0.0141651035085852,-0.0796647849133137,0.1079949919304841,7.549999999999997,6.72,-0.6177505356605795,0.26615382593344,Early Suppression Followed by Attenuation,1.0,solid_common_support
3,night,2.38,0.0141990589951356,-0.0802725894091589,0.1086707073994302,7.549999999999997,6.72,-0.6177505356605795,0.26615382593344,Early Suppression Followed by Attenuation,1.0,solid_common_support
3,night,2.408,0.0142298561507784,-0.0808732667486782,0.109332979050235,7.549999999999997,6.72,-0.6177505356605795,0.26615382593344,Early Suppression Followed by Attenuation,1.0,solid_common_support
3,night,2.436,0.014257515351842,-0.0814669111769459,0.10998194188063,7.549999999999997,6.72,-0.6177505356605795,0.26615382593344,Early Suppression Followed by Attenuation,1.0,solid_common_support
3,night,2.464,0.0142820569746549,-0.0820536172555534,0.1106177312048633,7.549999999999997,6.72,-0.6177505356605795,0.26615382593344,Early Suppression Followed by Attenuation,1.0,solid_common_support
3,night,2.492,0.0143035013955455,-0.082633479861538,0.1112404826526291,7.549999999999997,6.72,-0.6177505356605795,0.26615382593344,Early Suppression Followed by Attenuation,1.0,solid_common_support
3,night,2.52,0.0143218689908422,-0.0832065941862003,0.1118503321678849,7.549999999999997,6.72,-0.6177505356605795,0.26615382593344,Early Suppression Followed by Attenuation,1.0,solid_common_support
3,night,2.548,0.0143371801368735,-0.083773055733799,0.1124474160075462,7.549999999999997,6.72,-0.6177505356605795,0.26615382593344,Early Suppression Followed by Attenuation,1.0,solid_common_support
3,night,2.576,0.0143494552099679,-0.0843329603201123,0.1130318707400482,7.549999999999997,6.72,-0.6177505356605795,0.26615382593344,Early Suppression Followed by Attenuation,1.0,solid_common_support
3,night,2.604,0.0143587145864537,-0.0848864040708562,0.1136038332437636,7.549999999999997,6.72,-0.6177505356605795,0.26615382593344,Early Suppression Followed by Attenuation,1.0,solid_common_support
3,night,2.632,0.0143649786426593,-0.0854334834199496,0.1141634407052683,7.549999999999997,6.72,-0.6177505356605795,0.26615382593344,Early Suppression Followed by Attenuation,1.0,solid_common_support
3,night,2.66,0.0143682677549133,-0.0859742951076162,0.1147108306174429,7.549999999999997,6.72,-0.6177505356605795,0.26615382593344,Early Suppression Followed by Attenuation,1.0,solid_common_support
3,night,2.688,0.014368602299544,-0.0865089361783137,0.1152461407774018,7.549999999999997,6.72,-0.6177505356605795,0.26615382593344,Early Suppression Followed by Attenuation,1.0,solid_common_support
3,night,2.716,0.0143660026528799,-0.0870375039784793,0.1157695092842393,7.549999999999997,6.72,-0.6177505356605795,0.26615382593344,Early Suppression Followed by Attenuation,1.0,solid_common_support
3,night,2.744,0.0143604891912495,-0.0875600961540847,0.1162810745365838,7.549999999999997,6.72,-0.6177505356605795,0.26615382593344,Early Suppression Followed by Attenuation,1.0,solid_common_support
3,night,2.772,0.0143520822909811,-0.0880768106479873,0.1167809752299496,7.549999999999997,6.72,-0.6177505356605795,0.26615382593344,Early Suppression Followed by Attenuation,1.0,solid_common_support
3,night,2.8000000000000003,0.0143408023284032,-0.0885877456970706,0.1172693503538772,7.549999999999997,6.72,-0.6177505356605795,0.26615382593344,Early Suppression Followed by Attenuation,1.0,solid_common_support
3,night,2.828,0.0143266696798443,-0.0890929998291644,0.117746339188853,7.549999999999997,6.72,-0.6177505356605795,0.26615382593344,Early Suppression Followed by Attenuation,1.0,solid_common_support
3,night,2.856,0.0143097047216327,-0.0895926718597325,0.1182120813029981,7.549999999999997,6.72,-0.6177505356605795,0.26615382593344,Early Suppression Followed by Attenuation,1.0,solid_common_support
3,night,2.884,0.014289927830097,-0.0900868608883225,0.1186667165485165,7.549999999999997,6.72,-0.6177505356605795,0.26615382593344,Early Suppression Followed by Attenuation,1.0,solid_common_support
3,night,2.912,0.0142673593815655,-0.0905756662947635,0.1191103850578945,7.549999999999997,6.72,-0.6177505356605795,0.26615382593344,Early Suppression Followed by Attenuation,1.0,solid_common_support
3,night,2.94,0.0142420197523666,-0.0910591877351069,0.1195432272398403,7.549999999999997,6.72,-0.6177505356605795,0.26615382593344,Early Suppression Followed by Attenuation,1.0,solid_common_support
3,night,2.968,0.0142139293188289,-0.0915375251372972,0.1199653837749552,7.549999999999997,6.72,-0.6177505356605795,0.26615382593344,Early Suppression Followed by Attenuation,1.0,solid_common_support
3,night,2.996,0.0141831084572808,-0.0920107786965646,0.1203769956111262,7.549999999999997,6.72,-0.6177505356605795,0.26615382593344,Early Suppression Followed by Attenuation,1.0,solid_common_support
3,night,3.024,0.0141495775440506,-0.0924790488705303,0.1207782039586316,7.549999999999997,6.72,-0.6177505356605795,0.26615382593344,Early Suppression Followed by Attenuation,1.0,solid_common_support
3,night,3.052,0.0141133569554669,-0.0929424363740143,0.1211691502849482,7.549999999999997,6.72,-0.6177505356605795,0.26615382593344,Early Suppression Followed by Attenuation,1.0,solid_common_support
3,night,3.08,0.014074467067858,-0.0934010421735365,0.1215499763092525,7.549999999999997,6.72,-0.6177505356605795,0.26615382593344,Early Suppression Followed by Attenuation,1.0,solid_common_support
3,night,3.108,0.0140329282575524,-0.0938549674815009,0.1219208239966058,7.549999999999997,6.72,-0.6177505356605795,0.26615382593344,Early Suppression Followed by Attenuation,1.0,solid_common_support
3,night,3.136,0.0139887609008786,-0.0943043137500552,0.1222818355518124,7.549999999999997,6.72,-0.6177505356605795,0.26615382593344,Early Suppression Followed by Attenuation,1.0,solid_common_support
3,night,3.164,0.0139419853741649,-0.0947491826646138,0.1226331534129437,7.549999999999997,6.72,-0.6177505356605795,0.26615382593344,Early Suppression Followed by Attenuation,1.0,solid_common_support
3,night,3.192,0.0138926220537398,-0.0951896761370374,0.1229749202445172,7.549999999999997,6.72,-0.6177505356605795,0.26615382593344,Early Suppression Followed by Attenuation,1.0,solid_common_support
3,night,3.22,0.0138406913159318,-0.095625896298457,0.1233072789303207,7.549999999999997,6.72,-0.6177505356605795,0.26615382593344,Early Suppression Followed by Attenuation,1.0,solid_common_support
3,night,3.248,0.0137862135370693,-0.096057945491736,0.1236303725658746,7.549999999999997,6.72,-0.6177505356605795,0.26615382593344,Early Suppression Followed by Attenuation,1.0,solid_common_support
3,night,3.276,0.0137292090934806,-0.0964859262635588,0.1239443444505202,7.549999999999997,6.72,-0.6177505356605795,0.26615382593344,Early Suppression Followed by Attenuation,1.0,solid_common_support
3,night,3.3040000000000003,0.0136696983614944,-0.0969099413561378,0.1242493380791266,7.549999999999997,6.72,-0.6177505356605795,0.26615382593344,Early Suppression Followed by Attenuation,1.0,solid_common_support
3,night,3.332,0.0136077017174389,-0.0973300936985292,0.124545497133407,7.549999999999997,6.72,-0.6177505356605795,0.26615382593344,Early Suppression Followed by Attenuation,1.0,solid_common_support
3,night,3.36,0.0135432395376426,-0.097746486397549,0.1248329654728344,7.549999999999997,6.72,-0.6177505356605795,0.26615382593344,Early Suppression Followed by Attenuation,1.0,solid_common_support
3,night,3.388,0.013476332198434,-0.0981592227282808,0.1251118871251489,7.549999999999997,6.72,-0.6177505356605795,0.26615382593344,Early Suppression Followed by Attenuation,1.0,solid_common_support
3,night,3.416,0.0134070000761415,-0.0985684061241648,0.1253824062764479,7.549999999999997,6.72,-0.6177505356605795,0.26615382593344,Early Suppression Followed by Attenuation,1.0,solid_common_support
3,night,3.444,0.0133352635470935,-0.0989741401666622,0.1256446672608494,7.549999999999997,6.72,-0.6177505356605795,0.26615382593344,Early Suppression Followed by Attenuation,1.0,solid_common_support
3,night,3.472,0.0132611429876185,-0.0993765285744842,0.1258988145497214,7.549999999999997,6.72,-0.6177505356605795,0.26615382593344,Early Suppression Followed by Attenuation,1.0,solid_common_support
3,night,3.5,0.0131846587740449,-0.0997756751923788,0.1261449927404688,7.549999999999997,6.72,-0.6177505356605795,0.26615382593344,Early Suppression Followed by Attenuation,1.0,solid_common_support
3,night,3.528,0.0131058312827012,-0.1001716839794671,0.1263833465448696,7.549999999999997,6.72,-0.6177505356605795,0.26615382593344,Early Suppression Followed by Attenuation,1.0,solid_common_support
3,night,3.556,0.0130246808899157,-0.1005646589971213,0.1266140207769528,7.549999999999997,6.72,-0.6177505356605795,0.26615382593344,Early Suppression Followed by Attenuation,1.0,solid_common_support
3,night,3.584,0.0129412279720169,-0.1009547043963769,0.1268371603404109,7.549999999999997,6.72,-0.6177505356605795,0.26615382593344,Early Suppression Followed by Attenuation,1.0,solid_common_support
3,night,3.612,0.0128554929053333,-0.1013419244048727,0.1270529102155394,7.549999999999997,6.72,-0.6177505356605795,0.26615382593344,Early Suppression Followed by Attenuation,1.0,solid_common_support
3,night,3.64,0.0127674960661933,-0.10172642331331,0.1272614154456967,7.549999999999997,6.72,-0.6177505356605795,0.26615382593344,Early Suppression Followed by Attenuation,1.0,solid_common_support
3,night,3.668,0.0126772578309253,-0.1021083054614271,0.1274628211232778,7.549999999999997,6.72,-0.6177505356605795,0.26615382593344,Early Suppression Followed by Attenuation,1.0,solid_common_support
3,night,3.696,0.0125847985758577,-0.1024876752234806,0.1276572723751962,7.549999999999997,6.72,-0.6177505356605795,0.26615382593344,Early Suppression Followed by Attenuation,1.0,solid_common_support
3,night,3.724,0.0124901386773191,-0.1028646369932291,0.1278449143478673,7.549999999999997,6.72,-0.6177505356605795,0.26615382593344,Early Suppression Followed by Attenuation,1.0,solid_common_support
3,night,3.752,0.0123932985116378,-0.1032392951684133,0.1280258921916889,7.549999999999997,6.72,-0.6177505356605795,0.26615382593344,Early Suppression Followed by Attenuation,1.0,solid_common_support
3,night,3.78,0.0122942984551422,-0.1036117541347289,0.1282003510450133,7.549999999999997,6.72,-0.6177505356605795,0.26615382593344,Early Suppression Followed by Attenuation,1.0,solid_common_support
3,night,3.808,0.0121931588841608,-0.1039821182492858,0.1283684360176076,7.549999999999997,6.72,-0.6177505356605795,0.26615382593344,Early Suppression Followed by Attenuation,1.0,solid_common_support
3,night,3.836,0.0120899001750221,-0.1043504918235522,0.1285302921735965,7.549999999999997,6.72,-0.6177505356605795,0.26615382593344,Early Suppression Followed by Attenuation,1.0,solid_common_support
3,night,3.864,0.0119845427040545,-0.1047169791057778,0.1286860645138869,7.549999999999997,6.72,-0.6177505356605795,0.26615382593344,Early Suppression Followed by Attenuation,1.0,solid_common_support
3,night,3.892,0.0118771068475864,-0.1050816842628959,0.1288358979580688,7.549999999999997,6.72,-0.6177505356605795,0.26615382593344,Early Suppression Followed by Attenuation,1.0,solid_common_support
3,night,3.92,0.0117676129819462,-0.1054447113618998,0.1289799373257922,7.549999999999997,6.72,-0.6177505356605795,0.26615382593344,Early Suppression Followed by Attenuation,1.0,solid_common_support
3,night,3.948,0.0116560814834624,-0.1058061643506937,0.1291183273176186,7.549999999999997,6.72,-0.6177505356605795,0.26615382593344,Early Suppression Followed by Attenuation,1.0,solid_common_support
3,night,3.976,0.0115425327284634,-0.1061661470384168,0.1292512124953437,7.549999999999997,6.72,-0.6177505356605795,0.26615382593344,Early Suppression Followed by Attenuation,1.0,solid_common_support
3,night,4.004,0.0114269870932777,-0.1065247630752397,0.1293787372617952,7.549999999999997,6.72,-0.6177505356605795,0.26615382593344,Early Suppression Followed by Attenuation,1.0,solid_common_support
3,night,4.032,0.0113094649542337,-0.1068821159316347,0.1295010458401021,7.549999999999997,6.72,-0.6177505356605795,0.26615382593344,Early Suppression Followed by Attenuation,1.0,solid_common_support
3,night,4.0600000000000005,0.0111899866876598,-0.1072383088771204,0.1296182822524401,7.549999999999997,6.72,-0.6177505356605795,0.26615382593344,Early Suppression Followed by Attenuation,1.0,solid_common_support
3,night,4.088,0.0110685726698844,-0.1075934449584837,0.1297305902982527,7.549999999999997,6.72,-0.6177505356605795,0.26615382593344,Early Suppression Followed by Attenuation,1.0,solid_common_support
3,night,4.116,0.0109452432772361,-0.1079476269774805,0.1298381135319528,7.549999999999997,6.72,-0.6177505356605795,0.26615382593344,Early Suppression Followed by Attenuation,1.0,solid_common_support
3,night,4.144,0.0108200188860432,-0.1083009574680208,0.1299409952401073,7.549999999999997,6.72,-0.6177505356605795,0.26615382593344,Early Suppression Followed by Attenuation,1.0,solid_common_support
3,night,4.172,0.0106929198726342,-0.108653538672841,0.1300393784181094,7.549999999999997,6.72,-0.6177505356605795,0.26615382593344,Early Suppression Followed by Attenuation,1.0,solid_common_support
3,night,4.2,0.0105639666133374,-0.10900547251967,0.130133405746345,7.549999999999997,6.72,-0.6177505356605795,0.26615382593344,Early Suppression Followed by Attenuation,1.0,solid_common_support
3,night,4.228,0.0104331794844815,-0.1093568605968949,0.1302232195658579,7.549999999999997,6.72,-0.6177505356605795,0.26615382593344,Early Suppression Followed by Attenuation,1.0,solid_common_support
3,night,4.256,0.0103005788623947,-0.1097078041287343,0.1303089618535237,7.549999999999997,6.72,-0.6177505356605795,0.26615382593344,Early Suppression Followed by Attenuation,1.0,solid_common_support
3,night,4.284,0.0101661851234055,-0.1100584039499265,0.1303907741967376,7.549999999999997,6.72,-0.6177505356605795,0.26615382593344,Early Suppression Followed by Attenuation,1.0,solid_common_support
3,night,4.312,0.0100300186438424,-0.1104087604799431,0.130468797767628,7.549999999999997,6.72,-0.6177505356605795,0.26615382593344,Early Suppression Followed by Attenuation,1.0,solid_common_support
3,night,4.34,0.0098920998000338,-0.1107589736967371,0.1305431732968048,7.549999999999997,6.72,-0.6177505356605795,0.26615382593344,Early Suppression Followed by Attenuation,1.0,solid_common_support
3,night,4.368,0.0097524489683081,-0.1111091431100377,0.1306140410466539,7.549999999999997,6.72,-0.6177505356605795,0.26615382593344,Early Suppression Followed by Attenuation,1.0,solid_common_support
3,night,4.396,0.0096110865249937,-0.1114593677342041,0.1306815407841916,7.549999999999997,6.72,-0.6177505356605795,0.26615382593344,Early Suppression Followed by Attenuation,1.0,solid_common_support
3,night,4.424,0.0094680328464192,-0.1118097460606514,0.1307458117534898,7.549999999999997,6.72,-0.6177505356605795,0.26615382593344,Early Suppression Followed by Attenuation,1.0,solid_common_support
3,night,4.452,0.0093233083089129,-0.112160376029863,0.1308069926476888,7.549999999999997,6.72,-0.6177505356605795,0.26615382593344,Early Suppression Followed by Attenuation,1.0,solid_common_support
3,night,4.48,0.0091769332888032,-0.112511355003006,0.1308652215806126,7.549999999999997,6.72,-0.6177505356605795,0.26615382593344,Early Suppression Followed by Attenuation,1.0,solid_common_support
3,night,4.508,0.0090289281624187,-0.1128627797331653,0.1309206360580028,7.549999999999997,6.72,-0.6177505356605795,0.26615382593344,Early Suppression Followed by Attenuation,1.0,solid_common_support
3,night,4.5360000000000005,0.0088793133060877,-0.1132147463362147,0.1309733729483902,7.549999999999997,6.72,-0.6177505356605795,0.26615382593344,Early Suppression Followed by Attenuation,1.0,solid_common_support
3,night,4.564,0.0087281090961387,-0.1135673502613437,0.1310235684536213,7.549999999999997,6.72,-0.6177505356605795,0.26615382593344,Early Suppression Followed by Attenuation,1.0,solid_common_support
3,night,4.5920000000000005,0.0085753359089001,-0.1139206862612606,0.131071358079061,7.549999999999997,6.72,-0.6177505356605795,0.26615382593344,Early Suppression Followed by Attenuation,1.0,solid_common_support
3,night,4.62,0.0084210141207004,-0.1142748483620919,0.1311168766034928,7.549999999999997,6.72,-0.6177505356605795,0.26615382593344,Early Suppression Followed by Attenuation,1.0,solid_common_support
3,night,4.648,0.0082651641078679,-0.1146299298330011,0.1311602580487371,7.549999999999997,6.72,-0.6177505356605795,0.26615382593344,Early Suppression Followed by Attenuation,1.0,solid_common_support
3,night,4.676,0.0081078062467312,-0.1149860231555506,0.1312016356490132,7.549999999999997,6.72,-0.6177505356605795,0.26615382593344,Early Suppression Followed by Attenuation,1.0,solid_common_support
3,night,4.704,0.0079489609136187,-0.115343219992829,0.1312411418200664,7.549999999999997,6.72,-0.6177505356605795,0.26615382593344,Early Suppression Followed by Attenuation,1.0,solid_common_support
3,night,4.732,0.0077886484848587,-0.1157016111583718,0.1312789081280893,7.549999999999997,6.72,-0.6177505356605795,0.26615382593344,Early Suppression Followed by Attenuation,1.0,solid_common_support
3,night,4.76,0.0076268893367797,-0.1160612865849006,0.1313150652584602,7.549999999999997,6.72,-0.6177505356605795,0.26615382593344,Early Suppression Followed by Attenuation,1.0,solid_common_support
3,night,4.788,0.0074637038457103,-0.1164223352929079,0.1313497429843285,7.549999999999997,6.72,-0.6177505356605795,0.26615382593344,Early Suppression Followed by Attenuation,1.0,solid_common_support
3,night,4.816,0.0072991123879787,-0.1167848453591167,0.1313830701350743,7.549999999999997,6.72,-0.6177505356605795,0.26615382593344,Early Suppression Followed by Attenuation,1.0,solid_common_support
3,night,4.844,0.0071331353399135,-0.1171489038848449,0.131415174564672,7.549999999999997,6.72,-0.6177505356605795,0.26615382593344,Early Suppression Followed by Attenuation,1.0,solid_common_support
3,night,4.872,0.006965793077843,-0.1175145969643023,0.1314461831199885,7.549999999999997,6.72,-0.6177505356605795,0.26615382593344,Early Suppression Followed by Attenuation,1.0,solid_common_support
3,night,4.9,0.0067971059780958,-0.1178820096528553,0.131476221609047,7.549999999999997,6.72,-0.6177505356605795,0.26615382593344,Early Suppression Followed by Attenuation,1.0,solid_common_support
3,night,4.928,0.0066270944170002,-0.1182512259352869,0.1315054147692875,7.549999999999997,6.72,-0.6177505356605795,0.26615382593344,Early Suppression Followed by Attenuation,1.0,solid_common_support
3,night,4.956,0.0064557787708847,-0.1186223286940896,0.1315338862358592,7.549999999999997,6.72,-0.6177505356605795,0.26615382593344,Early Suppression Followed by Attenuation,1.0,solid_common_support
3,night,4.984,0.0062831794160778,-0.1189953996778201,0.1315617585099757,7.549999999999997,6.72,-0.6177505356605795,0.26615382593344,Early Suppression Followed by Attenuation,1.0,solid_common_support
3,night,5.0120000000000005,0.0061093167289077,-0.1193705194695537,0.1315891529273692,7.549999999999997,6.72,-0.6177505356605795,0.26615382593344,Early Suppression Followed by Attenuation,1.0,solid_common_support
3,night,5.04,0.0059342110857031,-0.1197477674554715,0.1316161896268779,7.549999999999997,6.72,-0.6177505356605795,0.26615382593344,Early Suppression Followed by Attenuation,1.0,solid_common_support
3,night,5.0680000000000005,0.0057578828627923,-0.1201272217936166,0.1316429875192014,7.549999999999997,6.72,-0.6177505356605795,0.26615382593344,Early Suppression Followed by Attenuation,1.0,solid_common_support
3,night,5.096,0.0055803524365038,-0.1205089593828551,0.1316696642558628,7.549999999999997,6.72,-0.6177505356605795,0.26615382593344,Early Suppression Followed by Attenuation,1.0,solid_common_support
3,night,5.124,0.005401640183166,-0.1208930558320779,0.1316963361984099,7.549999999999997,6.72,-0.6177505356605795,0.26615382593344,Early Suppression Followed by Attenuation,1.0,solid_common_support
3,night,5.152,0.0052217664791073,-0.1212795854296813,0.131723118387896,7.549999999999997,6.72,-0.6177505356605795,0.26615382593344,Early Suppression Followed by Attenuation,1.0,solid_common_support
3,night,5.18,0.0050407517006562,-0.1216686211133627,0.1317501245146752,7.549999999999997,6.72,-0.6177505356605795,0.26615382593344,Early Suppression Followed by Attenuation,1.0,solid_common_support
3,night,5.208,0.0048586162241411,-0.1220602344402691,0.1317774668885514,7.549999999999997,6.72,-0.6177505356605795,0.26615382593344,Early Suppression Followed by Attenuation,1.0,solid_common_support
3,night,5.236,0.0046753804258904,-0.1224544955575354,0.1318052564093163,7.549999999999997,6.72,-0.6177505356605795,0.26615382593344,Early Suppression Followed by Attenuation,1.0,solid_common_support
3,night,5.264,0.0044910646822326,-0.1228514731732512,0.1318336025377166,7.549999999999997,6.72,-0.6177505356605795,0.26615382593344,Early Suppression Followed by Attenuation,1.0,solid_common_support
3,night,5.292,0.0043056893694962,-0.123251234527893,0.1318626132668855,7.549999999999997,6.72,-0.6177505356605795,0.26615382593344,Early Suppression Followed by Attenuation,1.0,solid_common_support
3,night,5.32,0.0041192748640095,-0.1236538453662593,0.1318923950942784,7.549999999999997,6.72,-0.6177505356605795,0.26615382593344,Early Suppression Followed by Attenuation,1.0,solid_common_support
3,night,5.348,0.003931841542101,-0.1240593699099462,0.1319230529941483,7.549999999999997,6.72,-0.6177505356605795,0.26615382593344,Early Suppression Followed by Attenuation,1.0,solid_common_support
3,night,5.376,0.0037434097800991,-0.1244678708304007,0.1319546903905991,7.549999999999997,6.72,-0.6177505356605795,0.26615382593344,Early Suppression Followed by Attenuation,1.0,solid_common_support
3,night,5.404,0.0035539999543323,-0.1248794092225886,0.1319874091312534,7.549999999999997,6.72,-0.6177505356605795,0.26615382593344,Early Suppression Followed by Attenuation,1.0,solid_common_support
3,night,5.432,0.003363632441129,-0.1252940445793123,0.1320213094615704,7.549999999999997,6.72,-0.6177505356605795,0.26615382593344,Early Suppression Followed by Attenuation,1.0,solid_common_support
3,night,5.46,0.0031723276168176,-0.1257118347662158,0.1320564899998511,7.549999999999997,6.72,-0.6177505356605795,0.26615382593344,Early Suppression Followed by Attenuation,1.0,solid_common_support
3,night,5.488,0.0029801058577266,-0.126132835997511,0.1320930477129644,7.549999999999997,6.72,-0.6177505356605795,0.26615382593344,Early Suppression Followed by Attenuation,1.0,solid_common_support
3,night,5.516,0.0027869875401844,-0.1265571028124608,0.1321310778928298,7.549999999999997,6.72,-0.6177505356605795,0.26615382593344,Early Suppression Followed by Attenuation,1.0,solid_common_support
3,night,5.5440000000000005,0.0025929930405195,-0.1269846880526514,0.1321706741336905,7.549999999999997,6.72,-0.6177505356605795,0.26615382593344,Early Suppression Followed by Attenuation,1.0,solid_common_support
3,night,5.572,0.0023981427350602,-0.127415642840088,0.1322119283102085,7.549999999999997,6.72,-0.6177505356605795,0.26615382593344,Early Suppression Followed by Attenuation,1.0,solid_common_support
3,night,5.6000000000000005,0.0022024570001351,-0.1278500165561448,0.132254930556415,7.549999999999997,6.72,-0.6177505356605795,0.26615382593344,Early Suppression Followed by Attenuation,1.0,solid_common_support
3,night,5.628,0.0020059562120725,-0.1282878568214014,0.1322997692455464,7.549999999999997,6.72,-0.6177505356605795,0.26615382593344,Early Suppression Followed by Attenuation,1.0,solid_common_support
3,night,5.656,0.0018086607472009,-0.1287292094763938,0.1323465309707956,7.549999999999997,6.72,-0.6177505356605795,0.26615382593344,Early Suppression Followed by Attenuation,1.0,solid_common_support
3,night,5.684,0.0016105909818487,-0.1291741185633101,0.1323953005270076,7.549999999999997,6.72,-0.6177505356605795,0.26615382593344,Early Suppression Followed by Attenuation,1.0,solid_common_support
3,night,5.712,0.0014117672923444,-0.1296226263086568,0.1324461608933457,7.549999999999997,6.72,-0.6177505356605795,0.26615382593344,Early Suppression Followed by Attenuation,1.0,solid_common_support
3,night,5.74,0.0012122100550164,-0.1300747731069237,0.1324991932169565,7.549999999999997,6.72,-0.6177505356605795,0.26615382593344,Early Suppression Followed by Attenuation,1.0,solid_common_support
3,night,5.768,0.0010119396461931,-0.1305305975052693,0.1325544767976556,7.549999999999997,6.72,-0.6177505356605795,0.26615382593344,Early Suppression Followed by Attenuation,1.0,solid_common_support
3,night,5.796,0.000810976442203,-0.1309901361892528,0.1326120890736589,7.549999999999997,6.72,-0.6177505356605795,0.26615382593344,Early Suppression Followed by Attenuation,1.0,solid_common_support
3,night,5.824,0.0006093408193745,-0.1314534239696315,0.1326721056083805,7.549999999999997,6.72,-0.6177505356605795,0.26615382593344,Early Suppression Followed by Attenuation,1.0,solid_common_support
3,night,5.852,0.000407053154036,-0.1319204937702459,0.1327346000783179,7.549999999999997,6.72,-0.6177505356605795,0.26615382593344,Early Suppression Followed by Attenuation,1.0,solid_common_support
3,night,5.88,0.000204133822516,-0.1323913766170095,0.1327996442620416,7.549999999999997,6.72,-0.6177505356605795,0.26615382593344,Early Suppression Followed by Attenuation,1.0,solid_common_support
3,night,5.908,6.03201142977336e-07,-0.1328661016280209,0.1328673080303068,7.549999999999997,6.72,-0.6177505356605795,0.26615382593344,Early Suppression Followed by Attenuation,1.0,solid_common_support
3,night,5.936,-0.0002035183337547,-0.1333446960048122,0.1329376593373028,7.549999999999997,6.72,-0.6177505356605795,0.26615382593344,Early Suppression Followed by Attenuation,1.0,solid_common_support
3,night,5.964,-0.0004082104058486,-0.1338271850247483,0.133010764213051,7.549999999999997,6.72,-0.6177505356605795,0.26615382593344,Early Suppression Followed by Attenuation,1.0,solid_common_support
3,night,5.992,-0.0006134526388103,-0.1343135920345871,0.1330866867569663,7.549999999999997,6.72,-0.6177505356605795,0.26615382593344,Early Suppression Followed by Attenuation,1.0,solid_common_support
3,night,6.0200000000000005,-0.0008192246563114,-0.1348039384452113,0.1331654891325884,7.549999999999997,6.72,-0.6177505356605795,0.26615382593344,Early Suppression Followed by Attenuation,1.0,solid_common_support
3,night,6.048,-0.0010255060820233,-0.1352982437275396,0.1332472315634929,7.549999999999997,6.72,-0.6177505356605795,0.26615382593344,Early Suppression Followed by Attenuation,1.0,solid_common_support
3,night,6.0760000000000005,-0.0012322765396178,-0.1357965254096225,0.1333319723303869,7.549999999999997,6.72,-0.6177505356605795,0.26615382593344,Early Suppression Followed by Attenuation,1.0,solid_common_support
3,night,6.104,-0.0014395156527662,-0.1362987990749272,0.1334197677693947,7.549999999999997,6.72,-0.6177505356605795,0.26615382593344,Early Suppression Followed by Attenuation,1.0,solid_common_support
3,night,6.132000000000001,-0.0016472030451403,-0.1368050783618145,0.1335106722715339,7.549999999999997,6.72,-0.6177505356605795,0.26615382593344,Early Suppression Followed by Attenuation,1.0,solid_common_support
3,night,6.16,-0.0018553183404115,-0.1373153749642071,0.1336047382833841,7.549999999999997,6.72,-0.6177505356605795,0.26615382593344,Early Suppression Followed by Attenuation,1.0,solid_common_support
3,night,6.188,-0.0020638411622514,-0.1378296986334483,0.1337020163089454,7.549999999999997,6.72,-0.6177505356605795,0.26615382593344,Early Suppression Followed by Attenuation,1.0,solid_common_support
3,night,6.216,-0.0022727511343316,-0.138348057181348,0.1338025549126847,7.549999999999997,6.72,-0.6177505356605795,0.26615382593344,Early Suppression Followed by Attenuation,1.0,solid_common_support
3,night,6.244,-0.0024820278803237,-0.138870456484411,0.1339064007237636,7.549999999999997,6.72,-0.6177505356605795,0.26615382593344,Early Suppression Followed by Attenuation,1.0,solid_common_support
3,night,6.272,-0.0026916510238992,-0.1393969004892394,0.1340135984414409,7.549999999999997,6.72,-0.6177505356605795,0.26615382593344,Early Suppression Followed by Attenuation,1.0,solid_common_support
3,night,6.3,-0.0029016001887296,-0.1399273912191025,0.1341241908416431,7.549999999999997,6.72,-0.6177505356605795,0.26615382593344,Early Suppression Followed by Attenuation,1.0,solid_common_support
3,night,6.328,-0.0031118549984866,-0.1404619287816626,0.1342382187846892,7.549999999999997,6.72,-0.6177505356605795,0.26615382593344,Early Suppression Followed by Attenuation,1.0,solid_common_support
3,night,6.356,-0.0033223950768417,-0.1410005113778446,0.134355721224161,7.549999999999997,6.72,-0.6177505356605795,0.26615382593344,Early Suppression Followed by Attenuation,1.0,solid_common_support
3,night,6.384,-0.0035332000474665,-0.1415431353118356,0.1344767352169025,7.549999999999997,6.72,-0.6177505356605795,0.26615382593344,Early Suppression Followed by Attenuation,1.0,solid_common_support
3,night,6.412,-0.0037442495340325,-0.1420897950022008,0.1346012959341356,7.549999999999997,6.72,-0.6177505356605795,0.26615382593344,Early Suppression Followed by Attenuation,1.0,solid_common_support
3,night,6.44,-0.0039555231602113,-0.1426404829940959,0.1347294366736731,7.549999999999997,6.72,-0.6177505356605795,0.26615382593344,Early Suppression Followed by Attenuation,1.0,solid_common_support
3,night,6.468,-0.0041670005496745,-0.1431951899725607,0.1348611888732116,7.549999999999997,6.72,-0.6177505356605795,0.26615382593344,Early Suppression Followed by Attenuation,1.0,solid_common_support
3,night,6.496,-0.0043786613260936,-0.1437539047768725,0.1349965821246851,7.549999999999997,6.72,-0.6177505356605795,0.26615382593344,Early Suppression Followed by Attenuation,1.0,solid_common_support
3,night,6.524,-0.0045904851131402,-0.1443166144159373,0.1351356441896568,7.549999999999997,6.72,-0.6177505356605795,0.26615382593344,Early Suppression Followed by Attenuation,1.0,solid_common_support
3,night,6.5520000000000005,-0.0048024515344859,-0.1448833040847004,0.1352784010157286,7.549999999999997,6.72,-0.6177505356605795,0.26615382593344,Early Suppression Followed by Attenuation,1.0,solid_common_support
3,night,6.58,-0.0050145402138021,-0.1454539571815467,0.1354248767539423,7.549999999999997,6.72,-0.6177505356605795,0.26615382593344,Early Suppression Followed by Attenuation,1.0,solid_common_support
3,night,6.6080000000000005,-0.0052267307747606,-0.1460285553266715,0.1355750937771503,7.549999999999997,6.72,-0.6177505356605795,0.26615382593344,Early Suppression Followed by Attenuation,1.0,solid_common_support
3,night,6.636,-0.0054390028410327,-0.1466070783813931,0.1357290726993275,7.549999999999997,6.72,-0.6177505356605795,0.26615382593344,Early Suppression Followed by Attenuation,1.0,solid_common_support
3,night,6.664,-0.0056513360362902,-0.1471895044683802,0.1358868323957996,7.549999999999997,6.72,-0.6177505356605795,0.26615382593344,Early Suppression Followed by Attenuation,1.0,solid_common_support
3,night,6.692,-0.0058637099842046,-0.1477758099927685,0.1360483900243591,7.549999999999997,6.72,-0.6177505356605795,0.26615382593344,Early Suppression Followed by Attenuation,1.0,solid_common_support
3,night,6.72,-0.0060761043084474,-0.1483659696641349,0.1362137610472401,7.549999999999997,6.72,-0.6177505356605795,0.26615382593344,Early Suppression Followed by Attenuation,1.0,solid_common_support
3,night,6.880914859375,-0.0072967453546349,-0.1518308527253296,0.1372373620160597,7.549999999999997,6.72,-0.6177505356605795,0.26615382593344,Early Suppression Followed by Attenuation,1.0,dashed_p80_tail
3,night,7.041829718750001,-0.0085173864008224,-0.1554163509344487,0.1383815781328038,7.549999999999997,6.72,-0.6177505356605795,0.26615382593344,Early Suppression Followed by Attenuation,1.0,dashed_p80_tail
3,night,7.202744578125001,-0.0097380274470098,-0.159116735922361,0.1396406810283412,7.549999999999997,6.72,-0.6177505356605795,0.26615382593344,Early Suppression Followed by Attenuation,1.0,dashed_p80_tail
3,night,7.363659437500002,-0.0109586684931973,-0.1629263837737152,0.1410090467873204,7.549999999999997,6.72,-0.6177505356605795,0.26615382593344,Early Suppression Followed by Attenuation,1.0,dashed_p80_tail
3,night,7.524574296875002,-0.0121793095393848,-0.166839807425889,0.1424811883471193,7.549999999999997,6.72,-0.6177505356605795,0.26615382593344,Early Suppression Followed by Attenuation,1.0,dashed_p80_tail
4,night,0.0,0.0,0.0,0.0,7.565000000000007,6.72,-0.396848999434475,0.27725745831695,Low-Amplitude Persistent Disturbance,1.0,solid_common_support
4,night,0.028,0.0014430880721241,-0.0001010042897952,0.0029871804340435,7.565000000000007,6.72,-0.396848999434475,0.27725745831695,Low-Amplitude Persistent Disturbance,1.0,solid_common_support
4,night,0.056,0.002885851666038,-0.0002020307824948,0.0059737341145708,7.565000000000007,6.72,-0.396848999434475,0.27725745831695,Low-Amplitude Persistent Disturbance,1.0,solid_common_support
4,night,0.084,0.0043279663035314,-0.000303101689097,0.00895903429616,7.565000000000007,6.72,-0.396848999434475,0.27725745831695,Low-Amplitude Persistent Disturbance,1.0,solid_common_support
4,night,0.112,0.0057691075063942,-0.0004042392367998,0.0119424542495883,7.565000000000007,6.72,-0.396848999434475,0.27725745831695,Low-Amplitude Persistent Disturbance,1.0,solid_common_support
4,night,0.14,0.0072089507964161,-0.0005054656771281,0.0149233672699604,7.565000000000007,6.72,-0.396848999434475,0.27725745831695,Low-Amplitude Persistent Disturbance,1.0,solid_common_support
4,night,0.168,0.0086471716953868,-0.0006068032940948,0.0179011466848685,7.565000000000007,6.72,-0.396848999434475,0.27725745831695,Low-Amplitude Persistent Disturbance,1.0,solid_common_support
4,night,0.196,0.0100834457250962,-0.000708274412406,0.0208751658625984,7.565000000000007,6.72,-0.396848999434475,0.27725745831695,Low-Amplitude Persistent Disturbance,1.0,solid_common_support
4,night,0.224,0.011517448407334,-0.0008099014057229,0.0238447982203909,7.565000000000007,6.72,-0.396848999434475,0.27725745831695,Low-Amplitude Persistent Disturbance,1.0,solid_common_support
4,night,0.252,0.0129488552638899,-0.0009117067049908,0.0268094172327707,7.565000000000007,6.72,-0.396848999434475,0.27725745831695,Low-Amplitude Persistent Disturbance,1.0,solid_common_support
4,night,0.28,0.0143773418165539,-0.001013712806847,0.0297683964399548,7.565000000000007,6.72,-0.396848999434475,0.27725745831695,Low-Amplitude Persistent Disturbance,1.0,solid_common_support
4,night,0.308,0.0158025835871155,-0.0011159422821202,0.0327211094563513,7.565000000000007,6.72,-0.396848999434475,0.27725745831695,Low-Amplitude Persistent Disturbance,1.0,solid_common_support
4,night,0.336,0.0172242560973647,-0.0012184177844323,0.0356669299791618,7.565000000000007,6.72,-0.396848999434475,0.27725745831695,Low-Amplitude Persistent Disturbance,1.0,solid_common_support
4,night,0.364,0.0186420348690912,-0.0013211620589158,0.0386052317970983,7.565000000000007,6.72,-0.396848999434475,0.27725745831695,Low-Amplitude Persistent Disturbance,1.0,solid_common_support
4,night,0.392,0.0200555954240847,-0.0014241979510593,0.0415353887992287,7.565000000000007,6.72,-0.396848999434475,0.27725745831695,Low-Amplitude Persistent Disturbance,1.0,solid_common_support
4,night,0.42,0.021464613284135,-0.0015275484156925,0.0444567749839626,7.565000000000007,6.72,-0.396848999434475,0.27725745831695,Low-Amplitude Persistent Disturbance,1.0,solid_common_support
4,night,0.448,0.022868763971032,-0.0016312365261266,0.0473687644681906,7.565000000000007,6.72,-0.396848999434475,0.27725745831695,Low-Amplitude Persistent Disturbance,1.0,solid_common_support
4,night,0.476,0.0242677230065653,-0.0017352854834609,0.0502707314965916,7.565000000000007,6.72,-0.396848999434475,0.27725745831695,Low-Amplitude Persistent Disturbance,1.0,solid_common_support
4,night,0.504,0.0256611659125247,-0.0018397186260713,0.0531620504511209,7.565000000000007,6.72,-0.396848999434475,0.27725745831695,Low-Amplitude Persistent Disturbance,1.0,solid_common_support
4,night,0.532,0.0270487682107001,-0.001944559439294,0.0560420958606943,7.565000000000007,6.72,-0.396848999434475,0.27725745831695,Low-Amplitude Persistent Disturbance,1.0,solid_common_support
4,night,0.56,0.0284302054228812,-0.0020498315653205,0.058910242411083,7.565000000000007,6.72,-0.396848999434475,0.27725745831695,Low-Amplitude Persistent Disturbance,1.0,solid_common_support
4,night,0.588,0.0298051530708577,-0.0021555588133179,0.0617658649550334,7.565000000000007,6.72,-0.396848999434475,0.27725745831695,Low-Amplitude Persistent Disturbance,1.0,solid_common_support
4,night,0.616,0.0311732866764195,-0.002261765169791,0.0646083385226302,7.565000000000007,6.72,-0.396848999434475,0.27725745831695,Low-Amplitude Persistent Disturbance,1.0,solid_common_support
4,night,0.644,0.0325342817613563,-0.0023684748092036,0.0674370383319164,7.565000000000007,6.72,-0.396848999434475,0.27725745831695,Low-Amplitude Persistent Disturbance,1.0,solid_common_support
4,night,0.672,0.0338878138474579,-0.002475712104874,0.07025133979979,7.565000000000007,6.72,-0.396848999434475,0.27725745831695,Low-Amplitude Persistent Disturbance,1.0,solid_common_support
4,night,0.7000000000000001,0.0352335584565141,-0.0025835016401651,0.0730506185531933,7.565000000000007,6.72,-0.396848999434475,0.27725745831695,Low-Amplitude Persistent Disturbance,1.0,solid_common_support
4,night,0.728,0.0365711911103146,-0.0026918682199853,0.0758342504406145,7.565000000000007,6.72,-0.396848999434475,0.27725745831695,Low-Amplitude Persistent Disturbance,1.0,solid_common_support
4,night,0.756,0.0379003873306492,-0.0028008368826218,0.0786016115439202,7.565000000000007,6.72,-0.396848999434475,0.27725745831695,Low-Amplitude Persistent Disturbance,1.0,solid_common_support
4,night,0.784,0.0392208226393077,-0.0029104329119242,0.0813520781905396,7.565000000000007,6.72,-0.396848999434475,0.27725745831695,Low-Amplitude Persistent Disturbance,1.0,solid_common_support
4,night,0.812,0.0405321725580798,-0.0030206818498619,0.0840850269660215,7.565000000000007,6.72,-0.396848999434475,0.27725745831695,Low-Amplitude Persistent Disturbance,1.0,solid_common_support
4,night,0.84,0.0418341126087553,-0.003131609509475,0.0867998347269858,7.565000000000007,6.72,-0.396848999434475,0.27725745831695,Low-Amplitude Persistent Disturbance,1.0,solid_common_support
4,night,0.868,0.0431263183131241,-0.0032432419882443,0.0894958786144926,7.565000000000007,6.72,-0.396848999434475,0.27725745831695,Low-Amplitude Persistent Disturbance,1.0,solid_common_support
4,night,0.896,0.0444084651929759,-0.0033556056819017,0.0921725360678536,7.565000000000007,6.72,-0.396848999434475,0.27725745831695,Low-Amplitude Persistent Disturbance,1.0,solid_common_support
4,night,0.924,0.0456802287701003,-0.00346872729871,0.0948291848389108,7.565000000000007,6.72,-0.396848999434475,0.27725745831695,Low-Amplitude Persistent Disturbance,1.0,solid_common_support
4,night,0.952,0.0469412845662874,-0.0035826338742347,0.0974652030068096,7.565000000000007,6.72,-0.396848999434475,0.27725745831695,Low-Amplitude Persistent Disturbance,1.0,solid_common_support
4,night,0.98,0.0481913081033267,-0.0036973527866398,0.1000799689932932,7.565000000000007,6.72,-0.396848999434475,0.27725745831695,Low-Amplitude Persistent Disturbance,1.0,solid_common_support
4,night,1.008,0.049429974903008,-0.0038129117725334,0.1026728615785496,7.565000000000007,6.72,-0.396848999434475,0.27725745831695,Low-Amplitude Persistent Disturbance,1.0,solid_common_support
4,night,1.036,0.0506569604871213,-0.0039293389433973,0.10524325991764,7.565000000000007,6.72,-0.396848999434475,0.27725745831695,Low-Amplitude Persistent Disturbance,1.0,solid_common_support
4,night,1.064,0.0518719403774561,-0.0040466628026305,0.1077905435575429,7.565000000000007,6.72,-0.396848999434475,0.27725745831695,Low-Amplitude Persistent Disturbance,1.0,solid_common_support
4,night,1.092,0.0530745900958023,-0.004164912263243,0.1103140924548478,7.565000000000007,6.72,-0.396848999434475,0.27725745831695,Low-Amplitude Persistent Disturbance,1.0,solid_common_support
4,night,1.12,0.0542645851639497,-0.0042841166662345,0.112813286994134,7.565000000000007,6.72,-0.396848999434475,0.27725745831695,Low-Amplitude Persistent Disturbance,1.0,solid_common_support
4,night,1.148,0.0554416011036881,-0.0044043057996973,0.1152875080070736,7.565000000000007,6.72,-0.396848999434475,0.27725745831695,Low-Amplitude Persistent Disturbance,1.0,solid_common_support
4,night,1.176,0.0566053134368071,-0.0045255099186837,0.1177361367922979,7.565000000000007,6.72,-0.396848999434475,0.27725745831695,Low-Amplitude Persistent Disturbance,1.0,solid_common_support
4,night,1.204,0.0577553976850966,-0.0046477597658789,0.1201585551360721,7.565000000000007,6.72,-0.396848999434475,0.27725745831695,Low-Amplitude Persistent Disturbance,1.0,solid_common_support
4,night,1.232,0.0588915293703464,-0.0047710865931271,0.12255414533382,7.565000000000007,6.72,-0.396848999434475,0.27725745831695,Low-Amplitude Persistent Disturbance,1.0,solid_common_support
4,night,1.26,0.0600133840143462,-0.004895522183856,0.1249222902125485,7.565000000000007,6.72,-0.396848999434475,0.27725745831695,Low-Amplitude Persistent Disturbance,1.0,solid_common_support
4,night,1.288,0.0611206371388858,-0.0050210988764505,0.1272623731542222,7.565000000000007,6.72,-0.396848999434475,0.27725745831695,Low-Amplitude Persistent Disturbance,1.0,solid_common_support
4,night,1.316,0.062212964265755,-0.0051478495886303,0.1295737781201404,7.565000000000007,6.72,-0.396848999434475,0.27725745831695,Low-Amplitude Persistent Disturbance,1.0,solid_common_support
4,night,1.344,0.0632900409167435,-0.0052758078428864,0.1318558896763736,7.565000000000007,6.72,-0.396848999434475,0.27725745831695,Low-Amplitude Persistent Disturbance,1.0,solid_common_support
4,night,1.372,0.0643515426136412,-0.005405007793036,0.1341080930203185,7.565000000000007,6.72,-0.396848999434475,0.27725745831695,Low-Amplitude Persistent Disturbance,1.0,solid_common_support
4,night,1.4,0.0653971448782377,-0.0055354842519612,0.1363297740084368,7.565000000000007,6.72,-0.396848999434475,0.27725745831695,Low-Amplitude Persistent Disturbance,1.0,solid_common_support
4,night,1.428,0.0664265692592949,-0.005667269230242,0.1385204077488319,7.565000000000007,6.72,-0.396848999434475,0.27725745831695,Low-Amplitude Persistent Disturbance,1.0,solid_common_support
4,night,1.456,0.0674398048578416,-0.0058003750156696,0.1406799847313528,7.565000000000007,6.72,-0.396848999434475,0.27725745831695,Low-Amplitude Persistent Disturbance,1.0,solid_common_support
4,night,1.484,0.0684369372006977,-0.0059348068309996,0.1428086812323951,7.565000000000007,6.72,-0.396848999434475,0.27725745831695,Low-Amplitude Persistent Disturbance,1.0,solid_common_support
4,night,1.512,0.0694180519434786,-0.0060705700666335,0.1449066739535908,7.565000000000007,6.72,-0.396848999434475,0.27725745831695,Low-Amplitude Persistent Disturbance,1.0,solid_common_support
4,night,1.54,0.0703832347417997,-0.006207670283698,0.1469741397672975,7.565000000000007,6.72,-0.396848999434475,0.27725745831695,Low-Amplitude Persistent Disturbance,1.0,solid_common_support
4,night,1.568,0.0713325712512763,-0.006346113208279,0.1490112557108318,7.565000000000007,6.72,-0.396848999434475,0.27725745831695,Low-Amplitude Persistent Disturbance,1.0,solid_common_support
4,night,1.596,0.0722661471275239,-0.0064859047264181,0.1510181989814659,7.565000000000007,6.72,-0.396848999434475,0.27725745831695,Low-Amplitude Persistent Disturbance,1.0,solid_common_support
4,night,1.624,0.0731840480261577,-0.0066270508797716,0.152995146932087,7.565000000000007,6.72,-0.396848999434475,0.27725745831695,Low-Amplitude Persistent Disturbance,1.0,solid_common_support
4,night,1.652,0.0740863596027932,-0.0067695578618484,0.1549422770674349,7.565000000000007,6.72,-0.396848999434475,0.27725745831695,Low-Amplitude Persistent Disturbance,1.0,solid_common_support
4,night,1.68,0.0749731675130457,-0.0069134320147523,0.1568597670408439,7.565000000000007,6.72,-0.396848999434475,0.27725745831695,Low-Amplitude Persistent Disturbance,1.0,solid_common_support
4,night,1.708,0.0758445574125307,-0.0070586798263673,0.1587477946514288,7.565000000000007,6.72,-0.396848999434475,0.27725745831695,Low-Amplitude Persistent Disturbance,1.0,solid_common_support
4,night,1.736,0.0767006149568634,-0.0072053079279302,0.1606065378416572,7.565000000000007,6.72,-0.396848999434475,0.27725745831695,Low-Amplitude Persistent Disturbance,1.0,solid_common_support
4,night,1.764,0.0775414258016593,-0.0073533230919455,0.1624361746952643,7.565000000000007,6.72,-0.396848999434475,0.27725745831695,Low-Amplitude Persistent Disturbance,1.0,solid_common_support
4,night,1.792,0.0783670756025338,-0.0075027322303998,0.1642368834354674,7.565000000000007,6.72,-0.396848999434475,0.27725745831695,Low-Amplitude Persistent Disturbance,1.0,solid_common_support
4,night,1.82,0.0791776500151022,-0.0076535423932413,0.1660088424234457,7.565000000000007,6.72,-0.396848999434475,0.27725745831695,Low-Amplitude Persistent Disturbance,1.0,solid_common_support
4,night,1.848,0.0799732346949798,-0.0078057607670939,0.1677522301570537,7.565000000000007,6.72,-0.396848999434475,0.27725745831695,Low-Amplitude Persistent Disturbance,1.0,solid_common_support
4,night,1.876,0.0807539152977822,-0.0079593946741768,0.1694672252697412,7.565000000000007,6.72,-0.396848999434475,0.27725745831695,Low-Amplitude Persistent Disturbance,1.0,solid_common_support
4,night,1.904,0.0815197774791246,-0.0081144515714079,0.1711540065296571,7.565000000000007,6.72,-0.396848999434475,0.27725745831695,Low-Amplitude Persistent Disturbance,1.0,solid_common_support
4,night,1.932,0.0822709068946224,-0.008270939049668,0.1728127528389128,7.565000000000007,6.72,-0.396848999434475,0.27725745831695,Low-Amplitude Persistent Disturbance,1.0,solid_common_support
4,night,1.96,0.083007389199891,-0.0084288648332091,0.1744436432329912,7.565000000000007,6.72,-0.396848999434475,0.27725745831695,Low-Amplitude Persistent Disturbance,1.0,solid_common_support
4,night,1.988,0.0837293100505458,-0.0085882367791882,0.1760468568802799,7.565000000000007,6.72,-0.396848999434475,0.27725745831695,Low-Amplitude Persistent Disturbance,1.0,solid_common_support
4,night,2.016,0.0844367551022021,-0.0087490628773139,0.1776225730817182,7.565000000000007,6.72,-0.396848999434475,0.27725745831695,Low-Amplitude Persistent Disturbance,1.0,solid_common_support
4,night,2.044,0.0851298100104753,-0.0089113512495908,0.1791709712705415,7.565000000000007,6.72,-0.396848999434475,0.27725745831695,Low-Amplitude Persistent Disturbance,1.0,solid_common_support
4,night,2.072,0.0858085604309809,-0.009075110150152,0.1806922310121139,7.565000000000007,6.72,-0.396848999434475,0.27725745831695,Low-Amplitude Persistent Disturbance,1.0,solid_common_support
4,night,2.1,0.0864730920193341,-0.009240347965167,0.1821865320038354,7.565000000000007,6.72,-0.396848999434475,0.27725745831695,Low-Amplitude Persistent Disturbance,1.0,solid_common_support
4,night,2.128,0.0871234904311504,-0.0094070732128177,0.1836540540751186,7.565000000000007,6.72,-0.396848999434475,0.27725745831695,Low-Amplitude Persistent Disturbance,1.0,solid_common_support
4,night,2.156,0.0877598413220451,-0.0095752945433316,0.1850949771874218,7.565000000000007,6.72,-0.396848999434475,0.27725745831695,Low-Amplitude Persistent Disturbance,1.0,solid_common_support
4,night,2.184,0.0883822303476336,-0.0097450207390666,0.1865094814343339,7.565000000000007,6.72,-0.396848999434475,0.27725745831695,Low-Amplitude Persistent Disturbance,1.0,solid_common_support
4,night,2.212,0.0889907431635313,-0.0099162607146389,0.1878977470417015,7.565000000000007,6.72,-0.396848999434475,0.27725745831695,Low-Amplitude Persistent Disturbance,1.0,solid_common_support
4,night,2.24,0.0895854654253535,-0.0100890235170874,0.1892599543677944,7.565000000000007,6.72,-0.396848999434475,0.27725745831695,Low-Amplitude Persistent Disturbance,1.0,solid_common_support
4,night,2.268,0.0901664827887156,-0.0102633183260703,0.1905962839035016,7.565000000000007,6.72,-0.396848999434475,0.27725745831695,Low-Amplitude Persistent Disturbance,1.0,solid_common_support
4,night,2.2960000000000003,0.0907338809092331,-0.0104391544540857,0.1919069162725519,7.565000000000007,6.72,-0.396848999434475,0.27725745831695,Low-Amplitude Persistent Disturbance,1.0,solid_common_support
4,night,2.324,0.0912877454425212,-0.0106165413467139,0.1931920322317565,7.565000000000007,6.72,-0.396848999434475,0.27725745831695,Low-Amplitude Persistent Disturbance,1.0,solid_common_support
4,night,2.352,0.0918281620441954,-0.0107954885828745,0.1944518126712653,7.565000000000007,6.72,-0.396848999434475,0.27725745831695,Low-Amplitude Persistent Disturbance,1.0,solid_common_support
4,night,2.38,0.092355216369871,-0.0109760058750949,0.1956864386148371,7.565000000000007,6.72,-0.396848999434475,0.27725745831695,Low-Amplitude Persistent Disturbance,1.0,solid_common_support
4,night,2.408,0.0928689940751635,-0.0111581030697863,0.1968960912201133,7.565000000000007,6.72,-0.396848999434475,0.27725745831695,Low-Amplitude Persistent Disturbance,1.0,solid_common_support
4,night,2.436,0.0933695808156881,-0.0113417901475212,0.1980809517788974,7.565000000000007,6.72,-0.396848999434475,0.27725745831695,Low-Amplitude Persistent Disturbance,1.0,solid_common_support
4,night,2.464,0.0938570622470602,-0.0115270772233126,0.1992412017174331,7.565000000000007,6.72,-0.396848999434475,0.27725745831695,Low-Amplitude Persistent Disturbance,1.0,solid_common_support
4,night,2.492,0.0943315240248953,-0.0117139745468868,0.2003770225966775,7.565000000000007,6.72,-0.396848999434475,0.27725745831695,Low-Amplitude Persistent Disturbance,1.0,solid_common_support
4,night,2.52,0.0947930518048087,-0.0119024925029494,0.2014885961125668,7.565000000000007,6.72,-0.396848999434475,0.27725745831695,Low-Amplitude Persistent Disturbance,1.0,solid_common_support
4,night,2.548,0.0952417312424157,-0.0120926416114406,0.2025761040962722,7.565000000000007,6.72,-0.396848999434475,0.27725745831695,Low-Amplitude Persistent Disturbance,1.0,solid_common_support
4,night,2.576,0.0956776479933319,-0.0122844325277759,0.2036397285144397,7.565000000000007,6.72,-0.396848999434475,0.27725745831695,Low-Amplitude Persistent Disturbance,1.0,solid_common_support
4,night,2.604,0.0961008877131725,-0.0124778760430696,0.2046796514694146,7.565000000000007,6.72,-0.396848999434475,0.27725745831695,Low-Amplitude Persistent Disturbance,1.0,solid_common_support
4,night,2.632,0.0965115360575528,-0.0126729830843386,0.2056960551994444,7.565000000000007,6.72,-0.396848999434475,0.27725745831695,Low-Amplitude Persistent Disturbance,1.0,solid_common_support
4,night,2.66,0.0969096786820884,-0.0128697647146824,0.2066891220788592,7.565000000000007,6.72,-0.396848999434475,0.27725745831695,Low-Amplitude Persistent Disturbance,1.0,solid_common_support
4,night,2.688,0.0972954012423945,-0.0130682321334374,0.2076590346182265,7.565000000000007,6.72,-0.396848999434475,0.27725745831695,Low-Amplitude Persistent Disturbance,1.0,solid_common_support
4,night,2.716,0.0976687893940865,-0.0132683966763023,0.2086059754644755,7.565000000000007,6.72,-0.396848999434475,0.27725745831695,Low-Amplitude Persistent Disturbance,1.0,solid_common_support
4,night,2.744,0.0980299287927799,-0.0134702698154321,0.2095301274009919,7.565000000000007,6.72,-0.396848999434475,0.27725745831695,Low-Amplitude Persistent Disturbance,1.0,solid_common_support
4,night,2.772,0.0983789050940899,-0.0136738631594967,0.2104316733476766,7.565000000000007,6.72,-0.396848999434475,0.27725745831695,Low-Amplitude Persistent Disturbance,1.0,solid_common_support
4,night,2.8000000000000003,0.098715803953632,-0.0138791884537035,0.2113107963609677,7.565000000000007,6.72,-0.396848999434475,0.27725745831695,Low-Amplitude Persistent Disturbance,1.0,solid_common_support
4,night,2.828,0.0990407110270215,-0.0140862575797793,0.2121676796338225,7.565000000000007,6.72,-0.396848999434475,0.27725745831695,Low-Amplitude Persistent Disturbance,1.0,solid_common_support
4,night,2.856,0.0993537119698739,-0.0142950825559091,0.2130025064956569,7.565000000000007,6.72,-0.396848999434475,0.27725745831695,Low-Amplitude Persistent Disturbance,1.0,solid_common_support
4,night,2.884,0.0996548924378044,-0.01450567553663,0.213815460412239,7.565000000000007,6.72,-0.396848999434475,0.27725745831695,Low-Amplitude Persistent Disturbance,1.0,solid_common_support
4,night,2.912,0.0999443380864285,-0.0147180488126768,0.214606724985534,7.565000000000007,6.72,-0.396848999434475,0.27725745831695,Low-Amplitude Persistent Disturbance,1.0,solid_common_support
4,night,2.94,0.1002221345713616,-0.0149322148107757,0.2153764839534989,7.565000000000007,6.72,-0.396848999434475,0.27725745831695,Low-Amplitude Persistent Disturbance,1.0,solid_common_support
4,night,2.968,0.1004883675482189,-0.0151481860933845,0.2161249211898225,7.565000000000007,6.72,-0.396848999434475,0.27725745831695,Low-Amplitude Persistent Disturbance,1.0,solid_common_support
4,night,2.996,0.100743122672616,-0.0153659753583766,0.2168522207036086,7.565000000000007,6.72,-0.396848999434475,0.27725745831695,Low-Amplitude Persistent Disturbance,1.0,solid_common_support
4,night,3.024,0.100986485600168,-0.015585595438664,0.2175585666390002,7.565000000000007,6.72,-0.396848999434475,0.27725745831695,Low-Amplitude Persistent Disturbance,1.0,solid_common_support
4,night,3.052,0.1012185419864906,-0.0158070593017586,0.2182441432747399,7.565000000000007,6.72,-0.396848999434475,0.27725745831695,Low-Amplitude Persistent Disturbance,1.0,solid_common_support
4,night,3.08,0.101439377487199,-0.016030380049268,0.218909135023666,7.565000000000007,6.72,-0.396848999434475,0.27725745831695,Low-Amplitude Persistent Disturbance,1.0,solid_common_support
4,night,3.108,0.1016490777579085,-0.0162555709163221,0.2195537264321392,7.565000000000007,6.72,-0.396848999434475,0.27725745831695,Low-Amplitude Persistent Disturbance,1.0,solid_common_support
4,night,3.136,0.1018477284542346,-0.016482645270929,0.2201781021793983,7.565000000000007,6.72,-0.396848999434475,0.27725745831695,Low-Amplitude Persistent Disturbance,1.0,solid_common_support
4,night,3.164,0.1020354152317926,-0.0167116166132553,0.2207824470768407,7.565000000000007,6.72,-0.396848999434475,0.27725745831695,Low-Amplitude Persistent Disturbance,1.0,solid_common_support
4,night,3.192,0.1022122237461981,-0.0169424985748297,0.2213669460672259,7.565000000000007,6.72,-0.396848999434475,0.27725745831695,Low-Amplitude Persistent Disturbance,1.0,solid_common_support
4,night,3.22,0.1023782396530661,-0.0171753049176647,0.221931784223797,7.565000000000007,6.72,-0.396848999434475,0.27725745831695,Low-Amplitude Persistent Disturbance,1.0,solid_common_support
4,night,3.248,0.1025335486080122,-0.0174100495332949,0.2224771467493195,7.565000000000007,6.72,-0.396848999434475,0.27725745831695,Low-Amplitude Persistent Disturbance,1.0,solid_common_support
4,night,3.276,0.1026782362666518,-0.0176467464417276,0.2230032189750314,7.565000000000007,6.72,-0.396848999434475,0.27725745831695,Low-Amplitude Persistent Disturbance,1.0,solid_common_support
4,night,3.3040000000000003,0.1028123882846002,-0.0178854097903027,0.2235101863595032,7.565000000000007,6.72,-0.396848999434475,0.27725745831695,Low-Amplitude Persistent Disturbance,1.0,solid_common_support
4,night,3.332,0.1029360903174728,-0.0181260538524587,0.2239982344874044,7.565000000000007,6.72,-0.396848999434475,0.27725745831695,Low-Amplitude Persistent Disturbance,1.0,solid_common_support
4,night,3.36,0.103049428020885,-0.0183686930264012,0.2244675490681712,7.565000000000007,6.72,-0.396848999434475,0.27725745831695,Low-Amplitude Persistent Disturbance,1.0,solid_common_support
4,night,3.388,0.1031524870504521,-0.0186133418336702,0.2249183159345744,7.565000000000007,6.72,-0.396848999434475,0.27725745831695,Low-Amplitude Persistent Disturbance,1.0,solid_common_support
4,night,3.416,0.1032453530617895,-0.0188600149176033,0.2253507210411823,7.565000000000007,6.72,-0.396848999434475,0.27725745831695,Low-Amplitude Persistent Disturbance,1.0,solid_common_support
4,night,3.444,0.1033281117105126,-0.0191087270416907,0.225764950462716,7.565000000000007,6.72,-0.396848999434475,0.27725745831695,Low-Amplitude Persistent Disturbance,1.0,solid_common_support
4,night,3.472,0.1034008486522368,-0.0193594930878184,0.226161190392292,7.565000000000007,6.72,-0.396848999434475,0.27725745831695,Low-Amplitude Persistent Disturbance,1.0,solid_common_support
4,night,3.5,0.1034636495425774,-0.0196123280543964,0.2265396271395513,7.565000000000007,6.72,-0.396848999434475,0.27725745831695,Low-Amplitude Persistent Disturbance,1.0,solid_common_support
4,night,3.528,0.1035166000371499,-0.0198672470543674,0.2269004471286673,7.565000000000007,6.72,-0.396848999434475,0.27725745831695,Low-Amplitude Persistent Disturbance,1.0,solid_common_support
4,night,3.556,0.1035597857915695,-0.0201242653130929,0.2272438368962321,7.565000000000007,6.72,-0.396848999434475,0.27725745831695,Low-Amplitude Persistent Disturbance,1.0,solid_common_support
4,night,3.584,0.1035932924614518,-0.0203833981661128,0.2275699830890165,7.565000000000007,6.72,-0.396848999434475,0.27725745831695,Low-Amplitude Persistent Disturbance,1.0,solid_common_support
4,night,3.612,0.103617205702412,-0.0206446610567736,0.2278790724615976,7.565000000000007,6.72,-0.396848999434475,0.27725745831695,Low-Amplitude Persistent Disturbance,1.0,solid_common_support
4,night,3.64,0.1036316111700655,-0.0209080695337229,0.228171291873854,7.565000000000007,6.72,-0.396848999434475,0.27725745831695,Low-Amplitude Persistent Disturbance,1.0,solid_common_support
4,night,3.668,0.1036365945200277,-0.0211736392482655,0.228446828288321,7.565000000000007,6.72,-0.396848999434475,0.27725745831695,Low-Amplitude Persistent Disturbance,1.0,solid_common_support
4,night,3.696,0.103632241407914,-0.021441385951576,0.228705868767404,7.565000000000007,6.72,-0.396848999434475,0.27725745831695,Low-Amplitude Persistent Disturbance,1.0,solid_common_support
4,night,3.724,0.1036186374893397,-0.0217113254917653,0.2289486004704448,7.565000000000007,6.72,-0.396848999434475,0.27725745831695,Low-Amplitude Persistent Disturbance,1.0,solid_common_support
4,night,3.752,0.1035958684199202,-0.0219834738107976,0.2291752106506382,7.565000000000007,6.72,-0.396848999434475,0.27725745831695,Low-Amplitude Persistent Disturbance,1.0,solid_common_support
4,night,3.78,0.103564019855271,-0.02225784694125,0.2293858866517921,7.565000000000007,6.72,-0.396848999434475,0.27725745831695,Low-Amplitude Persistent Disturbance,1.0,solid_common_support
4,night,3.808,0.1035231774510073,-0.0225344610029156,0.2295808159049304,7.565000000000007,6.72,-0.396848999434475,0.27725745831695,Low-Amplitude Persistent Disturbance,1.0,solid_common_support
4,night,3.836,0.1034734268627446,-0.0228133321992419,0.2297601859247313,7.565000000000007,6.72,-0.396848999434475,0.27725745831695,Low-Amplitude Persistent Disturbance,1.0,solid_common_support
4,night,3.864,0.1034148537460983,-0.0230944768136023,0.2299241843057989,7.565000000000007,6.72,-0.396848999434475,0.27725745831695,Low-Amplitude Persistent Disturbance,1.0,solid_common_support
4,night,3.892,0.1033475437566836,-0.0233779112053955,0.2300729987187627,7.565000000000007,6.72,-0.396848999434475,0.27725745831695,Low-Amplitude Persistent Disturbance,1.0,solid_common_support
4,night,3.92,0.103271582550116,-0.0236636518059695,0.2302068169062016,7.565000000000007,6.72,-0.396848999434475,0.27725745831695,Low-Amplitude Persistent Disturbance,1.0,solid_common_support
4,night,3.948,0.1031870557820108,-0.0239517151143648,0.2303258266783865,7.565000000000007,6.72,-0.396848999434475,0.27725745831695,Low-Amplitude Persistent Disturbance,1.0,solid_common_support
4,night,3.976,0.1030940491079835,-0.0242421176928731,0.2304302159088401,7.565000000000007,6.72,-0.396848999434475,0.27725745831695,Low-Amplitude Persistent Disturbance,1.0,solid_common_support
4,night,4.004,0.1029926481836494,-0.0245348761624071,0.2305201725297059,7.565000000000007,6.72,-0.396848999434475,0.27725745831695,Low-Amplitude Persistent Disturbance,1.0,solid_common_support
4,night,4.032,0.1028829386646238,-0.0248300071976773,0.2305958845269251,7.565000000000007,6.72,-0.396848999434475,0.27725745831695,Low-Amplitude Persistent Disturbance,1.0,solid_common_support
4,night,4.0600000000000005,0.1027650062065223,-0.0251275275221711,0.2306575399352158,7.565000000000007,6.72,-0.396848999434475,0.27725745831695,Low-Amplitude Persistent Disturbance,1.0,solid_common_support
4,night,4.088,0.10263893646496,-0.0254274539029301,0.2307053268328503,7.565000000000007,6.72,-0.396848999434475,0.27725745831695,Low-Amplitude Persistent Disturbance,1.0,solid_common_support
4,night,4.116,0.1025048150955525,-0.025729803145121,0.2307394333362261,7.565000000000007,6.72,-0.396848999434475,0.27725745831695,Low-Amplitude Persistent Disturbance,1.0,solid_common_support
4,night,4.144,0.102362727753915,-0.0260345920863968,0.230760047594227,7.565000000000007,6.72,-0.396848999434475,0.27725745831695,Low-Amplitude Persistent Disturbance,1.0,solid_common_support
4,night,4.172,0.102212760095663,-0.0263418375910428,0.230767357782369,7.565000000000007,6.72,-0.396848999434475,0.27725745831695,Low-Amplitude Persistent Disturbance,1.0,solid_common_support
4,night,4.2,0.1020549977764119,-0.0266515565439043,0.2307615520967282,7.565000000000007,6.72,-0.396848999434475,0.27725745831695,Low-Amplitude Persistent Disturbance,1.0,solid_common_support
4,night,4.228,0.1018895264517769,-0.026963765844091,0.230742818747645,7.565000000000007,6.72,-0.396848999434475,0.27725745831695,Low-Amplitude Persistent Disturbance,1.0,solid_common_support
4,night,4.256,0.1017164317773735,-0.0272784823984548,0.230711345953202,7.565000000000007,6.72,-0.396848999434475,0.27725745831695,Low-Amplitude Persistent Disturbance,1.0,solid_common_support
4,night,4.284,0.1015357994088171,-0.0275957231148362,0.2306673219324706,7.565000000000007,6.72,-0.396848999434475,0.27725745831695,Low-Amplitude Persistent Disturbance,1.0,solid_common_support
4,night,4.312,0.101347715001723,-0.0279155048950761,0.2306109348985222,7.565000000000007,6.72,-0.396848999434475,0.27725745831695,Low-Amplitude Persistent Disturbance,1.0,solid_common_support
4,night,4.34,0.1011522642117067,-0.0282378446277884,0.2305423730512019,7.565000000000007,6.72,-0.396848999434475,0.27725745831695,Low-Amplitude Persistent Disturbance,1.0,solid_common_support
4,night,4.368,0.1009495326943834,-0.0285627591808905,0.2304618245696574,7.565000000000007,6.72,-0.396848999434475,0.27725745831695,Low-Amplitude Persistent Disturbance,1.0,solid_common_support
4,night,4.396,0.1007396061053686,-0.0288902653938867,0.230369477604624,7.565000000000007,6.72,-0.396848999434475,0.27725745831695,Low-Amplitude Persistent Disturbance,1.0,solid_common_support
4,night,4.424,0.1005225701002776,-0.0292203800699029,0.2302655202704583,7.565000000000007,6.72,-0.396848999434475,0.27725745831695,Low-Amplitude Persistent Disturbance,1.0,solid_common_support
4,night,4.452,0.1002985103347259,-0.0295531199674664,0.2301501406369183,7.565000000000007,6.72,-0.396848999434475,0.27725745831695,Low-Amplitude Persistent Disturbance,1.0,solid_common_support
4,night,4.48,0.1000675124643287,-0.0298885017920308,0.2300235267206882,7.565000000000007,6.72,-0.396848999434475,0.27725745831695,Low-Amplitude Persistent Disturbance,1.0,solid_common_support
4,night,4.508,0.0998296621447015,-0.0302265421872394,0.2298858664766425,7.565000000000007,6.72,-0.396848999434475,0.27725745831695,Low-Amplitude Persistent Disturbance,1.0,solid_common_support
4,night,4.5360000000000005,0.0995850450314596,-0.0305672577259273,0.2297373477888467,7.565000000000007,6.72,-0.396848999434475,0.27725745831695,Low-Amplitude Persistent Disturbance,1.0,solid_common_support
4,night,4.564,0.0993337467802184,-0.0309106649008565,0.2295781584612934,7.565000000000007,6.72,-0.396848999434475,0.27725745831695,Low-Amplitude Persistent Disturbance,1.0,solid_common_support
4,night,4.5920000000000005,0.0990758530465934,-0.0312567801151832,0.22940848620837,7.565000000000007,6.72,-0.396848999434475,0.27725745831695,Low-Amplitude Persistent Disturbance,1.0,solid_common_support
4,night,4.62,0.0988114494861998,-0.0316056196726545,0.2292285186450542,7.565000000000007,6.72,-0.396848999434475,0.27725745831695,Low-Amplitude Persistent Disturbance,1.0,solid_common_support
4,night,4.648,0.098540621754653,-0.0319571997675313,0.2290384432768374,7.565000000000007,6.72,-0.396848999434475,0.27725745831695,Low-Amplitude Persistent Disturbance,1.0,solid_common_support
4,night,4.676,0.0982634555075684,-0.0323115364742362,0.2288384474893731,7.565000000000007,6.72,-0.396848999434475,0.27725745831695,Low-Amplitude Persistent Disturbance,1.0,solid_common_support
4,night,4.704,0.0979800364005615,-0.0326686457367246,0.2286287185378477,7.565000000000007,6.72,-0.396848999434475,0.27725745831695,Low-Amplitude Persistent Disturbance,1.0,solid_common_support
4,night,4.732,0.0976904500892475,-0.033028543357577,0.228409443536072,7.565000000000007,6.72,-0.396848999434475,0.27725745831695,Low-Amplitude Persistent Disturbance,1.0,solid_common_support
4,night,4.76,0.0973947822292418,-0.0333912449868107,0.2281808094452944,7.565000000000007,6.72,-0.396848999434475,0.27725745831695,Low-Amplitude Persistent Disturbance,1.0,solid_common_support
4,night,4.788,0.0970931184761599,-0.0337567661104115,0.2279430030627314,7.565000000000007,6.72,-0.396848999434475,0.27725745831695,Low-Amplitude Persistent Disturbance,1.0,solid_common_support
4,night,4.816,0.0967855444856171,-0.0341251220385829,0.2276962110098171,7.565000000000007,6.72,-0.396848999434475,0.27725745831695,Low-Amplitude Persistent Disturbance,1.0,solid_common_support
4,night,4.844,0.0964721459132287,-0.0344963278937128,0.2274406197201703,7.565000000000007,6.72,-0.396848999434475,0.27725745831695,Low-Amplitude Persistent Disturbance,1.0,solid_common_support
4,night,4.872,0.0961530084146102,-0.0348703985980584,0.2271764154272789,7.565000000000007,6.72,-0.396848999434475,0.27725745831695,Low-Amplitude Persistent Disturbance,1.0,solid_common_support
4,night,4.9,0.0958282176453769,-0.0352473488611481,0.226903784151902,7.565000000000007,6.72,-0.396848999434475,0.27725745831695,Low-Amplitude Persistent Disturbance,1.0,solid_common_support
4,night,4.928,0.0954978592611442,-0.0356271931669021,0.2266229116891906,7.565000000000007,6.72,-0.396848999434475,0.27725745831695,Low-Amplitude Persistent Disturbance,1.0,solid_common_support
4,night,4.956,0.0951620189175274,-0.036009945760472,0.226333983595527,7.565000000000007,6.72,-0.396848999434475,0.27725745831695,Low-Amplitude Persistent Disturbance,1.0,solid_common_support
4,night,4.984,0.0948207822701421,-0.0363956206348004,0.2260371851750846,7.565000000000007,6.72,-0.396848999434475,0.27725745831695,Low-Amplitude Persistent Disturbance,1.0,solid_common_support
4,night,5.0120000000000005,0.0944742349746034,-0.0367842315169028,0.2257327014661096,7.565000000000007,6.72,-0.396848999434475,0.27725745831695,Low-Amplitude Persistent Disturbance,1.0,solid_common_support
4,night,5.04,0.0941224626865268,-0.0371757918538735,0.2254207172269273,7.565000000000007,6.72,-0.396848999434475,0.27725745831695,Low-Amplitude Persistent Disturbance,1.0,solid_common_support
4,night,5.0680000000000005,0.0937655510615277,-0.037570314798618,0.2251014169216735,7.565000000000007,6.72,-0.396848999434475,0.27725745831695,Low-Amplitude Persistent Disturbance,1.0,solid_common_support
4,night,5.096,0.0934035857552215,-0.0379678131953143,0.2247749847057573,7.565000000000007,6.72,-0.396848999434475,0.27725745831695,Low-Amplitude Persistent Disturbance,1.0,solid_common_support
4,night,5.124,0.0930366524232234,-0.0383682995646079,0.2244416044110548,7.565000000000007,6.72,-0.396848999434475,0.27725745831695,Low-Amplitude Persistent Disturbance,1.0,solid_common_support
4,night,5.152,0.092664836721149,-0.0387717860885418,0.2241014595308398,7.565000000000007,6.72,-0.396848999434475,0.27725745831695,Low-Amplitude Persistent Disturbance,1.0,solid_common_support
4,night,5.18,0.0922882243046135,-0.039178284595229,0.2237547332044562,7.565000000000007,6.72,-0.396848999434475,0.27725745831695,Low-Amplitude Persistent Disturbance,1.0,solid_common_support
4,night,5.208,0.0919069008292324,-0.0395878065432692,0.2234016082017342,7.565000000000007,6.72,-0.396848999434475,0.27725745831695,Low-Amplitude Persistent Disturbance,1.0,solid_common_support
4,night,5.236,0.091520951950621,-0.0400003630059168,0.223042266907159,7.565000000000007,6.72,-0.396848999434475,0.27725745831695,Low-Amplitude Persistent Disturbance,1.0,solid_common_support
4,night,5.264,0.0911304633243948,-0.0404159646550054,0.222676891303795,7.565000000000007,6.72,-0.396848999434475,0.27725745831695,Low-Amplitude Persistent Disturbance,1.0,solid_common_support
4,night,5.292,0.090735520606169,-0.0408346217446351,0.2223056629569731,7.565000000000007,6.72,-0.396848999434475,0.27725745831695,Low-Amplitude Persistent Disturbance,1.0,solid_common_support
4,night,5.32,0.090336209451559,-0.0412563440946295,0.2219287629977476,7.565000000000007,6.72,-0.396848999434475,0.27725745831695,Low-Amplitude Persistent Disturbance,1.0,solid_common_support
4,night,5.348,0.0899326155161803,-0.0416811410737695,0.2215463721061301,7.565000000000007,6.72,-0.396848999434475,0.27725745831695,Low-Amplitude Persistent Disturbance,1.0,solid_common_support
4,night,5.376,0.0895248244556481,-0.042109021582812,0.2211586704941084,7.565000000000007,6.72,-0.396848999434475,0.27725745831695,Low-Amplitude Persistent Disturbance,1.0,solid_common_support
4,night,5.404,0.089112921925578,-0.0425399940373025,0.2207658378884586,7.565000000000007,6.72,-0.396848999434475,0.27725745831695,Low-Amplitude Persistent Disturbance,1.0,solid_common_support
4,night,5.432,0.0886969935815852,-0.0429740663501893,0.2203680535133598,7.565000000000007,6.72,-0.396848999434475,0.27725745831695,Low-Amplitude Persistent Disturbance,1.0,solid_common_support
4,night,5.46,0.0882771250792852,-0.0434112459142499,0.2199654960728203,7.565000000000007,6.72,-0.396848999434475,0.27725745831695,Low-Amplitude Persistent Disturbance,1.0,solid_common_support
4,night,5.488,0.0878534020742932,-0.0438515395843402,0.2195583437329266,7.565000000000007,6.72,-0.396848999434475,0.27725745831695,Low-Amplitude Persistent Disturbance,1.0,solid_common_support
4,night,5.516,0.0874259102222247,-0.0442949536594759,0.2191467741039254,7.565000000000007,6.72,-0.396848999434475,0.27725745831695,Low-Amplitude Persistent Disturbance,1.0,solid_common_support
4,night,5.5440000000000005,0.0869947351786951,-0.0447414938647585,0.2187309642221487,7.565000000000007,6.72,-0.396848999434475,0.27725745831695,Low-Amplitude Persistent Disturbance,1.0,solid_common_support
4,night,5.572,0.0865599625993197,-0.0451911653331572,0.2183110905317967,7.565000000000007,6.72,-0.396848999434475,0.27725745831695,Low-Amplitude Persistent Disturbance,1.0,solid_common_support
4,night,5.6000000000000005,0.0861216781397139,-0.0456439725871604,0.2178873288665883,7.565000000000007,6.72,-0.396848999434475,0.27725745831695,Low-Amplitude Persistent Disturbance,1.0,solid_common_support
4,night,5.628,0.0856799674554931,-0.0460999195203078,0.2174598544312941,7.565000000000007,6.72,-0.396848999434475,0.27725745831695,Low-Amplitude Persistent Disturbance,1.0,solid_common_support
4,night,5.656,0.0852349162022727,-0.0465590093786192,0.2170288417831646,7.565000000000007,6.72,-0.396848999434475,0.27725745831695,Low-Amplitude Persistent Disturbance,1.0,solid_common_support
4,night,5.684,0.084786610035668,-0.0470212447419323,0.2165944648132683,7.565000000000007,6.72,-0.396848999434475,0.27725745831695,Low-Amplitude Persistent Disturbance,1.0,solid_common_support
4,night,5.712,0.0843351346112944,-0.0474866275051656,0.2161568967277544,7.565000000000007,6.72,-0.396848999434475,0.27725745831695,Low-Amplitude Persistent Disturbance,1.0,solid_common_support
4,night,5.74,0.0838805755847672,-0.0479551588595214,0.215716310029056,7.565000000000007,6.72,-0.396848999434475,0.27725745831695,Low-Amplitude Persistent Disturbance,1.0,solid_common_support
4,night,5.768,0.083423018611702,-0.0484268392736445,0.2152728764970486,7.565000000000007,6.72,-0.396848999434475,0.27725745831695,Low-Amplitude Persistent Disturbance,1.0,solid_common_support
4,night,5.796,0.0829625493477139,-0.048901668474754,0.214826767170182,7.565000000000007,6.72,-0.396848999434475,0.27725745831695,Low-Amplitude Persistent Disturbance,1.0,solid_common_support
4,night,5.824,0.0824992534484185,-0.0493796454297644,0.2143781523266016,7.565000000000007,6.72,-0.396848999434475,0.27725745831695,Low-Amplitude Persistent Disturbance,1.0,solid_common_support
4,night,5.852,0.0820332165694311,-0.0498607683264142,0.2139272014652765,7.565000000000007,6.72,-0.396848999434475,0.27725745831695,Low-Amplitude Persistent Disturbance,1.0,solid_common_support
4,night,5.88,0.081564524366367,-0.0503450345544196,0.2134740832871538,7.565000000000007,6.72,-0.396848999434475,0.27725745831695,Low-Amplitude Persistent Disturbance,1.0,solid_common_support
4,night,5.908,0.0810932624948417,-0.0508324406866729,0.2130189656763563,7.565000000000007,6.72,-0.396848999434475,0.27725745831695,Low-Amplitude Persistent Disturbance,1.0,solid_common_support
4,night,5.936,0.0806195166104705,-0.0513229824605027,0.2125620156814438,7.565000000000007,6.72,-0.396848999434475,0.27725745831695,Low-Amplitude Persistent Disturbance,1.0,solid_common_support
4,night,5.964,0.0801433723688687,-0.0518166547590186,0.2121033994967561,7.565000000000007,6.72,-0.396848999434475,0.27725745831695,Low-Amplitude Persistent Disturbance,1.0,solid_common_support
4,night,5.992,0.0796649154256518,-0.0523134515925562,0.21164328244386,7.565000000000007,6.72,-0.396848999434475,0.27725745831695,Low-Amplitude Persistent Disturbance,1.0,solid_common_support
4,night,6.0200000000000005,0.0791842314364352,-0.0528133660802473,0.2111818289531178,7.565000000000007,6.72,-0.396848999434475,0.27725745831695,Low-Amplitude Persistent Disturbance,1.0,solid_common_support
4,night,6.048,0.0787014060568342,-0.0533163904317323,0.2107192025454007,7.565000000000007,6.72,-0.396848999434475,0.27725745831695,Low-Amplitude Persistent Disturbance,1.0,solid_common_support
4,night,6.0760000000000005,0.0782165249424641,-0.0538225159290382,0.2102555658139666,7.565000000000007,6.72,-0.396848999434475,0.27725745831695,Low-Amplitude Persistent Disturbance,1.0,solid_common_support
4,night,6.104,0.0777296737489405,-0.0543317329086432,0.2097910804065242,7.565000000000007,6.72,-0.396848999434475,0.27725745831695,Low-Amplitude Persistent Disturbance,1.0,solid_common_support
4,night,6.132000000000001,0.0772409381318785,-0.0548440307437481,0.2093259070075053,7.565000000000007,6.72,-0.396848999434475,0.27725745831695,Low-Amplitude Persistent Disturbance,1.0,solid_common_support
4,night,6.16,0.0767504037468937,-0.0553593978267797,0.2088602053205673,7.565000000000007,6.72,-0.396848999434475,0.27725745831695,Low-Amplitude Persistent Disturbance,1.0,solid_common_support
4,night,6.188,0.0762581562496014,-0.0558778215521451,0.2083941340513481,7.565000000000007,6.72,-0.396848999434475,0.27725745831695,Low-Amplitude Persistent Disturbance,1.0,solid_common_support
4,night,6.216,0.0757642812956169,-0.0563992882992618,0.2079278508904958,7.565000000000007,6.72,-0.396848999434475,0.27725745831695,Low-Amplitude Persistent Disturbance,1.0,solid_common_support
4,night,6.244,0.0752688645405558,-0.0569237834158847,0.2074615124969963,7.565000000000007,6.72,-0.396848999434475,0.27725745831695,Low-Amplitude Persistent Disturbance,1.0,solid_common_support
4,night,6.272,0.0747719916400331,-0.0574512912017535,0.2069952744818198,7.565000000000007,6.72,-0.396848999434475,0.27725745831695,Low-Amplitude Persistent Disturbance,1.0,solid_common_support
4,night,6.3,0.0742737482496646,-0.0579817948925832,0.2065292913919124,7.565000000000007,6.72,-0.396848999434475,0.27725745831695,Low-Amplitude Persistent Disturbance,1.0,solid_common_support
4,night,6.328,0.0737742200250653,-0.0585152766444211,0.2060637166945518,7.565000000000007,6.72,-0.396848999434475,0.27725745831695,Low-Amplitude Persistent Disturbance,1.0,solid_common_support
4,night,6.356,0.0732734926218508,-0.0590517175183914,0.2055987027620931,7.565000000000007,6.72,-0.396848999434475,0.27725745831695,Low-Amplitude Persistent Disturbance,1.0,solid_common_support
4,night,6.384,0.0727716516956364,-0.0595910974658524,0.2051344008571254,7.565000000000007,6.72,-0.396848999434475,0.27725745831695,Low-Amplitude Persistent Disturbance,1.0,solid_common_support
4,night,6.412,0.0722687829020376,-0.0601333953139883,0.2046709611180635,7.565000000000007,6.72,-0.396848999434475,0.27725745831695,Low-Amplitude Persistent Disturbance,1.0,solid_common_support
4,night,6.44,0.0717649718966696,-0.0606785887518571,0.2042085325451964,7.565000000000007,6.72,-0.396848999434475,0.27725745831695,Low-Amplitude Persistent Disturbance,1.0,solid_common_support
4,night,6.468,0.0712603043351478,-0.0612266543169189,0.2037472629872145,7.565000000000007,6.72,-0.396848999434475,0.27725745831695,Low-Amplitude Persistent Disturbance,1.0,solid_common_support
4,night,6.496,0.0707548658730877,-0.0617775673820655,0.203287299128241,7.565000000000007,6.72,-0.396848999434475,0.27725745831695,Low-Amplitude Persistent Disturbance,1.0,solid_common_support
4,night,6.524,0.0702487421661045,-0.0623313021431743,0.2028287864753834,7.565000000000007,6.72,-0.396848999434475,0.27725745831695,Low-Amplitude Persistent Disturbance,1.0,solid_common_support
4,night,6.5520000000000005,0.0697420188698137,-0.062887831607207,0.2023718693468345,7.565000000000007,6.72,-0.396848999434475,0.27725745831695,Low-Amplitude Persistent Disturbance,1.0,solid_common_support
4,night,6.58,0.0692347816398307,-0.0634471275808753,0.2019166908605368,7.565000000000007,6.72,-0.396848999434475,0.27725745831695,Low-Amplitude Persistent Disturbance,1.0,solid_common_support
4,night,6.6080000000000005,0.0687271161317708,-0.0640091606598946,0.2014633929234363,7.565000000000007,6.72,-0.396848999434475,0.27725745831695,Low-Amplitude Persistent Disturbance,1.0,solid_common_support
4,night,6.636,0.0682191080012494,-0.0645739002188458,0.2010121162213447,7.565000000000007,6.72,-0.396848999434475,0.27725745831695,Low-Amplitude Persistent Disturbance,1.0,solid_common_support
4,night,6.664,0.0677108429038819,-0.0651413144016646,0.2005630002094285,7.565000000000007,6.72,-0.396848999434475,0.27725745831695,Low-Amplitude Persistent Disturbance,1.0,solid_common_support
4,night,6.692,0.0672024064952836,-0.06571137011278,0.2001161831033472,7.565000000000007,6.72,-0.396848999434475,0.27725745831695,Low-Amplitude Persistent Disturbance,1.0,solid_common_support
4,night,6.72,0.0666938844310699,-0.0662840330089174,0.1996718018710573,7.565000000000007,6.72,-0.396848999434475,0.27725745831695,Low-Amplitude Persistent Disturbance,1.0,solid_common_support
4,night,6.836942864583333,0.0645699667038623,-0.0687035543174599,0.1978434877251846,7.565000000000007,6.72,-0.396848999434475,0.27725745831695,Low-Amplitude Persistent Disturbance,1.0,dashed_p80_tail
4,night,6.953885729166667,0.0624460489766547,-0.0711676333949397,0.1960597313482491,7.565000000000007,6.72,-0.396848999434475,0.27725745831695,Low-Amplitude Persistent Disturbance,1.0,dashed_p80_tail
4,night,7.070828593750001,0.060322131249447,-0.0736759309048449,0.1943201934037391,7.565000000000007,6.72,-0.396848999434475,0.27725745831695,Low-Amplitude Persistent Disturbance,1.0,dashed_p80_tail
4,night,7.187771458333335,0.0581982135222394,-0.0762280675318961,0.1926244945763751,7.565000000000007,6.72,-0.396848999434475,0.27725745831695,Low-Amplitude Persistent Disturbance,1.0,dashed_p80_tail
4,night,7.304714322916668,0.0560742957950318,-0.0788236257890945,0.1909722173791582,7.565000000000007,6.72,-0.396848999434475,0.27725745831695,Low-Amplitude Persistent Disturbance,1.0,dashed_p80_tail
4,night,7.421657187500002,0.0539503780678242,-0.0814621519658492,0.1893629081014976,7.565000000000007,6.72,-0.396848999434475,0.27725745831695,Low-Amplitude Persistent Disturbance,1.0,dashed_p80_tail
4,night,7.538600052083336,0.0518264603406165,-0.0841431581969656,0.1877960788781987,7.565000000000007,6.72,-0.396848999434475,0.27725745831695,Low-Amplitude Persistent Disturbance,1.0,dashed_p80_tail
