cluster,heatwave_type,exposure,log_rr,ci_low,ci_high,display_high,common_support_high,y_min,y_max,phenotype_name,line_segment,axis_expansion_factor
1,compound,0.0,0.0,0.0,0.0,51.829999999999984,6.72,-0.3027471149114153,0.15796742766311278,Delayed Deterioration,continuous_full_curve,1.9631089504447392
1,compound,0.215958333333333,-0.0037668066976525,-0.0214029342246136,0.0138693208293086,51.829999999999984,6.72,-0.3027471149114153,0.15796742766311278,Delayed Deterioration,continuous_full_curve,1.9631089504447392
1,compound,0.431916666666667,-0.0075315243103573,-0.0256982855977327,0.0106352369770181,51.829999999999984,6.72,-0.3027471149114153,0.15796742766311278,Delayed Deterioration,continuous_full_curve,1.9631089504447392
1,compound,0.647875,-0.0112920637531666,-0.0300049473525225,0.0074208198461892,51.829999999999984,6.72,-0.3027471149114153,0.15796742766311278,Delayed Deterioration,continuous_full_curve,1.9631089504447392
1,compound,0.863833333333333,-0.0150463359411326,-0.0343210220418602,0.0042283501595948,51.829999999999984,6.72,-0.3027471149114153,0.15796742766311278,Delayed Deterioration,continuous_full_curve,1.9631089504447392
1,compound,1.07979166666667,-0.0187922517893078,-0.0386445946492848,0.0010600910706691,51.829999999999984,6.72,-0.3027471149114153,0.15796742766311278,Delayed Deterioration,continuous_full_curve,1.9631089504447392
1,compound,1.29575,-0.0225277222127441,-0.0429737308065588,-0.0020817136189294,51.829999999999984,6.72,-0.3027471149114153,0.15796742766311278,Delayed Deterioration,continuous_full_curve,1.9631089504447392
1,compound,1.51170833333333,-0.026250658126494,-0.047306474941557,-0.0051948413114309,51.829999999999984,6.72,-0.3027471149114153,0.15796742766311278,Delayed Deterioration,continuous_full_curve,1.9631089504447392
1,compound,1.72766666666667,-0.0299589704456098,-0.0516408483589764,-0.0082770925322431,51.829999999999984,6.72,-0.3027471149114153,0.15796742766311278,Delayed Deterioration,continuous_full_curve,1.9631089504447392
1,compound,1.943625,-0.0336505700851435,-0.0559748472569808,-0.0113262929133061,51.829999999999984,6.72,-0.3027471149114153,0.15796742766311278,Delayed Deterioration,continuous_full_curve,1.9631089504447392
1,compound,2.15958333333333,-0.0373233679601475,-0.0603064406835526,-0.0143402952367424,51.829999999999984,6.72,-0.3027471149114153,0.15796742766311278,Delayed Deterioration,continuous_full_curve,1.9631089504447392
1,compound,2.37554166666667,-0.0409752749856743,-0.0646335684370169,-0.0173169815343316,51.829999999999984,6.72,-0.3027471149114153,0.15796742766311278,Delayed Deterioration,continuous_full_curve,1.9631089504447392
1,compound,2.5915,-0.0446042020767756,-0.0689541389159425,-0.0202542652376088,51.829999999999984,6.72,-0.3027471149114153,0.15796742766311278,Delayed Deterioration,continuous_full_curve,1.9631089504447392
1,compound,2.80745833333333,-0.0482080601485041,-0.0732660269243956,-0.0231500933726126,51.829999999999984,6.72,-0.3027471149114153,0.15796742766311278,Delayed Deterioration,continuous_full_curve,1.9631089504447392
1,compound,3.02341666666667,-0.0517847601159121,-0.0775670714393258,-0.0260024487924984,51.829999999999984,6.72,-0.3027471149114153,0.15796742766311278,Delayed Deterioration,continuous_full_curve,1.9631089504447392
1,compound,3.115875,-0.0533072346942824,-0.0794046217247503,-0.0272098476638145,51.829999999999984,6.72,-0.3027471149114153,0.15796742766311278,Delayed Deterioration,continuous_full_curve,1.9631089504447392
1,compound,3.239375,-0.0553322128940515,-0.0818550733477012,-0.0288093524404018,51.829999999999984,6.72,-0.3027471149114153,0.15796742766311278,Delayed Deterioration,continuous_full_curve,1.9631089504447392
1,compound,3.45533333333333,-0.0588483293979748,-0.0861277931618796,-0.0315688656340699,51.829999999999984,6.72,-0.3027471149114153,0.15796742766311278,Delayed Deterioration,continuous_full_curve,1.9631089504447392
1,compound,3.67129166666667,-0.0623310205427343,-0.090382948722582,-0.0342790923628866,51.829999999999984,6.72,-0.3027471149114153,0.15796742766311278,Delayed Deterioration,continuous_full_curve,1.9631089504447392
1,compound,3.88725,-0.065778197243382,-0.0946182128997482,-0.0369381815870158,51.829999999999984,6.72,-0.3027471149114153,0.15796742766311278,Delayed Deterioration,continuous_full_curve,1.9631089504447392
1,compound,4.10320833333333,-0.0691877704149704,-0.0988312113024741,-0.0395443295274666,51.829999999999984,6.72,-0.3027471149114153,0.15796742766311278,Delayed Deterioration,continuous_full_curve,1.9631089504447392
1,compound,4.31916666666667,-0.0725576509725517,-0.1030195200101541,-0.0420957819349493,51.829999999999984,6.72,-0.3027471149114153,0.15796742766311278,Delayed Deterioration,continuous_full_curve,1.9631089504447392
1,compound,4.535125,-0.0758857498311781,-0.10718066333788,-0.0445908363244762,51.829999999999984,6.72,-0.3027471149114153,0.15796742766311278,Delayed Deterioration,continuous_full_curve,1.9631089504447392
1,compound,4.75108333333333,-0.0791699779059018,-0.111312111650073,-0.0470278441617305,51.829999999999984,6.72,-0.3027471149114153,0.15796742766311278,Delayed Deterioration,continuous_full_curve,1.9631089504447392
1,compound,4.96704166666667,-0.0824082461117753,-0.1154112792372191,-0.0494052129863315,51.829999999999984,6.72,-0.3027471149114153,0.15796742766311278,Delayed Deterioration,continuous_full_curve,1.9631089504447392
1,compound,5.183,-0.0855984653638506,-0.1194755222714634,-0.0517214084562377,51.829999999999984,6.72,-0.3027471149114153,0.15796742766311278,Delayed Deterioration,continuous_full_curve,1.9631089504447392
1,compound,5.39895833333333,-0.08873854657718,-0.1235021368576622,-0.0539749562966978,51.829999999999984,6.72,-0.3027471149114153,0.15796742766311278,Delayed Deterioration,continuous_full_curve,1.9631089504447392
1,compound,5.61491666666667,-0.091826400666816,-0.1274883571972838,-0.0561644441363482,51.829999999999984,6.72,-0.3027471149114153,0.15796742766311278,Delayed Deterioration,continuous_full_curve,1.9631089504447392
1,compound,5.830875,-0.0948599385478105,-0.1314313538832941,-0.0582885232123269,51.829999999999984,6.72,-0.3027471149114153,0.15796742766311278,Delayed Deterioration,continuous_full_curve,1.9631089504447392
1,compound,6.04683333333333,-0.0978370711352159,-0.1353282323448362,-0.0603459099255957,51.829999999999984,6.72,-0.3027471149114153,0.15796742766311278,Delayed Deterioration,continuous_full_curve,1.9631089504447392
1,compound,6.26279166666667,-0.1007557093440847,-0.1391760314611,-0.0623353872270694,51.829999999999984,6.72,-0.3027471149114153,0.15796742766311278,Delayed Deterioration,continuous_full_curve,1.9631089504447392
1,compound,6.47875,-0.1036137640894687,-0.1429717223642784,-0.0642558058146591,51.829999999999984,6.72,-0.3027471149114153,0.15796742766311278,Delayed Deterioration,continuous_full_curve,1.9631089504447392
1,compound,6.69470833333333,-0.1064091462864205,-0.1467122074519022,-0.0661060851209389,51.829999999999984,6.72,-0.3027471149114153,0.15796742766311278,Delayed Deterioration,continuous_full_curve,1.9631089504447392
1,compound,6.72,-0.1067323275324166,-0.1471465125190432,-0.06631814254579,51.829999999999984,6.72,-0.3027471149114153,0.15796742766311278,Delayed Deterioration,continuous_full_curve,1.9631089504447392
1,compound,6.91066666666667,-0.1091397668499924,-0.1503943196291083,-0.0678852140708764,51.829999999999984,6.72,-0.3027471149114153,0.15796742766311278,Delayed Deterioration,continuous_full_curve,1.9631089504447392
1,compound,7.09,-0.1113565773277907,-0.1534052898532965,-0.0693078648022849,51.829999999999984,6.72,-0.3027471149114153,0.15796742766311278,Delayed Deterioration,continuous_full_curve,1.9631089504447392
1,compound,7.126625,-0.1118035388800303,-0.1540148245816107,-0.06959225317845,51.829999999999984,6.72,-0.3027471149114153,0.15796742766311278,Delayed Deterioration,continuous_full_curve,1.9631089504447392
1,compound,7.34258333333333,-0.1143990833617394,-0.1575713229614539,-0.071226843762025,51.829999999999984,6.72,-0.3027471149114153,0.15796742766311278,Delayed Deterioration,continuous_full_curve,1.9631089504447392
1,compound,7.55854166666667,-0.1169267421657997,-0.1610635740580899,-0.0727899102735096,51.829999999999984,6.72,-0.3027471149114153,0.15796742766311278,Delayed Deterioration,continuous_full_curve,1.9631089504447392
1,compound,7.7745,-0.1193871136471191,-0.1644916592133486,-0.0742825680808896,51.829999999999984,6.72,-0.3027471149114153,0.15796742766311278,Delayed Deterioration,continuous_full_curve,1.9631089504447392
1,compound,7.99045833333333,-0.1217807961606059,-0.1678556579311431,-0.0757059343900687,51.829999999999984,6.72,-0.3027471149114153,0.15796742766311278,Delayed Deterioration,continuous_full_curve,1.9631089504447392
1,compound,8.20641666666666,-0.1241083880611682,-0.1711556487690645,-0.077061127353272,51.829999999999984,6.72,-0.3027471149114153,0.15796742766311278,Delayed Deterioration,continuous_full_curve,1.9631089504447392
1,compound,8.422375,-0.1263704877037145,-0.1743917102271483,-0.0783492651802807,51.829999999999984,6.72,-0.3027471149114153,0.15796742766311278,Delayed Deterioration,continuous_full_curve,1.9631089504447392
1,compound,8.63833333333333,-0.1285676934431527,-0.1775639216315486,-0.0795714652547567,51.829999999999984,6.72,-0.3027471149114153,0.15796742766311278,Delayed Deterioration,continuous_full_curve,1.9631089504447392
1,compound,8.85429166666667,-0.130700603634391,-0.1806723640109182,-0.0807288432578638,51.829999999999984,6.72,-0.3027471149114153,0.15796742766311278,Delayed Deterioration,continuous_full_curve,1.9631089504447392
1,compound,9.07025,-0.1327698166323376,-0.1837171209633412,-0.081822512301334,51.829999999999984,6.72,-0.3027471149114153,0.15796742766311278,Delayed Deterioration,continuous_full_curve,1.9631089504447392
1,compound,9.28620833333333,-0.1347759307919007,-0.1866982795117437,-0.0828535820720578,51.829999999999984,6.72,-0.3027471149114153,0.15796742766311278,Delayed Deterioration,continuous_full_curve,1.9631089504447392
1,compound,9.50216666666666,-0.1367195444679886,-0.1896159309457714,-0.0838231579902058,51.829999999999984,6.72,-0.3027471149114153,0.15796742766311278,Delayed Deterioration,continuous_full_curve,1.9631089504447392
1,compound,9.718125,-0.1386012560155094,-0.1924701716482103,-0.0847323403828085,51.829999999999984,6.72,-0.3027471149114153,0.15796742766311278,Delayed Deterioration,continuous_full_curve,1.9631089504447392
1,compound,9.93408333333333,-0.1404216637893712,-0.1952611039041057,-0.0855822236746367,51.829999999999984,6.72,-0.3027471149114153,0.15796742766311278,Delayed Deterioration,continuous_full_curve,1.9631089504447392
1,compound,10.1500416666667,-0.1421813661444826,-0.1979888366908311,-0.0863738955981341,51.829999999999984,6.72,-0.3027471149114153,0.15796742766311278,Delayed Deterioration,continuous_full_curve,1.9631089504447392
1,compound,10.366,-0.1438809614357509,-0.2006534864474436,-0.0871084364240583,51.829999999999984,6.72,-0.3027471149114153,0.15796742766311278,Delayed Deterioration,continuous_full_curve,1.9631089504447392
1,compound,10.5819583333333,-0.1455210480180849,-0.2032551778217788,-0.087786918214391,51.829999999999984,6.72,-0.3027471149114153,0.15796742766311278,Delayed Deterioration,continuous_full_curve,1.9631089504447392
1,compound,10.7979166666667,-0.1471022242463934,-0.205794044393816,-0.0884104040989707,51.829999999999984,6.72,-0.3027471149114153,0.15796742766311278,Delayed Deterioration,continuous_full_curve,1.9631089504447392
1,compound,11.013875,-0.1486250884755832,-0.2082702293739672,-0.0889799475771992,51.829999999999984,6.72,-0.3027471149114153,0.15796742766311278,Delayed Deterioration,continuous_full_curve,1.9631089504447392
1,compound,11.2298333333333,-0.1500902390605632,-0.2106838862750592,-0.0894965918460672,51.829999999999984,6.72,-0.3027471149114153,0.15796742766311278,Delayed Deterioration,continuous_full_curve,1.9631089504447392
1,compound,11.4457916666667,-0.1514982743562423,-0.213035179556855,-0.0899613691556295,51.829999999999984,6.72,-0.3027471149114153,0.15796742766311278,Delayed Deterioration,continuous_full_curve,1.9631089504447392
1,compound,11.66175,-0.1528497927175273,-0.2153242852421029,-0.0903753001929517,51.829999999999984,6.72,-0.3027471149114153,0.15796742766311278,Delayed Deterioration,continuous_full_curve,1.9631089504447392
1,compound,11.8777083333333,-0.154145392499327,-0.2175513915032126,-0.0907393934954414,51.829999999999984,6.72,-0.3027471149114153,0.15796742766311278,Delayed Deterioration,continuous_full_curve,1.9631089504447392
1,compound,12.0936666666667,-0.1553856720565503,-0.2197166992187425,-0.091054644894358,51.829999999999984,6.72,-0.3027471149114153,0.15796742766311278,Delayed Deterioration,continuous_full_curve,1.9631089504447392
1,compound,12.309625,-0.1565712297441042,-0.2218204224990223,-0.091322036989186,51.829999999999984,6.72,-0.3027471149114153,0.15796742766311278,Delayed Deterioration,continuous_full_curve,1.9631089504447392
1,compound,12.5255833333333,-0.1577026639168973,-0.2238627891803483,-0.0915425386534462,51.829999999999984,6.72,-0.3027471149114153,0.15796742766311278,Delayed Deterioration,continuous_full_curve,1.9631089504447392
1,compound,12.7415416666667,-0.1587805729298385,-0.2258440412872723,-0.0917171045724047,51.829999999999984,6.72,-0.3027471149114153,0.15796742766311278,Delayed Deterioration,continuous_full_curve,1.9631089504447392
1,compound,12.9575,-0.1598055551378349,-0.2277644354626406,-0.0918466748130291,51.829999999999984,6.72,-0.3027471149114153,0.15796742766311278,Delayed Deterioration,continuous_full_curve,1.9631089504447392
1,compound,13.1734583333333,-0.1607782088957952,-0.2296242433651513,-0.0919321744264391,51.829999999999984,6.72,-0.3027471149114153,0.15796742766311278,Delayed Deterioration,continuous_full_curve,1.9631089504447392
1,compound,13.3894166666667,-0.1616991325586279,-0.2314237520342727,-0.0919745130829831,51.829999999999984,6.72,-0.3027471149114153,0.15796742766311278,Delayed Deterioration,continuous_full_curve,1.9631089504447392
1,compound,13.605375,-0.1625689244812405,-0.2331632642225022,-0.0919745847399787,51.829999999999984,6.72,-0.3027471149114153,0.15796742766311278,Delayed Deterioration,continuous_full_curve,1.9631089504447392
1,compound,13.8213333333333,-0.1633881830185415,-0.2348430986950385,-0.0919332673420446,51.829999999999984,6.72,-0.3027471149114153,0.15796742766311278,Delayed Deterioration,continuous_full_curve,1.9631089504447392
1,compound,14.0372916666667,-0.1641575065254396,-0.2364635904970181,-0.091851422553861,51.829999999999984,6.72,-0.3027471149114153,0.15796742766311278,Delayed Deterioration,continuous_full_curve,1.9631089504447392
1,compound,14.25325,-0.164877493356842,-0.238025091188586,-0.0917298955250981,51.829999999999984,6.72,-0.3027471149114153,0.15796742766311278,Delayed Deterioration,continuous_full_curve,1.9631089504447392
1,compound,14.4692083333333,-0.1655487418676575,-0.2395279690481573,-0.0915695146871577,51.829999999999984,6.72,-0.3027471149114153,0.15796742766311278,Delayed Deterioration,continuous_full_curve,1.9631089504447392
1,compound,14.6851666666667,-0.1661718504127945,-0.2409726092442946,-0.0913710915812944,51.829999999999984,6.72,-0.3027471149114153,0.15796742766311278,Delayed Deterioration,continuous_full_curve,1.9631089504447392
1,compound,14.901125,-0.1667474173471605,-0.2423594139767307,-0.0911354207175902,51.829999999999984,6.72,-0.3027471149114153,0.15796742766311278,Delayed Deterioration,continuous_full_curve,1.9631089504447392
1,compound,15.1170833333333,-0.1672760410256641,-0.2436888025871434,-0.0908632794641848,51.829999999999984,6.72,-0.3027471149114153,0.15796742766311278,Delayed Deterioration,continuous_full_curve,1.9631089504447392
1,compound,15.3330416666667,-0.1677583198032137,-0.2449612116403441,-0.0905554279660833,51.829999999999984,6.72,-0.3027471149114153,0.15796742766311278,Delayed Deterioration,continuous_full_curve,1.9631089504447392
1,compound,15.549,-0.168194852034717,-0.2461770949766342,-0.0902126090927998,51.829999999999984,6.72,-0.3027471149114153,0.15796742766311278,Delayed Deterioration,continuous_full_curve,1.9631089504447392
1,compound,15.71,-0.1684908841817589,-0.2470470545200596,-0.0899347138434582,51.829999999999984,6.72,-0.3027471149114153,0.15796742766311278,Delayed Deterioration,continuous_full_curve,1.9631089504447392
1,compound,15.7649583333333,-0.1685862360750824,-0.2473369237361442,-0.0898355484140207,51.829999999999984,6.72,-0.3027471149114153,0.15796742766311278,Delayed Deterioration,continuous_full_curve,1.9631089504447392
1,compound,15.9809166666667,-0.1689330702792183,-0.2484411863560171,-0.0894249542024195,51.829999999999984,6.72,-0.3027471149114153,0.15796742766311278,Delayed Deterioration,continuous_full_curve,1.9631089504447392
1,compound,16.196875,-0.1692359530020325,-0.2494903885413714,-0.0889815174626937,51.829999999999984,6.72,-0.3027471149114153,0.15796742766311278,Delayed Deterioration,continuous_full_curve,1.9631089504447392
1,compound,16.4128333333333,-0.1694954825984334,-0.2504850532110264,-0.0885059119858404,51.829999999999984,6.72,-0.3027471149114153,0.15796742766311278,Delayed Deterioration,continuous_full_curve,1.9631089504447392
1,compound,16.6287916666667,-0.1697122574233293,-0.2514257204190106,-0.0879987944276479,51.829999999999984,6.72,-0.3027471149114153,0.15796742766311278,Delayed Deterioration,continuous_full_curve,1.9631089504447392
1,compound,16.84475,-0.1698868758316281,-0.2523129472529252,-0.087460804410331,51.829999999999984,6.72,-0.3027471149114153,0.15796742766311278,Delayed Deterioration,continuous_full_curve,1.9631089504447392
1,compound,17.0607083333333,-0.1700199361782381,-0.253147307710275,-0.0868925646462013,51.829999999999984,6.72,-0.3027471149114153,0.15796742766311278,Delayed Deterioration,continuous_full_curve,1.9631089504447392
1,compound,17.2766666666667,-0.1701120368180676,-0.2539293925539003,-0.0862946810822349,51.829999999999984,6.72,-0.3027471149114153,0.15796742766311278,Delayed Deterioration,continuous_full_curve,1.9631089504447392
1,compound,17.492625,-0.1701637761060247,-0.2546598091476812,-0.0856677430643681,51.829999999999984,6.72,-0.3027471149114153,0.15796742766311278,Delayed Deterioration,continuous_full_curve,1.9631089504447392
1,compound,17.7085833333333,-0.1701757523970176,-0.2553391812737133,-0.0850123235203218,51.829999999999984,6.72,-0.3027471149114153,0.15796742766311278,Delayed Deterioration,continuous_full_curve,1.9631089504447392
1,compound,17.9245416666667,-0.1701485640459544,-0.2559681489321602,-0.0843289791597487,51.829999999999984,6.72,-0.3027471149114153,0.15796742766311278,Delayed Deterioration,continuous_full_curve,1.9631089504447392
1,compound,18.1405,-0.1700828094077434,-0.2565473681250176,-0.0836182506904693,51.829999999999984,6.72,-0.3027471149114153,0.15796742766311278,Delayed Deterioration,continuous_full_curve,1.9631089504447392
1,compound,18.3564583333333,-0.1699790868372928,-0.2570775106250322,-0.0828806630495534,51.829999999999984,6.72,-0.3027471149114153,0.15796742766311278,Delayed Deterioration,continuous_full_curve,1.9631089504447392
1,compound,18.5724166666667,-0.1698379946895107,-0.2575592637310198,-0.0821167256480016,51.829999999999984,6.72,-0.3027471149114153,0.15796742766311278,Delayed Deterioration,continuous_full_curve,1.9631089504447392
1,compound,18.788375,-0.1696601313193053,-0.2579933300108402,-0.0813269326277704,51.829999999999984,6.72,-0.3027471149114153,0.15796742766311278,Delayed Deterioration,continuous_full_curve,1.9631089504447392
1,compound,19.0043333333333,-0.1694460950815849,-0.2583804270332863,-0.0805117631298836,51.829999999999984,6.72,-0.3027471149114153,0.15796742766311278,Delayed Deterioration,continuous_full_curve,1.9631089504447392
1,compound,19.2202916666667,-0.1691964843312574,-0.2587212870901334,-0.0796716815723815,51.829999999999984,6.72,-0.3027471149114153,0.15796742766311278,Delayed Deterioration,continuous_full_curve,1.9631089504447392
1,compound,19.43625,-0.1689118974232314,-0.2590166569096031,-0.0788071379368597,51.829999999999984,6.72,-0.3027471149114153,0.15796742766311278,Delayed Deterioration,continuous_full_curve,1.9631089504447392
1,compound,19.6522083333333,-0.1685929327124148,-0.2592672973624756,-0.077918568062354,51.829999999999984,6.72,-0.3027471149114153,0.15796742766311278,Delayed Deterioration,continuous_full_curve,1.9631089504447392
1,compound,19.8681666666667,-0.1682401885537157,-0.2594739831620801,-0.0770063939453514,51.829999999999984,6.72,-0.3027471149114153,0.15796742766311278,Delayed Deterioration,continuous_full_curve,1.9631089504447392
1,compound,20.084125,-0.1678542633020427,-0.259637502559375,-0.0760710240447104,51.829999999999984,6.72,-0.3027471149114153,0.15796742766311278,Delayed Deterioration,continuous_full_curve,1.9631089504447392
1,compound,20.3000833333333,-0.1674357553123036,-0.259758657034318,-0.0751128535902893,51.829999999999984,6.72,-0.3027471149114153,0.15796742766311278,Delayed Deterioration,continuous_full_curve,1.9631089504447392
1,compound,20.5160416666667,-0.1669852629394066,-0.2598382609847028,-0.0741322648941104,51.829999999999984,6.72,-0.3027471149114153,0.15796742766311278,Delayed Deterioration,continuous_full_curve,1.9631089504447392
1,compound,20.732,-0.1665033845382602,-0.2598771414136228,-0.0731296276628976,51.829999999999984,6.72,-0.3027471149114153,0.15796742766311278,Delayed Deterioration,continuous_full_curve,1.9631089504447392
1,compound,20.9479583333333,-0.1659907184637724,-0.2598761376166972,-0.0721052993108475,51.829999999999984,6.72,-0.3027471149114153,0.15796742766311278,Delayed Deterioration,continuous_full_curve,1.9631089504447392
1,compound,21.1639166666667,-0.1654478630708511,-0.2598361008701758,-0.0710596252715264,51.829999999999984,6.72,-0.3027471149114153,0.15796742766311278,Delayed Deterioration,continuous_full_curve,1.9631089504447392
1,compound,21.379875,-0.164875416714405,-0.2597578941210087,-0.0699929393078013,51.829999999999984,6.72,-0.3027471149114153,0.15796742766311278,Delayed Deterioration,continuous_full_curve,1.9631089504447392
1,compound,21.5958333333333,-0.1642739777493421,-0.2596423916799459,-0.0689055638187382,51.829999999999984,6.72,-0.3027471149114153,0.15796742766311278,Delayed Deterioration,continuous_full_curve,1.9631089504447392
1,compound,21.8117916666667,-0.1636441445305702,-0.2594904789187017,-0.0677978101424386,51.829999999999984,6.72,-0.3027471149114153,0.15796742766311278,Delayed Deterioration,continuous_full_curve,1.9631089504447392
1,compound,22.02775,-0.1629865154129981,-0.2593030519721941,-0.0666699788538021,51.829999999999984,6.72,-0.3027471149114153,0.15796742766311278,Delayed Deterioration,continuous_full_curve,1.9631089504447392
1,compound,22.2437083333333,-0.1623016887515337,-0.2590810174468395,-0.065522360056228,51.829999999999984,6.72,-0.3027471149114153,0.15796742766311278,Delayed Deterioration,continuous_full_curve,1.9631089504447392
1,compound,22.4596666666667,-0.1615902629010849,-0.2588252921358563,-0.0643552336663135,51.829999999999984,6.72,-0.3027471149114153,0.15796742766311278,Delayed Deterioration,continuous_full_curve,1.9631089504447392
1,compound,22.675625,-0.1608528362165605,-0.258536802742502,-0.063168869690619,51.829999999999984,6.72,-0.3027471149114153,0.15796742766311278,Delayed Deterioration,continuous_full_curve,1.9631089504447392
1,compound,22.8915833333333,-0.1600900070528684,-0.2582164856121376,-0.0619635284935992,51.829999999999984,6.72,-0.3027471149114153,0.15796742766311278,Delayed Deterioration,continuous_full_curve,1.9631089504447392
1,compound,23.1075416666667,-0.1593023737649164,-0.2578652864739924,-0.0607394610558403,51.829999999999984,6.72,-0.3027471149114153,0.15796742766311278,Delayed Deterioration,continuous_full_curve,1.9631089504447392
1,compound,23.3235,-0.1584905347076133,-0.2574841601934662,-0.0594969092217604,51.829999999999984,6.72,-0.3027471149114153,0.15796742766311278,Delayed Deterioration,continuous_full_curve,1.9631089504447392
1,compound,23.5394583333333,-0.1576550882358671,-0.2570740705357828,-0.0582361059359514,51.829999999999984,6.72,-0.3027471149114153,0.15796742766311278,Delayed Deterioration,continuous_full_curve,1.9631089504447392
1,compound,23.7554166666667,-0.1567966327045855,-0.256635989941784,-0.056957275467387,51.829999999999984,6.72,-0.3027471149114153,0.15796742766311278,Delayed Deterioration,continuous_full_curve,1.9631089504447392
1,compound,23.971375,-0.1559157664686775,-0.2561708993166258,-0.0556606336207293,51.829999999999984,6.72,-0.3027471149114153,0.15796742766311278,Delayed Deterioration,continuous_full_curve,1.9631089504447392
1,compound,24.1873333333333,-0.1550130878830509,-0.2556797878321116,-0.0543463879339903,51.829999999999984,6.72,-0.3027471149114153,0.15796742766311278,Delayed Deterioration,continuous_full_curve,1.9631089504447392
1,compound,24.4032916666667,-0.1540891953026135,-0.2551636527433811,-0.0530147378618459,51.829999999999984,6.72,-0.3027471149114153,0.15796742766311278,Delayed Deterioration,continuous_full_curve,1.9631089504447392
1,compound,24.61925,-0.1531446870822742,-0.2546234992206458,-0.0516658749439026,51.829999999999984,6.72,-0.3027471149114153,0.15796742766311278,Delayed Deterioration,continuous_full_curve,1.9631089504447392
1,compound,24.8352083333333,-0.1521801615769409,-0.2540603401966411,-0.0502999829572407,51.829999999999984,6.72,-0.3027471149114153,0.15796742766311278,Delayed Deterioration,continuous_full_curve,1.9631089504447392
1,compound,25.0511666666667,-0.1511962171415212,-0.2534751962304523,-0.0489172380525901,51.829999999999984,6.72,-0.3027471149114153,0.15796742766311278,Delayed Deterioration,continuous_full_curve,1.9631089504447392
1,compound,25.267125,-0.1501934521309243,-0.2528690953883509,-0.0475178088734978,51.829999999999984,6.72,-0.3027471149114153,0.15796742766311278,Delayed Deterioration,continuous_full_curve,1.9631089504447392
1,compound,25.4830833333333,-0.1491724649000579,-0.2522430731422568,-0.046101856657859,51.829999999999984,6.72,-0.3027471149114153,0.15796742766311278,Delayed Deterioration,continuous_full_curve,1.9631089504447392
1,compound,25.6990416666667,-0.1481338538038298,-0.2515981722864429,-0.0446695353212166,51.829999999999984,6.72,-0.3027471149114153,0.15796742766311278,Delayed Deterioration,continuous_full_curve,1.9631089504447392
1,compound,25.915,-0.1470782171971489,-0.2509354428730734,-0.0432209915212244,51.829999999999984,6.72,-0.3027471149114153,0.15796742766311278,Delayed Deterioration,continuous_full_curve,1.9631089504447392
1,compound,26.1309583333333,-0.1460061534349232,-0.2502559421671642,-0.0417563647026822,51.829999999999984,6.72,-0.3027471149114153,0.15796742766311278,Delayed Deterioration,continuous_full_curve,1.9631089504447392
1,compound,26.3469166666667,-0.1449182608720601,-0.2495607346215476,-0.0402757871225727,51.829999999999984,6.72,-0.3027471149114153,0.15796742766311278,Delayed Deterioration,continuous_full_curve,1.9631089504447392
1,compound,26.562875,-0.1438151378634691,-0.2488508918724222,-0.038779383854516,51.829999999999984,6.72,-0.3027471149114153,0.15796742766311278,Delayed Deterioration,continuous_full_curve,1.9631089504447392
1,compound,26.7788333333333,-0.1426973827640576,-0.2481274927560524,-0.0372672727720628,51.829999999999984,6.72,-0.3027471149114153,0.15796742766311278,Delayed Deterioration,continuous_full_curve,1.9631089504447392
1,compound,26.9947916666667,-0.1415655939287335,-0.2473916233472062,-0.0357395645102607,51.829999999999984,6.72,-0.3027471149114153,0.15796742766311278,Delayed Deterioration,continuous_full_curve,1.9631089504447392
1,compound,27.21075,-0.1404203697124058,-0.2466443770199034,-0.0341963624049081,51.829999999999984,6.72,-0.3027471149114153,0.15796742766311278,Delayed Deterioration,continuous_full_curve,1.9631089504447392
1,compound,27.4267083333333,-0.1392623084699823,-0.2458868545310604,-0.0326377624089042,51.829999999999984,6.72,-0.3027471149114153,0.15796742766311278,Delayed Deterioration,continuous_full_curve,1.9631089504447392
1,compound,27.6426666666667,-0.1380920085563707,-0.2451201641276295,-0.0310638529851118,51.829999999999984,6.72,-0.3027471149114153,0.15796742766311278,Delayed Deterioration,continuous_full_curve,1.9631089504447392
1,compound,27.858625,-0.1369100683264801,-0.2443454216778412,-0.029474714975119,51.829999999999984,6.72,-0.3027471149114153,0.15796742766311278,Delayed Deterioration,continuous_full_curve,1.9631089504447392
1,compound,28.0745833333333,-0.1357170861352182,-0.2435637508271668,-0.0278704214432696,51.829999999999984,6.72,-0.3027471149114153,0.15796742766311278,Delayed Deterioration,continuous_full_curve,1.9631089504447392
1,compound,28.2905416666667,-0.1345136603374928,-0.2427762831796506,-0.026251037495335,51.829999999999984,6.72,-0.3027471149114153,0.15796742766311278,Delayed Deterioration,continuous_full_curve,1.9631089504447392
1,compound,28.5065,-0.133300389288213,-0.2419841585052718,-0.0246166200711542,51.829999999999984,6.72,-0.3027471149114153,0.15796742766311278,Delayed Deterioration,continuous_full_curve,1.9631089504447392
1,compound,28.7224583333333,-0.1320778713422866,-0.2411885249740258,-0.0229672177105473,51.829999999999984,6.72,-0.3027471149114153,0.15796742766311278,Delayed Deterioration,continuous_full_curve,1.9631089504447392
1,compound,28.9384166666667,-0.130846704854621,-0.2403905394174452,-0.0213028702917967,51.829999999999984,6.72,-0.3027471149114153,0.15796742766311278,Delayed Deterioration,continuous_full_curve,1.9631089504447392
1,compound,29.154375,-0.1296074881801256,-0.2395913676183153,-0.0196236087419359,51.829999999999984,6.72,-0.3027471149114153,0.15796742766311278,Delayed Deterioration,continuous_full_curve,1.9631089504447392
1,compound,29.3703333333333,-0.1283608196737082,-0.2387921846293664,-0.0179294547180499,51.829999999999984,6.72,-0.3027471149114153,0.15796742766311278,Delayed Deterioration,continuous_full_curve,1.9631089504447392
1,compound,29.48,-0.1277250825446026,-0.2383867227755782,-0.0170634423136271,51.829999999999984,6.72,-0.3027471149114153,0.15796742766311278,Delayed Deterioration,continuous_full_curve,1.9631089504447392
1,compound,29.5862916666667,-0.1271072870575145,-0.2379941531135154,-0.0162204210015136,51.829999999999984,6.72,-0.3027471149114153,0.15796742766311278,Delayed Deterioration,continuous_full_curve,1.9631089504447392
1,compound,29.80225,-0.1258472242877728,-0.237197919146482,-0.0144965294290636,51.829999999999984,6.72,-0.3027471149114153,0.15796742766311278,Delayed Deterioration,continuous_full_curve,1.9631089504447392
1,compound,30.0182083333333,-0.1245807063287564,-0.2364035959664941,-0.0127578166910188,51.829999999999984,6.72,-0.3027471149114153,0.15796742766311278,Delayed Deterioration,continuous_full_curve,1.9631089504447392
1,compound,30.2341666666667,-0.123307796466634,-0.2356112734525677,-0.0110043194807003,51.829999999999984,6.72,-0.3027471149114153,0.15796742766311278,Delayed Deterioration,continuous_full_curve,1.9631089504447392
1,compound,30.450125,-0.1220285579875761,-0.2348210422260974,-0.0092360737490547,51.829999999999984,6.72,-0.3027471149114153,0.15796742766311278,Delayed Deterioration,continuous_full_curve,1.9631089504447392
1,compound,30.6660833333333,-0.1207430541777514,-0.2340329936317709,-0.007453114723732,51.829999999999984,6.72,-0.3027471149114153,0.15796742766311278,Delayed Deterioration,continuous_full_curve,1.9631089504447392
1,compound,30.8820416666667,-0.1194513483233289,-0.2332472197184504,-0.0056554769282074,51.829999999999984,6.72,-0.3027471149114153,0.15796742766311278,Delayed Deterioration,continuous_full_curve,1.9631089504447392
1,compound,31.098,-0.118153503710479,-0.2324638132200088,-0.0038431942009492,51.829999999999984,6.72,-0.3027471149114153,0.15796742766311278,Delayed Deterioration,continuous_full_curve,1.9631089504447392
1,compound,31.3139583333333,-0.1168495836253705,-0.2316828675361012,-0.0020162997146397,51.829999999999984,6.72,-0.3027471149114153,0.15796742766311278,Delayed Deterioration,continuous_full_curve,1.9631089504447392
1,compound,31.5299166666667,-0.1155396513541721,-0.2309044767128686,-0.0001748259954755,51.829999999999984,6.72,-0.3027471149114153,0.15796742766311278,Delayed Deterioration,continuous_full_curve,1.9631089504447392
1,compound,31.745875,-0.1142237701830544,-0.2301287354235562,0.0016811950574473,51.829999999999984,6.72,-0.3027471149114153,0.15796742766311278,Delayed Deterioration,continuous_full_curve,1.9631089504447392
1,compound,31.9618333333333,-0.1129020033981862,-0.2293557389490328,0.0035517321526603,51.829999999999984,6.72,-0.3027471149114153,0.15796742766311278,Delayed Deterioration,continuous_full_curve,1.9631089504447392
1,compound,32.1777916666667,-0.1115744142857362,-0.2285855831582045,0.0054367545867319,51.829999999999984,6.72,-0.3027471149114153,0.15796742766311278,Delayed Deterioration,continuous_full_curve,1.9631089504447392
1,compound,32.39375,-0.1102410661318751,-0.2278183644883091,0.0073362322245589,51.829999999999984,6.72,-0.3027471149114153,0.15796742766311278,Delayed Deterioration,continuous_full_curve,1.9631089504447392
1,compound,32.6097083333333,-0.1089020222227714,-0.2270541799250746,0.0092501354795316,51.829999999999984,6.72,-0.3027471149114153,0.15796742766311278,Delayed Deterioration,continuous_full_curve,1.9631089504447392
1,compound,32.8256666666667,-0.1075573458445941,-0.2262931269827378,0.0111784352935495,51.829999999999984,6.72,-0.3027471149114153,0.15796742766311278,Delayed Deterioration,continuous_full_curve,1.9631089504447392
1,compound,33.041625,-0.1062071002835136,-0.2255353036839094,0.0131211031168821,51.829999999999984,6.72,-0.3027471149114153,0.15796742766311278,Delayed Deterioration,continuous_full_curve,1.9631089504447392
1,compound,33.2575833333333,-0.1048513488256988,-0.2247808085392682,0.0150781108878704,51.829999999999984,6.72,-0.3027471149114153,0.15796742766311278,Delayed Deterioration,continuous_full_curve,1.9631089504447392
1,compound,33.4735416666667,-0.1034901547573184,-0.2240297405270823,0.0170494310124453,51.829999999999984,6.72,-0.3027471149114153,0.15796742766311278,Delayed Deterioration,continuous_full_curve,1.9631089504447392
1,compound,33.6895,-0.1021235813645429,-0.223282199072543,0.019035036343457,51.829999999999984,6.72,-0.3027471149114153,0.15796742766311278,Delayed Deterioration,continuous_full_curve,1.9631089504447392
1,compound,33.9054583333333,-0.1007516919335412,-0.222538284026895,0.0210349001598126,51.829999999999984,6.72,-0.3027471149114153,0.15796742766311278,Delayed Deterioration,continuous_full_curve,1.9631089504447392
1,compound,34.1214166666667,-0.0993745497504819,-0.2217980956463618,0.023048996145398,51.829999999999984,6.72,-0.3027471149114153,0.15796742766311278,Delayed Deterioration,continuous_full_curve,1.9631089504447392
1,compound,34.337375,-0.0979922181015356,-0.221061734570849,0.0250772983677777,51.829999999999984,6.72,-0.3027471149114153,0.15796742766311278,Delayed Deterioration,continuous_full_curve,1.9631089504447392
1,compound,34.5533333333333,-0.0966047602728712,-0.2203293018024155,0.0271197812566729,51.829999999999984,6.72,-0.3027471149114153,0.15796742766311278,Delayed Deterioration,continuous_full_curve,1.9631089504447392
1,compound,34.7692916666667,-0.0952122395506572,-0.2196008986835045,0.0291764195821899,51.829999999999984,6.72,-0.3027471149114153,0.15796742766311278,Delayed Deterioration,continuous_full_curve,1.9631089504447392
1,compound,34.98525,-0.0938147192210645,-0.2188766268749254,0.0312471884327964,51.829999999999984,6.72,-0.3027471149114153,0.15796742766311278,Delayed Deterioration,continuous_full_curve,1.9631089504447392
1,compound,35.2012083333333,-0.0924122625702616,-0.218156588333569,0.0333320631930457,51.829999999999984,6.72,-0.3027471149114153,0.15796742766311278,Delayed Deterioration,continuous_full_curve,1.9631089504447392
1,compound,35.4171666666667,-0.0910049328844173,-0.2174408852898554,0.0354310195210207,51.829999999999984,6.72,-0.3027471149114153,0.15796742766311278,Delayed Deterioration,continuous_full_curve,1.9631089504447392
1,compound,35.633125,-0.0895927934497022,-0.2167296202248991,0.0375440333254945,51.829999999999984,6.72,-0.3027471149114153,0.15796742766311278,Delayed Deterioration,continuous_full_curve,1.9631089504447392
1,compound,35.8490833333333,-0.0881759075522851,-0.2160228958473816,0.0396710807428112,51.829999999999984,6.72,-0.3027471149114153,0.15796742766311278,Delayed Deterioration,continuous_full_curve,1.9631089504447392
1,compound,36.0650416666667,-0.0867543384783347,-0.2153208150701245,0.0418121381134551,51.829999999999984,6.72,-0.3027471149114153,0.15796742766311278,Delayed Deterioration,continuous_full_curve,1.9631089504447392
1,compound,36.281,-0.0853281495140216,-0.2146234809863533,0.04396718195831,51.829999999999984,6.72,-0.3027471149114153,0.15796742766311278,Delayed Deterioration,continuous_full_curve,1.9631089504447392
1,compound,36.4969583333333,-0.0838974039455145,-0.2139309968456373,0.0461361889546082,51.829999999999984,6.72,-0.3027471149114153,0.15796742766311278,Delayed Deterioration,continuous_full_curve,1.9631089504447392
1,compound,36.7129166666667,-0.0824621650589822,-0.2132434660295051,0.0483191359115406,51.829999999999984,6.72,-0.3027471149114153,0.15796742766311278,Delayed Deterioration,continuous_full_curve,1.9631089504447392
1,compound,36.928875,-0.0810224961405953,-0.2125609920267205,0.0505159997455298,51.829999999999984,6.72,-0.3027471149114153,0.15796742766311278,Delayed Deterioration,continuous_full_curve,1.9631089504447392
1,compound,37.1448333333333,-0.0795784604765225,-0.2118836784082096,0.0527267574551645,51.829999999999984,6.72,-0.3027471149114153,0.15796742766311278,Delayed Deterioration,continuous_full_curve,1.9631089504447392
1,compound,37.3607916666667,-0.0781301213529326,-0.2112116288016343,0.0549513860957691,51.829999999999984,6.72,-0.3027471149114153,0.15796742766311278,Delayed Deterioration,continuous_full_curve,1.9631089504447392
1,compound,37.57675,-0.0766775420559962,-0.210544946865602,0.0571898627536096,51.829999999999984,6.72,-0.3027471149114153,0.15796742766311278,Delayed Deterioration,continuous_full_curve,1.9631089504447392
1,compound,37.7927083333333,-0.0752207858718819,-0.209883736263499,0.0594421645197352,51.829999999999984,6.72,-0.3027471149114153,0.15796742766311278,Delayed Deterioration,continuous_full_curve,1.9631089504447392
1,compound,38.0086666666667,-0.0737599160867586,-0.209228100636946,0.0617082684634288,51.829999999999984,6.72,-0.3027471149114153,0.15796742766311278,Delayed Deterioration,continuous_full_curve,1.9631089504447392
1,compound,38.224625,-0.0722949959867968,-0.2085781435788636,0.06398815160527,51.829999999999984,6.72,-0.3027471149114153,0.15796742766311278,Delayed Deterioration,continuous_full_curve,1.9631089504447392
1,compound,38.4405833333333,-0.0708260888581653,-0.2079339686061387,0.066281790889808,51.829999999999984,6.72,-0.3027471149114153,0.15796742766311278,Delayed Deterioration,continuous_full_curve,1.9631089504447392
1,compound,38.6565416666667,-0.0693532579870328,-0.2072956791318873,0.0685891631578215,51.829999999999984,6.72,-0.3027471149114153,0.15796742766311278,Delayed Deterioration,continuous_full_curve,1.9631089504447392
1,compound,38.8725,-0.06787656665957,-0.2066633784373045,0.0709102451181644,51.829999999999984,6.72,-0.3027471149114153,0.15796742766311278,Delayed Deterioration,continuous_full_curve,1.9631089504447392
1,compound,39.0884583333333,-0.0663960781619456,-0.2060371696430932,0.073245013319202,51.829999999999984,6.72,-0.3027471149114153,0.15796742766311278,Delayed Deterioration,continuous_full_curve,1.9631089504447392
1,compound,39.3044166666667,-0.0649118557803282,-0.2054171556804651,0.0755934441198087,51.829999999999984,6.72,-0.3027471149114153,0.15796742766311278,Delayed Deterioration,continuous_full_curve,1.9631089504447392
1,compound,39.520375,-0.0634239628008885,-0.2048034392617098,0.0779555136599327,51.829999999999984,6.72,-0.3027471149114153,0.15796742766311278,Delayed Deterioration,continuous_full_curve,1.9631089504447392
1,compound,39.7363333333333,-0.0619324625097953,-0.2041961228503175,0.0803311978307267,51.829999999999984,6.72,-0.3027471149114153,0.15796742766311278,Delayed Deterioration,continuous_full_curve,1.9631089504447392
1,compound,39.9522916666667,-0.0604374181932172,-0.2035953086306577,0.0827204722442231,51.829999999999984,6.72,-0.3027471149114153,0.15796742766311278,Delayed Deterioration,continuous_full_curve,1.9631089504447392
1,compound,40.16825,-0.0589388931373251,-0.203001098477202,0.0851233122025518,51.829999999999984,6.72,-0.3027471149114153,0.15796742766311278,Delayed Deterioration,continuous_full_curve,1.9631089504447392
1,compound,40.3842083333333,-0.0574369506282874,-0.2024135939232842,0.0875396926667093,51.829999999999984,6.72,-0.3027471149114153,0.15796742766311278,Delayed Deterioration,continuous_full_curve,1.9631089504447392
1,compound,40.475,-0.056804509502414,-0.2021686259773077,0.0885596069724796,51.829999999999984,6.72,-0.3027471149114153,0.15796742766311278,Delayed Deterioration,continuous_full_curve,1.9631089504447392
1,compound,40.6001666666667,-0.0559316539522729,-0.2018328961293957,0.0899695882248498,51.829999999999984,6.72,-0.3027471149114153,0.15796742766311278,Delayed Deterioration,continuous_full_curve,1.9631089504447392
1,compound,40.816125,-0.0544230663954524,-0.2012591058510083,0.0924129730601034,51.829999999999984,6.72,-0.3027471149114153,0.15796742766311278,Delayed Deterioration,continuous_full_curve,1.9631089504447392
1,compound,41.0320833333333,-0.0529112512439945,-0.2006923234059153,0.0948698209179262,51.829999999999984,6.72,-0.3027471149114153,0.15796742766311278,Delayed Deterioration,continuous_full_curve,1.9631089504447392
1,compound,41.2480416666667,-0.0513962717840678,-0.200132648641094,0.0973401050729583,51.829999999999984,6.72,-0.3027471149114153,0.15796742766311278,Delayed Deterioration,continuous_full_curve,1.9631089504447392
1,compound,41.464,-0.0498781913018432,-0.1995801808990761,0.0998237982953895,51.829999999999984,6.72,-0.3027471149114153,0.15796742766311278,Delayed Deterioration,continuous_full_curve,1.9631089504447392
1,compound,41.6799583333333,-0.0483570730834893,-0.1990350189838249,0.1023208728168462,51.829999999999984,6.72,-0.3027471149114153,0.15796742766311278,Delayed Deterioration,continuous_full_curve,1.9631089504447392
1,compound,41.8959166666667,-0.0468329804151747,-0.1984972611261166,0.1048313002957671,51.829999999999984,6.72,-0.3027471149114153,0.15796742766311278,Delayed Deterioration,continuous_full_curve,1.9631089504447392
1,compound,42.111875,-0.0453059765830703,-0.1979670049484187,0.107355051782278,51.829999999999984,6.72,-0.3027471149114153,0.15796742766311278,Delayed Deterioration,continuous_full_curve,1.9631089504447392
1,compound,42.3278333333333,-0.0437761248733446,-0.1974443474292604,0.1098920976825712,51.829999999999984,6.72,-0.3027471149114153,0.15796742766311278,Delayed Deterioration,continuous_full_curve,1.9631089504447392
1,compound,42.5437916666667,-0.0422434885721664,-0.1969293848670967,0.1124424077227639,51.829999999999984,6.72,-0.3027471149114153,0.15796742766311278,Delayed Deterioration,continuous_full_curve,1.9631089504447392
1,compound,42.75975,-0.0407081309657063,-0.1964222128436572,0.1150059509122445,51.829999999999984,6.72,-0.3027471149114153,0.15796742766311278,Delayed Deterioration,continuous_full_curve,1.9631089504447392
1,compound,42.9757083333333,-0.0391701153401331,-0.1959229261867798,0.1175826955065134,51.829999999999984,6.72,-0.3027471149114153,0.15796742766311278,Delayed Deterioration,continuous_full_curve,1.9631089504447392
1,compound,43.1916666666667,-0.0376295049816155,-0.1954316189327254,0.1201726089694944,51.829999999999984,6.72,-0.3027471149114153,0.15796742766311278,Delayed Deterioration,continuous_full_curve,1.9631089504447392
1,compound,43.407625,-0.036086363176324,-0.194948384287973,0.1227756579353249,51.829999999999984,6.72,-0.3027471149114153,0.15796742766311278,Delayed Deterioration,continuous_full_curve,1.9631089504447392
1,compound,43.6235833333333,-0.0345407532104276,-0.1944733145904898,0.1253918081696345,51.829999999999984,6.72,-0.3027471149114153,0.15796742766311278,Delayed Deterioration,continuous_full_curve,1.9631089504447392
1,compound,43.8395416666667,-0.0329927383700948,-0.1940065012704782,0.1280210245302886,51.829999999999984,6.72,-0.3027471149114153,0.15796742766311278,Delayed Deterioration,continuous_full_curve,1.9631089504447392
1,compound,44.0555,-0.0314423819414962,-0.1935480348105973,0.1306632709276047,51.829999999999984,6.72,-0.3027471149114153,0.15796742766311278,Delayed Deterioration,continuous_full_curve,1.9631089504447392
1,compound,44.2714583333333,-0.0298897472108008,-0.1930980047056565,0.1333185102840548,51.829999999999984,6.72,-0.3027471149114153,0.15796742766311278,Delayed Deterioration,continuous_full_curve,1.9631089504447392
1,compound,44.4874166666667,-0.028334897464177,-0.1926564994217826,0.1359867044934286,51.829999999999984,6.72,-0.3027471149114153,0.15796742766311278,Delayed Deterioration,continuous_full_curve,1.9631089504447392
1,compound,44.703375,-0.0267778959877956,-0.192223606355061,0.1386678143794697,51.829999999999984,6.72,-0.3027471149114153,0.15796742766311278,Delayed Deterioration,continuous_full_curve,1.9631089504447392
1,compound,44.9193333333333,-0.0252188060678254,-0.1917994117896472,0.1413617996539964,51.829999999999984,6.72,-0.3027471149114153,0.15796742766311278,Delayed Deterioration,continuous_full_curve,1.9631089504447392
1,compound,45.1352916666667,-0.0236576909904348,-0.1913840008553545,0.1440686188744848,51.829999999999984,6.72,-0.3027471149114153,0.15796742766311278,Delayed Deterioration,continuous_full_curve,1.9631089504447392
1,compound,45.35125,-0.0220946140417949,-0.190977457484717,0.1467882294011271,51.829999999999984,6.72,-0.3027471149114153,0.15796742766311278,Delayed Deterioration,continuous_full_curve,1.9631089504447392
1,compound,45.5672083333333,-0.0205296385080741,-0.1905798643695265,0.1495205873533781,51.829999999999984,6.72,-0.3027471149114153,0.15796742766311278,Delayed Deterioration,continuous_full_curve,1.9631089504447392
1,compound,45.7831666666667,-0.0189628276754412,-0.1901913029168519,0.1522656475659695,51.829999999999984,6.72,-0.3027471149114153,0.15796742766311278,Delayed Deterioration,continuous_full_curve,1.9631089504447392
1,compound,45.999125,-0.0173942448300668,-0.1898118532045378,0.155023363544404,51.829999999999984,6.72,-0.3027471149114153,0.15796742766311278,Delayed Deterioration,continuous_full_curve,1.9631089504447392
1,compound,46.2150833333333,-0.0158239532581198,-0.1894415939361871,0.1577936874199473,51.829999999999984,6.72,-0.3027471149114153,0.15796742766311278,Delayed Deterioration,continuous_full_curve,1.9631089504447392
1,compound,46.4310416666667,-0.0142520162457686,-0.1890806023956333,0.1605765699040959,51.829999999999984,6.72,-0.3027471149114153,0.15796742766311278,Delayed Deterioration,continuous_full_curve,1.9631089504447392
1,compound,46.647,-0.0126784970791842,-0.1887289544009041,0.1633719602425357,51.829999999999984,6.72,-0.3027471149114153,0.15796742766311278,Delayed Deterioration,continuous_full_curve,1.9631089504447392
1,compound,46.8629583333333,-0.011103459044535,-0.1883867242576808,0.1661798061686106,51.829999999999984,6.72,-0.3027471149114153,0.15796742766311278,Delayed Deterioration,continuous_full_curve,1.9631089504447392
1,compound,47.0789166666667,-0.0095269654279899,-0.1880539847122598,0.1690000538562799,51.829999999999984,6.72,-0.3027471149114153,0.15796742766311278,Delayed Deterioration,continuous_full_curve,1.9631089504447392
1,compound,47.294875,-0.0079490795157196,-0.1877308069040231,0.1718326478725838,51.829999999999984,6.72,-0.3027471149114153,0.15796742766311278,Delayed Deterioration,continuous_full_curve,1.9631089504447392
1,compound,47.5108333333333,-0.0063698645938927,-0.1874172603174189,0.1746775311296335,51.829999999999984,6.72,-0.3027471149114153,0.15796742766311278,Delayed Deterioration,continuous_full_curve,1.9631089504447392
1,compound,47.7267916666667,-0.0047893839486779,-0.1871134127334653,0.1775346448361096,51.829999999999984,6.72,-0.3027471149114153,0.15796742766311278,Delayed Deterioration,continuous_full_curve,1.9631089504447392
1,compound,47.94275,-0.0032077008662459,-0.1868193301807811,0.1804039284482891,51.829999999999984,6.72,-0.3027471149114153,0.15796742766311278,Delayed Deterioration,continuous_full_curve,1.9631089504447392
1,compound,48.1587083333333,-0.0016248786327654,-0.1865350768861499,0.183285319620619,51.829999999999984,6.72,-0.3027471149114153,0.15796742766311278,Delayed Deterioration,continuous_full_curve,1.9631089504447392
1,compound,48.3746666666667,-4.098053440519667e-05,-0.1862607152246321,0.1861787541558218,51.829999999999984,6.72,-0.3027471149114153,0.15796742766311278,Delayed Deterioration,continuous_full_curve,1.9631089504447392
1,compound,48.590625,0.0015439301426641,-0.1859963056692263,0.1890841659545548,51.829999999999984,6.72,-0.3027471149114153,0.15796742766311278,Delayed Deterioration,continuous_full_curve,1.9631089504447392
1,compound,48.8065833333333,0.0031297901122739,-0.185741906740096,0.1920014869646438,51.829999999999984,6.72,-0.3027471149114153,0.15796742766311278,Delayed Deterioration,continuous_full_curve,1.9631089504447392
1,compound,49.0225416666667,0.0047165360882554,-0.1854975749533684,0.1949306471298793,51.829999999999984,6.72,-0.3027471149114153,0.15796742766311278,Delayed Deterioration,continuous_full_curve,1.9631089504447392
1,compound,49.2385,0.0063041047844379,-0.1852633647695186,0.1978715743383945,51.829999999999984,6.72,-0.3027471149114153,0.15796742766311278,Delayed Deterioration,continuous_full_curve,1.9631089504447392
1,compound,49.4544583333333,0.0078924329146527,-0.1850393285413491,0.2008241943706547,51.829999999999984,6.72,-0.3027471149114153,0.15796742766311278,Delayed Deterioration,continuous_full_curve,1.9631089504447392
1,compound,49.6704166666667,0.0094814571927313,-0.1848255164615782,0.2037884308470409,51.829999999999984,6.72,-0.3027471149114153,0.15796742766311278,Delayed Deterioration,continuous_full_curve,1.9631089504447392
1,compound,49.7215071428571,0.0098574765189814,-0.1847764345203918,0.2044913875583546,51.829999999999984,6.72,-0.3027471149114153,0.15796742766311278,Delayed Deterioration,continuous_full_curve,1.9631089504447392
1,compound,49.886375,0.0110711143325027,-0.1846219765100505,0.2067642051750559,51.829999999999984,6.72,-0.3027471149114153,0.15796742766311278,Delayed Deterioration,continuous_full_curve,1.9631089504447392
1,compound,50.1023333333333,0.0126613410477983,-0.1844287544005811,0.2097514364961777,51.829999999999984,6.72,-0.3027471149114153,0.15796742766311278,Delayed Deterioration,continuous_full_curve,1.9631089504447392
1,compound,50.3182916666667,0.0142520740524495,-0.1842458935274523,0.2127500416323515,51.829999999999984,6.72,-0.3027471149114153,0.15796742766311278,Delayed Deterioration,continuous_full_curve,1.9631089504447392
1,compound,50.53425,0.0158432500602856,-0.1840734349115733,0.2157599350321445,51.829999999999984,6.72,-0.3027471149114153,0.15796742766311278,Delayed Deterioration,continuous_full_curve,1.9631089504447392
1,compound,50.7502083333333,0.0174348057851378,-0.1839114171463219,0.2187810287165976,51.829999999999984,6.72,-0.3027471149114153,0.15796742766311278,Delayed Deterioration,continuous_full_curve,1.9631089504447392
1,compound,50.9661666666667,0.0190266779408375,-0.1837598763430838,0.221813232224759,51.829999999999984,6.72,-0.3027471149114153,0.15796742766311278,Delayed Deterioration,continuous_full_curve,1.9631089504447392
1,compound,51.182125,0.020618803241214,-0.1836188460765078,0.2248564525589358,51.829999999999984,6.72,-0.3027471149114153,0.15796742766311278,Delayed Deterioration,continuous_full_curve,1.9631089504447392
1,compound,51.3980833333333,0.0222111184000985,-0.1834883573294931,0.2279105941296901,51.829999999999984,6.72,-0.3027471149114153,0.15796742766311278,Delayed Deterioration,continuous_full_curve,1.9631089504447392
1,compound,51.6140416666667,0.0238035601313225,-0.1833684384379301,0.2309755587005752,51.829999999999984,6.72,-0.3027471149114153,0.15796742766311278,Delayed Deterioration,continuous_full_curve,1.9631089504447392
1,compound,51.83,0.0253960651487151,-0.1832591150352139,0.2340512453326442,51.829999999999984,6.72,-0.3027471149114153,0.15796742766311278,Delayed Deterioration,continuous_full_curve,1.9631089504447392
1,day,0.0,0.0,0.0,0.0,50.45539999999999,7.94000000000001,-0.39409624149181827,0.15669331195214237,Delayed Deterioration,continuous_full_curve,1.5823991860665527
1,day,0.210230833333333,-0.0052290570200068,-0.0367868346299051,0.0263287205898913,50.45539999999999,7.94000000000001,-0.39409624149181827,0.15669331195214237,Delayed Deterioration,continuous_full_curve,1.5823991860665527
1,day,0.420461666666667,-0.0104520884591535,-0.0434411318936225,0.0225369549753154,50.45539999999999,7.94000000000001,-0.39409624149181827,0.15669331195214237,Delayed Deterioration,continuous_full_curve,1.5823991860665527
1,day,0.6306925,-0.0156630687365798,-0.050145430273517,0.0188192928003572,50.45539999999999,7.94000000000001,-0.39409624149181827,0.15669331195214237,Delayed Deterioration,continuous_full_curve,1.5823991860665527
1,day,0.840923333333333,-0.0208559722714255,-0.0568947646293155,0.0151828200864644,50.45539999999999,7.94000000000001,-0.39409624149181827,0.15669331195214237,Delayed Deterioration,continuous_full_curve,1.5823991860665527
1,day,1.05115416666667,-0.0260247734828305,-0.0636839996601945,0.0116344526945334,50.45539999999999,7.94000000000001,-0.39409624149181827,0.15669331195214237,Delayed Deterioration,continuous_full_curve,1.5823991860665527
1,day,1.261385,-0.0311634467899343,-0.0705078055388954,0.0081809119590267,50.45539999999999,7.94000000000001,-0.39409624149181827,0.15669331195214237,Delayed Deterioration,continuous_full_curve,1.5823991860665527
1,day,1.47161583333333,-0.036265966611877,-0.0773606322792095,0.0048286990554555,50.45539999999999,7.94000000000001,-0.39409624149181827,0.15669331195214237,Delayed Deterioration,continuous_full_curve,1.5823991860665527
1,day,1.68184666666667,-0.0413263073677985,-0.0842366829412122,0.0015840682056151,50.45539999999999,7.94000000000001,-0.39409624149181827,0.15669331195214237,Delayed Deterioration,continuous_full_curve,1.5823991860665527
1,day,1.8920775,-0.0463384434768382,-0.0911298858083474,-0.0015470011453289,50.45539999999999,7.94000000000001,-0.39409624149181827,0.15669331195214237,Delayed Deterioration,continuous_full_curve,1.5823991860665527
1,day,1.964615625,-0.0480555541033315,-0.093511152426637,-0.002599955780026,50.45539999999999,7.94000000000001,-0.39409624149181827,0.15669331195214237,Delayed Deterioration,continuous_full_curve,1.5823991860665527
1,day,2.10230833333333,-0.0512963493581361,-0.0980338657025536,-0.0045588330137186,50.45539999999999,7.94000000000001,-0.39409624149181827,0.15669331195214237,Delayed Deterioration,continuous_full_curve,1.5823991860665527
1,day,2.31253916666667,-0.0561939994308323,-0.1049419146378734,-0.0074460842237911,50.45539999999999,7.94000000000001,-0.39409624149181827,0.15669331195214237,Delayed Deterioration,continuous_full_curve,1.5823991860665527
1,day,2.52277,-0.061025368114066,-0.1118469620491632,-0.0102037741789689,50.45539999999999,7.94000000000001,-0.39409624149181827,0.15669331195214237,Delayed Deterioration,continuous_full_curve,1.5823991860665527
1,day,2.73300083333333,-0.0657844298269774,-0.1187415448702141,-0.0128273147837407,50.45539999999999,7.94000000000001,-0.39409624149181827,0.15669331195214237,Delayed Deterioration,continuous_full_curve,1.5823991860665527
1,day,2.94323166666667,-0.0704651589887065,-0.1256177777743806,-0.0153125402030324,50.45539999999999,7.94000000000001,-0.39409624149181827,0.15669331195214237,Delayed Deterioration,continuous_full_curve,1.5823991860665527
1,day,3.1534625,-0.0750615300183926,-0.1324673239301409,-0.0176557361066442,50.45539999999999,7.94000000000001,-0.39409624149181827,0.15669331195214237,Delayed Deterioration,continuous_full_curve,1.5823991860665527
1,day,3.36369333333333,-0.0795675173351756,-0.1392813666632357,-0.0198536680071155,50.45539999999999,7.94000000000001,-0.39409624149181827,0.15669331195214237,Delayed Deterioration,continuous_full_curve,1.5823991860665527
1,day,3.57392416666667,-0.0839770953581958,-0.1460505824553716,-0.02190360826102,50.45539999999999,7.94000000000001,-0.39409624149181827,0.15669331195214237,Delayed Deterioration,continuous_full_curve,1.5823991860665527
1,day,3.784155,-0.0882842385065924,-0.1527651157461317,-0.023803361267053,50.45539999999999,7.94000000000001,-0.39409624149181827,0.15669331195214237,Delayed Deterioration,continuous_full_curve,1.5823991860665527
1,day,3.99438583333333,-0.0924829211995054,-0.1594145560387195,-0.0255512863602913,50.45539999999999,7.94000000000001,-0.39409624149181827,0.15669331195214237,Delayed Deterioration,continuous_full_curve,1.5823991860665527
1,day,4.20461666666667,-0.0965671178560749,-0.1659879178404407,-0.027146317871709,50.45539999999999,7.94000000000001,-0.39409624149181827,0.15669331195214237,Delayed Deterioration,continuous_full_curve,1.5823991860665527
1,day,4.4148475,-0.1005308028954402,-0.1724736239943187,-0.0285879817965616,50.45539999999999,7.94000000000001,-0.39409624149181827,0.15669331195214237,Delayed Deterioration,continuous_full_curve,1.5823991860665527
1,day,4.62507833333333,-0.1043679507367414,-0.1788594929777278,-0.029876408495755,50.45539999999999,7.94000000000001,-0.39409624149181827,0.15669331195214237,Delayed Deterioration,continuous_full_curve,1.5823991860665527
1,day,4.64,-0.1046353345562867,-0.1793086197132171,-0.0299620493993563,50.45539999999999,7.94000000000001,-0.39409624149181827,0.15669331195214237,Delayed Deterioration,continuous_full_curve,1.5823991860665527
1,day,4.83530916666667,-0.1080736087496982,-0.1851343481505978,-0.0310128693487986,50.45539999999999,7.94000000000001,-0.39409624149181827,0.15669331195214237,Delayed Deterioration,continuous_full_curve,1.5823991860665527
1,day,5.04554,-0.1116481378458261,-0.1912945705377833,-0.0320017051538689,50.45539999999999,7.94000000000001,-0.39409624149181827,0.15669331195214237,Delayed Deterioration,continuous_full_curve,1.5823991860665527
1,day,5.25577083333333,-0.1150935407969164,-0.1973388957747187,-0.0328481858191142,50.45539999999999,7.94000000000001,-0.39409624149181827,0.15669331195214237,Delayed Deterioration,continuous_full_curve,1.5823991860665527
1,day,5.46600166666667,-0.1184118208532404,-0.2032660059919352,-0.0335576357145456,50.45539999999999,7.94000000000001,-0.39409624149181827,0.15669331195214237,Delayed Deterioration,continuous_full_curve,1.5823991860665527
1,day,5.6762325,-0.1216049812650686,-0.2090745401150771,-0.0341354224150602,50.45539999999999,7.94000000000001,-0.39409624149181827,0.15669331195214237,Delayed Deterioration,continuous_full_curve,1.5823991860665527
1,day,5.88646333333333,-0.1246750252826725,-0.214763105039863,-0.034586945525482,50.45539999999999,7.94000000000001,-0.39409624149181827,0.15669331195214237,Delayed Deterioration,continuous_full_curve,1.5823991860665527
1,day,6.09669416666667,-0.1276239561563232,-0.2203302869077707,-0.0349176254048756,50.45539999999999,7.94000000000001,-0.39409624149181827,0.15669331195214237,Delayed Deterioration,continuous_full_curve,1.5823991860665527
1,day,6.306925,-0.1304537771362914,-0.2257746624216037,-0.0351328918509791,50.45539999999999,7.94000000000001,-0.39409624149181827,0.15669331195214237,Delayed Deterioration,continuous_full_curve,1.5823991860665527
1,day,6.51715583333333,-0.1331664914728485,-0.2310948101407366,-0.0352381728049604,50.45539999999999,7.94000000000001,-0.39409624149181827,0.15669331195214237,Delayed Deterioration,continuous_full_curve,1.5823991860665527
1,day,6.72738666666667,-0.1357641024162657,-0.236289321696916,-0.0352388831356153,50.45539999999999,7.94000000000001,-0.39409624149181827,0.15669331195214237,Delayed Deterioration,continuous_full_curve,1.5823991860665527
1,day,6.9376175,-0.1382486132168136,-0.2413568128730009,-0.0351404135606263,50.45539999999999,7.94000000000001,-0.39409624149181827,0.15669331195214237,Delayed Deterioration,continuous_full_curve,1.5823991860665527
1,day,7.14784833333333,-0.1406220271247636,-0.2462959344889264,-0.0349481197606008,50.45539999999999,7.94000000000001,-0.39409624149181827,0.15669331195214237,Delayed Deterioration,continuous_full_curve,1.5823991860665527
1,day,7.35807916666667,-0.1428863473903868,-0.2511053830414328,-0.0346673117393409,50.45539999999999,7.94000000000001,-0.39409624149181827,0.15669331195214237,Delayed Deterioration,continuous_full_curve,1.5823991860665527
1,day,7.56831,-0.1450435772639541,-0.2557839110467156,-0.0343032434811927,50.45539999999999,7.94000000000001,-0.39409624149181827,0.15669331195214237,Delayed Deterioration,continuous_full_curve,1.5823991860665527
1,day,7.77854083333333,-0.1470957199957368,-0.2603303370380667,-0.0338611029534069,50.45539999999999,7.94000000000001,-0.39409624149181827,0.15669331195214237,Delayed Deterioration,continuous_full_curve,1.5823991860665527
1,day,7.94000000000001,-0.1486016927928269,-0.2637316501295673,-0.0334717354560864,50.45539999999999,7.94000000000001,-0.39409624149181827,0.15669331195214237,Delayed Deterioration,continuous_full_curve,1.5823991860665527
1,day,7.98877166666667,-0.1490447788360058,-0.2647435551737556,-0.0333460024982561,50.45539999999999,7.94000000000001,-0.39409624149181827,0.15669331195214237,Delayed Deterioration,continuous_full_curve,1.5823991860665527
1,day,8.1990025,-0.1508927570350322,-0.2690225444138343,-0.0327629696562302,50.45539999999999,7.94000000000001,-0.39409624149181827,0.15669331195214237,Delayed Deterioration,continuous_full_curve,1.5823991860665527
1,day,8.40923333333333,-0.1526416578430871,-0.2731663772281769,-0.0321169384579973,50.45539999999999,7.94000000000001,-0.39409624149181827,0.15669331195214237,Delayed Deterioration,continuous_full_curve,1.5823991860665527
1,day,8.61946416666667,-0.1542934845104417,-0.2771742278018548,-0.0314127412190286,50.45539999999999,7.94000000000001,-0.39409624149181827,0.15669331195214237,Delayed Deterioration,continuous_full_curve,1.5823991860665527
1,day,8.829695,-0.1558502402873668,-0.2810453797078764,-0.0306551008668573,50.45539999999999,7.94000000000001,-0.39409624149181827,0.15669331195214237,Delayed Deterioration,continuous_full_curve,1.5823991860665527
1,day,9.03992583333333,-0.1573139284241337,-0.2847792330213401,-0.0298486238269274,50.45539999999999,7.94000000000001,-0.39409624149181827,0.15669331195214237,Delayed Deterioration,continuous_full_curve,1.5823991860665527
1,day,9.25015666666666,-0.1586865521710135,-0.2883753108531118,-0.028997793488915,50.45539999999999,7.94000000000001,-0.39409624149181827,0.15669331195214237,Delayed Deterioration,continuous_full_curve,1.5823991860665527
1,day,9.4603875,-0.1599701147782771,-0.2918332652852451,-0.0281069642713091,50.45539999999999,7.94000000000001,-0.39409624149181827,0.15669331195214237,Delayed Deterioration,continuous_full_curve,1.5823991860665527
1,day,9.67061833333333,-0.1611666194961956,-0.2951528826944325,-0.0271803562979588,50.45539999999999,7.94000000000001,-0.39409624149181827,0.15669331195214237,Delayed Deterioration,continuous_full_curve,1.5823991860665527
1,day,9.88084916666666,-0.1622780695750403,-0.298334088453826,-0.0262220506962545,50.45539999999999,7.94000000000001,-0.39409624149181827,0.15669331195214237,Delayed Deterioration,continuous_full_curve,1.5823991860665527
1,day,10.09108,-0.1633064682650821,-0.3013769510075131,-0.0252359855226511,50.45539999999999,7.94000000000001,-0.39409624149181827,0.15669331195214237,Delayed Deterioration,continuous_full_curve,1.5823991860665527
1,day,10.3013108333333,-0.1642538188165918,-0.304281685315806,-0.0242259523173777,50.45539999999999,7.94000000000001,-0.39409624149181827,0.15669331195214237,Delayed Deterioration,continuous_full_curve,1.5823991860665527
1,day,10.36,-0.1645040869217809,-0.305067969541658,-0.0239402043019038,50.45539999999999,7.94000000000001,-0.39409624149181827,0.15669331195214237,Delayed Deterioration,continuous_full_curve,1.5823991860665527
1,day,10.5115416666667,-0.1651221244798413,-0.3070486556732271,-0.0231955932864555,50.45539999999999,7.94000000000001,-0.39409624149181827,0.15669331195214237,Delayed Deterioration,continuous_full_curve,1.5823991860665527
1,day,10.7217725,-0.1659133885051007,-0.3096783779046362,-0.0221483991055653,50.45539999999999,7.94000000000001,-0.39409624149181827,0.15669331195214237,Delayed Deterioration,continuous_full_curve,1.5823991860665527
1,day,10.9320033333333,-0.1666296141426416,-0.3121715209483803,-0.0210877073369029,50.45539999999999,7.94000000000001,-0.39409624149181827,0.15669331195214237,Delayed Deterioration,continuous_full_curve,1.5823991860665527
1,day,11.1422341666667,-0.1672728046427353,-0.3145289078385089,-0.0200167014469618,50.45539999999999,7.94000000000001,-0.39409624149181827,0.15669331195214237,Delayed Deterioration,continuous_full_curve,1.5823991860665527
1,day,11.352465,-0.1678449632556523,-0.3167515161011276,-0.0189384104101769,50.45539999999999,7.94000000000001,-0.39409624149181827,0.15669331195214237,Delayed Deterioration,continuous_full_curve,1.5823991860665527
1,day,11.5626958333333,-0.1683480932316639,-0.3188404775827421,-0.0178557088805857,50.45539999999999,7.94000000000001,-0.39409624149181827,0.15669331195214237,Delayed Deterioration,continuous_full_curve,1.5823991860665527
1,day,11.7729266666667,-0.1687841978210415,-0.3207970777309515,-0.0167713179111315,50.45539999999999,7.94000000000001,-0.39409624149181827,0.15669331195214237,Delayed Deterioration,continuous_full_curve,1.5823991860665527
1,day,11.9831575,-0.1691552802740557,-0.322622754350183,-0.0156878061979284,50.45539999999999,7.94000000000001,-0.39409624149181827,0.15669331195214237,Delayed Deterioration,continuous_full_curve,1.5823991860665527
1,day,12.1933883333333,-0.1694633438409778,-0.3243190958572084,-0.0146075918247472,50.45539999999999,7.94000000000001,-0.39409624149181827,0.15669331195214237,Delayed Deterioration,continuous_full_curve,1.5823991860665527
1,day,12.4036191666667,-0.169710391772079,-0.3258878390629594,-0.0135329444811987,50.45539999999999,7.94000000000001,-0.39409624149181827,0.15669331195214237,Delayed Deterioration,continuous_full_curve,1.5823991860665527
1,day,12.61385,-0.1698984273176301,-0.3273308665087335,-0.0124659881265267,50.45539999999999,7.94000000000001,-0.39409624149181827,0.15669331195214237,Delayed Deterioration,continuous_full_curve,1.5823991860665527
1,day,12.8240808333333,-0.1700294537279023,-0.3286502033861831,-0.0114087040696215,50.45539999999999,7.94000000000001,-0.39409624149181827,0.15669331195214237,Delayed Deterioration,continuous_full_curve,1.5823991860665527
1,day,13.0343116666667,-0.1701054742531668,-0.3298480140715031,-0.0103629344348304,50.45539999999999,7.94000000000001,-0.39409624149181827,0.15669331195214237,Delayed Deterioration,continuous_full_curve,1.5823991860665527
1,day,13.2445425,-0.1701284921436945,-0.3309265983050791,-0.0093303859823099,50.45539999999999,7.94000000000001,-0.39409624149181827,0.15669331195214237,Delayed Deterioration,continuous_full_curve,1.5823991860665527
1,day,13.4547733333333,-0.1701005106497566,-0.3318883870484149,-0.0083126342510982,50.45539999999999,7.94000000000001,-0.39409624149181827,0.15669331195214237,Delayed Deterioration,continuous_full_curve,1.5823991860665527
1,day,13.6650041666667,-0.1700235330216241,-0.3327359380505083,-0.0073111279927399,50.45539999999999,7.94000000000001,-0.39409624149181827,0.15669331195214237,Delayed Deterioration,continuous_full_curve,1.5823991860665527
1,day,13.875235,-0.1698995625095681,-0.3334719311559836,-0.0063271938631525,50.45539999999999,7.94000000000001,-0.39409624149181827,0.15669331195214237,Delayed Deterioration,continuous_full_curve,1.5823991860665527
1,day,14.0854658333333,-0.1697306023638596,-0.3340991633872228,-0.0053620413404965,50.45539999999999,7.94000000000001,-0.39409624149181827,0.15669331195214237,Delayed Deterioration,continuous_full_curve,1.5823991860665527
1,day,14.2956966666667,-0.1695186558347698,-0.3346205438324579,-0.0044167678370817,50.45539999999999,7.94000000000001,-0.39409624149181827,0.15669331195214237,Delayed Deterioration,continuous_full_curve,1.5823991860665527
1,day,14.5059275,-0.1692657261725697,-0.3350390883713632,-0.0034923639737763,50.45539999999999,7.94000000000001,-0.39409624149181827,0.15669331195214237,Delayed Deterioration,continuous_full_curve,1.5823991860665527
1,day,14.7161583333333,-0.1689738166275305,-0.3353579142690688,-0.0025897189859922,50.45539999999999,7.94000000000001,-0.39409624149181827,0.15669331195214237,Delayed Deterioration,continuous_full_curve,1.5823991860665527
1,day,14.9263891666667,-0.168644930449923,-0.3355802346687497,-0.0017096262310963,50.45539999999999,7.94000000000001,-0.39409624149181827,0.15669331195214237,Delayed Deterioration,continuous_full_curve,1.5823991860665527
1,day,15.13662,-0.1682810708900187,-0.3357093530120643,-0.000852788767973,50.45539999999999,7.94000000000001,-0.39409624149181827,0.15669331195214237,Delayed Deterioration,continuous_full_curve,1.5823991860665527
1,day,15.3468508333333,-0.1678842411980884,-0.3357486574156821,-1.9824980494659306e-05,50.45539999999999,7.94000000000001,-0.39409624149181827,0.15669331195214237,Delayed Deterioration,continuous_full_curve,1.5823991860665527
1,day,15.5570816666667,-0.1674564446244029,-0.335701615031021,0.000788725782215,50.45539999999999,7.94000000000001,-0.39409624149181827,0.15669331195214237,Delayed Deterioration,continuous_full_curve,1.5823991860665527
1,day,15.7673125,-0.1669996844192339,-0.3355717664130941,0.0015723975746261,50.45539999999999,7.94000000000001,-0.39409624149181827,0.15669331195214237,Delayed Deterioration,continuous_full_curve,1.5823991860665527
1,day,15.9775433333333,-0.1665159638328522,-0.3353627199230677,0.0023307922573633,50.45539999999999,7.94000000000001,-0.39409624149181827,0.15669331195214237,Delayed Deterioration,continuous_full_curve,1.5823991860665527
1,day,16.1877741666667,-0.1660072861155285,-0.3350781461877724,0.0030635739567154,50.45539999999999,7.94000000000001,-0.39409624149181827,0.15669331195214237,Delayed Deterioration,continuous_full_curve,1.5823991860665527
1,day,16.398005,-0.1654756545175345,-0.3347217726379958,0.0037704636029267,50.45539999999999,7.94000000000001,-0.39409624149181827,0.15669331195214237,Delayed Deterioration,continuous_full_curve,1.5823991860665527
1,day,16.6082358333333,-0.164923072289141,-0.3342973781459385,0.0044512335676563,50.45539999999999,7.94000000000001,-0.39409624149181827,0.15669331195214237,Delayed Deterioration,continuous_full_curve,1.5823991860665527
1,day,16.8184666666667,-0.1643515426806188,-0.3338087877807433,0.0051057024195055,50.45539999999999,7.94000000000001,-0.39409624149181827,0.15669331195214237,Delayed Deterioration,continuous_full_curve,1.5823991860665527
1,day,17.0286975,-0.1637630689422396,-0.3332598676995204,0.0057337298150412,50.45539999999999,7.94000000000001,-0.39409624149181827,0.15669331195214237,Delayed Deterioration,continuous_full_curve,1.5823991860665527
1,day,17.2389283333333,-0.1631596543242741,-0.332654520189806,0.0063352115412578,50.45539999999999,7.94000000000001,-0.39409624149181827,0.15669331195214237,Delayed Deterioration,continuous_full_curve,1.5823991860665527
1,day,17.4491591666667,-0.162543302076993,-0.3319966788779185,0.0069100747239324,50.45539999999999,7.94000000000001,-0.39409624149181827,0.15669331195214237,Delayed Deterioration,continuous_full_curve,1.5823991860665527
1,day,17.65939,-0.1619160154506681,-0.3312903041162189,0.0074582732148826,50.45539999999999,7.94000000000001,-0.39409624149181827,0.15669331195214237,Delayed Deterioration,continuous_full_curve,1.5823991860665527
1,day,17.8696208333333,-0.1612797976955702,-0.3305393785608476,0.007979783169707,50.45539999999999,7.94000000000001,-0.39409624149181827,0.15669331195214237,Delayed Deterioration,continuous_full_curve,1.5823991860665527
1,day,18.0798516666667,-0.1606366520619701,-0.3297479029501291,0.0084745988261889,50.45539999999999,7.94000000000001,-0.39409624149181827,0.15669331195214237,Delayed Deterioration,continuous_full_curve,1.5823991860665527
1,day,18.2900825,-0.1599885818001393,-0.3289198920924835,0.0089427284922048,50.45539999999999,7.94000000000001,-0.39409624149181827,0.15669331195214237,Delayed Deterioration,continuous_full_curve,1.5823991860665527
1,day,18.5003133333333,-0.1593375901603487,-0.3280593710713788,0.0093841907506813,50.45539999999999,7.94000000000001,-0.39409624149181827,0.15669331195214237,Delayed Deterioration,continuous_full_curve,1.5823991860665527
1,day,18.7105441666667,-0.1586856803928691,-0.3271703716736345,0.0097990108878963,50.45539999999999,7.94000000000001,-0.39409624149181827,0.15669331195214237,Delayed Deterioration,continuous_full_curve,1.5823991860665527
1,day,18.920775,-0.1580348557479721,-0.3262569290461937,0.0101872175502494,50.45539999999999,7.94000000000001,-0.39409624149181827,0.15669331195214237,Delayed Deterioration,continuous_full_curve,1.5823991860665527
1,day,19.1310058333333,-0.1573871194759285,-0.3253230785853678,0.0105488396335108,50.45539999999999,7.94000000000001,-0.39409624149181827,0.15669331195214237,Delayed Deterioration,continuous_full_curve,1.5823991860665527
1,day,19.3412366666667,-0.1567444748270091,-0.3243728530615274,0.0108839034075091,50.45539999999999,7.94000000000001,-0.39409624149181827,0.15669331195214237,Delayed Deterioration,continuous_full_curve,1.5823991860665527
1,day,19.5514675,-0.1561089250514856,-0.3234102799812242,0.011192429878253,50.45539999999999,7.94000000000001,-0.39409624149181827,0.15669331195214237,Delayed Deterioration,continuous_full_curve,1.5823991860665527
1,day,19.7616983333333,-0.1554824733996287,-0.3224393791878361,0.0114744323885786,50.45539999999999,7.94000000000001,-0.39409624149181827,0.15669331195214237,Delayed Deterioration,continuous_full_curve,1.5823991860665527
1,day,19.9719291666667,-0.1548671231217092,-0.3214641607010158,0.0117299144575973,50.45539999999999,7.94000000000001,-0.39409624149181827,0.15669331195214237,Delayed Deterioration,continuous_full_curve,1.5823991860665527
1,day,20.1474,-0.1543634652280842,-0.3206497739568174,0.0119228435006488,50.45539999999999,7.94000000000001,-0.39409624149181827,0.15669331195214237,Delayed Deterioration,continuous_full_curve,1.5823991860665527
1,day,20.18216,-0.154264875881626,-0.3204886198485393,0.0119588680852871,50.45539999999999,7.94000000000001,-0.39409624149181827,0.15669331195214237,Delayed Deterioration,continuous_full_curve,1.5823991860665527
1,day,20.3923908333333,-0.1536771842765073,-0.3195157200021025,0.0121613514490877,50.45539999999999,7.94000000000001,-0.39409624149181827,0.15669331195214237,Delayed Deterioration,continuous_full_curve,1.5823991860665527
1,day,20.6026216666667,-0.1531041498791526,-0.3185459107030759,0.0123376109447706,50.45539999999999,7.94000000000001,-0.39409624149181827,0.15669331195214237,Delayed Deterioration,continuous_full_curve,1.5823991860665527
1,day,20.8128525,-0.152545670191606,-0.3175792637231007,0.0124879233398886,50.45539999999999,7.94000000000001,-0.39409624149181827,0.15669331195214237,Delayed Deterioration,continuous_full_curve,1.5823991860665527
1,day,21.0230833333333,-0.1520016427159109,-0.3166158523279692,0.0126125668961473,50.45539999999999,7.94000000000001,-0.39409624149181827,0.15669331195214237,Delayed Deterioration,continuous_full_curve,1.5823991860665527
1,day,21.2333141666667,-0.1514719649541107,-0.3156557511859469,0.0127118212777254,50.45539999999999,7.94000000000001,-0.39409624149181827,0.15669331195214237,Delayed Deterioration,continuous_full_curve,1.5823991860665527
1,day,21.443545,-0.1509565344082494,-0.3146990362767314,0.0127859674602325,50.45539999999999,7.94000000000001,-0.39409624149181827,0.15669331195214237,Delayed Deterioration,continuous_full_curve,1.5823991860665527
1,day,21.6537758333333,-0.1504552485803705,-0.3137457848010958,0.0128352876403548,50.45539999999999,7.94000000000001,-0.39409624149181827,0.15669331195214237,Delayed Deterioration,continuous_full_curve,1.5823991860665527
1,day,21.8640066666667,-0.1499680049725172,-0.3127960750912689,0.0128600651462345,50.45539999999999,7.94000000000001,-0.39409624149181827,0.15669331195214237,Delayed Deterioration,continuous_full_curve,1.5823991860665527
1,day,22.0742375,-0.1494947010867336,-0.3118499865220986,0.0128605843486312,50.45539999999999,7.94000000000001,-0.39409624149181827,0.15669331195214237,Delayed Deterioration,continuous_full_curve,1.5823991860665527
1,day,22.2844683333333,-0.1490352344250633,-0.3109075994230368,0.0128371305729101,50.45539999999999,7.94000000000001,-0.39409624149181827,0.15669331195214237,Delayed Deterioration,continuous_full_curve,1.5823991860665527
1,day,22.4946991666667,-0.1485895024895494,-0.3099689949909979,0.012789990011899,50.45539999999999,7.94000000000001,-0.39409624149181827,0.15669331195214237,Delayed Deterioration,continuous_full_curve,1.5823991860665527
1,day,22.70493,-0.1481574027822361,-0.3090342552041301,0.0127194496396578,50.45539999999999,7.94000000000001,-0.39409624149181827,0.15669331195214237,Delayed Deterioration,continuous_full_curve,1.5823991860665527
1,day,22.9151608333333,-0.1477388328051667,-0.3081034627365333,0.0126257971261997,50.45539999999999,7.94000000000001,-0.39409624149181827,0.15669331195214237,Delayed Deterioration,continuous_full_curve,1.5823991860665527
1,day,23.1253916666667,-0.1473336900603847,-0.3071767008739732,0.0125093207532037,50.45539999999999,7.94000000000001,-0.39409624149181827,0.15669331195214237,Delayed Deterioration,continuous_full_curve,1.5823991860665527
1,day,23.3356225,-0.146941872049934,-0.306254053430623,0.0123703093307548,50.45539999999999,7.94000000000001,-0.39409624149181827,0.15669331195214237,Delayed Deterioration,continuous_full_curve,1.5823991860665527
1,day,23.5458533333333,-0.1465632762758582,-0.3053356046668656,0.0122090521151491,50.45539999999999,7.94000000000001,-0.39409624149181827,0.15669331195214237,Delayed Deterioration,continuous_full_curve,1.5823991860665527
1,day,23.7560841666667,-0.1461978002402005,-0.3044214392081967,0.0120258387277956,50.45539999999999,7.94000000000001,-0.39409624149181827,0.15669331195214237,Delayed Deterioration,continuous_full_curve,1.5823991860665527
1,day,23.966315,-0.145845341445005,-0.3035116419652612,0.0118209590752512,50.45539999999999,7.94000000000001,-0.39409624149181827,0.15669331195214237,Delayed Deterioration,continuous_full_curve,1.5823991860665527
1,day,24.1765458333333,-0.145505797392315,-0.3026062980550451,0.011594703270415,50.45539999999999,7.94000000000001,-0.39409624149181827,0.15669331195214237,Delayed Deterioration,continuous_full_curve,1.5823991860665527
1,day,24.3867766666667,-0.1451790655841741,-0.3017054927232647,0.0113473615549163,50.45539999999999,7.94000000000001,-0.39409624149181827,0.15669331195214237,Delayed Deterioration,continuous_full_curve,1.5823991860665527
1,day,24.5970075,-0.1448650435226262,-0.3008093112679747,0.0110792242227223,50.45539999999999,7.94000000000001,-0.39409624149181827,0.15669331195214237,Delayed Deterioration,continuous_full_curve,1.5823991860665527
1,day,24.8072383333333,-0.1445636287097146,-0.2999178389644195,0.0107905815449901,50.45539999999999,7.94000000000001,-0.39409624149181827,0.15669331195214237,Delayed Deterioration,continuous_full_curve,1.5823991860665527
1,day,25.0174691666667,-0.144274718647483,-0.2990311609911591,0.010481723696193,50.45539999999999,7.94000000000001,-0.39409624149181827,0.15669331195214237,Delayed Deterioration,continuous_full_curve,1.5823991860665527
1,day,25.2277,-0.1439982108379751,-0.2981493623574898,0.0101529406815395,50.45539999999999,7.94000000000001,-0.39409624149181827,0.15669331195214237,Delayed Deterioration,continuous_full_curve,1.5823991860665527
1,day,25.4379308333333,-0.1437340027832344,-0.2972725278321794,0.0098045222657104,50.45539999999999,7.94000000000001,-0.39409624149181827,0.15669331195214237,Delayed Deterioration,continuous_full_curve,1.5823991860665527
1,day,25.6481616666667,-0.1434819919853044,-0.2964007418735419,0.0094367579029329,50.45539999999999,7.94000000000001,-0.39409624149181827,0.15669331195214237,Delayed Deterioration,continuous_full_curve,1.5823991860665527
1,day,25.8583925,-0.143242075946229,-0.2955340885608713,0.0090499366684131,50.45539999999999,7.94000000000001,-0.39409624149181827,0.15669331195214237,Delayed Deterioration,continuous_full_curve,1.5823991860665527
1,day,26.0686233333333,-0.1430141521680517,-0.2946726515272443,0.0086443471911408,50.45539999999999,7.94000000000001,-0.39409624149181827,0.15669331195214237,Delayed Deterioration,continuous_full_curve,1.5823991860665527
1,day,26.2788541666667,-0.1427981181528159,-0.2938165138937187,0.0082202775880869,50.45539999999999,7.94000000000001,-0.39409624149181827,0.15669331195214237,Delayed Deterioration,continuous_full_curve,1.5823991860665527
1,day,26.489085,-0.1425938714025654,-0.2929657582049376,0.0077780153998067,50.45539999999999,7.94000000000001,-0.39409624149181827,0.15669331195214237,Delayed Deterioration,continuous_full_curve,1.5823991860665527
1,day,26.6993158333333,-0.1424013094193438,-0.2921204663661483,0.0073178475274605,50.45539999999999,7.94000000000001,-0.39409624149181827,0.15669331195214237,Delayed Deterioration,continuous_full_curve,1.5823991860665527
1,day,26.9095466666667,-0.1422203297051946,-0.2912807195816578,0.0068400601712684,50.45539999999999,7.94000000000001,-0.39409624149181827,0.15669331195214237,Delayed Deterioration,continuous_full_curve,1.5823991860665527
1,day,27.1197775,-0.1420508297621616,-0.2904465982947291,0.0063449387704057,50.45539999999999,7.94000000000001,-0.39409624149181827,0.15669331195214237,Delayed Deterioration,continuous_full_curve,1.5823991860665527
1,day,27.3300083333333,-0.1418927070922883,-0.2896181821289267,0.0058327679443501,50.45539999999999,7.94000000000001,-0.39409624149181827,0.15669331195214237,Delayed Deterioration,continuous_full_curve,1.5823991860665527
1,day,27.5402391666667,-0.1417458591976181,-0.2887955498309255,0.0053038314356892,50.45539999999999,7.94000000000001,-0.39409624149181827,0.15669331195214237,Delayed Deterioration,continuous_full_curve,1.5823991860665527
1,day,27.75047,-0.141610183580195,-0.2879787792147857,0.0047584120543957,50.45539999999999,7.94000000000001,-0.39409624149181827,0.15669331195214237,Delayed Deterioration,continuous_full_curve,1.5823991860665527
1,day,27.9607008333333,-0.1414855777420623,-0.2871679471076976,0.0041967916235729,50.45539999999999,7.94000000000001,-0.39409624149181827,0.15669331195214237,Delayed Deterioration,continuous_full_curve,1.5823991860665527
1,day,28.1709316666667,-0.1413719391852637,-0.2863631292972072,0.0036192509266796,50.45539999999999,7.94000000000001,-0.39409624149181827,0.15669331195214237,Delayed Deterioration,continuous_full_curve,1.5823991860665527
1,day,28.3811625,-0.1412691654118429,-0.2855644004799204,0.0030260696562345,50.45539999999999,7.94000000000001,-0.39409624149181827,0.15669331195214237,Delayed Deterioration,continuous_full_curve,1.5823991860665527
1,day,28.5913933333333,-0.1411771539238434,-0.2847718342116877,0.0024175263640008,50.45539999999999,7.94000000000001,-0.39409624149181827,0.15669331195214237,Delayed Deterioration,continuous_full_curve,1.5823991860665527
1,day,28.8016241666667,-0.1410958022233088,-0.2839855028592747,0.0017938984126571,50.45539999999999,7.94000000000001,-0.39409624149181827,0.15669331195214237,Delayed Deterioration,continuous_full_curve,1.5823991860665527
1,day,29.011855,-0.1410250078122827,-0.2832054775535151,0.0011554619289495,50.45539999999999,7.94000000000001,-0.39409624149181827,0.15669331195214237,Delayed Deterioration,continuous_full_curve,1.5823991860665527
1,day,29.2220858333333,-0.1409646681928088,-0.2824318281439426,0.0005024917583248,50.45539999999999,7.94000000000001,-0.39409624149181827,0.15669331195214237,Delayed Deterioration,continuous_full_curve,1.5823991860665527
1,day,29.4323166666667,-0.1409146808669306,-0.2816646231549052,-0.0001647385789561,50.45539999999999,7.94000000000001,-0.39409624149181827,0.15669331195214237,Delayed Deterioration,continuous_full_curve,1.5823991860665527
1,day,29.6425475,-0.1408749433366919,-0.2809039297431553,-0.0008459569302284,50.45539999999999,7.94000000000001,-0.39409624149181827,0.15669331195214237,Delayed Deterioration,continuous_full_curve,1.5823991860665527
1,day,29.8527783333333,-0.140845353104136,-0.2801498136569074,-0.0015408925513647,50.45539999999999,7.94000000000001,-0.39409624149181827,0.15669331195214237,Delayed Deterioration,continuous_full_curve,1.5823991860665527
1,day,30.0630091666667,-0.1408258076713068,-0.279402339196365,-0.0022492761462486,50.45539999999999,7.94000000000001,-0.39409624149181827,0.15669331195214237,Delayed Deterioration,continuous_full_curve,1.5823991860665527
1,day,30.27324,-0.1408162045402476,-0.2786615691757081,-0.0029708399047871,50.45539999999999,7.94000000000001,-0.39409624149181827,0.15669331195214237,Delayed Deterioration,continuous_full_curve,1.5823991860665527
1,day,30.4834708333333,-0.1408164412130023,-0.2779275648865287,-0.003705317539476,50.45539999999999,7.94000000000001,-0.39409624149181827,0.15669331195214237,Delayed Deterioration,continuous_full_curve,1.5823991860665527
1,day,30.6937016666667,-0.1408264151916144,-0.277200386062713,-0.0044524443205159,50.45539999999999,7.94000000000001,-0.39409624149181827,0.15669331195214237,Delayed Deterioration,continuous_full_curve,1.5823991860665527
1,day,30.9039325,-0.1408460239781275,-0.27648009084676,-0.0052119571094951,50.45539999999999,7.94000000000001,-0.39409624149181827,0.15669331195214237,Delayed Deterioration,continuous_full_curve,1.5823991860665527
1,day,31.1141633333333,-0.1408751650745852,-0.2757667357575209,-0.0059835943916495,50.45539999999999,7.94000000000001,-0.39409624149181827,0.15669331195214237,Delayed Deterioration,continuous_full_curve,1.5823991860665527
1,day,31.3243941666667,-0.1409137359830311,-0.2750603756593564,-0.0067670963067058,50.45539999999999,7.94000000000001,-0.39409624149181827,0.15669331195214237,Delayed Deterioration,continuous_full_curve,1.5823991860665527
1,day,31.534625,-0.1409616342055088,-0.2743610637326966,-0.007562204678321,50.45539999999999,7.94000000000001,-0.39409624149181827,0.15669331195214237,Delayed Deterioration,continuous_full_curve,1.5823991860665527
1,day,31.7448558333333,-0.1410187572440619,-0.2736688514459885,-0.0083686630421353,50.45539999999999,7.94000000000001,-0.39409624149181827,0.15669331195214237,Delayed Deterioration,continuous_full_curve,1.5823991860665527
1,day,31.9550866666667,-0.1410850026007341,-0.2729837885290241,-0.009186216672444,50.45539999999999,7.94000000000001,-0.39409624149181827,0.15669331195214237,Delayed Deterioration,continuous_full_curve,1.5823991860665527
1,day,32.0085775,-0.1411033015020653,-0.2728106288491084,-0.0093959741550221,50.45539999999999,7.94000000000001,-0.39409624149181827,0.15669331195214237,Delayed Deterioration,continuous_full_curve,1.5823991860665527
1,day,32.1653175,-0.1411602677775688,-0.2723059229476329,-0.0100146126075048,50.45539999999999,7.94000000000001,-0.39409624149181827,0.15669331195214237,Delayed Deterioration,continuous_full_curve,1.5823991860665527
1,day,32.3755483333333,-0.1412444502766099,-0.2716353008797197,-0.0108535996735,50.45539999999999,7.94000000000001,-0.39409624149181827,0.15669331195214237,Delayed Deterioration,continuous_full_curve,1.5823991860665527
1,day,32.5857791666667,-0.1413374475999008,-0.2709719666926424,-0.0117029285071591,50.45539999999999,7.94000000000001,-0.39409624149181827,0.15669331195214237,Delayed Deterioration,continuous_full_curve,1.5823991860665527
1,day,32.79601,-0.1414391572494851,-0.2703159629219062,-0.0125623515770639,50.45539999999999,7.94000000000001,-0.39409624149181827,0.15669331195214237,Delayed Deterioration,continuous_full_curve,1.5823991860665527
1,day,33.0062408333333,-0.1415494767274064,-0.2696673302511603,-0.0134316232036526,50.45539999999999,7.94000000000001,-0.39409624149181827,0.15669331195214237,Delayed Deterioration,continuous_full_curve,1.5823991860665527
1,day,33.2164716666667,-0.1416683035357085,-0.2690261074934817,-0.0143104995779353,50.45539999999999,7.94000000000001,-0.39409624149181827,0.15669331195214237,Delayed Deterioration,continuous_full_curve,1.5823991860665527
1,day,33.4267025,-0.1417955351764348,-0.2683923315739308,-0.0151987387789389,50.45539999999999,7.94000000000001,-0.39409624149181827,0.15669331195214237,Delayed Deterioration,continuous_full_curve,1.5823991860665527
1,day,33.6369333333333,-0.141931069151629,-0.2677660375133519,-0.0160961007899061,50.45539999999999,7.94000000000001,-0.39409624149181827,0.15669331195214237,Delayed Deterioration,continuous_full_curve,1.5823991860665527
1,day,33.8471641666667,-0.1420748029633348,-0.2671472584134141,-0.0170023475132554,50.45539999999999,7.94000000000001,-0.39409624149181827,0.15669331195214237,Delayed Deterioration,continuous_full_curve,1.5823991860665527
1,day,34.057395,-0.1422266341135955,-0.2665360254428633,-0.0179172427843277,50.45539999999999,7.94000000000001,-0.39409624149181827,0.15669331195214237,Delayed Deterioration,continuous_full_curve,1.5823991860665527
1,day,34.2676258333333,-0.142386460104455,-0.2659323678249695,-0.0188405523839405,50.45539999999999,7.94000000000001,-0.39409624149181827,0.15669331195214237,Delayed Deterioration,continuous_full_curve,1.5823991860665527
1,day,34.4778566666667,-0.1425541784379568,-0.2653363128261519,-0.0197720440497617,50.45539999999999,7.94000000000001,-0.39409624149181827,0.15669331195214237,Delayed Deterioration,continuous_full_curve,1.5823991860665527
1,day,34.6880875,-0.1427296866161445,-0.2647478857457615,-0.0207114874865275,50.45539999999999,7.94000000000001,-0.39409624149181827,0.15669331195214237,Delayed Deterioration,continuous_full_curve,1.5823991860665527
1,day,34.8983183333333,-0.1429128821410617,-0.2641671099069972,-0.0216586543751262,50.45539999999999,7.94000000000001,-0.39409624149181827,0.15669331195214237,Delayed Deterioration,continuous_full_curve,1.5823991860665527
1,day,35.1085491666667,-0.1431036625147521,-0.2635940066489403,-0.0226133183805638,50.45539999999999,7.94000000000001,-0.39409624149181827,0.15669331195214237,Delayed Deterioration,continuous_full_curve,1.5823991860665527
1,day,35.31878,-0.1433019252392591,-0.2630285953196862,-0.0235752551588319,50.45539999999999,7.94000000000001,-0.39409624149181827,0.15669331195214237,Delayed Deterioration,continuous_full_curve,1.5823991860665527
1,day,35.5290108333333,-0.1435075678166265,-0.2624708932705463,-0.0245442423627066,50.45539999999999,7.94000000000001,-0.39409624149181827,0.15669331195214237,Delayed Deterioration,continuous_full_curve,1.5823991860665527
1,day,35.7392416666667,-0.1437204877488979,-0.2619209158513068,-0.025520059646489,50.45539999999999,7.94000000000001,-0.39409624149181827,0.15669331195214237,Delayed Deterioration,continuous_full_curve,1.5823991860665527
1,day,35.9494725,-0.1439405825381168,-0.2613786764065202,-0.0265024886697134,50.45539999999999,7.94000000000001,-0.39409624149181827,0.15669331195214237,Delayed Deterioration,continuous_full_curve,1.5823991860665527
1,day,36.1597033333333,-0.1441677496863268,-0.2608441862728042,-0.0274913130998493,50.45539999999999,7.94000000000001,-0.39409624149181827,0.15669331195214237,Delayed Deterioration,continuous_full_curve,1.5823991860665527
1,day,36.3699341666667,-0.1444018866955717,-0.2603174547771334,-0.02848631861401,50.45539999999999,7.94000000000001,-0.39409624149181827,0.15669331195214237,Delayed Deterioration,continuous_full_curve,1.5823991860665527
1,day,36.580165,-0.1446428910678948,-0.2597984892360958,-0.0294872928996939,50.45539999999999,7.94000000000001,-0.39409624149181827,0.15669331195214237,Delayed Deterioration,continuous_full_curve,1.5823991860665527
1,day,36.7903958333333,-0.1448906603053399,-0.2592872949560952,-0.0304940256545847,50.45539999999999,7.94000000000001,-0.39409624149181827,0.15669331195214237,Delayed Deterioration,continuous_full_curve,1.5823991860665527
1,day,37.0006266666667,-0.1451450919099508,-0.2587838752344766,-0.0315063085854249,50.45539999999999,7.94000000000001,-0.39409624149181827,0.15669331195214237,Delayed Deterioration,continuous_full_curve,1.5823991860665527
1,day,37.2108575,-0.1454060833837707,-0.2582882313615546,-0.0325239354059867,50.45539999999999,7.94000000000001,-0.39409624149181827,0.15669331195214237,Delayed Deterioration,continuous_full_curve,1.5823991860665527
1,day,37.4210883333333,-0.1456735322288433,-0.2578003626235174,-0.0335467018341693,50.45539999999999,7.94000000000001,-0.39409624149181827,0.15669331195214237,Delayed Deterioration,continuous_full_curve,1.5823991860665527
1,day,37.6313191666667,-0.1459473359472126,-0.2573202663061901,-0.034574405588235,50.45539999999999,7.94000000000001,-0.39409624149181827,0.15669331195214237,Delayed Deterioration,continuous_full_curve,1.5823991860665527
1,day,37.84155,-0.1462273920409217,-0.2568479376996326,-0.0356068463822107,50.45539999999999,7.94000000000001,-0.39409624149181827,0.15669331195214237,Delayed Deterioration,continuous_full_curve,1.5823991860665527
1,day,38.0517808333333,-0.1465135980120143,-0.256383370103548,-0.0366438259204806,50.45539999999999,7.94000000000001,-0.39409624149181827,0.15669331195214237,Delayed Deterioration,continuous_full_curve,1.5823991860665527
1,day,38.2620116666667,-0.1468058513625344,-0.2559265548334828,-0.0376851478915861,50.45539999999999,7.94000000000001,-0.39409624149181827,0.15669331195214237,Delayed Deterioration,continuous_full_curve,1.5823991860665527
1,day,38.4722425,-0.1471040495945252,-0.2554774812277948,-0.0387306179612555,50.45539999999999,7.94000000000001,-0.39409624149181827,0.15669331195214237,Delayed Deterioration,continuous_full_curve,1.5823991860665527
1,day,38.6824733333333,-0.1474080902100304,-0.2550361366553659,-0.0397800437646948,50.45539999999999,7.94000000000001,-0.39409624149181827,0.15669331195214237,Delayed Deterioration,continuous_full_curve,1.5823991860665527
1,day,38.8927041666667,-0.1477178707110937,-0.2546025065240397,-0.0408332348981478,50.45539999999999,7.94000000000001,-0.39409624149181827,0.15669331195214237,Delayed Deterioration,continuous_full_curve,1.5823991860665527
1,day,39.102935,-0.1480332885997586,-0.2541765742897613,-0.0418900029097558,50.45539999999999,7.94000000000001,-0.39409624149181827,0.15669331195214237,Delayed Deterioration,continuous_full_curve,1.5823991860665527
1,day,39.3131658333333,-0.1483542413780687,-0.2537583214663957,-0.0429501612897416,50.45539999999999,7.94000000000001,-0.39409624149181827,0.15669331195214237,Delayed Deterioration,continuous_full_curve,1.5823991860665527
1,day,39.5233966666667,-0.1486806265480678,-0.2533477276362056,-0.0440135254599301,50.45539999999999,7.94000000000001,-0.39409624149181827,0.15669331195214237,Delayed Deterioration,continuous_full_curve,1.5823991860665527
1,day,39.7336275,-0.1490123416117993,-0.252944770460966,-0.0450799127626326,50.45539999999999,7.94000000000001,-0.39409624149181827,0.15669331195214237,Delayed Deterioration,continuous_full_curve,1.5823991860665527
1,day,39.9438583333333,-0.1493492840713068,-0.2525494256936927,-0.0461491424489209,50.45539999999999,7.94000000000001,-0.39409624149181827,0.15669331195214237,Delayed Deterioration,continuous_full_curve,1.5823991860665527
1,day,40.1540891666667,-0.1496913514286342,-0.2521616671909665,-0.0472210356663018,50.45539999999999,7.94000000000001,-0.39409624149181827,0.15669331195214237,Delayed Deterioration,continuous_full_curve,1.5823991860665527
1,day,40.36432,-0.1500384411858246,-0.2517814669258292,-0.0482954154458201,50.45539999999999,7.94000000000001,-0.39409624149181827,0.15669331195214237,Delayed Deterioration,continuous_full_curve,1.5823991860665527
1,day,40.5745508333333,-0.150390450844922,-0.2514087950012309,-0.0493721066886131,50.45539999999999,7.94000000000001,-0.39409624149181827,0.15669331195214237,Delayed Deterioration,continuous_full_curve,1.5823991860665527
1,day,40.7847816666667,-0.1507472779079701,-0.2510436196640089,-0.0504509361519312,50.45539999999999,7.94000000000001,-0.39409624149181827,0.15669331195214237,Delayed Deterioration,continuous_full_curve,1.5823991860665527
1,day,40.9950125,-0.151108819877012,-0.2506859073193782,-0.0515317324346459,50.45539999999999,7.94000000000001,-0.39409624149181827,0.15669331195214237,Delayed Deterioration,continuous_full_curve,1.5823991860665527
1,day,41.2052433333333,-0.1514749742540917,-0.2503356225459094,-0.052614325962274,50.45539999999999,7.94000000000001,-0.39409624149181827,0.15669331195214237,Delayed Deterioration,continuous_full_curve,1.5823991860665527
1,day,41.4154741666667,-0.1518456385412529,-0.2499927281109793,-0.0536985489715265,50.45539999999999,7.94000000000001,-0.39409624149181827,0.15669331195214237,Delayed Deterioration,continuous_full_curve,1.5823991860665527
1,day,41.625705,-0.1522207102405388,-0.2496571849866701,-0.0547842354944075,50.45539999999999,7.94000000000001,-0.39409624149181827,0.15669331195214237,Delayed Deterioration,continuous_full_curve,1.5823991860665527
1,day,41.8359358333333,-0.1526000868539933,-0.2493289523660992,-0.0558712213418873,50.45539999999999,7.94000000000001,-0.39409624149181827,0.15669331195214237,Delayed Deterioration,continuous_full_curve,1.5823991860665527
1,day,42.0461666666667,-0.15298366588366,-0.2490079876801599,-0.0569593440871601,50.45539999999999,7.94000000000001,-0.39409624149181827,0.15669331195214237,Delayed Deterioration,continuous_full_curve,1.5823991860665527
1,day,42.2563975,-0.1533713448315823,-0.2486942466146555,-0.0580484430485092,50.45539999999999,7.94000000000001,-0.39409624149181827,0.15669331195214237,Delayed Deterioration,continuous_full_curve,1.5823991860665527
1,day,42.4666283333333,-0.153763021199804,-0.2483876831278034,-0.0591383592718046,50.45539999999999,7.94000000000001,-0.39409624149181827,0.15669331195214237,Delayed Deterioration,continuous_full_curve,1.5823991860665527
1,day,42.6768591666667,-0.1541585924903688,-0.2480882494680963,-0.0602289355126413,50.45539999999999,7.94000000000001,-0.39409624149181827,0.15669331195214237,Delayed Deterioration,continuous_full_curve,1.5823991860665527
1,day,42.88709,-0.15455795620532,-0.2477958961924988,-0.0613200162181412,50.45539999999999,7.94000000000001,-0.39409624149181827,0.15669331195214237,Delayed Deterioration,continuous_full_curve,1.5823991860665527
1,day,43.0973208333333,-0.1549610098467014,-0.2475105721849602,-0.0624114475084426,50.45539999999999,7.94000000000001,-0.39409624149181827,0.15669331195214237,Delayed Deterioration,continuous_full_curve,1.5823991860665527
1,day,43.3075516666667,-0.1553676509165567,-0.2472322246752299,-0.0635030771578834,50.45539999999999,7.94000000000001,-0.39409624149181827,0.15669331195214237,Delayed Deterioration,continuous_full_curve,1.5823991860665527
1,day,43.5177825,-0.1557777769169292,-0.246960799257955,-0.0645947545759034,50.45539999999999,7.94000000000001,-0.39409624149181827,0.15669331195214237,Delayed Deterioration,continuous_full_curve,1.5823991860665527
1,day,43.7280133333333,-0.1561912853498627,-0.2466962399120418,-0.0656863307876836,50.45539999999999,7.94000000000001,-0.39409624149181827,0.15669331195214237,Delayed Deterioration,continuous_full_curve,1.5823991860665527
1,day,43.9382441666667,-0.156608073717401,-0.2464384890202682,-0.0667776584145338,50.45539999999999,7.94000000000001,-0.39409624149181827,0.15669331195214237,Delayed Deterioration,continuous_full_curve,1.5823991860665527
1,day,44.148475,-0.1570280395215873,-0.2461874873891271,-0.0678685916540475,50.45539999999999,7.94000000000001,-0.39409624149181827,0.15669331195214237,Delayed Deterioration,continuous_full_curve,1.5823991860665527
1,day,44.3587058333333,-0.1574510802644654,-0.245943174268886,-0.0689589862600447,50.45539999999999,7.94000000000001,-0.39409624149181827,0.15669331195214237,Delayed Deterioration,continuous_full_curve,1.5823991860665527
1,day,44.5689366666667,-0.1578770934480791,-0.2457054873738467,-0.0700486995223115,50.45539999999999,7.94000000000001,-0.39409624149181827,0.15669331195214237,Delayed Deterioration,continuous_full_curve,1.5823991860665527
1,day,44.7791675,-0.1583059765744716,-0.2454743629027893,-0.071137590246154,50.45539999999999,7.94000000000001,-0.39409624149181827,0.15669331195214237,Delayed Deterioration,continuous_full_curve,1.5823991860665527
1,day,44.9893983333333,-0.1587376271456868,-0.2452497355595854,-0.0722255187317883,50.45539999999999,7.94000000000001,-0.39409624149181827,0.15669331195214237,Delayed Deterioration,continuous_full_curve,1.5823991860665527
1,day,45.1996291666667,-0.1591719426637684,-0.2450315385739651,-0.0733123467535718,50.45539999999999,7.94000000000001,-0.39409624149181827,0.15669331195214237,Delayed Deterioration,continuous_full_curve,1.5823991860665527
1,day,45.40986,-0.1596088206307596,-0.2448197037224248,-0.0743979375390945,50.45539999999999,7.94000000000001,-0.39409624149181827,0.15669331195214237,Delayed Deterioration,continuous_full_curve,1.5823991860665527
1,day,45.6200908333333,-0.1600481585487043,-0.2446141613492581,-0.0754821557481505,50.45539999999999,7.94000000000001,-0.39409624149181827,0.15669331195214237,Delayed Deterioration,continuous_full_curve,1.5823991860665527
1,day,45.8303216666667,-0.1604898539196462,-0.2444148403876999,-0.0765648674515926,50.45539999999999,7.94000000000001,-0.39409624149181827,0.15669331195214237,Delayed Deterioration,continuous_full_curve,1.5823991860665527
1,day,46.0405525,-0.1609338042456286,-0.2442216683811668,-0.0776459401100905,50.45539999999999,7.94000000000001,-0.39409624149181827,0.15669331195214237,Delayed Deterioration,continuous_full_curve,1.5823991860665527
1,day,46.09,-0.1610385403829773,-0.244177118473321,-0.0778999622926337,50.45539999999999,7.94000000000001,-0.39409624149181827,0.15669331195214237,Delayed Deterioration,continuous_full_curve,1.5823991860665527
1,day,46.2507833333333,-0.1613799070286953,-0.2440345715045826,-0.078725242552808,50.45539999999999,7.94000000000001,-0.39409624149181827,0.15669331195214237,Delayed Deterioration,continuous_full_curve,1.5823991860665527
1,day,46.4610141666667,-0.16182805977089,-0.2438534745857744,-0.0798026449560056,50.45539999999999,7.94000000000001,-0.39409624149181827,0.15669331195214237,Delayed Deterioration,continuous_full_curve,1.5823991860665527
1,day,46.671245,-0.162278159974256,-0.2436783011269278,-0.0808780188215843,50.45539999999999,7.94000000000001,-0.39409624149181827,0.15669331195214237,Delayed Deterioration,continuous_full_curve,1.5823991860665527
1,day,46.8814758333333,-0.1627301051408371,-0.2435089733260873,-0.0819512369555869,50.45539999999999,7.94000000000001,-0.39409624149181827,0.15669331195214237,Delayed Deterioration,continuous_full_curve,1.5823991860665527
1,day,47.0917066666667,-0.1631837927726771,-0.2433454120986926,-0.0830221734466617,50.45539999999999,7.94000000000001,-0.39409624149181827,0.15669331195214237,Delayed Deterioration,continuous_full_curve,1.5823991860665527
1,day,47.3019375,-0.1636391203718192,-0.2431875370991359,-0.0840907036445025,50.45539999999999,7.94000000000001,-0.39409624149181827,0.15669331195214237,Delayed Deterioration,continuous_full_curve,1.5823991860665527
1,day,47.5121683333333,-0.1640959854403071,-0.2430352667423308,-0.0851567041382834,50.45539999999999,7.94000000000001,-0.39409624149181827,0.15669331195214237,Delayed Deterioration,continuous_full_curve,1.5823991860665527
1,day,47.7223991666667,-0.1645542854801848,-0.2428885182252819,-0.0862200527350878,50.45539999999999,7.94000000000001,-0.39409624149181827,0.15669331195214237,Delayed Deterioration,continuous_full_curve,1.5823991860665527
1,day,47.93263,-0.1650139179934955,-0.2427472075486426,-0.0872806284383483,50.45539999999999,7.94000000000001,-0.39409624149181827,0.15669331195214237,Delayed Deterioration,continuous_full_curve,1.5823991860665527
1,day,48.1428608333333,-0.1654747804822827,-0.2426112495382532,-0.0883383114263123,50.45539999999999,7.94000000000001,-0.39409624149181827,0.15669331195214237,Delayed Deterioration,continuous_full_curve,1.5823991860665527
1,day,48.3530916666667,-0.1659367704485906,-0.2424805578666466,-0.0893929830305346,50.45539999999999,7.94000000000001,-0.39409624149181827,0.15669331195214237,Delayed Deterioration,continuous_full_curve,1.5823991860665527
1,day,48.5633225,-0.1663997853944622,-0.2423550450745143,-0.0904445257144101,50.45539999999999,7.94000000000001,-0.39409624149181827,0.15669331195214237,Delayed Deterioration,continuous_full_curve,1.5823991860665527
1,day,48.7735533333333,-0.1668637228219413,-0.2422346225921211,-0.0914928230517616,50.45539999999999,7.94000000000001,-0.39409624149181827,0.15669331195214237,Delayed Deterioration,continuous_full_curve,1.5823991860665527
1,day,48.9837841666667,-0.1673284802330718,-0.2421192007606611,-0.0925377597054825,50.45539999999999,7.94000000000001,-0.39409624149181827,0.15669331195214237,Delayed Deterioration,continuous_full_curve,1.5823991860665527
1,day,49.194015,-0.1677939551298969,-0.242008688853545,-0.0935792214062487,50.45539999999999,7.94000000000001,-0.39409624149181827,0.15669331195214237,Delayed Deterioration,continuous_full_curve,1.5823991860665527
1,day,49.4042458333333,-0.1682600450144603,-0.2419029950976102,-0.0946170949313103,50.45539999999999,7.94000000000001,-0.39409624149181827,0.15669331195214237,Delayed Deterioration,continuous_full_curve,1.5823991860665527
1,day,49.6144766666667,-0.1687266473888058,-0.2418020266942468,-0.0956512680833648,50.45539999999999,7.94000000000001,-0.39409624149181827,0.15669331195214237,Delayed Deterioration,continuous_full_curve,1.5823991860665527
1,day,49.8247075,-0.1691936597549768,-0.2417056898404299,-0.0966816296695236,50.45539999999999,7.94000000000001,-0.39409624149181827,0.15669331195214237,Delayed Deterioration,continuous_full_curve,1.5823991860665527
1,day,50.0349383333333,-0.1696609796150169,-0.2416138897496511,-0.0977080694803826,50.45539999999999,7.94000000000001,-0.39409624149181827,0.15669331195214237,Delayed Deterioration,continuous_full_curve,1.5823991860665527
1,day,50.2451691666667,-0.17012850447097,-0.2415265306727428,-0.0987304782691972,50.45539999999999,7.94000000000001,-0.39409624149181827,0.15669331195214237,Delayed Deterioration,continuous_full_curve,1.5823991860665527
1,day,50.4554,-0.1705961318248793,-0.2414435159185869,-0.0997487477311717,50.45539999999999,7.94000000000001,-0.39409624149181827,0.15669331195214237,Delayed Deterioration,continuous_full_curve,1.5823991860665527
1,night,0.0,0.0,0.0,0.0,50.321399999999976,6.72,-0.4330378357526558,0.3328820804381785,Delayed Deterioration,continuous_full_curve,2.3
1,night,0.2096725,-0.0030032197866719,-0.0140183013581095,0.0080118617847657,50.321399999999976,6.72,-0.4330378357526558,0.3328820804381785,Delayed Deterioration,continuous_full_curve,2.3
1,night,0.419345,-0.0060048170110948,-0.018024599981676,0.0060149659594863,50.321399999999976,6.72,-0.4330378357526558,0.3328820804381785,Delayed Deterioration,continuous_full_curve,2.3
1,night,0.6290175,-0.0090031691110198,-0.0221167552070042,0.0041104169849645,50.321399999999976,6.72,-0.4330378357526558,0.3328820804381785,Delayed Deterioration,continuous_full_curve,2.3
1,night,0.83869,-0.0119966535241978,-0.0262994257908644,0.0023061187424686,50.321399999999976,6.72,-0.4330378357526558,0.3328820804381785,Delayed Deterioration,continuous_full_curve,2.3
1,night,1.0483625,-0.0149836476883799,-0.0305774078457129,0.000610112468953,50.321399999999976,6.72,-0.4330378357526558,0.3328820804381785,Delayed Deterioration,continuous_full_curve,2.3
1,night,1.258035,-0.017962529041317,-0.0349555784436039,-0.0009694796390302,50.321399999999976,6.72,-0.4330378357526558,0.3328820804381785,Delayed Deterioration,continuous_full_curve,2.3
1,night,1.4677075,-0.0209316750207603,-0.0394388274445867,-0.0024245225969338,50.321399999999976,6.72,-0.4330378357526558,0.3328820804381785,Delayed Deterioration,continuous_full_curve,2.3
1,night,1.67738,-0.0238894630644606,-0.0440319766054872,-0.003746949523434,50.321399999999976,6.72,-0.4330378357526558,0.3328820804381785,Delayed Deterioration,continuous_full_curve,2.3
1,night,1.7725,-0.0252271101436774,-0.0461532070249485,-0.0043010132624063,50.321399999999976,6.72,-0.4330378357526558,0.3328820804381785,Delayed Deterioration,continuous_full_curve,2.3
1,night,1.8870525,-0.0268342706101691,-0.0487396851432686,-0.0049288560770695,50.321399999999976,6.72,-0.4330378357526558,0.3328820804381785,Delayed Deterioration,continuous_full_curve,2.3
1,night,2.096725,-0.0297644750956367,-0.0535663410967721,-0.0059626090945012,50.321399999999976,6.72,-0.4330378357526558,0.3328820804381785,Delayed Deterioration,continuous_full_curve,2.3
1,night,2.3063975,-0.0326784539586144,-0.0585159380578507,-0.0068409698593781,50.321399999999976,6.72,-0.4330378357526558,0.3328820804381785,Delayed Deterioration,continuous_full_curve,2.3
1,night,2.51607,-0.0355745846368533,-0.0635919371333427,-0.0075572321403638,50.321399999999976,6.72,-0.4330378357526558,0.3328820804381785,Delayed Deterioration,continuous_full_curve,2.3
1,night,2.7257425,-0.0384512445681043,-0.0687971143574101,-0.0081053747787986,50.321399999999976,6.72,-0.4330378357526558,0.3328820804381785,Delayed Deterioration,continuous_full_curve,2.3
1,night,2.935415,-0.0413068111901186,-0.0741333942022631,-0.0084802281779741,50.321399999999976,6.72,-0.4330378357526558,0.3328820804381785,Delayed Deterioration,continuous_full_curve,2.3
1,night,3.1450875,-0.044139661940647,-0.0796016703347701,-0.008677653546524,50.321399999999976,6.72,-0.4330378357526558,0.3328820804381785,Delayed Deterioration,continuous_full_curve,2.3
1,night,3.35476,-0.0469481742574407,-0.0852016153346535,-0.008694733180228,50.321399999999976,6.72,-0.4330378357526558,0.3328820804381785,Delayed Deterioration,continuous_full_curve,2.3
1,night,3.5644325,-0.0497307255782506,-0.0909314817212625,-0.0085299694352387,50.321399999999976,6.72,-0.4330378357526558,0.3328820804381785,Delayed Deterioration,continuous_full_curve,2.3
1,night,3.774105,-0.0524856933408278,-0.0967878973206919,-0.0081834893609636,50.321399999999976,6.72,-0.4330378357526558,0.3328820804381785,Delayed Deterioration,continuous_full_curve,2.3
1,night,3.9837775,-0.0552114549829232,-0.1027656587291894,-0.007657251236657,50.321399999999976,6.72,-0.4330378357526558,0.3328820804381785,Delayed Deterioration,continuous_full_curve,2.3
1,night,4.19345,-0.0579063879422879,-0.1088575273734403,-0.0069552485111355,50.321399999999976,6.72,-0.4330378357526558,0.3328820804381785,Delayed Deterioration,continuous_full_curve,2.3
1,night,4.249,-0.0586150043026444,-0.1104894656947282,-0.0067405429105606,50.321399999999976,6.72,-0.4330378357526558,0.3328820804381785,Delayed Deterioration,continuous_full_curve,2.3
1,night,4.4031225,-0.0605689745897909,-0.115054580674679,-0.0060833685049029,50.321399999999976,6.72,-0.4330378357526558,0.3328820804381785,Delayed Deterioration,continuous_full_curve,2.3
1,night,4.612795,-0.063198657581414,-0.1213508818844791,-0.005046433278349,50.321399999999976,6.72,-0.4330378357526558,0.3328820804381785,Delayed Deterioration,continuous_full_curve,2.3
1,night,4.8224675,-0.0657953946637668,-0.1277421554738259,-0.0038486338537078,50.321399999999976,6.72,-0.4330378357526558,0.3328820804381785,Delayed Deterioration,continuous_full_curve,2.3
1,night,5.03214,-0.0683591484966838,-0.1342234107681474,-0.0024948862252201,50.321399999999976,6.72,-0.4330378357526558,0.3328820804381785,Delayed Deterioration,continuous_full_curve,2.3
1,night,5.2418125,-0.0708898817399992,-0.1407889283603353,-0.0009908351196631,50.321399999999976,6.72,-0.4330378357526558,0.3328820804381785,Delayed Deterioration,continuous_full_curve,2.3
1,night,5.451485,-0.0733875570535476,-0.147432277171903,0.0006571630648076,50.321399999999976,6.72,-0.4330378357526558,0.3328820804381785,Delayed Deterioration,continuous_full_curve,2.3
1,night,5.6611575,-0.0758521370971634,-0.1541463377989333,0.0024420636046064,50.321399999999976,6.72,-0.4330378357526558,0.3328820804381785,Delayed Deterioration,continuous_full_curve,2.3
1,night,5.87083,-0.078283584530681,-0.160923331982065,0.004356162920703,50.321399999999976,6.72,-0.4330378357526558,0.3328820804381785,Delayed Deterioration,continuous_full_curve,2.3
1,night,6.0805025,-0.0806818620139347,-0.1677548579637935,0.0063911339359239,50.321399999999976,6.72,-0.4330378357526558,0.3328820804381785,Delayed Deterioration,continuous_full_curve,2.3
1,night,6.290175,-0.0830469322067592,-0.1746319314238785,0.0085380670103601,50.321399999999976,6.72,-0.4330378357526558,0.3328820804381785,Delayed Deterioration,continuous_full_curve,2.3
1,night,6.4998475,-0.0853787577689886,-0.1815450316158392,0.0107875160778619,50.321399999999976,6.72,-0.4330378357526558,0.3328820804381785,Delayed Deterioration,continuous_full_curve,2.3
1,night,6.70952,-0.0876773013604575,-0.1884841522654147,0.0131295495444996,50.321399999999976,6.72,-0.4330378357526558,0.3328820804381785,Delayed Deterioration,continuous_full_curve,2.3
1,night,6.72,-0.0877913147960119,-0.1888314856628246,0.0132488560708007,50.321399999999976,6.72,-0.4330378357526558,0.3328820804381785,Delayed Deterioration,continuous_full_curve,2.3
1,night,6.9191925,-0.0899425256410003,-0.1954388567364117,0.015553805454411,50.321399999999976,6.72,-0.4330378357526558,0.3328820804381785,Delayed Deterioration,continuous_full_curve,2.3
1,night,7.128865,-0.0921743932704514,-0.2023983369213557,0.0180495503804528,50.321399999999976,6.72,-0.4330378357526558,0.3328820804381785,Delayed Deterioration,continuous_full_curve,2.3
1,night,7.3385375,-0.0943728669086452,-0.209351475274426,0.0206057414571355,50.321399999999976,6.72,-0.4330378357526558,0.3328820804381785,Delayed Deterioration,continuous_full_curve,2.3
1,night,7.54821,-0.0965379092154161,-0.2162869093727951,0.0232110909419627,50.321399999999976,6.72,-0.4330378357526558,0.3328820804381785,Delayed Deterioration,continuous_full_curve,2.3
1,night,7.7578825,-0.0986694828505986,-0.223193098370005,0.0258541326688077,50.321399999999976,6.72,-0.4330378357526558,0.3328820804381785,Delayed Deterioration,continuous_full_curve,2.3
1,night,7.967555,-0.100767550474027,-0.2300583906915641,0.0285232897435099,50.321399999999976,6.72,-0.4330378357526558,0.3328820804381785,Delayed Deterioration,continuous_full_curve,2.3
1,night,8.1772275,-0.1028320747455359,-0.2368710923185078,0.0312069428274359,50.321399999999976,6.72,-0.4330378357526558,0.3328820804381785,Delayed Deterioration,continuous_full_curve,2.3
1,night,8.3869,-0.1048630183249595,-0.2436195350090819,0.0338934983591627,50.321399999999976,6.72,-0.4330378357526558,0.3328820804381785,Delayed Deterioration,continuous_full_curve,2.3
1,night,8.5965725,-0.1068603438721324,-0.2502921438216401,0.0365714560773752,50.321399999999976,6.72,-0.4330378357526558,0.3328820804381785,Delayed Deterioration,continuous_full_curve,2.3
1,night,8.806245,-0.1088240140468889,-0.2568775033228588,0.0392294752290808,50.321399999999976,6.72,-0.4330378357526558,0.3328820804381785,Delayed Deterioration,continuous_full_curve,2.3
1,night,9.0159175,-0.1107539915090635,-0.263364421893875,0.0418564388757478,50.321399999999976,6.72,-0.4330378357526558,0.3328820804381785,Delayed Deterioration,continuous_full_curve,2.3
1,night,9.22559,-0.1126502389184906,-0.2697419935822622,0.0444415157452809,50.321399999999976,6.72,-0.4330378357526558,0.3328820804381785,Delayed Deterioration,continuous_full_curve,2.3
1,night,9.4352625,-0.1145127189350045,-0.2759996569891167,0.0469742191191076,50.321399999999976,6.72,-0.4330378357526558,0.3328820804381785,Delayed Deterioration,continuous_full_curve,2.3
1,night,9.64493499999999,-0.1163413942184397,-0.2821272507270785,0.049444462290199,50.321399999999976,6.72,-0.4330378357526558,0.3328820804381785,Delayed Deterioration,continuous_full_curve,2.3
1,night,9.85460749999999,-0.1181362274286307,-0.2881150650359713,0.0518426101787099,50.321399999999976,6.72,-0.4330378357526558,0.3328820804381785,Delayed Deterioration,continuous_full_curve,2.3
1,night,10.06428,-0.1198971812254119,-0.2939538891970049,0.0541595267461809,50.321399999999976,6.72,-0.4330378357526558,0.3328820804381785,Delayed Deterioration,continuous_full_curve,2.3
1,night,10.2739525,-0.1216242182686176,-0.2996350544431949,0.0563866179059595,50.321399999999976,6.72,-0.4330378357526558,0.3328820804381785,Delayed Deterioration,continuous_full_curve,2.3
1,night,10.483625,-0.1233173012180823,-0.3051504721218989,0.0585158696857342,50.321399999999976,6.72,-0.4330378357526558,0.3328820804381785,Delayed Deterioration,continuous_full_curve,2.3
1,night,10.6932975,-0.1249763927336404,-0.3104926669242388,0.0605398814569579,50.321399999999976,6.72,-0.4330378357526558,0.3328820804381785,Delayed Deterioration,continuous_full_curve,2.3
1,night,10.735,-0.125302319344522,-0.3115339334320388,0.0609292947429948,50.321399999999976,6.72,-0.4330378357526558,0.3328820804381785,Delayed Deterioration,continuous_full_curve,2.3
1,night,10.90297,-0.1266014554751263,-0.3156548050548146,0.0624518941045618,50.321399999999976,6.72,-0.4330378357526558,0.3328820804381785,Delayed Deterioration,continuous_full_curve,2.3
1,night,11.1126425,-0.1281924521023745,-0.3206307172726969,0.0642458130679478,50.321399999999976,6.72,-0.4330378357526558,0.3328820804381785,Delayed Deterioration,continuous_full_curve,2.3
1,night,11.322315,-0.1297493452752193,-0.3254149167904598,0.0659162262400211,50.321399999999976,6.72,-0.4330378357526558,0.3328820804381785,Delayed Deterioration,continuous_full_curve,2.3
1,night,11.5319875,-0.1312720976534952,-0.3300026120713021,0.0674584167643116,50.321399999999976,6.72,-0.4330378357526558,0.3328820804381785,Delayed Deterioration,continuous_full_curve,2.3
1,night,11.74166,-0.1327606718970366,-0.3343897146145068,0.0688683708204335,50.321399999999976,6.72,-0.4330378357526558,0.3328820804381785,Delayed Deterioration,continuous_full_curve,2.3
1,night,11.9513325,-0.1342150306656779,-0.338572841866093,0.0701427805347371,50.321399999999976,6.72,-0.4330378357526558,0.3328820804381785,Delayed Deterioration,continuous_full_curve,2.3
1,night,12.161005,-0.1356351366192535,-0.3425493154340742,0.071279042195567,50.321399999999976,6.72,-0.4330378357526558,0.3328820804381785,Delayed Deterioration,continuous_full_curve,2.3
1,night,12.3706775,-0.1370209524175979,-0.3463171548259425,0.0722752499907465,50.321399999999976,6.72,-0.4330378357526558,0.3328820804381785,Delayed Deterioration,continuous_full_curve,2.3
1,night,12.58035,-0.1383724407205455,-0.3498750669595853,0.0731301855184943,50.321399999999976,6.72,-0.4330378357526558,0.3328820804381785,Delayed Deterioration,continuous_full_curve,2.3
1,night,12.7900225,-0.1396895641879306,-0.3532224317276357,0.0738433033517744,50.321399999999976,6.72,-0.4330378357526558,0.3328820804381785,Delayed Deterioration,continuous_full_curve,2.3
1,night,12.999695,-0.1409722854795878,-0.35635928391922,0.0744147129600444,50.321399999999976,6.72,-0.4330378357526558,0.3328820804381785,Delayed Deterioration,continuous_full_curve,2.3
1,night,13.2093675,-0.1422205672553513,-0.35928629182215,0.0748451573114473,50.321399999999976,6.72,-0.4330378357526558,0.3328820804381785,Delayed Deterioration,continuous_full_curve,2.3
1,night,13.41904,-0.1434343721750557,-0.3620047328429218,0.0751359884928104,50.321399999999976,6.72,-0.4330378357526558,0.3328820804381785,Delayed Deterioration,continuous_full_curve,2.3
1,night,13.6287125,-0.1446136628985353,-0.3645164664915487,0.0752891406944779,50.321399999999976,6.72,-0.4330378357526558,0.3328820804381785,Delayed Deterioration,continuous_full_curve,2.3
1,night,13.838385,-0.1457584020856246,-0.3668239050834728,0.0753071009122234,50.321399999999976,6.72,-0.4330378357526558,0.3328820804381785,Delayed Deterioration,continuous_full_curve,2.3
1,night,14.0480575,-0.146868552396158,-0.3689299825118276,0.0751928777195115,50.321399999999976,6.72,-0.4330378357526558,0.3328820804381785,Delayed Deterioration,continuous_full_curve,2.3
1,night,14.25773,-0.14794407648997,-0.3708381214404206,0.0749499684604804,50.321399999999976,6.72,-0.4330378357526558,0.3328820804381785,Delayed Deterioration,continuous_full_curve,2.3
1,night,14.4674025,-0.1489849370268949,-0.3725521992613403,0.0745823252075505,50.321399999999976,6.72,-0.4330378357526558,0.3328820804381785,Delayed Deterioration,continuous_full_curve,2.3
1,night,14.677075,-0.149991096666767,-0.3740765131513724,0.0740943198178383,50.321399999999976,6.72,-0.4330378357526558,0.3328820804381785,Delayed Deterioration,continuous_full_curve,2.3
1,night,14.8867475,-0.150962518069421,-0.3754157445488276,0.0734907084099855,50.321399999999976,6.72,-0.4330378357526558,0.3328820804381785,Delayed Deterioration,continuous_full_curve,2.3
1,night,15.09642,-0.1518991638946911,-0.3765749233573123,0.07277659556793,50.321399999999976,6.72,-0.4330378357526558,0.3328820804381785,Delayed Deterioration,continuous_full_curve,2.3
1,night,15.3060925,-0.1528009968024119,-0.3775593921657932,0.0719573985609693,50.321399999999976,6.72,-0.4330378357526558,0.3328820804381785,Delayed Deterioration,continuous_full_curve,2.3
1,night,15.515765,-0.1536679794524177,-0.3783747707553889,0.0710388118505535,50.321399999999976,6.72,-0.4330378357526558,0.3328820804381785,Delayed Deterioration,continuous_full_curve,2.3
1,night,15.7254375,-0.1545000745045429,-0.3790269211430688,0.0700267721339829,50.321399999999976,6.72,-0.4330378357526558,0.3328820804381785,Delayed Deterioration,continuous_full_curve,2.3
1,night,15.93511,-0.1552972446186219,-0.3795219133911635,0.0689274241539195,50.321399999999976,6.72,-0.4330378357526558,0.3328820804381785,Delayed Deterioration,continuous_full_curve,2.3
1,night,16.1447825,-0.1560594524544893,-0.379865992389673,0.0677470874806942,50.321399999999976,6.72,-0.4330378357526558,0.3328820804381785,Delayed Deterioration,continuous_full_curve,2.3
1,night,16.354455,-0.1567866606719793,-0.3800655457961042,0.0664922244521455,50.321399999999976,6.72,-0.4330378357526558,0.3328820804381785,Delayed Deterioration,continuous_full_curve,2.3
1,night,16.5641275,-0.1574788319309265,-0.3801270732952696,0.0651694094334166,50.321399999999976,6.72,-0.4330378357526558,0.3328820804381785,Delayed Deterioration,continuous_full_curve,2.3
1,night,16.7738,-0.1581359288911651,-0.3800571573194067,0.0637852995370764,50.321399999999976,6.72,-0.4330378357526558,0.3328820804381785,Delayed Deterioration,continuous_full_curve,2.3
1,night,16.9834725,-0.1587579142125297,-0.3798624353473999,0.0623466069223403,50.321399999999976,6.72,-0.4330378357526558,0.3328820804381785,Delayed Deterioration,continuous_full_curve,2.3
1,night,17.193145,-0.1593447505548547,-0.3795495738809648,0.0608600727712554,50.321399999999976,6.72,-0.4330378357526558,0.3328820804381785,Delayed Deterioration,continuous_full_curve,2.3
1,night,17.4028175,-0.1598964005779744,-0.379125244175646,0.059332443019697,50.321399999999976,6.72,-0.4330378357526558,0.3328820804381785,Delayed Deterioration,continuous_full_curve,2.3
1,night,17.61249,-0.1604128269417234,-0.3785960997854786,0.0577704459020318,50.321399999999976,6.72,-0.4330378357526558,0.3328820804381785,Delayed Deterioration,continuous_full_curve,2.3
1,night,17.8221625,-0.1608939923059359,-0.3779687559623441,0.0561807713504721,50.321399999999976,6.72,-0.4330378357526558,0.3328820804381785,Delayed Deterioration,continuous_full_curve,2.3
1,night,18.031835,-0.1613398593304465,-0.3772497709344941,0.054570052273601,50.321399999999976,6.72,-0.4330378357526558,0.3328820804381785,Delayed Deterioration,continuous_full_curve,2.3
1,night,18.2415075,-0.1617503906750896,-0.3764456290735192,0.0529448477233399,50.321399999999976,6.72,-0.4330378357526558,0.3328820804381785,Delayed Deterioration,continuous_full_curve,2.3
1,night,18.45118,-0.1621255489996995,-0.3755627259452349,0.0513116279458357,50.321399999999976,6.72,-0.4330378357526558,0.3328820804381785,Delayed Deterioration,continuous_full_curve,2.3
1,night,18.6608525,-0.1624652969641107,-0.3746073552276083,0.0496767612993868,50.321399999999976,6.72,-0.4330378357526558,0.3328820804381785,Delayed Deterioration,continuous_full_curve,2.3
1,night,18.870525,-0.1627695972281577,-0.3735856974679458,0.0480465030116303,50.321399999999976,6.72,-0.4330378357526558,0.3328820804381785,Delayed Deterioration,continuous_full_curve,2.3
1,night,19.0801975,-0.1630384124516747,-0.3725038106421093,0.0464269857387598,50.321399999999976,6.72,-0.4330378357526558,0.3328820804381785,Delayed Deterioration,continuous_full_curve,2.3
1,night,19.28987,-0.1632717052944963,-0.3713676224705263,0.0448242118815335,50.321399999999976,6.72,-0.4330378357526558,0.3328820804381785,Delayed Deterioration,continuous_full_curve,2.3
1,night,19.4995425,-0.1634694384164569,-0.3701829244391312,0.0432440476062174,50.321399999999976,6.72,-0.4330378357526558,0.3328820804381785,Delayed Deterioration,continuous_full_curve,2.3
1,night,19.709215,-0.1636315744773908,-0.3689553674681401,0.0416922185133584,50.321399999999976,6.72,-0.4330378357526558,0.3328820804381785,Delayed Deterioration,continuous_full_curve,2.3
1,night,19.9188875,-0.1637580761371325,-0.3676904591676058,0.0401743068933406,50.321399999999976,6.72,-0.4330378357526558,0.3328820804381785,Delayed Deterioration,continuous_full_curve,2.3
1,night,20.12856,-0.1638489060555165,-0.3663935626160138,0.0386957505049807,50.321399999999976,6.72,-0.4330378357526558,0.3328820804381785,Delayed Deterioration,continuous_full_curve,2.3
1,night,20.3382325,-0.163904026892377,-0.3650698965966747,0.0372618428119205,50.321399999999976,6.72,-0.4330378357526558,0.3328820804381785,Delayed Deterioration,continuous_full_curve,2.3
1,night,20.547905,-0.1639234013075487,-0.3637245372262789,0.0358777346111814,50.321399999999976,6.72,-0.4330378357526558,0.3328820804381785,Delayed Deterioration,continuous_full_curve,2.3
1,night,20.7575775,-0.1639069919608658,-0.3623624209106484,0.0345484369889168,50.321399999999976,6.72,-0.4330378357526558,0.3328820804381785,Delayed Deterioration,continuous_full_curve,2.3
1,night,20.96725,-0.1638547615121628,-0.3609883485643778,0.0332788255400521,50.321399999999976,6.72,-0.4330378357526558,0.3328820804381785,Delayed Deterioration,continuous_full_curve,2.3
1,night,21.1769225,-0.1637666726212741,-0.3596069910336186,0.0320736457910703,50.321399999999976,6.72,-0.4330378357526558,0.3328820804381785,Delayed Deterioration,continuous_full_curve,2.3
1,night,21.386595,-0.1636426879480341,-0.3582228956646959,0.0309375197686276,50.321399999999976,6.72,-0.4330378357526558,0.3328820804381785,Delayed Deterioration,continuous_full_curve,2.3
1,night,21.5962675,-0.1634827701522772,-0.3568404939654637,0.0298749536609091,50.321399999999976,6.72,-0.4330378357526558,0.3328820804381785,Delayed Deterioration,continuous_full_curve,2.3
1,night,21.80594,-0.163286881893838,-0.355464110311278,0.028890346523602,50.321399999999976,6.72,-0.4330378357526558,0.3328820804381785,Delayed Deterioration,continuous_full_curve,2.3
1,night,21.9045,-0.1631823624665954,-0.3548204037922587,0.0284556788590678,50.321399999999976,6.72,-0.4330378357526558,0.3328820804381785,Delayed Deterioration,continuous_full_curve,2.3
1,night,22.0156125,-0.1630549933517641,-0.3540978490470693,0.0279878623435409,50.321399999999976,6.72,-0.4330378357526558,0.3328820804381785,Delayed Deterioration,continuous_full_curve,2.3
1,night,22.225285,-0.1627872255645949,-0.3527432856859509,0.0271688345567609,50.321399999999976,6.72,-0.4330378357526558,0.3328820804381785,Delayed Deterioration,continuous_full_curve,2.3
1,night,22.4349575,-0.1624838390954873,-0.3513997315228986,0.0264320533319239,50.321399999999976,6.72,-0.4330378357526558,0.3328820804381785,Delayed Deterioration,continuous_full_curve,2.3
1,night,22.64463,-0.1621450997555005,-0.350066452509247,0.0257762529982459,50.321399999999976,6.72,-0.4330378357526558,0.3328820804381785,Delayed Deterioration,continuous_full_curve,2.3
1,night,22.8543025,-0.1617712733556938,-0.3487427538472791,0.0252002071358915,50.321399999999976,6.72,-0.4330378357526558,0.3328820804381785,Delayed Deterioration,continuous_full_curve,2.3
1,night,23.063975,-0.1613626257071264,-0.3474279785402028,0.02470272712595,50.321399999999976,6.72,-0.4330378357526558,0.3328820804381785,Delayed Deterioration,continuous_full_curve,2.3
1,night,23.2736475,-0.1609194226208575,-0.3461215060043955,0.0242826607626804,50.321399999999976,6.72,-0.4330378357526558,0.3328820804381785,Delayed Deterioration,continuous_full_curve,2.3
1,night,23.48332,-0.1604419299079464,-0.3448227507409698,0.0239388909250768,50.321399999999976,6.72,-0.4330378357526558,0.3328820804381785,Delayed Deterioration,continuous_full_curve,2.3
1,night,23.6929925,-0.1599304133794524,-0.3435311610638578,0.0236703343049529,50.321399999999976,6.72,-0.4330378357526558,0.3328820804381785,Delayed Deterioration,continuous_full_curve,2.3
1,night,23.902665,-0.1593851388464346,-0.3422462178817526,0.0234759401888832,50.321399999999976,6.72,-0.4330378357526558,0.3328820804381785,Delayed Deterioration,continuous_full_curve,2.3
1,night,24.1123375,-0.1588063721199524,-0.3409674335313749,0.02335468929147,50.321399999999976,6.72,-0.4330378357526558,0.3328820804381785,Delayed Deterioration,continuous_full_curve,2.3
1,night,24.32201,-0.1581943790110649,-0.3396943506596597,0.0233055926375298,50.321399999999976,6.72,-0.4330378357526558,0.3328820804381785,Delayed Deterioration,continuous_full_curve,2.3
1,night,24.5316825,-0.1575494253308314,-0.3384265411525722,0.0233276904909094,50.321399999999976,6.72,-0.4330378357526558,0.3328820804381785,Delayed Deterioration,continuous_full_curve,2.3
1,night,24.741355,-0.1568717768903112,-0.3371636051083766,0.0234200513277541,50.321399999999976,6.72,-0.4330378357526558,0.3328820804381785,Delayed Deterioration,continuous_full_curve,2.3
1,night,24.9510275,-0.1561616995005634,-0.3359051698532825,0.0235817708521556,50.321399999999976,6.72,-0.4330378357526558,0.3328820804381785,Delayed Deterioration,continuous_full_curve,2.3
1,night,25.1607,-0.1554194589726474,-0.3346508889975019,0.023811971052207,50.321399999999976,6.72,-0.4330378357526558,0.3328820804381785,Delayed Deterioration,continuous_full_curve,2.3
1,night,25.3703725,-0.1546453211176223,-0.3334004415298291,0.0241097992945844,50.321399999999976,6.72,-0.4330378357526558,0.3328820804381785,Delayed Deterioration,continuous_full_curve,2.3
1,night,25.580045,-0.1538395517465475,-0.3321535309489657,0.0244744274558706,50.321399999999976,6.72,-0.4330378357526558,0.3328820804381785,Delayed Deterioration,continuous_full_curve,2.3
1,night,25.7897175,-0.1530024166704821,-0.3309098844298751,0.0249050510889109,50.321399999999976,6.72,-0.4330378357526558,0.3328820804381785,Delayed Deterioration,continuous_full_curve,2.3
1,night,25.99939,-0.1521341817004854,-0.3296692520235526,0.0254008886225816,50.321399999999976,6.72,-0.4330378357526558,0.3328820804381785,Delayed Deterioration,continuous_full_curve,2.3
1,night,26.2090625,-0.1512351126476166,-0.3284314058886539,0.0259611805934206,50.321399999999976,6.72,-0.4330378357526558,0.3328820804381785,Delayed Deterioration,continuous_full_curve,2.3
1,night,26.418735,-0.1503054753229351,-0.3271961395535138,0.0265851889076435,50.321399999999976,6.72,-0.4330378357526558,0.3328820804381785,Delayed Deterioration,continuous_full_curve,2.3
1,night,26.6284075,-0.1493455355374999,-0.3259632672071405,0.0272721961321406,50.321399999999976,6.72,-0.4330378357526558,0.3328820804381785,Delayed Deterioration,continuous_full_curve,2.3
1,night,26.83808,-0.1483555591023704,-0.324732623017847,0.0280215048131061,50.321399999999976,6.72,-0.4330378357526558,0.3328820804381785,Delayed Deterioration,continuous_full_curve,2.3
1,night,27.0477525,-0.1473358118286058,-0.323504060478235,0.0288324368210232,50.321399999999976,6.72,-0.4330378357526558,0.3328820804381785,Delayed Deterioration,continuous_full_curve,2.3
1,night,27.257425,-0.1462865595272653,-0.3222774517753075,0.0297043327207767,50.321399999999976,6.72,-0.4330378357526558,0.3328820804381785,Delayed Deterioration,continuous_full_curve,2.3
1,night,27.4670975,-0.1452080680094083,-0.3210526871845439,0.0306365511657272,50.321399999999976,6.72,-0.4330378357526558,0.3328820804381785,Delayed Deterioration,continuous_full_curve,2.3
1,night,27.67677,-0.1441006030860939,-0.3198296744868167,0.0316284683146288,50.321399999999976,6.72,-0.4330378357526558,0.3328820804381785,Delayed Deterioration,continuous_full_curve,2.3
1,night,27.8864425,-0.1429644305683813,-0.3186083384070864,0.0326794772703238,50.321399999999976,6.72,-0.4330378357526558,0.3328820804381785,Delayed Deterioration,continuous_full_curve,2.3
1,night,28.096115,-0.1417998162673299,-0.317388620073853,0.0337889875391932,50.321399999999976,6.72,-0.4330378357526558,0.3328820804381785,Delayed Deterioration,continuous_full_curve,2.3
1,night,28.3057875,-0.1406070259939988,-0.3161704764983878,0.0349564245103902,50.321399999999976,6.72,-0.4330378357526558,0.3328820804381785,Delayed Deterioration,continuous_full_curve,2.3
1,night,28.51546,-0.1393863255594473,-0.3149538800728146,0.0361812289539199,50.321399999999976,6.72,-0.4330378357526558,0.3328820804381785,Delayed Deterioration,continuous_full_curve,2.3
1,night,28.7251325,-0.1381379807747347,-0.3137388180861441,0.0374628565366746,50.321399999999976,6.72,-0.4330378357526558,0.3328820804381785,Delayed Deterioration,continuous_full_curve,2.3
1,night,28.934805,-0.1368622574509201,-0.3125252922574082,0.0388007773555679,50.321399999999976,6.72,-0.4330378357526558,0.3328820804381785,Delayed Deterioration,continuous_full_curve,2.3
1,night,29.1444775,-0.1355594213990629,-0.3113133182850762,0.0401944754869504,50.321399999999976,6.72,-0.4330378357526558,0.3328820804381785,Delayed Deterioration,continuous_full_curve,2.3
1,night,29.35415,-0.1342297384302222,-0.3101029254119643,0.0416434485515198,50.321399999999976,6.72,-0.4330378357526558,0.3328820804381785,Delayed Deterioration,continuous_full_curve,2.3
1,night,29.5638225,-0.1328734743554573,-0.3088941560048905,0.0431472072939757,50.321399999999976,6.72,-0.4330378357526558,0.3328820804381785,Delayed Deterioration,continuous_full_curve,2.3
1,night,29.773495,-0.1314908949858275,-0.3076870651483507,0.0447052751766956,50.321399999999976,6.72,-0.4330378357526558,0.3328820804381785,Delayed Deterioration,continuous_full_curve,2.3
1,night,29.9831675,-0.1300822661323921,-0.3064817202515246,0.0463171879867403,50.321399999999976,6.72,-0.4330378357526558,0.3328820804381785,Delayed Deterioration,continuous_full_curve,2.3
1,night,30.19284,-0.12864785360621,-0.3052782006679471,0.0479824934555269,50.321399999999976,6.72,-0.4330378357526558,0.3328820804381785,Delayed Deterioration,continuous_full_curve,2.3
1,night,30.4025125,-0.1271879232183408,-0.304076597327209,0.0497007508905273,50.321399999999976,6.72,-0.4330378357526558,0.3328820804381785,Delayed Deterioration,continuous_full_curve,2.3
1,night,30.612185,-0.1257027407798437,-0.3028770123780698,0.0514715308183824,50.321399999999976,6.72,-0.4330378357526558,0.3328820804381785,Delayed Deterioration,continuous_full_curve,2.3
1,night,30.8218575,-0.1241925721017777,-0.301679558842399,0.0532944146388435,50.321399999999976,6.72,-0.4330378357526558,0.3328820804381785,Delayed Deterioration,continuous_full_curve,2.3
1,night,31.03153,-0.1226576829952023,-0.3004843602793755,0.0551689942889707,50.321399999999976,6.72,-0.4330378357526558,0.3328820804381785,Delayed Deterioration,continuous_full_curve,2.3
1,night,31.2412025,-0.1210983392711766,-0.2992915504594026,0.0570948719170492,50.321399999999976,6.72,-0.4330378357526558,0.3328820804381785,Delayed Deterioration,continuous_full_curve,2.3
1,night,31.450875,-0.1195148067407599,-0.2981012730472124,0.0590716595656924,50.321399999999976,6.72,-0.4330378357526558,0.3328820804381785,Delayed Deterioration,continuous_full_curve,2.3
1,night,31.6605475,-0.1179073512150115,-0.2969136812936567,0.0610989788636337,50.321399999999976,6.72,-0.4330378357526558,0.3328820804381785,Delayed Deterioration,continuous_full_curve,2.3
1,night,31.87022,-0.1162762385049905,-0.2957289377356955,0.0631764607257144,50.321399999999976,6.72,-0.4330378357526558,0.3328820804381785,Delayed Deterioration,continuous_full_curve,2.3
1,night,32.0798925,-0.1146217344217561,-0.2945472139041154,0.065303745060603,50.321399999999976,6.72,-0.4330378357526558,0.3328820804381785,Delayed Deterioration,continuous_full_curve,2.3
1,night,32.289565,-0.1129441047763678,-0.2933686900385259,0.0674804804857902,50.321399999999976,6.72,-0.4330378357526558,0.3328820804381785,Delayed Deterioration,continuous_full_curve,2.3
1,night,32.4992375,-0.1112436153798847,-0.2921935548091961,0.0697063240494266,50.321399999999976,6.72,-0.4330378357526558,0.3328820804381785,Delayed Deterioration,continuous_full_curve,2.3
1,night,32.66507,-0.1098826631233712,-0.2912666555675858,0.0715013293208434,50.321399999999976,6.72,-0.4330378357526558,0.3328820804381785,Delayed Deterioration,continuous_full_curve,2.3
1,night,32.70891,-0.1095205320433659,-0.2910220050453104,0.0719809409585784,50.321399999999976,6.72,-0.4330378357526558,0.3328820804381785,Delayed Deterioration,continuous_full_curve,2.3
1,night,32.9185825,-0.1077751205778709,-0.2898542454692379,0.0743040043134959,50.321399999999976,6.72,-0.4330378357526558,0.3328820804381785,Delayed Deterioration,continuous_full_curve,2.3
1,night,33.128255,-0.1060076467944588,-0.2886904884364184,0.0766751948475006,50.321399999999976,6.72,-0.4330378357526558,0.3328820804381785,Delayed Deterioration,continuous_full_curve,2.3
1,night,33.3379275,-0.1042183765041889,-0.2875309536804898,0.0790942006721119,50.321399999999976,6.72,-0.4330378357526558,0.3328820804381785,Delayed Deterioration,continuous_full_curve,2.3
1,night,33.5476,-0.1024075755181203,-0.2863758680632844,0.0815607170270436,50.321399999999976,6.72,-0.4330378357526558,0.3328820804381785,Delayed Deterioration,continuous_full_curve,2.3
1,night,33.7572725,-0.1005755096473125,-0.2852254653293399,0.0840744460347149,50.321399999999976,6.72,-0.4330378357526558,0.3328820804381785,Delayed Deterioration,continuous_full_curve,2.3
1,night,33.966945,-0.0987224447028244,-0.2840799858645809,0.0866350964589319,50.321399999999976,6.72,-0.4330378357526558,0.3328820804381785,Delayed Deterioration,continuous_full_curve,2.3
1,night,34.1766175,-0.0968486464957156,-0.2829396764588348,0.0892423834674034,50.321399999999976,6.72,-0.4330378357526558,0.3328820804381785,Delayed Deterioration,continuous_full_curve,2.3
1,night,34.38629,-0.0949543808370451,-0.2818047900718601,0.0918960283977698,50.321399999999976,6.72,-0.4330378357526558,0.3328820804381785,Delayed Deterioration,continuous_full_curve,2.3
1,night,34.5959625,-0.0930399135378722,-0.2806755856025733,0.0945957585268288,50.321399999999976,6.72,-0.4330378357526558,0.3328820804381785,Delayed Deterioration,continuous_full_curve,2.3
1,night,34.805635,-0.0911055104092562,-0.279552327661167,0.0973413068426545,50.321399999999976,6.72,-0.4330378357526558,0.3328820804381785,Delayed Deterioration,continuous_full_curve,2.3
1,night,35.0153075,-0.0891514372622562,-0.2784352863438268,0.1001324118193143,50.321399999999976,6.72,-0.4330378357526558,0.3328820804381785,Delayed Deterioration,continuous_full_curve,2.3
1,night,35.22498,-0.0871779599079316,-0.2773247370097587,0.1029688171938954,50.321399999999976,6.72,-0.4330378357526558,0.3328820804381785,Delayed Deterioration,continuous_full_curve,2.3
1,night,35.4346525,-0.0851853441573416,-0.2762209600602477,0.1058502717455643,50.321399999999976,6.72,-0.4330378357526558,0.3328820804381785,Delayed Deterioration,continuous_full_curve,2.3
1,night,35.644325,-0.0831738558215454,-0.2751242407194774,0.1087765290763864,50.321399999999976,6.72,-0.4330378357526558,0.3328820804381785,Delayed Deterioration,continuous_full_curve,2.3
1,night,35.8539975,-0.0811437607116023,-0.2740348688168474,0.1117473473936426,50.321399999999976,6.72,-0.4330378357526558,0.3328820804381785,Delayed Deterioration,continuous_full_curve,2.3
1,night,36.06367,-0.0790953246385715,-0.2729531385705327,0.1147624892933896,50.321399999999976,6.72,-0.4330378357526558,0.3328820804381785,Delayed Deterioration,continuous_full_curve,2.3
1,night,36.2733425,-0.0770288134135123,-0.2718793483720357,0.1178217215450111,50.321399999999976,6.72,-0.4330378357526558,0.3328820804381785,Delayed Deterioration,continuous_full_curve,2.3
1,night,36.483015,-0.0749444928474837,-0.2708138005714894,0.1209248148765218,50.321399999999976,6.72,-0.4330378357526558,0.3328820804381785,Delayed Deterioration,continuous_full_curve,2.3
1,night,36.6926875,-0.0728426287515454,-0.269756801263477,0.1240715437603862,50.321399999999976,6.72,-0.4330378357526558,0.3328820804381785,Delayed Deterioration,continuous_full_curve,2.3
1,night,36.90236,-0.0707234869367562,-0.2687086600731373,0.1272616861996249,50.321399999999976,6.72,-0.4330378357526558,0.3328820804381785,Delayed Deterioration,continuous_full_curve,2.3
1,night,37.1120325,-0.0685873332141756,-0.2676696899423356,0.1304950235139844,50.321399999999976,6.72,-0.4330378357526558,0.3328820804381785,Delayed Deterioration,continuous_full_curve,2.3
1,night,37.321705,-0.0664344333948626,-0.2666402069156804,0.1337713401259551,50.321399999999976,6.72,-0.4330378357526558,0.3328820804381785,Delayed Deterioration,continuous_full_curve,2.3
1,night,37.5313775,-0.0642650532898768,-0.2656205299261797,0.137090423346426,50.321399999999976,6.72,-0.4330378357526558,0.3328820804381785,Delayed Deterioration,continuous_full_curve,2.3
1,night,37.74105,-0.0620794587102771,-0.2646109805803262,0.140452063159772,50.321399999999976,6.72,-0.4330378357526558,0.3328820804381785,Delayed Deterioration,continuous_full_curve,2.3
1,night,37.9507225,-0.059877915467123,-0.2636118829424186,0.1438560520081725,50.321399999999976,6.72,-0.4330378357526558,0.3328820804381785,Delayed Deterioration,continuous_full_curve,2.3
1,night,38.160395,-0.0576606893714735,-0.262623563317919,0.1473021845749719,50.321399999999976,6.72,-0.4330378357526558,0.3328820804381785,Delayed Deterioration,continuous_full_curve,2.3
1,night,38.3700675,-0.0554280462343881,-0.2616463500356641,0.1507902575668878,50.321399999999976,6.72,-0.4330378357526558,0.3328820804381785,Delayed Deterioration,continuous_full_curve,2.3
1,night,38.57974,-0.0531802518669258,-0.2606805732287426,0.1543200694948908,50.321399999999976,6.72,-0.4330378357526558,0.3328820804381785,Delayed Deterioration,continuous_full_curve,2.3
1,night,38.7894125,-0.050917572080146,-0.2597265646138657,0.1578914204535735,50.321399999999976,6.72,-0.4330378357526558,0.3328820804381785,Delayed Deterioration,continuous_full_curve,2.3
1,night,38.999085,-0.0486402726851079,-0.2587846572690547,0.1615041118988388,50.321399999999976,6.72,-0.4330378357526558,0.3328820804381785,Delayed Deterioration,continuous_full_curve,2.3
1,night,39.2087575,-0.0463486194928708,-0.2578551854094831,0.1651579464237415,50.321399999999976,6.72,-0.4330378357526558,0.3328820804381785,Delayed Deterioration,continuous_full_curve,2.3
1,night,39.41843,-0.0440428783144937,-0.2569384841613074,0.1688527275323199,50.321399999999976,6.72,-0.4330378357526558,0.3328820804381785,Delayed Deterioration,continuous_full_curve,2.3
1,night,39.6281025,-0.0417233149610362,-0.2560348893333358,0.1725882594112633,50.321399999999976,6.72,-0.4330378357526558,0.3328820804381785,Delayed Deterioration,continuous_full_curve,2.3
1,night,39.837775,-0.0393901952435573,-0.2551447371863784,0.1763643466992638,50.321399999999976,6.72,-0.4330378357526558,0.3328820804381785,Delayed Deterioration,continuous_full_curve,2.3
1,night,40.0474475,-0.0370437849731163,-0.254268364200139,0.1801807942539063,50.321399999999976,6.72,-0.4330378357526558,0.3328820804381785,Delayed Deterioration,continuous_full_curve,2.3
1,night,40.25712,-0.0346843499607724,-0.253406106837504,0.1840374069159591,50.321399999999976,6.72,-0.4330378357526558,0.3328820804381785,Delayed Deterioration,continuous_full_curve,2.3
1,night,40.4667925,-0.032312156017585,-0.2525583013060975,0.1879339892709275,50.321399999999976,6.72,-0.4330378357526558,0.3328820804381785,Delayed Deterioration,continuous_full_curve,2.3
1,night,40.676465,-0.0299274689546131,-0.2517252833169714,0.1918703454077451,50.321399999999976,6.72,-0.4330378357526558,0.3328820804381785,Delayed Deterioration,continuous_full_curve,2.3
1,night,40.8861375,-0.0275305545829162,-0.2509073878403084,0.195846278674476,50.321399999999976,6.72,-0.4330378357526558,0.3328820804381785,Delayed Deterioration,continuous_full_curve,2.3
1,night,41.09581,-0.0251216787135533,-0.250104948858019,0.1998615914309123,50.321399999999976,6.72,-0.4330378357526558,0.3328820804381785,Delayed Deterioration,continuous_full_curve,2.3
1,night,41.3054825,-0.0227011071575838,-0.2493182991131234,0.2039160847979557,50.321399999999976,6.72,-0.4330378357526558,0.3328820804381785,Delayed Deterioration,continuous_full_curve,2.3
1,night,41.515155,-0.0202691057260669,-0.248547769855809,0.2080095584036752,50.321399999999976,6.72,-0.4330378357526558,0.3328820804381785,Delayed Deterioration,continuous_full_curve,2.3
1,night,41.7248275,-0.0178259402300618,-0.2477936905860666,0.212141810125943,50.321399999999976,6.72,-0.4330378357526558,0.3328820804381785,Delayed Deterioration,continuous_full_curve,2.3
1,night,41.9345,-0.0153718764806278,-0.2470563887928105,0.2163126358315548,50.321399999999976,6.72,-0.4330378357526558,0.3328820804381785,Delayed Deterioration,continuous_full_curve,2.3
1,night,42.1441725,-0.0129071802888241,-0.2463361896893947,0.2205218291117464,50.321399999999976,6.72,-0.4330378357526558,0.3328820804381785,Delayed Deterioration,continuous_full_curve,2.3
1,night,42.353845,-0.0104321174657101,-0.2456334159454458,0.2247691810140255,50.321399999999976,6.72,-0.4330378357526558,0.3328820804381785,Delayed Deterioration,continuous_full_curve,2.3
1,night,42.5635175,-0.0079469538223447,-0.2449483874149378,0.2290544797702482,50.321399999999976,6.72,-0.4330378357526558,0.3328820804381785,Delayed Deterioration,continuous_full_curve,2.3
1,night,42.77319,-0.0054519551697876,-0.2442814208604432,0.2333775105208679,50.321399999999976,6.72,-0.4330378357526558,0.3328820804381785,Delayed Deterioration,continuous_full_curve,2.3
1,night,42.9828625,-0.0029473873190976,-0.2436328296734954,0.2377380550353002,50.321399999999976,6.72,-0.4330378357526558,0.3328820804381785,Delayed Deterioration,continuous_full_curve,2.3
1,night,43.192535,-0.0004335160813342,-0.2430029235910167,0.2421358914283483,50.321399999999976,6.72,-0.4330378357526558,0.3328820804381785,Delayed Deterioration,continuous_full_curve,2.3
1,night,43.4022075,0.0020893927324434,-0.2423920084077607,0.2465707938726476,50.321399999999976,6.72,-0.4330378357526558,0.3328820804381785,Delayed Deterioration,continuous_full_curve,2.3
1,night,43.61188,0.0046210733111759,-0.2418003856847336,0.2510425323070856,50.321399999999976,6.72,-0.4330378357526558,0.3328820804381785,Delayed Deterioration,continuous_full_curve,2.3
1,night,43.8215525,0.0071612598438044,-0.2412283524535641,0.255550872141173,50.321399999999976,6.72,-0.4330378357526558,0.3328820804381785,Delayed Deterioration,continuous_full_curve,2.3
1,night,44.031225,0.0097096865192692,-0.2406762009168018,0.2600955739553403,50.321399999999976,6.72,-0.4330378357526558,0.3328820804381785,Delayed Deterioration,continuous_full_curve,2.3
1,night,44.2408975,0.0122660875265113,-0.2401442181441258,0.2646763931971485,50.321399999999976,6.72,-0.4330378357526558,0.3328820804381785,Delayed Deterioration,continuous_full_curve,2.3
1,night,44.45057,0.0148301970544714,-0.239632685764465,0.2692930798734079,50.321399999999976,6.72,-0.4330378357526558,0.3328820804381785,Delayed Deterioration,continuous_full_curve,2.3
1,night,44.6602425,0.0174017492920904,-0.2391418796540295,0.2739453782382104,50.321399999999976,6.72,-0.4330378357526558,0.3328820804381785,Delayed Deterioration,continuous_full_curve,2.3
1,night,44.869915,0.0199804784283087,-0.238672069620268,0.2786330264768856,50.321399999999976,6.72,-0.4330378357526558,0.3328820804381785,Delayed Deterioration,continuous_full_curve,2.3
1,night,45.0795875,0.0225661186520675,-0.238223519081772,0.2833557563859072,50.321399999999976,6.72,-0.4330378357526558,0.3328820804381785,Delayed Deterioration,continuous_full_curve,2.3
1,night,45.28926,0.0251584041523073,-0.2377964847441621,0.2881132930487767,50.321399999999976,6.72,-0.4330378357526558,0.3328820804381785,Delayed Deterioration,continuous_full_curve,2.3
1,night,45.4989325,0.0277570691179689,-0.2373912162719954,0.2929053545079333,50.321399999999976,6.72,-0.4330378357526558,0.3328820804381785,Delayed Deterioration,continuous_full_curve,2.3
1,night,45.708605,0.030361847737993,-0.2370079559567464,0.2977316514327325,50.321399999999976,6.72,-0.4330378357526558,0.3328820804381785,Delayed Deterioration,continuous_full_curve,2.3
1,night,45.9182775,0.0329724742013205,-0.236646938380925,0.3025918867835661,50.321399999999976,6.72,-0.4330378357526558,0.3328820804381785,Delayed Deterioration,continuous_full_curve,2.3
1,night,46.12795,0.035588682696892,-0.2363083900784062,0.3074857554721903,50.321399999999976,6.72,-0.4330378357526558,0.3328820804381785,Delayed Deterioration,continuous_full_curve,2.3
1,night,46.3376225,0.0382102074136484,-0.2359925291910509,0.3124129440183479,50.321399999999976,6.72,-0.4330378357526558,0.3328820804381785,Delayed Deterioration,continuous_full_curve,2.3
1,night,46.547295,0.0408367825405304,-0.2356995651217193,0.3173731302027801,50.321399999999976,6.72,-0.4330378357526558,0.3328820804381785,Delayed Deterioration,continuous_full_curve,2.3
1,night,46.705,0.0428155261102031,-0.2354944214769829,0.3211254736973892,50.321399999999976,6.72,-0.4330378357526558,0.3328820804381785,Delayed Deterioration,continuous_full_curve,2.3
1,night,46.7569675,0.0434681422664788,-0.2354296981837801,0.3223659827167378,50.321399999999976,6.72,-0.4330378357526558,0.3328820804381785,Delayed Deterioration,continuous_full_curve,2.3
1,night,46.96664,0.0461040207804342,-0.2351831192472376,0.327391160808106,50.321399999999976,6.72,-0.4330378357526558,0.3328820804381785,Delayed Deterioration,continuous_full_curve,2.3
1,night,47.1763125,0.0487441522713375,-0.2349600093816031,0.3324483139242783,50.321399999999976,6.72,-0.4330378357526558,0.3328820804381785,Delayed Deterioration,continuous_full_curve,2.3
1,night,47.385985,0.0513882709281295,-0.2347605394956614,0.3375370813519205,50.321399999999976,6.72,-0.4330378357526558,0.3328820804381785,Delayed Deterioration,continuous_full_curve,2.3
1,night,47.5956575,0.0540361109397508,-0.2345848699742813,0.342657091853783,50.321399999999976,6.72,-0.4330378357526558,0.3328820804381785,Delayed Deterioration,continuous_full_curve,2.3
1,night,47.80533,0.0566874064951423,-0.2344331503124447,0.3478079633027293,50.321399999999976,6.72,-0.4330378357526558,0.3328820804381785,Delayed Deterioration,continuous_full_curve,2.3
1,night,48.0150025,0.0593418917832447,-0.234305518746676,0.3529893023131655,50.321399999999976,6.72,-0.4330378357526558,0.3328820804381785,Delayed Deterioration,continuous_full_curve,2.3
1,night,48.224675,0.0619993009929987,-0.2342021018840656,0.3582007038700631,50.321399999999976,6.72,-0.4330378357526558,0.3328820804381785,Delayed Deterioration,continuous_full_curve,2.3
1,night,48.4343475,0.0646593683133452,-0.2341230143290999,0.3634417509557904,50.321399999999976,6.72,-0.4330378357526558,0.3328820804381785,Delayed Deterioration,continuous_full_curve,2.3
1,night,48.64402,0.0673218279332248,-0.2340683583085214,0.3687120141749712,50.321399999999976,6.72,-0.4330378357526558,0.3328820804381785,Delayed Deterioration,continuous_full_curve,2.3
1,night,48.8536925,0.0699864140415784,-0.234038223294457,0.374011051377614,50.321399999999976,6.72,-0.4330378357526558,0.3328820804381785,Delayed Deterioration,continuous_full_curve,2.3
1,night,49.063365,0.0726528608273466,-0.2340326856260676,0.379338407280761,50.321399999999976,6.72,-0.4330378357526558,0.3328820804381785,Delayed Deterioration,continuous_full_curve,2.3
1,night,49.2730375,0.0753209024794704,-0.234051808129985,0.384693613088926,50.321399999999976,6.72,-0.4330378357526558,0.3328820804381785,Delayed Deterioration,continuous_full_curve,2.3
1,night,49.48271,0.0779902731868903,-0.2340956397398235,0.3900761861136043,50.321399999999976,6.72,-0.4330378357526558,0.3328820804381785,Delayed Deterioration,continuous_full_curve,2.3
1,night,49.6923825,0.0806607071385473,-0.2341642151150588,0.3954856293921535,50.321399999999976,6.72,-0.4330378357526558,0.3328820804381785,Delayed Deterioration,continuous_full_curve,2.3
1,night,49.902055,0.0833319385233818,-0.2342575542595898,0.4009214313063536,50.321399999999976,6.72,-0.4330378357526558,0.3328820804381785,Delayed Deterioration,continuous_full_curve,2.3
1,night,50.1117275,0.086003701530335,-0.2343756621403132,0.4063830652009833,50.321399999999976,6.72,-0.4330378357526558,0.3328820804381785,Delayed Deterioration,continuous_full_curve,2.3
1,night,50.3214,0.0886757303483473,-0.2345185283060541,0.4118699890027488,50.321399999999976,6.72,-0.4330378357526558,0.3328820804381785,Delayed Deterioration,continuous_full_curve,2.3
2,compound,0.0,0.0,0.0,0.0,71.2445583333333,6.72,-0.20833908978242735,0.21513755032960954,Weak Oscillatory Response,continuous_full_curve,1.91693396516615
2,compound,0.296852326388889,-0.0010811588129739,-0.0281826919382083,0.0260203743122603,71.2445583333333,6.72,-0.20833908978242735,0.21513755032960954,Weak Oscillatory Response,continuous_full_curve,1.91693396516615
2,compound,0.593704652777778,-0.0021608841617788,-0.0305948076370167,0.026273039313459,71.2445583333333,6.72,-0.20833908978242735,0.21513755032960954,Weak Oscillatory Response,continuous_full_curve,1.91693396516615
2,compound,0.890556979166666,-0.0032377425822453,-0.033065353919354,0.0265898687548633,71.2445583333333,6.72,-0.20833908978242735,0.21513755032960954,Weak Oscillatory Response,continuous_full_curve,1.91693396516615
2,compound,1.18740930555556,-0.0043103006102044,-0.0355932932359513,0.0269726920155423,71.2445583333333,6.72,-0.20833908978242735,0.21513755032960954,Weak Oscillatory Response,continuous_full_curve,1.91693396516615
2,compound,1.48426163194444,-0.0053771247814869,-0.038177258782299,0.027423009219325,71.2445583333333,6.72,-0.20833908978242735,0.21513755032960954,Weak Oscillatory Response,continuous_full_curve,1.91693396516615
2,compound,1.78111395833333,-0.0064367816319237,-0.0408155116720534,0.0279419484082059,71.2445583333333,6.72,-0.20833908978242735,0.21513755032960954,Weak Oscillatory Response,continuous_full_curve,1.91693396516615
2,compound,2.07796628472222,-0.0074878376973457,-0.0435058966573428,0.0285302212626514,71.2445583333333,6.72,-0.20833908978242735,0.21513755032960954,Weak Oscillatory Response,continuous_full_curve,1.91693396516615
2,compound,2.37481861111111,-0.0085288595135835,-0.0462457968387261,0.0291880778115589,71.2445583333333,6.72,-0.20833908978242735,0.21513755032960954,Weak Oscillatory Response,continuous_full_curve,1.91693396516615
2,compound,2.475,-0.008877665732721,-0.0471810963986716,0.0294257649332295,71.2445583333333,6.72,-0.20833908978242735,0.21513755032960954,Weak Oscillatory Response,continuous_full_curve,1.91693396516615
2,compound,2.6716709375,-0.0095584136164683,-0.0490320878991842,0.0299152606662476,71.2445583333333,6.72,-0.20833908978242735,0.21513755032960954,Weak Oscillatory Response,continuous_full_curve,1.91693396516615
2,compound,2.96852326388889,-0.0105750665418307,-0.0518610924923377,0.0307109594086762,71.2445583333333,6.72,-0.20833908978242735,0.21513755032960954,Weak Oscillatory Response,continuous_full_curve,1.91693396516615
2,compound,3.26537559027778,-0.0115773848255017,-0.0547285355133836,0.0315737658623802,71.2445583333333,6.72,-0.20833908978242735,0.21513755032960954,Weak Oscillatory Response,continuous_full_curve,1.91693396516615
2,compound,3.56222791666667,-0.012563935003312,-0.0576295010799433,0.0325016310733192,71.2445583333333,6.72,-0.20833908978242735,0.21513755032960954,Weak Oscillatory Response,continuous_full_curve,1.91693396516615
2,compound,3.85908024305555,-0.0135332836110926,-0.0605583921466009,0.0334918249244156,71.2445583333333,6.72,-0.20833908978242735,0.21513755032960954,Weak Oscillatory Response,continuous_full_curve,1.91693396516615
2,compound,4.15593256944444,-0.0144839971846743,-0.0635088937684564,0.0345408993991077,71.2445583333333,6.72,-0.20833908978242735,0.21513755032960954,Weak Oscillatory Response,continuous_full_curve,1.91693396516615
2,compound,4.45278489583333,-0.0154146422598879,-0.0664739411121906,0.0356446565924147,71.2445583333333,6.72,-0.20833908978242735,0.21513755032960954,Weak Oscillatory Response,continuous_full_curve,1.91693396516615
2,compound,4.74963722222222,-0.0163237853725644,-0.0694456933842406,0.0367981226391117,71.2445583333333,6.72,-0.20833908978242735,0.21513755032960954,Weak Oscillatory Response,continuous_full_curve,1.91693396516615
2,compound,5.04648954861111,-0.0172099930585345,-0.0724155149006957,0.0379955287836266,71.2445583333333,6.72,-0.20833908978242735,0.21513755032960954,Weak Oscillatory Response,continuous_full_curve,1.91693396516615
2,compound,5.343341875,-0.0180718318536291,-0.0753739645582183,0.03923030085096,71.2445583333333,6.72,-0.20833908978242735,0.21513755032960954,Weak Oscillatory Response,continuous_full_curve,1.91693396516615
2,compound,5.64019420138889,-0.0189078682936791,-0.0783107949752819,0.0404950583879235,71.2445583333333,6.72,-0.20833908978242735,0.21513755032960954,Weak Oscillatory Response,continuous_full_curve,1.91693396516615
2,compound,5.93704652777778,-0.0197166689145154,-0.0812149625539626,0.0417816247249318,71.2445583333333,6.72,-0.20833908978242735,0.21513755032960954,Weak Oscillatory Response,continuous_full_curve,1.91693396516615
2,compound,5.99000000000001,-0.0198579734347632,-0.08172869430772,0.0420127474381934,71.2445583333333,6.72,-0.20833908978242735,0.21513755032960954,Weak Oscillatory Response,continuous_full_curve,1.91693396516615
2,compound,6.23389885416666,-0.0204969594980261,-0.0840753610449005,0.0430814420488482,71.2445583333333,6.72,-0.20833908978242735,0.21513755032960954,Weak Oscillatory Response,continuous_full_curve,1.91693396516615
2,compound,6.53075118055555,-0.0212485643707215,-0.0868852475341314,0.0443881187926884,71.2445583333333,6.72,-0.20833908978242735,0.21513755032960954,Weak Oscillatory Response,continuous_full_curve,1.91693396516615
2,compound,6.72,-0.0217128849935879,-0.0886480719564513,0.0452223019692753,71.2445583333333,6.72,-0.20833908978242735,0.21513755032960954,Weak Oscillatory Response,continuous_full_curve,1.91693396516615
2,compound,6.82760350694444,-0.0219717711481007,-0.0896399159887561,0.0456963736925546,71.2445583333333,6.72,-0.20833908978242735,0.21513755032960954,Weak Oscillatory Response,continuous_full_curve,1.91693396516615
2,compound,7.12445583333333,-0.0226668690754197,-0.0923347681004343,0.0470010299495948,71.2445583333333,6.72,-0.20833908978242735,0.21513755032960954,Weak Oscillatory Response,continuous_full_curve,1.91693396516615
2,compound,7.42130815972222,-0.0233341473979343,-0.0949653322731844,0.0482970374773157,71.2445583333333,6.72,-0.20833908978242735,0.21513755032960954,Weak Oscillatory Response,continuous_full_curve,1.91693396516615
2,compound,7.71816048611111,-0.0239738953609004,-0.0975272884792897,0.0495794977574888,71.2445583333333,6.72,-0.20833908978242735,0.21513755032960954,Weak Oscillatory Response,continuous_full_curve,1.91693396516615
2,compound,8.0150128125,-0.0245864022095739,-0.1000164916976318,0.0508436872784838,71.2445583333333,6.72,-0.20833908978242735,0.21513755032960954,Weak Oscillatory Response,continuous_full_curve,1.91693396516615
2,compound,8.31186513888889,-0.0251719571892107,-0.1024289937643113,0.0520850793858898,71.2445583333333,6.72,-0.20833908978242735,0.21513755032960954,Weak Oscillatory Response,continuous_full_curve,1.91693396516615
2,compound,8.60871746527777,-0.0257308495450665,-0.1047610634867308,0.0532993643965976,71.2445583333333,6.72,-0.20833908978242735,0.21513755032960954,Weak Oscillatory Response,continuous_full_curve,1.91693396516615
2,compound,8.90556979166666,-0.0262633685223974,-0.1070092048946713,0.0544824678498764,71.2445583333333,6.72,-0.20833908978242735,0.21513755032960954,Weak Oscillatory Response,continuous_full_curve,1.91693396516615
2,compound,9.20242211805555,-0.0267698033664591,-0.1091701735249262,0.0556305667920079,71.2445583333333,6.72,-0.20833908978242735,0.21513755032960954,Weak Oscillatory Response,continuous_full_curve,1.91693396516615
2,compound,9.49927444444444,-0.0272504433225076,-0.1112409906594376,0.0567401040144223,71.2445583333333,6.72,-0.20833908978242735,0.21513755032960954,Weak Oscillatory Response,continuous_full_curve,1.91693396516615
2,compound,9.79612677083333,-0.0277055776357987,-0.1132189554602506,0.0578078001886532,71.2445583333333,6.72,-0.20833908978242735,0.21513755032960954,Weak Oscillatory Response,continuous_full_curve,1.91693396516615
2,compound,10.0929790972222,-0.0281354955515882,-0.1151016549676748,0.0588306638644983,71.2445583333333,6.72,-0.20833908978242735,0.21513755032960954,Weak Oscillatory Response,continuous_full_curve,1.91693396516615
2,compound,10.3898314236111,-0.0285404863151321,-0.1168869719504982,0.0598059993202338,71.2445583333333,6.72,-0.20833908978242735,0.21513755032960954,Weak Oscillatory Response,continuous_full_curve,1.91693396516615
2,compound,10.68668375,-0.0289208391716863,-0.1185730906186817,0.0607314122753089,71.2445583333333,6.72,-0.20833908978242735,0.21513755032960954,Weak Oscillatory Response,continuous_full_curve,1.91693396516615
2,compound,10.9835360763889,-0.0292768433665066,-0.1201585002294306,0.0616048134964173,71.2445583333333,6.72,-0.20833908978242735,0.21513755032960954,Weak Oscillatory Response,continuous_full_curve,1.91693396516615
2,compound,11.2803884027778,-0.0296087881448488,-0.1216419966366746,0.0624244203469769,71.2445583333333,6.72,-0.20833908978242735,0.21513755032960954,Weak Oscillatory Response,continuous_full_curve,1.91693396516615
2,compound,11.5772407291667,-0.0299169627519689,-0.1230226818516188,0.0631887563476809,71.2445583333333,6.72,-0.20833908978242735,0.21513755032960954,Weak Oscillatory Response,continuous_full_curve,1.91693396516615
2,compound,11.8740930555556,-0.0302016564331227,-0.1242999616980091,0.0638966488317636,71.2445583333333,6.72,-0.20833908978242735,0.21513755032960954,Weak Oscillatory Response,continuous_full_curve,1.91693396516615
2,compound,12.1709453819444,-0.030463158433566,-0.1254735416599717,0.0645472247928396,71.2445583333333,6.72,-0.20833908978242735,0.21513755032960954,Weak Oscillatory Response,continuous_full_curve,1.91693396516615
2,compound,12.4677977083333,-0.0307017579985549,-0.1265434210326616,0.0651399050355517,71.2445583333333,6.72,-0.20833908978242735,0.21513755032960954,Weak Oscillatory Response,continuous_full_curve,1.91693396516615
2,compound,12.48609375,-0.03071572094496,-0.1266059736832933,0.0651745317933732,71.2445583333333,6.72,-0.20833908978242735,0.21513755032960954,Weak Oscillatory Response,continuous_full_curve,1.91693396516615
2,compound,12.7646500347222,-0.0309177443733451,-0.1275098854964335,0.0656743967497432,71.2445583333333,6.72,-0.20833908978242735,0.21513755032960954,Weak Oscillatory Response,continuous_full_curve,1.91693396516615
2,compound,13.0615023611111,-0.0311114068031925,-0.1283734982438416,0.0661506846374565,71.2445583333333,6.72,-0.20833908978242735,0.21513755032960954,Weak Oscillatory Response,continuous_full_curve,1.91693396516615
2,compound,13.3583546875,-0.031283034533353,-0.129135089795446,0.06656902072874,71.2445583333333,6.72,-0.20833908978242735,0.21513755032960954,Weak Oscillatory Response,continuous_full_curve,1.91693396516615
2,compound,13.6552070138889,-0.0314329168090824,-0.1297957466452419,0.0669299130270771,71.2445583333333,6.72,-0.20833908978242735,0.21513755032960954,Weak Oscillatory Response,continuous_full_curve,1.91693396516615
2,compound,13.9520593402778,-0.0315613428756367,-0.1303567988795604,0.067234113128287,71.2445583333333,6.72,-0.20833908978242735,0.21513755032960954,Weak Oscillatory Response,continuous_full_curve,1.91693396516615
2,compound,14.2489116666667,-0.0316686019782716,-0.1308198069146139,0.0674826029580706,71.2445583333333,6.72,-0.20833908978242735,0.21513755032960954,Weak Oscillatory Response,continuous_full_curve,1.91693396516615
2,compound,14.5457639930556,-0.0317549833622432,-0.1311865474975714,0.067676580773085,71.2445583333333,6.72,-0.20833908978242735,0.21513755032960954,Weak Oscillatory Response,continuous_full_curve,1.91693396516615
2,compound,14.8426163194444,-0.0318207762728071,-0.1314589991142664,0.0678174465686521,71.2445583333333,6.72,-0.20833908978242735,0.21513755032960954,Weak Oscillatory Response,continuous_full_curve,1.91693396516615
2,compound,15.1394686458333,-0.0318662699552194,-0.1316393269434866,0.0679067870330477,71.2445583333333,6.72,-0.20833908978242735,0.21513755032960954,Weak Oscillatory Response,continuous_full_curve,1.91693396516615
2,compound,15.4363209722222,-0.0318917536547359,-0.1317298674934099,0.067946360183938,71.2445583333333,6.72,-0.20833908978242735,0.21513755032960954,Weak Oscillatory Response,continuous_full_curve,1.91693396516615
2,compound,15.7331732986111,-0.0318975166166124,-0.13173311305028,0.0679380798170551,71.2445583333333,6.72,-0.20833908978242735,0.21513755032960954,Weak Oscillatory Response,continuous_full_curve,1.91693396516615
2,compound,16.030025625,-0.0318838480861049,-0.1316516960629934,0.0678839998907834,71.2445583333333,6.72,-0.20833908978242735,0.21513755032960954,Weak Oscillatory Response,continuous_full_curve,1.91693396516615
2,compound,16.3268779513889,-0.0318510373084692,-0.1314883735800545,0.067786298963116,71.2445583333333,6.72,-0.20833908978242735,0.21513755032960954,Weak Oscillatory Response,continuous_full_curve,1.91693396516615
2,compound,16.6237302777778,-0.0317993735289612,-0.1312460118474951,0.0676472647895726,71.2445583333333,6.72,-0.20833908978242735,0.21513755032960954,Weak Oscillatory Response,continuous_full_curve,1.91693396516615
2,compound,16.9205826041667,-0.0317291459928367,-0.1309275711679724,0.0674692791822989,71.2445583333333,6.72,-0.20833908978242735,0.21513755032960954,Weak Oscillatory Response,continuous_full_curve,1.91693396516615
2,compound,17.2174349305555,-0.0316406439453517,-0.1305360911125216,0.0672548032218181,71.2445583333333,6.72,-0.20833908978242735,0.21513755032960954,Weak Oscillatory Response,continuous_full_curve,1.91693396516615
2,compound,17.5142872569444,-0.0315341566317619,-0.1300746761674472,0.0670063629039232,71.2445583333333,6.72,-0.20833908978242735,0.21513755032960954,Weak Oscillatory Response,continuous_full_curve,1.91693396516615
2,compound,17.8111395833333,-0.0314099732973233,-0.1295464818897386,0.0667265352950918,71.2445583333333,6.72,-0.20833908978242735,0.21513755032960954,Weak Oscillatory Response,continuous_full_curve,1.91693396516615
2,compound,18.1079919097222,-0.0312683831872918,-0.1289547016352788,0.0664179352606951,71.2445583333333,6.72,-0.20833908978242735,0.21513755032960954,Weak Oscillatory Response,continuous_full_curve,1.91693396516615
2,compound,18.4048442361111,-0.0311096755469232,-0.1283025539151153,0.0660832028212689,71.2445583333333,6.72,-0.20833908978242735,0.21513755032960954,Weak Oscillatory Response,continuous_full_curve,1.91693396516615
2,compound,18.7016965625,-0.0309341396214733,-0.1275932704262377,0.065724991183291,71.2445583333333,6.72,-0.20833908978242735,0.21513755032960954,Weak Oscillatory Response,continuous_full_curve,1.91693396516615
2,compound,18.9985488888889,-0.0307420646561981,-0.1268300847947668,0.0653459554823704,71.2445583333333,6.72,-0.20833908978242735,0.21513755032960954,Weak Oscillatory Response,continuous_full_curve,1.91693396516615
2,compound,19.2954012152778,-0.0305337398963535,-0.1260162220612695,0.0649487422685625,71.2445583333333,6.72,-0.20833908978242735,0.21513755032960954,Weak Oscillatory Response,continuous_full_curve,1.91693396516615
2,compound,19.5922535416667,-0.0303094545871952,-0.1251548889301216,0.064535979755731,71.2445583333333,6.72,-0.20833908978242735,0.21513755032960954,Weak Oscillatory Response,continuous_full_curve,1.91693396516615
2,compound,19.8891058680556,-0.0300694979739792,-0.124249264797517,0.0641102688495584,71.2445583333333,6.72,-0.20833908978242735,0.21513755032960954,Weak Oscillatory Response,continuous_full_curve,1.91693396516615
2,compound,20.1859581944444,-0.0298141593019615,-0.1233024935658941,0.063674174961971,71.2445583333333,6.72,-0.20833908978242735,0.21513755032960954,Weak Oscillatory Response,continuous_full_curve,1.91693396516615
2,compound,20.4828105208333,-0.0295437278163977,-0.1223176762462471,0.0632302206134515,71.2445583333333,6.72,-0.20833908978242735,0.21513755032960954,Weak Oscillatory Response,continuous_full_curve,1.91693396516615
2,compound,20.7796628472222,-0.0292584927625438,-0.1212978643440519,0.0627808788189642,71.2445583333333,6.72,-0.20833908978242735,0.21513755032960954,Weak Oscillatory Response,continuous_full_curve,1.91693396516615
2,compound,21.0765151736111,-0.0289587433856557,-0.120246054019343,0.0623285672480315,71.2445583333333,6.72,-0.20833908978242735,0.21513755032960954,Weak Oscillatory Response,continuous_full_curve,1.91693396516615
2,compound,21.3733675,-0.0286447689309892,-0.1191651810068738,0.0618756431448953,71.2445583333333,6.72,-0.20833908978242735,0.21513755032960954,Weak Oscillatory Response,continuous_full_curve,1.91693396516615
2,compound,21.6702198263889,-0.0283168586438002,-0.118058116278246,0.0614243989906454,71.2445583333333,6.72,-0.20833908978242735,0.21513755032960954,Weak Oscillatory Response,continuous_full_curve,1.91693396516615
2,compound,21.9670721527778,-0.0279753017693446,-0.1169276624244093,0.06097705888572,71.2445583333333,6.72,-0.20833908978242735,0.21513755032960954,Weak Oscillatory Response,continuous_full_curve,1.91693396516615
2,compound,22.2639244791667,-0.0276203875528783,-0.1157765507339983,0.0605357756282417,71.2445583333333,6.72,-0.20833908978242735,0.21513755032960954,Weak Oscillatory Response,continuous_full_curve,1.91693396516615
2,compound,22.5607768055555,-0.0272524052396572,-0.1146074389405674,0.0601026284612529,71.2445583333333,6.72,-0.20833908978242735,0.21513755032960954,Weak Oscillatory Response,continuous_full_curve,1.91693396516615
2,compound,22.8576291319444,-0.026871644074937,-0.1134229096098838,0.0596796214600097,71.2445583333333,6.72,-0.20833908978242735,0.21513755032960954,Weak Oscillatory Response,continuous_full_curve,1.91693396516615
2,compound,23.1544814583333,-0.0264783933039737,-0.1122254691370331,0.0592686825290856,71.2445583333333,6.72,-0.20833908978242735,0.21513755032960954,Weak Oscillatory Response,continuous_full_curve,1.91693396516615
2,compound,23.4513337847222,-0.0260729421720231,-0.1110175473221206,0.0588716629780743,71.2445583333333,6.72,-0.20833908978242735,0.21513755032960954,Weak Oscillatory Response,continuous_full_curve,1.91693396516615
2,compound,23.7481861111111,-0.0256555799243411,-0.1098014974928366,0.0584903376441542,71.2445583333333,6.72,-0.20833908978242735,0.21513755032960954,Weak Oscillatory Response,continuous_full_curve,1.91693396516615
2,compound,24.0450384375,-0.0252265958061837,-0.1085795971420128,0.0581264055296454,71.2445583333333,6.72,-0.20833908978242735,0.21513755032960954,Weak Oscillatory Response,continuous_full_curve,1.91693396516615
2,compound,24.3418907638889,-0.0247862790628065,-0.1073540490485391,0.0577814909229258,71.2445583333333,6.72,-0.20833908978242735,0.21513755032960954,Weak Oscillatory Response,continuous_full_curve,1.91693396516615
2,compound,24.6387430902778,-0.0243349189394657,-0.1061269828505827,0.0574571449716512,71.2445583333333,6.72,-0.20833908978242735,0.21513755032960954,Weak Oscillatory Response,continuous_full_curve,1.91693396516615
2,compound,24.9355954166667,-0.0238728046814169,-0.1049004570409356,0.0571548476781017,71.2445583333333,6.72,-0.20833908978242735,0.21513755032960954,Weak Oscillatory Response,continuous_full_curve,1.91693396516615
2,compound,25.2324477430556,-0.0234002255339162,-0.1036764613554793,0.0568760102876468,71.2445583333333,6.72,-0.20833908978242735,0.21513755032960954,Weak Oscillatory Response,continuous_full_curve,1.91693396516615
2,compound,25.5293000694444,-0.0229174707422194,-0.1024569195271699,0.0566219780427309,71.2445583333333,6.72,-0.20833908978242735,0.21513755032960954,Weak Oscillatory Response,continuous_full_curve,1.91693396516615
2,compound,25.8261523958333,-0.0224248295515822,-0.1012436923795869,0.0563940332764224,71.2445583333333,6.72,-0.20833908978242735,0.21513755032960954,Weak Oscillatory Response,continuous_full_curve,1.91693396516615
2,compound,26.1230047222222,-0.0219225912072606,-0.1000385812359403,0.0561933988214189,71.2445583333333,6.72,-0.20833908978242735,0.21513755032960954,Weak Oscillatory Response,continuous_full_curve,1.91693396516615
2,compound,26.4198570486111,-0.0214110449545105,-0.0988433316214394,0.0560212417124182,71.2445583333333,6.72,-0.20833908978242735,0.21513755032960954,Weak Oscillatory Response,continuous_full_curve,1.91693396516615
2,compound,26.716709375,-0.0208904800385878,-0.0976596372391317,0.055878677161956,71.2445583333333,6.72,-0.20833908978242735,0.21513755032960954,Weak Oscillatory Response,continuous_full_curve,1.91693396516615
2,compound,27.0135617013889,-0.0203611857047482,-0.0964891442016375,0.0557667727921409,71.2445583333333,6.72,-0.20833908978242735,0.21513755032960954,Weak Oscillatory Response,continuous_full_curve,1.91693396516615
2,compound,27.3104140277778,-0.0198234511982478,-0.095333455503675,0.0556865531071794,71.2445583333333,6.72,-0.20833908978242735,0.21513755032960954,Weak Oscillatory Response,continuous_full_curve,1.91693396516615
2,compound,27.6072663541667,-0.0192775657643423,-0.0941941357228484,0.0556390041941638,71.2445583333333,6.72,-0.20833908978242735,0.21513755032960954,Weak Oscillatory Response,continuous_full_curve,1.91693396516615
2,compound,27.9041186805555,-0.0187238186482878,-0.0930727159388669,0.0556250786422911,71.2445583333333,6.72,-0.20833908978242735,0.21513755032960954,Weak Oscillatory Response,continuous_full_curve,1.91693396516615
2,compound,28.2009710069444,-0.0181624990953399,-0.0919706988641586,0.0556457006734788,71.2445583333333,6.72,-0.20833908978242735,0.21513755032960954,Weak Oscillatory Response,continuous_full_curve,1.91693396516615
2,compound,28.4978233333333,-0.0175938963507545,-0.090889564181755,0.0557017714802459,71.2445583333333,6.72,-0.20833908978242735,0.21513755032960954,Weak Oscillatory Response,continuous_full_curve,1.91693396516615
2,compound,28.7946756597222,-0.0170182996597876,-0.0898307740893156,0.0557941747697403,71.2445583333333,6.72,-0.20833908978242735,0.21513755032960954,Weak Oscillatory Response,continuous_full_curve,1.91693396516615
2,compound,29.0915279861111,-0.016435998267695,-0.0887957790512979,0.0559237825159078,71.2445583333333,6.72,-0.20833908978242735,0.21513755032960954,Weak Oscillatory Response,continuous_full_curve,1.91693396516615
2,compound,29.3883803125,-0.0158472814197326,-0.0877860237645033,0.0560914609250379,71.2445583333333,6.72,-0.20833908978242735,0.21513755032960954,Weak Oscillatory Response,continuous_full_curve,1.91693396516615
2,compound,29.6852326388889,-0.0152524383611563,-0.0868029533456057,0.056298076623293,71.2445583333333,6.72,-0.20833908978242735,0.21513755032960954,Weak Oscillatory Response,continuous_full_curve,1.91693396516615
2,compound,29.9820849652778,-0.0146517583372219,-0.0858480197527759,0.0565445030783319,71.2445583333333,6.72,-0.20833908978242735,0.21513755032960954,Weak Oscillatory Response,continuous_full_curve,1.91693396516615
2,compound,30.2789372916667,-0.0140455305931854,-0.084922688457199,0.0568316272708281,71.2445583333333,6.72,-0.20833908978242735,0.21513755032960954,Weak Oscillatory Response,continuous_full_curve,1.91693396516615
2,compound,30.5757896180555,-0.0134340443743027,-0.0840284453841501,0.0571603566355445,71.2445583333333,6.72,-0.20833908978242735,0.21513755032960954,Weak Oscillatory Response,continuous_full_curve,1.91693396516615
2,compound,30.8726419444444,-0.0128175889258294,-0.0831668041473762,0.0575316262957173,71.2445583333333,6.72,-0.20833908978242735,0.21513755032960954,Weak Oscillatory Response,continuous_full_curve,1.91693396516615
2,compound,31.1694942708333,-0.0121964534930216,-0.0823393136048813,0.0579464066188381,71.2445583333333,6.72,-0.20833908978242735,0.21513755032960954,Weak Oscillatory Response,continuous_full_curve,1.91693396516615
2,compound,31.4663465972222,-0.011570927321135,-0.0815475657688264,0.0584057111265563,71.2445583333333,6.72,-0.20833908978242735,0.21513755032960954,Weak Oscillatory Response,continuous_full_curve,1.91693396516615
2,compound,31.7631989236111,-0.0109412996554256,-0.0807932041072369,0.0589106047963855,71.2445583333333,6.72,-0.20833908978242735,0.21513755032960954,Weak Oscillatory Response,continuous_full_curve,1.91693396516615
2,compound,31.7807576271187,-0.0109039351587687,-0.0807497912856392,0.0589419209681016,71.2445583333333,6.72,-0.20833908978242735,0.21513755032960954,Weak Oscillatory Response,continuous_full_curve,1.91693396516615
2,compound,32.06005125,-0.0103078235545648,-0.0800776244536018,0.0594619773444722,71.2445583333333,6.72,-0.20833908978242735,0.21513755032960954,Weak Oscillatory Response,continuous_full_curve,1.91693396516615
2,compound,32.3569035763889,-0.0096705791638966,-0.0794008224551644,0.0600596641273711,71.2445583333333,6.72,-0.20833908978242735,0.21513755032960954,Weak Oscillatory Response,continuous_full_curve,1.91693396516615
2,compound,32.6537559027778,-0.0090295950399947,-0.0787624327373544,0.0607032426573648,71.2445583333333,6.72,-0.20833908978242735,0.21513755032960954,Weak Oscillatory Response,continuous_full_curve,1.91693396516615
2,compound,32.9506082291667,-0.0083848997304412,-0.0781621666501005,0.061392367189218,71.2445583333333,6.72,-0.20833908978242735,0.21513755032960954,Weak Oscillatory Response,continuous_full_curve,1.91693396516615
2,compound,33.2474605555555,-0.0077365217828181,-0.0775998104194914,0.0621267668538552,71.2445583333333,6.72,-0.20833908978242735,0.21513755032960954,Weak Oscillatory Response,continuous_full_curve,1.91693396516615
2,compound,33.5443128819444,-0.0070844897447068,-0.0770752234598435,0.0629062439704298,71.2445583333333,6.72,-0.20833908978242735,0.21513755032960954,Weak Oscillatory Response,continuous_full_curve,1.91693396516615
2,compound,33.8411652083333,-0.0064288321636897,-0.0765883369117077,0.0637306725843282,71.2445583333333,6.72,-0.20833908978242735,0.21513755032960954,Weak Oscillatory Response,continuous_full_curve,1.91693396516615
2,compound,34.1380175347222,-0.0057695775873486,-0.0761391523958608,0.0645999972211636,71.2445583333333,6.72,-0.20833908978242735,0.21513755032960954,Weak Oscillatory Response,continuous_full_curve,1.91693396516615
2,compound,34.4348698611111,-0.0051067545632654,-0.0757277409743422,0.0655142318478114,71.2445583333333,6.72,-0.20833908978242735,0.21513755032960954,Weak Oscillatory Response,continuous_full_curve,1.91693396516615
2,compound,34.7317221875,-0.0044403916390221,-0.0753542423105363,0.066473459032492,71.2445583333333,6.72,-0.20833908978242735,0.21513755032960954,Weak Oscillatory Response,continuous_full_curve,1.91693396516615
2,compound,35.0285745138889,-0.0037705173622006,-0.0750188640211814,0.0674778292967801,71.2445583333333,6.72,-0.20833908978242735,0.21513755032960954,Weak Oscillatory Response,continuous_full_curve,1.91693396516615
2,compound,35.3254268402778,-0.0030971602803829,-0.0747218812140169,0.068527560653251,71.2445583333333,6.72,-0.20833908978242735,0.21513755032960954,Weak Oscillatory Response,continuous_full_curve,1.91693396516615
2,compound,35.6222791666667,-0.0024203489411509,-0.0744636362055474,0.0696229383232455,71.2445583333333,6.72,-0.20833908978242735,0.21513755032960954,Weak Oscillatory Response,continuous_full_curve,1.91693396516615
2,compound,35.9191314930555,-0.0017401118920867,-0.0742445384141403,0.0707643146299667,71.2445583333333,6.72,-0.20833908978242735,0.21513755032960954,Weak Oscillatory Response,continuous_full_curve,1.91693396516615
2,compound,36.2159838194444,-0.0010564776807719,-0.0740650644243545,0.0719521090628105,71.2445583333333,6.72,-0.20833908978242735,0.21513755032960954,Weak Oscillatory Response,continuous_full_curve,1.91693396516615
2,compound,36.5128361458333,-0.0003694748547886,-0.073925758219053,0.0731868085094757,71.2445583333333,6.72,-0.20833908978242735,0.21513755032960954,Weak Oscillatory Response,continuous_full_curve,1.91693396516615
2,compound,36.8096884722222,0.0003208680382811,-0.0738272315764683,0.0744689676530306,71.2445583333333,6.72,-0.20833908978242735,0.21513755032960954,Weak Oscillatory Response,continuous_full_curve,1.91693396516615
2,compound,37.1065407986111,0.0010145224508556,-0.0737701646299738,0.0757992095316852,71.2445583333333,6.72,-0.20833908978242735,0.21513755032960954,Weak Oscillatory Response,continuous_full_curve,1.91693396516615
2,compound,37.403393125,0.0017114598353528,-0.0737553065888801,0.0771782262595858,71.2445583333333,6.72,-0.20833908978242735,0.21513755032960954,Weak Oscillatory Response,continuous_full_curve,1.91693396516615
2,compound,37.7002454513889,0.0024116516441907,-0.0737834766191043,0.0786067799074858,71.2445583333333,6.72,-0.20833908978242735,0.21513755032960954,Weak Oscillatory Response,continuous_full_curve,1.91693396516615
2,compound,37.9970977777778,0.0031150693297875,-0.0738555648830794,0.0800857035426544,71.2445583333333,6.72,-0.20833908978242735,0.21513755032960954,Weak Oscillatory Response,continuous_full_curve,1.91693396516615
2,compound,38.2939501041666,0.0038216843445608,-0.0739725337387647,0.0816159024278865,71.2445583333333,6.72,-0.20833908978242735,0.21513755032960954,Weak Oscillatory Response,continuous_full_curve,1.91693396516615
2,compound,38.5908024305555,0.0045314681409294,-0.0741354190980963,0.0831983553799552,71.2445583333333,6.72,-0.20833908978242735,0.21513755032960954,Weak Oscillatory Response,continuous_full_curve,1.91693396516615
2,compound,38.8876547569444,0.005244392171311,-0.0743453319456803,0.0848341162883023,71.2445583333333,6.72,-0.20833908978242735,0.21513755032960954,Weak Oscillatory Response,continuous_full_curve,1.91693396516615
2,compound,39.1845070833333,0.0059604278881236,-0.0746034600189836,0.0865243157952308,71.2445583333333,6.72,-0.20833908978242735,0.21513755032960954,Weak Oscillatory Response,continuous_full_curve,1.91693396516615
2,compound,39.4813594097222,0.0066795467437853,-0.074911069651718,0.0882701631392888,71.2445583333333,6.72,-0.20833908978242735,0.21513755032960954,Weak Oscillatory Response,continuous_full_curve,1.91693396516615
2,compound,39.7782117361111,0.0074017201907143,-0.0752695077825413,0.0900729481639699,71.2445583333333,6.72,-0.20833908978242735,0.21513755032960954,Weak Oscillatory Response,continuous_full_curve,1.91693396516615
2,compound,40.0750640625,0.0081269196813285,-0.0756802041316255,0.0919340434942826,71.2445583333333,6.72,-0.20833908978242735,0.21513755032960954,Weak Oscillatory Response,continuous_full_curve,1.91693396516615
2,compound,40.3719163888889,0.008855116668046,-0.076144673548059,0.0938549068841511,71.2445583333333,6.72,-0.20833908978242735,0.21513755032960954,Weak Oscillatory Response,continuous_full_curve,1.91693396516615
2,compound,40.6687687152778,0.0095862826032849,-0.0766645185314602,0.0958370837380302,71.2445583333333,6.72,-0.20833908978242735,0.21513755032960954,Weak Oscillatory Response,continuous_full_curve,1.91693396516615
2,compound,40.9656210416667,0.0103203889394633,-0.0772414319315898,0.0978822098105166,71.2445583333333,6.72,-0.20833908978242735,0.21513755032960954,Weak Oscillatory Response,continuous_full_curve,1.91693396516615
2,compound,41.2624733680555,0.0110574071289989,-0.0778771998301566,0.0999920140881546,71.2445583333333,6.72,-0.20833908978242735,0.21513755032960954,Weak Oscillatory Response,continuous_full_curve,1.91693396516615
2,compound,41.5593256944444,0.0117973086243104,-0.0785737046094137,0.1021683218580346,71.2445583333333,6.72,-0.20833908978242735,0.21513755032960954,Weak Oscillatory Response,continuous_full_curve,1.91693396516615
2,compound,41.8561780208333,0.0125400648778155,-0.0793329282125475,0.1044130579681785,71.2445583333333,6.72,-0.20833908978242735,0.21513755032960954,Weak Oscillatory Response,continuous_full_curve,1.91693396516615
2,compound,42.1530303472222,0.0132856473419323,-0.0801569556012692,0.1067282502851339,71.2445583333333,6.72,-0.20833908978242735,0.21513755032960954,Weak Oscillatory Response,continuous_full_curve,1.91693396516615
2,compound,42.4498826736111,0.0140340274690788,-0.0810479784164217,0.1091160333545795,71.2445583333333,6.72,-0.20833908978242735,0.21513755032960954,Weak Oscillatory Response,continuous_full_curve,1.91693396516615
2,compound,42.746735,0.0147851767116733,-0.0820082988478243,0.1115786522711709,71.2445583333333,6.72,-0.20833908978242735,0.21513755032960954,Weak Oscillatory Response,continuous_full_curve,1.91693396516615
2,compound,43.0435873263889,0.0155390665221335,-0.0830403337199924,0.1141184667642596,71.2445583333333,6.72,-0.20833908978242735,0.21513755032960954,Weak Oscillatory Response,continuous_full_curve,1.91693396516615
2,compound,43.3404396527778,0.0162956683528778,-0.0841466188007789,0.1167379555065346,71.2445583333333,6.72,-0.20833908978242735,0.21513755032960954,Weak Oscillatory Response,continuous_full_curve,1.91693396516615
2,compound,43.6372919791666,0.0170549536563238,-0.0853298133404089,0.1194397206530566,71.2445583333333,6.72,-0.20833908978242735,0.21513755032960954,Weak Oscillatory Response,continuous_full_curve,1.91693396516615
2,compound,43.9341443055555,0.0178168938848902,-0.0865927048488042,0.1222264926185846,71.2445583333333,6.72,-0.20833908978242735,0.21513755032960954,Weak Oscillatory Response,continuous_full_curve,1.91693396516615
2,compound,44.2309966319444,0.0185814604909947,-0.0879382141195141,0.1251011351015035,71.2445583333333,6.72,-0.20833908978242735,0.21513755032960954,Weak Oscillatory Response,continuous_full_curve,1.91693396516615
2,compound,44.5278489583333,0.0193486249270554,-0.0893694005090212,0.128066650363132,71.2445583333333,6.72,-0.20833908978242735,0.21513755032960954,Weak Oscillatory Response,continuous_full_curve,1.91693396516615
2,compound,44.8247012847222,0.0201183586454904,-0.0908894674806171,0.131126184771598,71.2445583333333,6.72,-0.20833908978242735,0.21513755032960954,Weak Oscillatory Response,continuous_full_curve,1.91693396516615
2,compound,45.1215536111111,0.0208906330987177,-0.0925017684225018,0.1342830346199373,71.2445583333333,6.72,-0.20833908978242735,0.21513755032960954,Weak Oscillatory Response,continuous_full_curve,1.91693396516615
2,compound,45.4184059375,0.0216654197391554,-0.0942098127502072,0.1375406522285182,71.2445583333333,6.72,-0.20833908978242735,0.21513755032960954,Weak Oscillatory Response,continuous_full_curve,1.91693396516615
2,compound,45.7152582638889,0.0224426900192216,-0.0960172723039179,0.1409026523423612,71.2445583333333,6.72,-0.20833908978242735,0.21513755032960954,Weak Oscillatory Response,continuous_full_curve,1.91693396516615
2,compound,46.0121105902778,0.0232224153913344,-0.0979279880517206,0.1443728188343895,71.2445583333333,6.72,-0.20833908978242735,0.21513755032960954,Weak Oscillatory Response,continuous_full_curve,1.91693396516615
2,compound,46.3089629166667,0.0240045673079117,-0.0999459771102981,0.1479551117261216,71.2445583333333,6.72,-0.20833908978242735,0.21513755032960954,Weak Oscillatory Response,continuous_full_curve,1.91693396516615
2,compound,46.6058152430555,0.0247891172213714,-0.102075440095064,0.1516536745378069,71.2445583333333,6.72,-0.20833908978242735,0.21513755032960954,Weak Oscillatory Response,continuous_full_curve,1.91693396516615
2,compound,46.9026675694444,0.0255760365841321,-0.1043207688122306,0.155472841980495,71.2445583333333,6.72,-0.20833908978242735,0.21513755032960954,Weak Oscillatory Response,continuous_full_curve,1.91693396516615
2,compound,47.1995198958333,0.0263652968486116,-0.1066865543057877,0.1594171480030111,71.2445583333333,6.72,-0.20833908978242735,0.21513755032960954,Weak Oscillatory Response,continuous_full_curve,1.91693396516615
2,compound,47.4963722222222,0.0271568694672279,-0.1091775952728967,0.1634913342073527,71.2445583333333,6.72,-0.20833908978242735,0.21513755032960954,Weak Oscillatory Response,continuous_full_curve,1.91693396516615
2,compound,47.7932245486111,0.0279507258923992,-0.1117989068616955,0.167700358646494,71.2445583333333,6.72,-0.20833908978242735,0.21513755032960954,Weak Oscillatory Response,continuous_full_curve,1.91693396516615
2,compound,48.090076875,0.0287468375765434,-0.1145557298660411,0.172049405019128,71.2445583333333,6.72,-0.20833908978242735,0.21513755032960954,Weak Oscillatory Response,continuous_full_curve,1.91693396516615
2,compound,48.3869292013889,0.0295451759720787,-0.1174535403322362,0.1765438922763937,71.2445583333333,6.72,-0.20833908978242735,0.21513755032960954,Weak Oscillatory Response,continuous_full_curve,1.91693396516615
2,compound,48.4850000000001,0.0298094066697143,-0.1184428393394904,0.1780616526789191,71.2445583333333,6.72,-0.20833908978242735,0.21513755032960954,Weak Oscillatory Response,continuous_full_curve,1.91693396516615
2,compound,48.6837815277778,0.0303457125314231,-0.1204980595933162,0.1811894846561624,71.2445583333333,6.72,-0.20833908978242735,0.21513755032960954,Weak Oscillatory Response,continuous_full_curve,1.91693396516615
2,compound,48.9806338541667,0.0311484187069946,-0.1236952647470071,0.1859921021609963,71.2445583333333,6.72,-0.20833908978242735,0.21513755032960954,Weak Oscillatory Response,continuous_full_curve,1.91693396516615
2,compound,49.2774861805555,0.0319532659512111,-0.1270513995940026,0.1909579314964248,71.2445583333333,6.72,-0.20833908978242735,0.21513755032960954,Weak Oscillatory Response,continuous_full_curve,1.91693396516615
2,compound,49.5743385069444,0.0327602257164911,-0.130572986053756,0.1960934374867384,71.2445583333333,6.72,-0.20833908978242735,0.21513755032960954,Weak Oscillatory Response,continuous_full_curve,1.91693396516615
2,compound,49.8711908333333,0.0335692694552526,-0.1342668360755034,0.2014053749860086,71.2445583333333,6.72,-0.20833908978242735,0.21513755032960954,Weak Oscillatory Response,continuous_full_curve,1.91693396516615
2,compound,50.1680431597222,0.0343803686199134,-0.1381400640628161,0.2069008013026429,71.2445583333333,6.72,-0.20833908978242735,0.21513755032960954,Weak Oscillatory Response,continuous_full_curve,1.91693396516615
2,compound,50.4648954861111,0.0351934946628917,-0.1422000998304845,0.212587089156268,71.2445583333333,6.72,-0.20833908978242735,0.21513755032960954,Weak Oscillatory Response,continuous_full_curve,1.91693396516615
2,compound,50.7617478125,0.0360086190366056,-0.1464547021131031,0.2184719401863143,71.2445583333333,6.72,-0.20833908978242735,0.21513755032960954,Weak Oscillatory Response,continuous_full_curve,1.91693396516615
2,compound,51.0586001388889,0.036825713193473,-0.1509119726452496,0.2245633990321957,71.2445583333333,6.72,-0.20833908978242735,0.21513755032960954,Weak Oscillatory Response,continuous_full_curve,1.91693396516615
2,compound,51.3554524652778,0.0376447485859122,-0.1555803708336925,0.2308698680055169,71.2445583333333,6.72,-0.20833908978242735,0.21513755032960954,Weak Oscillatory Response,continuous_full_curve,1.91693396516615
2,compound,51.6523047916667,0.0384656966663411,-0.1604687290425821,0.2374001223752644,71.2445583333333,6.72,-0.20833908978242735,0.21513755032960954,Weak Oscillatory Response,continuous_full_curve,1.91693396516615
2,compound,51.9491571180555,0.0392885288871775,-0.1655862685130912,0.2441633262874463,71.2445583333333,6.72,-0.20833908978242735,0.21513755032960954,Weak Oscillatory Response,continuous_full_curve,1.91693396516615
2,compound,52.2460094444444,0.04011321670084,-0.1709426159394966,0.2511690493411768,71.2445583333333,6.72,-0.20833908978242735,0.21513755032960954,Weak Oscillatory Response,continuous_full_curve,1.91693396516615
2,compound,52.5428617708333,0.0409397315597465,-0.1765478207241351,0.2584272838436283,71.2445583333333,6.72,-0.20833908978242735,0.21513755032960954,Weak Oscillatory Response,continuous_full_curve,1.91693396516615
2,compound,52.8397140972222,0.041768044916315,-0.1824123729342079,0.265948462766838,71.2445583333333,6.72,-0.20833908978242735,0.21513755032960954,Weak Oscillatory Response,continuous_full_curve,1.91693396516615
2,compound,53.1365664236111,0.0425981282229636,-0.1885472219837966,0.2737434784297238,71.2445583333333,6.72,-0.20833908978242735,0.21513755032960954,Weak Oscillatory Response,continuous_full_curve,1.91693396516615
2,compound,53.43341875,0.0434299529321102,-0.1949637960649201,0.2818237019291407,71.2445583333333,6.72,-0.20833908978242735,0.21513755032960954,Weak Oscillatory Response,continuous_full_curve,1.91693396516615
2,compound,53.7302710763889,0.0442634904961731,-0.2016740223518482,0.2902010033441944,71.2445583333333,6.72,-0.20833908978242735,0.21513755032960954,Weak Oscillatory Response,continuous_full_curve,1.91693396516615
2,compound,54.0271234027778,0.0450987123675702,-0.2086903480032656,0.298887772738406,71.2445583333333,6.72,-0.20833908978242735,0.21513755032960954,Weak Oscillatory Response,continuous_full_curve,1.91693396516615
2,compound,54.3239757291666,0.0459355899987193,-0.2160257619872119,0.3078969419846505,71.2445583333333,6.72,-0.20833908978242735,0.21513755032960954,Weak Oscillatory Response,continuous_full_curve,1.91693396516615
2,compound,54.6208280555555,0.0467740948420391,-0.2236938177540328,0.317242007438111,71.2445583333333,6.72,-0.20833908978242735,0.21513755032960954,Weak Oscillatory Response,continuous_full_curve,1.91693396516615
2,compound,54.9176803819444,0.0476141983499473,-0.2317086567827885,0.3269370534826832,71.2445583333333,6.72,-0.20833908978242735,0.21513755032960954,Weak Oscillatory Response,continuous_full_curve,1.91693396516615
2,compound,55.2145327083333,0.048455871974862,-0.240085033026847,0.3369967769765711,71.2445583333333,6.72,-0.20833908978242735,0.21513755032960954,Weak Oscillatory Response,continuous_full_curve,1.91693396516615
2,compound,55.5113850347222,0.0492990871692013,-0.2488383382844592,0.3474365126228619,71.2445583333333,6.72,-0.20833908978242735,0.21513755032960954,Weak Oscillatory Response,continuous_full_curve,1.91693396516615
2,compound,55.8082373611111,0.0501438153853832,-0.2579846285202479,0.3582722592910144,71.2445583333333,6.72,-0.20833908978242735,0.21513755032960954,Weak Oscillatory Response,continuous_full_curve,1.91693396516615
2,compound,56.1050896875,0.0509900280758258,-0.2675406511635583,0.36952070731521,71.2445583333333,6.72,-0.20833908978242735,0.21513755032960954,Weak Oscillatory Response,continuous_full_curve,1.91693396516615
2,compound,56.4019420138889,0.0518376966929472,-0.2775238734095601,0.3811992667954544,71.2445583333333,6.72,-0.20833908978242735,0.21513755032960954,Weak Oscillatory Response,continuous_full_curve,1.91693396516615
2,compound,56.6987943402778,0.0526867926891653,-0.2879525115488683,0.3933260969271991,71.2445583333333,6.72,-0.20833908978242735,0.21513755032960954,Weak Oscillatory Response,continuous_full_curve,1.91693396516615
2,compound,56.9956466666667,0.0535372875168984,-0.2988455613512354,0.4059201363850324,71.2445583333333,6.72,-0.20833908978242735,0.21513755032960954,Weak Oscillatory Response,continuous_full_curve,1.91693396516615
2,compound,57.2924989930555,0.0543891526285641,-0.3102228295285478,0.4190011347856762,71.2445583333333,6.72,-0.20833908978242735,0.21513755032960954,Weak Oscillatory Response,continuous_full_curve,1.91693396516615
2,compound,57.5893513194444,0.0552423594765811,-0.3221049663019718,0.4325896852551342,71.2445583333333,6.72,-0.20833908978242735,0.21513755032960954,Weak Oscillatory Response,continuous_full_curve,1.91693396516615
2,compound,57.8862036458333,0.0560968795133672,-0.3345134990975021,0.4467072581242367,71.2445583333333,6.72,-0.20833908978242735,0.21513755032960954,Weak Oscillatory Response,continuous_full_curve,1.91693396516615
2,compound,58.1830559722222,0.0569526841913405,-0.3474708673936323,0.4613762357763134,71.2445583333333,6.72,-0.20833908978242735,0.21513755032960954,Weak Oscillatory Response,continuous_full_curve,1.91693396516615
2,compound,58.4799082986111,0.0578097449629189,-0.3610004587439765,0.4766199486698144,71.2445583333333,6.72,-0.20833908978242735,0.21513755032960954,Weak Oscillatory Response,continuous_full_curve,1.91693396516615
2,compound,58.776760625,0.0586680332805206,-0.3751266459968299,0.4924627125578713,71.2445583333333,6.72,-0.20833908978242735,0.21513755032960954,Weak Oscillatory Response,continuous_full_curve,1.91693396516615
2,compound,59.0736129513889,0.0595275205965637,-0.3898748257325534,0.5089298669256808,71.2445583333333,6.72,-0.20833908978242735,0.21513755032960954,Weak Oscillatory Response,continuous_full_curve,1.91693396516615
2,compound,59.3704652777778,0.0603881783634661,-0.4052714579384635,0.5260478146653957,71.2445583333333,6.72,-0.20833908978242735,0.21513755032960954,Weak Oscillatory Response,continuous_full_curve,1.91693396516615
2,compound,59.6673176041666,0.0612499780336457,-0.4213441069394812,0.5438440630067727,71.2445583333333,6.72,-0.20833908978242735,0.21513755032960954,Weak Oscillatory Response,continuous_full_curve,1.91693396516615
2,compound,59.9641699305555,0.0621128910595211,-0.4381214836012596,0.5623472657203018,71.2445583333333,6.72,-0.20833908978242735,0.21513755032960954,Weak Oscillatory Response,continuous_full_curve,1.91693396516615
2,compound,60.2610222569444,0.0629768888935101,-0.4556334888206126,0.5815872666076329,71.2445583333333,6.72,-0.20833908978242735,0.21513755032960954,Weak Oscillatory Response,continuous_full_curve,1.91693396516615
2,compound,60.5578745833333,0.0638419429880307,-0.4739112583162564,0.6015951442923179,71.2445583333333,6.72,-0.20833908978242735,0.21513755032960954,Weak Oscillatory Response,continuous_full_curve,1.91693396516615
2,compound,60.8547269097222,0.064708024795501,-0.4929872087304799,0.6224032583214821,71.2445583333333,6.72,-0.20833908978242735,0.21513755032960954,Weak Oscillatory Response,continuous_full_curve,1.91693396516615
2,compound,61.1515792361111,0.0655751057683391,-0.5128950850500049,0.6440452965866832,71.2445583333333,6.72,-0.20833908978242735,0.21513755032960954,Weak Oscillatory Response,continuous_full_curve,1.91693396516615
2,compound,61.4484315625,0.0664431573589631,-0.5336700093515807,0.6665563240695069,71.2445583333333,6.72,-0.20833908978242735,0.21513755032960954,Weak Oscillatory Response,continuous_full_curve,1.91693396516615
2,compound,61.7452838888889,0.0673121510197909,-0.5553485308748582,0.6899728329144401,71.2445583333333,6.72,-0.20833908978242735,0.21513755032960954,Weak Oscillatory Response,continuous_full_curve,1.91693396516615
2,compound,62.0421362152778,0.0681820582032407,-0.5779686774218652,0.7143327938283467,71.2445583333333,6.72,-0.20833908978242735,0.21513755032960954,Weak Oscillatory Response,continuous_full_curve,1.91693396516615
2,compound,62.135,0.0684543727864095,-0.5852444753992376,0.7221532209720567,71.2445583333333,6.72,-0.20833908978242735,0.21513755032960954,Weak Oscillatory Response,continuous_full_curve,1.91693396516615
2,compound,62.3389885416666,0.0690528503617303,-0.6015700080788327,0.7396757088022934,71.2445583333333,6.72,-0.20833908978242735,0.21513755032960954,Weak Oscillatory Response,continuous_full_curve,1.91693396516615
2,compound,62.6358408680555,0.0699244989476783,-0.6261936672523212,0.7660426651476777,71.2445583333333,6.72,-0.20833908978242735,0.21513755032960954,Weak Oscillatory Response,continuous_full_curve,1.91693396516615
2,compound,62.9326931944444,0.0707969754135023,-0.6518824400072375,0.7934763908342423,71.2445583333333,6.72,-0.20833908978242735,0.21513755032960954,Weak Oscillatory Response,continuous_full_curve,1.91693396516615
2,compound,63.2295455208333,0.0716702512116206,-0.6786808086900848,0.8220213111133263,71.2445583333333,6.72,-0.20833908978242735,0.21513755032960954,Weak Oscillatory Response,continuous_full_curve,1.91693396516615
2,compound,63.5263978472222,0.0725442977944512,-0.7066350108155921,0.8517236064044946,71.2445583333333,6.72,-0.20833908978242735,0.21513755032960954,Weak Oscillatory Response,continuous_full_curve,1.91693396516615
2,compound,63.8232501736111,0.0734190866144122,-0.735793098189801,0.8826312714186254,71.2445583333333,6.72,-0.20833908978242735,0.21513755032960954,Weak Oscillatory Response,continuous_full_curve,1.91693396516615
2,compound,64.1201025,0.0742945891239215,-0.7662049972369276,0.9147941754847708,71.2445583333333,6.72,-0.20833908978242735,0.21513755032960954,Weak Oscillatory Response,continuous_full_curve,1.91693396516615
2,compound,64.4169548263889,0.0751707767753974,-0.7979225704912679,0.9482641240420628,71.2445583333333,6.72,-0.20833908978242735,0.21513755032960954,Weak Oscillatory Response,continuous_full_curve,1.91693396516615
2,compound,64.7138071527778,0.0760476210212577,-0.8309996792088992,0.9830949212514146,71.2445583333333,6.72,-0.20833908978242735,0.21513755032960954,Weak Oscillatory Response,continuous_full_curve,1.91693396516615
2,compound,65.0106594791666,0.0769250933139204,-0.8654922470469706,1.0193424336748114,71.2445583333333,6.72,-0.20833908978242735,0.21513755032960954,Weak Oscillatory Response,continuous_full_curve,1.91693396516615
2,compound,65.3075118055555,0.077803165105804,-0.901458324751048,1.057064654962656,71.2445583333333,6.72,-0.20833908978242735,0.21513755032960954,Weak Oscillatory Response,continuous_full_curve,1.91693396516615
2,compound,65.6043641319444,0.0786818078493263,-0.9389581557828324,1.096321771481485,71.2445583333333,6.72,-0.20833908978242735,0.21513755032960954,Weak Oscillatory Response,continuous_full_curve,1.91693396516615
2,compound,65.9012164583333,0.0795609929969055,-0.9780542428126232,1.1371762288064342,71.2445583333333,6.72,-0.20833908978242735,0.21513755032960954,Weak Oscillatory Response,continuous_full_curve,1.91693396516615
2,compound,66.1980687847222,0.0804406920009595,-1.0188114149915608,1.1796927989934798,71.2445583333333,6.72,-0.20833908978242735,0.21513755032960954,Weak Oscillatory Response,continuous_full_curve,1.91693396516615
2,compound,66.4949211111111,0.0813208763139064,-1.0612968959095728,1.2239386485373855,71.2445583333333,6.72,-0.20833908978242735,0.21513755032960954,Weak Oscillatory Response,continuous_full_curve,1.91693396516615
2,compound,66.7917734375,0.0822015173881643,-1.1055803721348767,1.2699834069112053,71.2445583333333,6.72,-0.20833908978242735,0.21513755032960954,Weak Oscillatory Response,continuous_full_curve,1.91693396516615
2,compound,67.0886257638889,0.0830825866761513,-1.1517340622204422,1.3178992355727448,71.2445583333333,6.72,-0.20833908978242735,0.21513755032960954,Weak Oscillatory Response,continuous_full_curve,1.91693396516615
2,compound,67.3854780902778,0.0839640556302853,-1.1998327860517553,1.367760897312326,71.2445583333333,6.72,-0.20833908978242735,0.21513755032960954,Weak Oscillatory Response,continuous_full_curve,1.91693396516615
2,compound,67.6823304166666,0.0848458957029843,-1.24995403439861,1.4196458258045783,71.2445583333333,6.72,-0.20833908978242735,0.21513755032960954,Weak Oscillatory Response,continuous_full_curve,1.91693396516615
2,compound,67.9791827430555,0.0857280783466667,-1.3021780385215669,1.4736341952149,71.2445583333333,6.72,-0.20833908978242735,0.21513755032960954,Weak Oscillatory Response,continuous_full_curve,1.91693396516615
2,compound,68.2760350694444,0.0866105750137505,-1.356587839670616,1.5298089896981169,71.2445583333333,6.72,-0.20833908978242735,0.21513755032960954,Weak Oscillatory Response,continuous_full_curve,1.91693396516615
2,compound,68.5728873958333,0.0874933571566537,-1.4132693583007978,1.588256072614105,71.2445583333333,6.72,-0.20833908978242735,0.21513755032960954,Weak Oscillatory Response,continuous_full_curve,1.91693396516615
2,compound,68.8697397222222,0.0883763962277942,-1.4723114628150178,1.6490642552706063,71.2445583333333,6.72,-0.20833908978242735,0.21513755032960954,Weak Oscillatory Response,continuous_full_curve,1.91693396516615
2,compound,69.1665920486111,0.0892596636795902,-1.5338060376301033,1.7123253649892836,71.2445583333333,6.72,-0.20833908978242735,0.21513755032960954,Weak Oscillatory Response,continuous_full_curve,1.91693396516615
2,compound,69.463444375,0.0901431309644598,-1.5978480503469603,1.77813431227588,71.2445583333333,6.72,-0.20833908978242735,0.21513755032960954,Weak Oscillatory Response,continuous_full_curve,1.91693396516615
2,compound,69.7602967013889,0.091026769534821,-1.6645356177899389,1.846589156859581,71.2445583333333,6.72,-0.20833908978242735,0.21513755032960954,Weak Oscillatory Response,continuous_full_curve,1.91693396516615
2,compound,70.0571490277778,0.091910550843092,-1.7339700706643555,1.9177911723505396,71.2445583333333,6.72,-0.20833908978242735,0.21513755032960954,Weak Oscillatory Response,continuous_full_curve,1.91693396516615
2,compound,70.3540013541667,0.0927944463416906,-1.8062560165642456,1.9918449092476271,71.2445583333333,6.72,-0.20833908978242735,0.21513755032960954,Weak Oscillatory Response,continuous_full_curve,1.91693396516615
2,compound,70.6508536805555,0.0936784274830348,-1.881501401045064,2.0688582560111337,71.2445583333333,6.72,-0.20833908978242735,0.21513755032960954,Weak Oscillatory Response,continuous_full_curve,1.91693396516615
2,compound,70.9477060069444,0.0945624657195431,-1.9598175664583577,2.148942497897444,71.2445583333333,6.72,-0.20833908978242735,0.21513755032960954,Weak Oscillatory Response,continuous_full_curve,1.91693396516615
2,compound,71.2445583333333,0.0954465325036334,-2.0413193082265604,2.2322123732338275,71.2445583333333,6.72,-0.20833908978242735,0.21513755032960954,Weak Oscillatory Response,continuous_full_curve,1.91693396516615
2,day,0.0,0.0,0.0,0.0,56.930000000000014,7.94000000000001,-0.3503302030743837,0.2155114221917046,Weak Oscillatory Response,continuous_full_curve,2.3
2,day,0.237208333333333,-0.001359381504267,-0.0378169133762685,0.0350981503677344,56.930000000000014,7.94000000000001,-0.3503302030743837,0.2155114221917046,Weak Oscillatory Response,continuous_full_curve,2.3
2,day,0.474416666666667,-0.0027196064152841,-0.0403168556287594,0.0348776427981911,56.930000000000014,7.94000000000001,-0.3503302030743837,0.2155114221917046,Weak Oscillatory Response,continuous_full_curve,2.3
2,day,0.711625,-0.0040815181398015,-0.042851857487992,0.0346888212083889,56.930000000000014,7.94000000000001,-0.3503302030743837,0.2155114221917046,Weak Oscillatory Response,continuous_full_curve,2.3
2,day,0.948833333333334,-0.0054459600845691,-0.0454225016405361,0.0345305814713977,56.930000000000014,7.94000000000001,-0.3503302030743837,0.2155114221917046,Weak Oscillatory Response,continuous_full_curve,2.3
2,day,1.18604166666667,-0.0068137756563372,-0.0480292484088137,0.0344016970961391,56.930000000000014,7.94000000000001,-0.3503302030743837,0.2155114221917046,Weak Oscillatory Response,continuous_full_curve,2.3
2,day,1.42325,-0.0081858082618559,-0.0506724262729663,0.0343008097492545,56.930000000000014,7.94000000000001,-0.3503302030743837,0.2155114221917046,Weak Oscillatory Response,continuous_full_curve,2.3
2,day,1.66045833333333,-0.0095629013078751,-0.0533522223095782,0.0342264196938279,56.930000000000014,7.94000000000001,-0.3503302030743837,0.2155114221917046,Weak Oscillatory Response,continuous_full_curve,2.3
2,day,1.67550000000001,-0.0096504146166602,-0.0535233877204667,0.0342225584871462,56.930000000000014,7.94000000000001,-0.3503302030743837,0.2155114221917046,Weak Oscillatory Response,continuous_full_curve,2.3
2,day,1.89766666666667,-0.0109458982011452,-0.0560686726128416,0.0341768762105511,56.930000000000014,7.94000000000001,-0.3503302030743837,0.2155114221917046,Weak Oscillatory Response,continuous_full_curve,2.3
2,day,2.134875,-0.0123356423484161,-0.0588216527717238,0.0341503680748915,56.930000000000014,7.94000000000001,-0.3503302030743837,0.2155114221917046,Weak Oscillatory Response,continuous_full_curve,2.3
2,day,2.37208333333333,-0.013732977156438,-0.0616108684848039,0.0341449141719278,56.930000000000014,7.94000000000001,-0.3503302030743837,0.2155114221917046,Weak Oscillatory Response,continuous_full_curve,2.3
2,day,2.60929166666667,-0.015138746031961,-0.06443584640259,0.034158354338668,56.930000000000014,7.94000000000001,-0.3503302030743837,0.2155114221917046,Weak Oscillatory Response,continuous_full_curve,2.3
2,day,2.8465,-0.0165537923817351,-0.0672959252952169,0.0341883405317467,56.930000000000014,7.94000000000001,-0.3503302030743837,0.2155114221917046,Weak Oscillatory Response,continuous_full_curve,2.3
2,day,3.08370833333333,-0.0179789596125105,-0.0701902476513233,0.0342323284263023,56.930000000000014,7.94000000000001,-0.3503302030743837,0.2155114221917046,Weak Oscillatory Response,continuous_full_curve,2.3
2,day,3.32091666666667,-0.0194150911310373,-0.073117751821495,0.0342875695594203,56.930000000000014,7.94000000000001,-0.3503302030743837,0.2155114221917046,Weak Oscillatory Response,continuous_full_curve,2.3
2,day,3.558125,-0.0208630303440657,-0.0760771648267899,0.0343511041386585,56.930000000000014,7.94000000000001,-0.3503302030743837,0.2155114221917046,Weak Oscillatory Response,continuous_full_curve,2.3
2,day,3.79533333333333,-0.0223236206583456,-0.079066995959366,0.0344197546426747,56.930000000000014,7.94000000000001,-0.3503302030743837,0.2155114221917046,Weak Oscillatory Response,continuous_full_curve,2.3
2,day,4.03254166666667,-0.0237977054806273,-0.0820855313079526,0.0344901203466979,56.930000000000014,7.94000000000001,-0.3503302030743837,0.2155114221917046,Weak Oscillatory Response,continuous_full_curve,2.3
2,day,4.2410784671533,-0.0251054316988589,-0.0847613903126191,0.0345505269149012,56.930000000000014,7.94000000000001,-0.3503302030743837,0.2155114221917046,Weak Oscillatory Response,continuous_full_curve,2.3
2,day,4.26975,-0.025286127794797,-0.0851308295528296,0.0345585739632356,56.930000000000014,7.94000000000001,-0.3503302030743837,0.2155114221917046,Weak Oscillatory Response,continuous_full_curve,2.3
2,day,4.50695833333333,-0.0267893950633148,-0.088200896084046,0.0346221059574163,56.930000000000014,7.94000000000001,-0.3503302030743837,0.2155114221917046,Weak Oscillatory Response,continuous_full_curve,2.3
2,day,4.74416666666667,-0.0283070766206827,-0.0912940892325105,0.0346799359911449,56.930000000000014,7.94000000000001,-0.3503302030743837,0.2155114221917046,Weak Oscillatory Response,continuous_full_curve,2.3
2,day,4.981375,-0.029838579098268,-0.0944088337318207,0.0347316755352846,56.930000000000014,7.94000000000001,-0.3503302030743837,0.2155114221917046,Weak Oscillatory Response,continuous_full_curve,2.3
2,day,5.21858333333333,-0.031383309127438,-0.0975435494912925,0.0347769312364164,56.930000000000014,7.94000000000001,-0.3503302030743837,0.2155114221917046,Weak Oscillatory Response,continuous_full_curve,2.3
2,day,5.45579166666667,-0.0329406733395603,-0.1006966537765504,0.0348153070974297,56.930000000000014,7.94000000000001,-0.3503302030743837,0.2155114221917046,Weak Oscillatory Response,continuous_full_curve,2.3
2,day,5.693,-0.0345100783660021,-0.1038665633843794,0.0348464066523752,56.930000000000014,7.94000000000001,-0.3503302030743837,0.2155114221917046,Weak Oscillatory Response,continuous_full_curve,2.3
2,day,5.93020833333334,-0.0360909308381309,-0.1070516968049924,0.0348698351287305,56.930000000000014,7.94000000000001,-0.3503302030743837,0.2155114221917046,Weak Oscillatory Response,continuous_full_curve,2.3
2,day,6.16741666666667,-0.037682637387314,-0.1102504763650423,0.0348852015904143,56.930000000000014,7.94000000000001,-0.3503302030743837,0.2155114221917046,Weak Oscillatory Response,continuous_full_curve,2.3
2,day,6.404625,-0.0392846046449187,-0.113461330344932,0.0348921210550944,56.930000000000014,7.94000000000001,-0.3503302030743837,0.2155114221917046,Weak Oscillatory Response,continuous_full_curve,2.3
2,day,6.64183333333333,-0.0408962392423126,-0.1166826950641997,0.0348902165795744,56.930000000000014,7.94000000000001,-0.3503302030743837,0.2155114221917046,Weak Oscillatory Response,continuous_full_curve,2.3
2,day,6.87904166666667,-0.042516947810863,-0.1199130169290323,0.0348791213073062,56.930000000000014,7.94000000000001,-0.3503302030743837,0.2155114221917046,Weak Oscillatory Response,continuous_full_curve,2.3
2,day,7.11625,-0.0441461369819373,-0.1231507544362322,0.0348584804723576,56.930000000000014,7.94000000000001,-0.3503302030743837,0.2155114221917046,Weak Oscillatory Response,continuous_full_curve,2.3
2,day,7.35345833333334,-0.0457832133869028,-0.1263943801282755,0.0348279533544698,56.930000000000014,7.94000000000001,-0.3503302030743837,0.2155114221917046,Weak Oscillatory Response,continuous_full_curve,2.3
2,day,7.59066666666667,-0.0474275836571269,-0.1296423824944136,0.0347872151801597,56.930000000000014,7.94000000000001,-0.3503302030743837,0.2155114221917046,Weak Oscillatory Response,continuous_full_curve,2.3
2,day,7.827875,-0.0490786544239771,-0.1328932678131132,0.034735958965159,56.930000000000014,7.94000000000001,-0.3503302030743837,0.2155114221917046,Weak Oscillatory Response,continuous_full_curve,2.3
2,day,7.94000000000001,-0.0498612539961745,-0.1344304947390445,0.0347079867466955,56.930000000000014,7.94000000000001,-0.3503302030743837,0.2155114221917046,Weak Oscillatory Response,continuous_full_curve,2.3
2,day,8.06508333333334,-0.0507358323188207,-0.136145561931475,0.0346738972938335,56.930000000000014,7.94000000000001,-0.3503302030743837,0.2155114221917046,Weak Oscillatory Response,continuous_full_curve,2.3
2,day,8.30229166666667,-0.0523985239730251,-0.1393978119776353,0.0346007640315851,56.930000000000014,7.94000000000001,-0.3503302030743837,0.2155114221917046,Weak Oscillatory Response,continuous_full_curve,2.3
2,day,8.5395,-0.0540661360179576,-0.1426485880025237,0.0345163159666084,56.930000000000014,7.94000000000001,-0.3503302030743837,0.2155114221917046,Weak Oscillatory Response,continuous_full_curve,2.3
2,day,8.77670833333334,-0.0557380750849857,-0.145896484547727,0.0344203343777554,56.930000000000014,7.94000000000001,-0.3503302030743837,0.2155114221917046,Weak Oscillatory Response,continuous_full_curve,2.3
2,day,9.01391666666667,-0.0574137478054768,-0.1491401221365879,0.0343126265256342,56.930000000000014,7.94000000000001,-0.3503302030743837,0.2155114221917046,Weak Oscillatory Response,continuous_full_curve,2.3
2,day,9.05168750000004,-0.0576808714079279,-0.1496561253277185,0.0342943825118624,56.930000000000014,7.94000000000001,-0.3503302030743837,0.2155114221917046,Weak Oscillatory Response,continuous_full_curve,2.3
2,day,9.251125,-0.0590925608107982,-0.1523781486860558,0.0341930270644594,56.930000000000014,7.94000000000001,-0.3503302030743837,0.2155114221917046,Weak Oscillatory Response,continuous_full_curve,2.3
2,day,9.48833333333334,-0.0607739207323173,-0.1556092408371848,0.03406139937255,56.930000000000014,7.94000000000001,-0.3503302030743837,0.2155114221917046,Weak Oscillatory Response,continuous_full_curve,2.3
2,day,9.72554166666667,-0.0624572342014015,-0.1588321052025584,0.0339176367997553,56.930000000000014,7.94000000000001,-0.3503302030743837,0.2155114221917046,Weak Oscillatory Response,continuous_full_curve,2.3
2,day,9.96275,-0.0641419078494182,-0.1620454795293041,0.0337616638304677,56.930000000000014,7.94000000000001,-0.3503302030743837,0.2155114221917046,Weak Oscillatory Response,continuous_full_curve,2.3
2,day,10.1999583333333,-0.0658273483077346,-0.1652481337767221,0.0335934371612529,56.930000000000014,7.94000000000001,-0.3503302030743837,0.2155114221917046,Weak Oscillatory Response,continuous_full_curve,2.3
2,day,10.4371666666667,-0.0675129622077189,-0.1684388711079376,0.0334129466924998,56.930000000000014,7.94000000000001,-0.3503302030743837,0.2155114221917046,Weak Oscillatory Response,continuous_full_curve,2.3
2,day,10.674375,-0.0691981561807371,-0.1716165287953176,0.0332202164338433,56.930000000000014,7.94000000000001,-0.3503302030743837,0.2155114221917046,Weak Oscillatory Response,continuous_full_curve,2.3
2,day,10.9115833333333,-0.0708823368581574,-0.1747799790397839,0.033015305323469,56.930000000000014,7.94000000000001,-0.3503302030743837,0.2155114221917046,Weak Oscillatory Response,continuous_full_curve,2.3
2,day,11.1487916666667,-0.0725649108713478,-0.1779281297044376,0.0327983079617419,56.930000000000014,7.94000000000001,-0.3503302030743837,0.2155114221917046,Weak Oscillatory Response,continuous_full_curve,2.3
2,day,11.386,-0.0742452848516743,-0.1810599249632765,0.0325693552599279,56.930000000000014,7.94000000000001,-0.3503302030743837,0.2155114221917046,Weak Oscillatory Response,continuous_full_curve,2.3
2,day,11.6232083333333,-0.075922865430505,-0.1841743458660974,0.0323286150050873,56.930000000000014,7.94000000000001,-0.3503302030743837,0.2155114221917046,Weak Oscillatory Response,continuous_full_curve,2.3
2,day,11.8604166666667,-0.0775970592392079,-0.187270410820937,0.0320762923425211,56.930000000000014,7.94000000000001,-0.3503302030743837,0.2155114221917046,Weak Oscillatory Response,continuous_full_curve,2.3
2,day,12.097625,-0.0792672729091491,-0.1903471759957262,0.0318126301774279,56.930000000000014,7.94000000000001,-0.3503302030743837,0.2155114221917046,Weak Oscillatory Response,continuous_full_curve,2.3
2,day,12.3348333333333,-0.0809329130716967,-0.1934037356410924,0.031537909497699,56.930000000000014,7.94000000000001,-0.3503302030743837,0.2155114221917046,Weak Oscillatory Response,continuous_full_curve,2.3
2,day,12.5720416666667,-0.0825933863582186,-0.1964392223364686,0.0312524496200314,56.930000000000014,7.94000000000001,-0.3503302030743837,0.2155114221917046,Weak Oscillatory Response,continuous_full_curve,2.3
2,day,12.80925,-0.084248099400081,-0.1994528071619292,0.0309566083617672,56.930000000000014,7.94000000000001,-0.3503302030743837,0.2155114221917046,Weak Oscillatory Response,continuous_full_curve,2.3
2,day,13.0464583333333,-0.0858964588286518,-0.2024436997983937,0.03065078214109,56.930000000000014,7.94000000000001,-0.3503302030743837,0.2155114221917046,Weak Oscillatory Response,continuous_full_curve,2.3
2,day,13.2836666666667,-0.0875378712752993,-0.2054111485590017,0.0303354060084031,56.930000000000014,7.94000000000001,-0.3503302030743837,0.2155114221917046,Weak Oscillatory Response,continuous_full_curve,2.3
2,day,13.520875,-0.0891717433713893,-0.2083544403546814,0.0300109536119028,56.930000000000014,7.94000000000001,-0.3503302030743837,0.2155114221917046,Weak Oscillatory Response,continuous_full_curve,2.3
2,day,13.7580833333333,-0.0907974817482899,-0.2112729005970953,0.0296779371005153,56.930000000000014,7.94000000000001,-0.3503302030743837,0.2155114221917046,Weak Oscillatory Response,continuous_full_curve,2.3
2,day,13.9952916666667,-0.0924144930373693,-0.2141658930422648,0.0293369069675262,56.930000000000014,7.94000000000001,-0.3503302030743837,0.2155114221917046,Weak Oscillatory Response,continuous_full_curve,2.3
2,day,14.2325,-0.0940221838699934,-0.2170328195783355,0.0289884518383486,56.930000000000014,7.94000000000001,-0.3503302030743837,0.2155114221917046,Weak Oscillatory Response,continuous_full_curve,2.3
2,day,14.4697083333333,-0.0956199608775303,-0.2198731199610606,0.0286331982059999,56.930000000000014,7.94000000000001,-0.3503302030743837,0.2155114221917046,Weak Oscillatory Response,continuous_full_curve,2.3
2,day,14.7069166666667,-0.0972072306913481,-0.222686271500647,0.0282718101179507,56.930000000000014,7.94000000000001,-0.3503302030743837,0.2155114221917046,Weak Oscillatory Response,continuous_full_curve,2.3
2,day,14.944125,-0.0987833999428127,-0.2254717887037177,0.0279049888180921,56.930000000000014,7.94000000000001,-0.3503302030743837,0.2155114221917046,Weak Oscillatory Response,continuous_full_curve,2.3
2,day,15.1813333333333,-0.1003478752632924,-0.2282292228742176,0.0275334723476328,56.930000000000014,7.94000000000001,-0.3503302030743837,0.2155114221917046,Weak Oscillatory Response,continuous_full_curve,2.3
2,day,15.4185416666667,-0.101900063284155,-0.2309581616771027,0.0271580351087926,56.930000000000014,7.94000000000001,-0.3503302030743837,0.2155114221917046,Weak Oscillatory Response,continuous_full_curve,2.3
2,day,15.65575,-0.1034393706367667,-0.2336582286687302,0.0267794873951967,56.930000000000014,7.94000000000001,-0.3503302030743837,0.2155114221917046,Weak Oscillatory Response,continuous_full_curve,2.3
2,day,15.8929583333333,-0.1049652039524955,-0.2363290827978843,0.0263986748928932,56.930000000000014,7.94000000000001,-0.3503302030743837,0.2155114221917046,Weak Oscillatory Response,continuous_full_curve,2.3
2,day,16.1301666666667,-0.1064769698627095,-0.2389704178813601,0.026016478155941,56.930000000000014,7.94000000000001,-0.3503302030743837,0.2155114221917046,Weak Oscillatory Response,continuous_full_curve,2.3
2,day,16.367375,-0.1079740749987747,-0.2415819620580561,0.0256338120605067,56.930000000000014,7.94000000000001,-0.3503302030743837,0.2155114221917046,Weak Oscillatory Response,continuous_full_curve,2.3
2,day,16.6045833333333,-0.1094559259920592,-0.2441634772255166,0.0252516252413982,56.930000000000014,7.94000000000001,-0.3503302030743837,0.2155114221917046,Weak Oscillatory Response,continuous_full_curve,2.3
2,day,16.8417916666667,-0.1109219294739309,-0.2467147584628151,0.0248708995149532,56.930000000000014,7.94000000000001,-0.3503302030743837,0.2155114221917046,Weak Oscillatory Response,continuous_full_curve,2.3
2,day,17.079,-0.112371492075756,-0.2492356334436717,0.0244926492921595,56.930000000000014,7.94000000000001,-0.3503302030743837,0.2155114221917046,Weak Oscillatory Response,continuous_full_curve,2.3
2,day,17.3162083333333,-0.1138040204289026,-0.2517259618436594,0.024117920985854,56.930000000000014,7.94000000000001,-0.3503302030743837,0.2155114221917046,Weak Oscillatory Response,continuous_full_curve,2.3
2,day,17.5534166666667,-0.1152189211647386,-0.2541856347452795,0.0237477924158022,56.930000000000014,7.94000000000001,-0.3503302030743837,0.2155114221917046,Weak Oscillatory Response,continuous_full_curve,2.3
2,day,17.790625,-0.1166156009146302,-0.2566145740446679,0.0233833722154075,56.930000000000014,7.94000000000001,-0.3503302030743837,0.2155114221917046,Weak Oscillatory Response,continuous_full_curve,2.3
2,day,18.0278333333333,-0.1179934663099454,-0.2590127318636346,0.0230257992437438,56.930000000000014,7.94000000000001,-0.3503302030743837,0.2155114221917046,Weak Oscillatory Response,continuous_full_curve,2.3
2,day,18.2650416666667,-0.1193519239820521,-0.2613800899706519,0.0226762420065476,56.930000000000014,7.94000000000001,-0.3503302030743837,0.2155114221917046,Weak Oscillatory Response,continuous_full_curve,2.3
2,day,18.50225,-0.1206903805623165,-0.2637166592143711,0.0223358980897379,56.930000000000014,7.94000000000001,-0.3503302030743837,0.2155114221917046,Weak Oscillatory Response,continuous_full_curve,2.3
2,day,18.7394583333333,-0.1220082426821067,-0.2660224789731813,0.0220059936089677,56.930000000000014,7.94000000000001,-0.3503302030743837,0.2155114221917046,Weak Oscillatory Response,continuous_full_curve,2.3
2,day,18.758125,-0.1221110578416074,-0.2662026278491981,0.0219805121659832,56.930000000000014,7.94000000000001,-0.3503302030743837,0.2155114221917046,Weak Oscillatory Response,continuous_full_curve,2.3
2,day,18.9766666666667,-0.1233050115081043,-0.2682975982476409,0.0216875752314322,56.930000000000014,7.94000000000001,-0.3503302030743837,0.2155114221917046,Weak Oscillatory Response,continuous_full_curve,2.3
2,day,19.213875,-0.1245806674417873,-0.2705419935259893,0.0213806586424146,56.930000000000014,7.94000000000001,-0.3503302030743837,0.2155114221917046,Weak Oscillatory Response,continuous_full_curve,2.3
2,day,19.4510833333333,-0.125835342380191,-0.2727556183353987,0.0210849335750165,56.930000000000014,7.94000000000001,-0.3503302030743837,0.2155114221917046,Weak Oscillatory Response,continuous_full_curve,2.3
2,day,19.6882916666667,-0.1270691682792611,-0.2749384302900596,0.0208000937315372,56.930000000000014,7.94000000000001,-0.3503302030743837,0.2155114221917046,Weak Oscillatory Response,continuous_full_curve,2.3
2,day,19.9255,-0.1282822770949418,-0.2770903911648867,0.020525836975003,56.930000000000014,7.94000000000001,-0.3503302030743837,0.2155114221917046,Weak Oscillatory Response,continuous_full_curve,2.3
2,day,20.1627083333333,-0.1294748007831786,-0.2792114669551688,0.0202618653888115,56.930000000000014,7.94000000000001,-0.3503302030743837,0.2155114221917046,Weak Oscillatory Response,continuous_full_curve,2.3
2,day,20.3999166666667,-0.1306468712999174,-0.2813016279331053,0.0200078853332705,56.930000000000014,7.94000000000001,-0.3503302030743837,0.2155114221917046,Weak Oscillatory Response,continuous_full_curve,2.3
2,day,20.637125,-0.1317986206011021,-0.2833608487012246,0.0197636074990203,56.930000000000014,7.94000000000001,-0.3503302030743837,0.2155114221917046,Weak Oscillatory Response,continuous_full_curve,2.3
2,day,20.8743333333333,-0.1329301806426784,-0.2853891082426857,0.0195287469573287,56.930000000000014,7.94000000000001,-0.3503302030743837,0.2155114221917046,Weak Oscillatory Response,continuous_full_curve,2.3
2,day,21.1115416666667,-0.1340416833805921,-0.2873863899684387,0.0193030232072544,56.930000000000014,7.94000000000001,-0.3503302030743837,0.2155114221917046,Weak Oscillatory Response,continuous_full_curve,2.3
2,day,21.34875,-0.1351332607707872,-0.2893526817612499,0.0190861602196753,56.930000000000014,7.94000000000001,-0.3503302030743837,0.2155114221917046,Weak Oscillatory Response,continuous_full_curve,2.3
2,day,21.5859583333333,-0.1362050447692095,-0.2912879760165984,0.0188778864781793,56.930000000000014,7.94000000000001,-0.3503302030743837,0.2155114221917046,Weak Oscillatory Response,continuous_full_curve,2.3
2,day,21.8231666666667,-0.1372571673318045,-0.2931922696804336,0.0186779350168245,56.930000000000014,7.94000000000001,-0.3503302030743837,0.2155114221917046,Weak Oscillatory Response,continuous_full_curve,2.3
2,day,22.060375,-0.1382897604145164,-0.2950655642838051,0.0184860434547721,56.930000000000014,7.94000000000001,-0.3503302030743837,0.2155114221917046,Weak Oscillatory Response,continuous_full_curve,2.3
2,day,22.2975833333333,-0.139302955973291,-0.2969078659743813,0.0183019540277992,56.930000000000014,7.94000000000001,-0.3503302030743837,0.2155114221917046,Weak Oscillatory Response,continuous_full_curve,2.3
2,day,22.5347916666667,-0.1402968859640737,-0.2987191855448543,0.0181254136167069,56.930000000000014,7.94000000000001,-0.3503302030743837,0.2155114221917046,Weak Oscillatory Response,continuous_full_curve,2.3
2,day,22.772,-0.1412716823428088,-0.3004995384582525,0.0179561737726348,56.930000000000014,7.94000000000001,-0.3503302030743837,0.2155114221917046,Weak Oscillatory Response,continuous_full_curve,2.3
2,day,23.0092083333333,-0.142227477065442,-0.3022489448701829,0.0177939907392988,56.930000000000014,7.94000000000001,-0.3503302030743837,0.2155114221917046,Weak Oscillatory Response,continuous_full_curve,2.3
2,day,23.2464166666667,-0.1431644020879187,-0.3039674296480117,0.0176386254721742,56.930000000000014,7.94000000000001,-0.3503302030743837,0.2155114221917046,Weak Oscillatory Response,continuous_full_curve,2.3
2,day,23.483625,-0.1440825893661834,-0.3056550223870101,0.0174898436546432,56.930000000000014,7.94000000000001,-0.3503302030743837,0.2155114221917046,Weak Oscillatory Response,continuous_full_curve,2.3
2,day,23.7208333333333,-0.1449821708561816,-0.3073117574234962,0.017347415711133,56.930000000000014,7.94000000000001,-0.3503302030743837,0.2155114221917046,Weak Oscillatory Response,continuous_full_curve,2.3
2,day,23.9580416666667,-0.1458632785138587,-0.3089376738449889,0.0172111168172714,56.930000000000014,7.94000000000001,-0.3503302030743837,0.2155114221917046,Weak Oscillatory Response,continuous_full_curve,2.3
2,day,24.19525,-0.1467260442951594,-0.3105328154974078,0.0170807269070889,56.930000000000014,7.94000000000001,-0.3503302030743837,0.2155114221917046,Weak Oscillatory Response,continuous_full_curve,2.3
2,day,24.4324583333333,-0.147570600156029,-0.312097230989357,0.016956030677299,56.930000000000014,7.94000000000001,-0.3503302030743837,0.2155114221917046,Weak Oscillatory Response,continuous_full_curve,2.3
2,day,24.6696666666667,-0.148397078052413,-0.3136309736935171,0.016836817588691,56.930000000000014,7.94000000000001,-0.3503302030743837,0.2155114221917046,Weak Oscillatory Response,continuous_full_curve,2.3
2,day,24.906875,-0.1492056099402559,-0.3151341017451826,0.0167228818646707,56.930000000000014,7.94000000000001,-0.3503302030743837,0.2155114221917046,Weak Oscillatory Response,continuous_full_curve,2.3
2,day,25.1440833333333,-0.1499963277755032,-0.3166066780379943,0.0166140224869878,56.930000000000014,7.94000000000001,-0.3503302030743837,0.2155114221917046,Weak Oscillatory Response,continuous_full_curve,2.3
2,day,25.3812916666667,-0.1507693635141004,-0.3180487702168906,0.0165100431886897,56.930000000000014,7.94000000000001,-0.3503302030743837,0.2155114221917046,Weak Oscillatory Response,continuous_full_curve,2.3
2,day,25.6185,-0.151524849111992,-0.3194604506683286,0.0164107524443445,56.930000000000014,7.94000000000001,-0.3503302030743837,0.2155114221917046,Weak Oscillatory Response,continuous_full_curve,2.3
2,day,25.8557083333333,-0.1522629165251234,-0.3208417965078224,0.0163159634575754,56.930000000000014,7.94000000000001,-0.3503302030743837,0.2155114221917046,Weak Oscillatory Response,continuous_full_curve,2.3
2,day,26.0929166666667,-0.1529836977094402,-0.3221928895648352,0.0162254941459547,56.930000000000014,7.94000000000001,-0.3503302030743837,0.2155114221917046,Weak Oscillatory Response,continuous_full_curve,2.3
2,day,26.330125,-0.1536873246208868,-0.3235138163650762,0.0161391671233024,56.930000000000014,7.94000000000001,-0.3503302030743837,0.2155114221917046,Weak Oscillatory Response,continuous_full_curve,2.3
2,day,26.5673333333333,-0.1543739292154088,-0.3248046681102582,0.0160568096794405,56.930000000000014,7.94000000000001,-0.3503302030743837,0.2155114221917046,Weak Oscillatory Response,continuous_full_curve,2.3
2,day,26.8045416666667,-0.1550436434489515,-0.3260655406553545,0.0159782537574513,56.930000000000014,7.94000000000001,-0.3503302030743837,0.2155114221917046,Weak Oscillatory Response,continuous_full_curve,2.3
2,day,27.04175,-0.1556965992774596,-0.3272965344834135,0.0159033359284943,56.930000000000014,7.94000000000001,-0.3503302030743837,0.2155114221917046,Weak Oscillatory Response,continuous_full_curve,2.3
2,day,27.2789583333333,-0.1563329286568784,-0.3284977546779895,0.0158318973642326,56.930000000000014,7.94000000000001,-0.3503302030743837,0.2155114221917046,Weak Oscillatory Response,continuous_full_curve,2.3
2,day,27.5161666666667,-0.1569527635431534,-0.3296693108932319,0.015763783806925,56.930000000000014,7.94000000000001,-0.3503302030743837,0.2155114221917046,Weak Oscillatory Response,continuous_full_curve,2.3
2,day,27.753375,-0.1575562358922293,-0.3308113173216984,0.0156988455372398,56.930000000000014,7.94000000000001,-0.3503302030743837,0.2155114221917046,Weak Oscillatory Response,continuous_full_curve,2.3
2,day,27.9905833333333,-0.1581434776600513,-0.3319238926599487,0.0156369373398459,56.930000000000014,7.94000000000001,-0.3503302030743837,0.2155114221917046,Weak Oscillatory Response,continuous_full_curve,2.3
2,day,28.2277916666667,-0.1587146208025651,-0.3330071600719702,0.01557791846684,56.930000000000014,7.94000000000001,-0.3503302030743837,0.2155114221917046,Weak Oscillatory Response,continuous_full_curve,2.3
2,day,28.465,-0.1592697972757151,-0.3340612471505015,0.0155216525990713,56.930000000000014,7.94000000000001,-0.3503302030743837,0.2155114221917046,Weak Oscillatory Response,continuous_full_curve,2.3
2,day,28.7022083333333,-0.1598091390354468,-0.3350862858763118,0.0154680078054182,56.930000000000014,7.94000000000001,-0.3503302030743837,0.2155114221917046,Weak Oscillatory Response,continuous_full_curve,2.3
2,day,28.9394166666667,-0.1603327780377055,-0.3360824125754945,0.0154168565000833,56.930000000000014,7.94000000000001,-0.3503302030743837,0.2155114221917046,Weak Oscillatory Response,continuous_full_curve,2.3
2,day,29.176625,-0.1608408462384361,-0.3370497678748377,0.0153680753979654,56.930000000000014,7.94000000000001,-0.3503302030743837,0.2155114221917046,Weak Oscillatory Response,continuous_full_curve,2.3
2,day,29.4138333333333,-0.1613334755935838,-0.3379884966553382,0.0153215454681706,56.930000000000014,7.94000000000001,-0.3503302030743837,0.2155114221917046,Weak Oscillatory Response,continuous_full_curve,2.3
2,day,29.6510416666667,-0.161810798059094,-0.3388987480039143,0.0152771518857262,56.930000000000014,7.94000000000001,-0.3503302030743837,0.2155114221917046,Weak Oscillatory Response,continuous_full_curve,2.3
2,day,29.88825,-0.1622729455909114,-0.3397806751633838,0.0152347839815609,56.930000000000014,7.94000000000001,-0.3503302030743837,0.2155114221917046,Weak Oscillatory Response,continuous_full_curve,2.3
2,day,30.1254583333333,-0.1627200501449815,-0.3406344354807756,0.0151943351908125,56.930000000000014,7.94000000000001,-0.3503302030743837,0.2155114221917046,Weak Oscillatory Response,continuous_full_curve,2.3
2,day,30.3626666666667,-0.1631522436772495,-0.3414601903540303,0.0151557029995311,56.930000000000014,7.94000000000001,-0.3503302030743837,0.2155114221917046,Weak Oscillatory Response,continuous_full_curve,2.3
2,day,30.599875,-0.1635696581436602,-0.3422581051771591,0.0151187888898386,56.930000000000014,7.94000000000001,-0.3503302030743837,0.2155114221917046,Weak Oscillatory Response,continuous_full_curve,2.3
2,day,30.8370833333333,-0.163972425500159,-0.3430283492839283,0.0150834982836102,56.930000000000014,7.94000000000001,-0.3503302030743837,0.2155114221917046,Weak Oscillatory Response,continuous_full_curve,2.3
2,day,31.0742916666667,-0.1643606777026912,-0.3437710958901269,0.0150497404847443,56.930000000000014,7.94000000000001,-0.3503302030743837,0.2155114221917046,Weak Oscillatory Response,continuous_full_curve,2.3
2,day,31.3115,-0.1647345467072016,-0.3444865220344862,0.0150174286200829,56.930000000000014,7.94000000000001,-0.3503302030743837,0.2155114221917046,Weak Oscillatory Response,continuous_full_curve,2.3
2,day,31.41,-0.164885599493713,-0.3447756152905594,0.0150044163031333,56.930000000000014,7.94000000000001,-0.3503302030743837,0.2155114221917046,Weak Oscillatory Response,continuous_full_curve,2.3
2,day,31.5487083333333,-0.1650941644696355,-0.3451748085183196,0.0149864795790485,56.930000000000014,7.94000000000001,-0.3503302030743837,0.2155114221917046,Weak Oscillatory Response,continuous_full_curve,2.3
2,day,31.7859166666667,-0.1654396629459383,-0.3458361398439389,0.0149568139520622,56.930000000000014,7.94000000000001,-0.3503302030743837,0.2155114221917046,Weak Oscillatory Response,continuous_full_curve,2.3
2,day,32.023125,-0.1657711740920547,-0.3464707041519179,0.0149283559678084,56.930000000000014,7.94000000000001,-0.3503302030743837,0.2155114221917046,Weak Oscillatory Response,continuous_full_curve,2.3
2,day,32.2603333333333,-0.1660888298639301,-0.3470786931572694,0.0149010334294091,56.930000000000014,7.94000000000001,-0.3503302030743837,0.2155114221917046,Weak Oscillatory Response,continuous_full_curve,2.3
2,day,32.4975416666667,-0.1663927622175098,-0.3476603020845913,0.0148747776495717,56.930000000000014,7.94000000000001,-0.3503302030743837,0.2155114221917046,Weak Oscillatory Response,continuous_full_curve,2.3
2,day,32.73475,-0.1666831031087386,-0.3482157296022544,0.0148495233847771,56.930000000000014,7.94000000000001,-0.3503302030743837,0.2155114221917046,Weak Oscillatory Response,continuous_full_curve,2.3
2,day,32.9719583333333,-0.1669599844935619,-0.3487451777556916,0.0148252087685677,56.930000000000014,7.94000000000001,-0.3503302030743837,0.2155114221917046,Weak Oscillatory Response,continuous_full_curve,2.3
2,day,33.2091666666667,-0.1672235383279248,-0.3492488518998516,0.0148017752440019,56.930000000000014,7.94000000000001,-0.3503302030743837,0.2155114221917046,Weak Oscillatory Response,continuous_full_curve,2.3
2,day,33.446375,-0.1674738965677724,-0.3497269606308792,0.0147791674953342,56.930000000000014,7.94000000000001,-0.3503302030743837,0.2155114221917046,Weak Oscillatory Response,continuous_full_curve,2.3
2,day,33.6835833333333,-0.1677111911690499,-0.3501797157170873,0.0147573333789873,56.930000000000014,7.94000000000001,-0.3503302030743837,0.2155114221917046,Weak Oscillatory Response,continuous_full_curve,2.3
2,day,33.9207916666667,-0.1679355540877026,-0.3506073320292792,0.0147362238538739,56.930000000000014,7.94000000000001,-0.3503302030743837,0.2155114221917046,Weak Oscillatory Response,continuous_full_curve,2.3
2,day,34.158,-0.1681471172796753,-0.3510100274704815,0.0147157929111307,56.930000000000014,7.94000000000001,-0.3503302030743837,0.2155114221917046,Weak Oscillatory Response,continuous_full_curve,2.3
2,day,34.3952083333333,-0.1683460127009134,-0.3513880229051527,0.0146959975033257,56.930000000000014,7.94000000000001,-0.3503302030743837,0.2155114221917046,Weak Oscillatory Response,continuous_full_curve,2.3
2,day,34.6324166666667,-0.1685323723073621,-0.3517415420879216,0.0146767974731972,56.930000000000014,7.94000000000001,-0.3503302030743837,0.2155114221917046,Weak Oscillatory Response,continuous_full_curve,2.3
2,day,34.869625,-0.1687063280549664,-0.3520708115919154,0.0146581554819825,56.930000000000014,7.94000000000001,-0.3503302030743837,0.2155114221917046,Weak Oscillatory Response,continuous_full_curve,2.3
2,day,35.1068333333333,-0.1688680118996715,-0.3523760607367405,0.0146400369373974,56.930000000000014,7.94000000000001,-0.3503302030743837,0.2155114221917046,Weak Oscillatory Response,continuous_full_curve,2.3
2,day,35.3440416666667,-0.1690175557974226,-0.352657521516165,0.0146224099213198,56.930000000000014,7.94000000000001,-0.3503302030743837,0.2155114221917046,Weak Oscillatory Response,continuous_full_curve,2.3
2,day,35.58125,-0.1691550917041648,-0.3529154285255668,0.0146052451172371,56.930000000000014,7.94000000000001,-0.3503302030743837,0.2155114221917046,Weak Oscillatory Response,continuous_full_curve,2.3
2,day,35.8184583333333,-0.1692807515758432,-0.3531500188891969,0.0145885157375105,56.930000000000014,7.94000000000001,-0.3503302030743837,0.2155114221917046,Weak Oscillatory Response,continuous_full_curve,2.3
2,day,36.0556666666667,-0.1693946673684031,-0.3533615321873178,0.0145721974505115,56.930000000000014,7.94000000000001,-0.3503302030743837,0.2155114221917046,Weak Oscillatory Response,continuous_full_curve,2.3
2,day,36.292875,-0.1694969710377895,-0.3535502103832636,0.0145562683076844,56.930000000000014,7.94000000000001,-0.3503302030743837,0.2155114221917046,Weak Oscillatory Response,continuous_full_curve,2.3
2,day,36.5300833333333,-0.1695877945399477,-0.3537162977504821,0.0145407086705866,56.930000000000014,7.94000000000001,-0.3503302030743837,0.2155114221917046,Weak Oscillatory Response,continuous_full_curve,2.3
2,day,36.7672916666667,-0.1696672698308227,-0.3538600407996047,0.0145255011379592,56.930000000000014,7.94000000000001,-0.3503302030743837,0.2155114221917046,Weak Oscillatory Response,continuous_full_curve,2.3
2,day,37.0045,-0.1697355288663598,-0.3539816882055962,0.0145106304728764,56.930000000000014,7.94000000000001,-0.3503302030743837,0.2155114221917046,Weak Oscillatory Response,continuous_full_curve,2.3
2,day,37.2417083333333,-0.1697927036025041,-0.3540814907350347,0.0144960835300265,56.930000000000014,7.94000000000001,-0.3503302030743837,0.2155114221917046,Weak Oscillatory Response,continuous_full_curve,2.3
2,day,37.4789166666667,-0.1698389259952007,-0.3541597011735688,0.0144818491831673,56.930000000000014,7.94000000000001,-0.3503302030743837,0.2155114221917046,Weak Oscillatory Response,continuous_full_curve,2.3
2,day,37.716125,-0.1698743280003948,-0.3542165742535996,0.0144679182528099,56.930000000000014,7.94000000000001,-0.3503302030743837,0.2155114221917046,Weak Oscillatory Response,continuous_full_curve,2.3
2,day,37.9533333333333,-0.1698990415740315,-0.354252366582233,0.0144542834341699,56.930000000000014,7.94000000000001,-0.3503302030743837,0.2155114221917046,Weak Oscillatory Response,continuous_full_curve,2.3
2,day,38.1905416666667,-0.169913198672056,-0.3542673365695488,0.0144409392254367,56.930000000000014,7.94000000000001,-0.3503302030743837,0.2155114221917046,Weak Oscillatory Response,continuous_full_curve,2.3
2,day,38.42775,-0.1699169312504135,-0.3542617443572277,0.0144278818564006,56.930000000000014,7.94000000000001,-0.3503302030743837,0.2155114221917046,Weak Oscillatory Response,continuous_full_curve,2.3
2,day,38.6649583333333,-0.1699103712650491,-0.3542358517475802,0.0144151092174819,56.930000000000014,7.94000000000001,-0.3503302030743837,0.2155114221917046,Weak Oscillatory Response,continuous_full_curve,2.3
2,day,38.9021666666667,-0.1698936506719079,-0.3541899221330191,0.0144026207892032,56.930000000000014,7.94000000000001,-0.3503302030743837,0.2155114221917046,Weak Oscillatory Response,continuous_full_curve,2.3
2,day,39.139375,-0.1698669014269352,-0.3541242204260149,0.0143904175721444,56.930000000000014,7.94000000000001,-0.3503302030743837,0.2155114221917046,Weak Oscillatory Response,continuous_full_curve,2.3
2,day,39.3765833333333,-0.1698302554860759,-0.3540390129895717,0.0143785020174198,56.930000000000014,7.94000000000001,-0.3503302030743837,0.2155114221917046,Weak Oscillatory Response,continuous_full_curve,2.3
2,day,39.6137916666667,-0.1697838448052754,-0.3539345675682656,0.0143668779577146,56.930000000000014,7.94000000000001,-0.3503302030743837,0.2155114221917046,Weak Oscillatory Response,continuous_full_curve,2.3
2,day,39.851,-0.1697278013404788,-0.3538111532198751,0.0143555505389174,56.930000000000014,7.94000000000001,-0.3503302030743837,0.2155114221917046,Weak Oscillatory Response,continuous_full_curve,2.3
2,day,40.0882083333333,-0.1696622570476312,-0.3536690402476461,0.0143445261523837,56.930000000000014,7.94000000000001,-0.3503302030743837,0.2155114221917046,Weak Oscillatory Response,continuous_full_curve,2.3
2,day,40.3254166666667,-0.1695873438826777,-0.3535085001332203,0.0143338123678648,56.930000000000014,7.94000000000001,-0.3503302030743837,0.2155114221917046,Weak Oscillatory Response,continuous_full_curve,2.3
2,day,40.562625,-0.1695031938015636,-0.3533298054702608,0.0143234178671336,56.930000000000014,7.94000000000001,-0.3503302030743837,0.2155114221917046,Weak Oscillatory Response,continuous_full_curve,2.3
2,day,40.7998333333333,-0.1694099387602339,-0.3531332298988092,0.0143133523783413,56.930000000000014,7.94000000000001,-0.3503302030743837,0.2155114221917046,Weak Oscillatory Response,continuous_full_curve,2.3
2,day,41.0370416666667,-0.1693077107146338,-0.3529190480403987,0.014303626611131,56.930000000000014,7.94000000000001,-0.3503302030743837,0.2155114221917046,Weak Oscillatory Response,continuous_full_curve,2.3
2,day,41.27425,-0.1691966416207086,-0.3526875354339602,0.0142942521925429,56.930000000000014,7.94000000000001,-0.3503302030743837,0.2155114221917046,Weak Oscillatory Response,continuous_full_curve,2.3
2,day,41.5114583333333,-0.1690768634344032,-0.3524389684725399,0.0142852416037333,56.930000000000014,7.94000000000001,-0.3503302030743837,0.2155114221917046,Weak Oscillatory Response,continuous_full_curve,2.3
2,day,41.7486666666667,-0.168948508111663,-0.3521736243408642,0.0142766081175381,56.930000000000014,7.94000000000001,-0.3503302030743837,0.2155114221917046,Weak Oscillatory Response,continuous_full_curve,2.3
2,day,41.985875,-0.168811707608433,-0.3518917809537694,0.0142683657369034,56.930000000000014,7.94000000000001,-0.3503302030743837,0.2155114221917046,Weak Oscillatory Response,continuous_full_curve,2.3
2,day,42.2230833333333,-0.1686665938806583,-0.3515937168955263,0.0142605291342095,56.930000000000014,7.94000000000001,-0.3503302030743837,0.2155114221917046,Weak Oscillatory Response,continuous_full_curve,2.3
2,day,42.4602916666667,-0.1685132988842842,-0.3512797113600786,0.0142531135915101,56.930000000000014,7.94000000000001,-0.3503302030743837,0.2155114221917046,Weak Oscillatory Response,continuous_full_curve,2.3
2,day,42.6975,-0.1683519545752558,-0.3509500440922198,0.0142461349417081,56.930000000000014,7.94000000000001,-0.3503302030743837,0.2155114221917046,Weak Oscillatory Response,continuous_full_curve,2.3
2,day,42.9347083333333,-0.1681826929095183,-0.350604995329727,0.0142396095106903,56.930000000000014,7.94000000000001,-0.3503302030743837,0.2155114221917046,Weak Oscillatory Response,continuous_full_curve,2.3
2,day,43.1719166666667,-0.1680056458430167,-0.3502448457464716,0.0142335540604381,56.930000000000014,7.94000000000001,-0.3503302030743837,0.2155114221917046,Weak Oscillatory Response,continuous_full_curve,2.3
2,day,43.409125,-0.1678209453316963,-0.3498698763965282,0.0142279857331355,56.930000000000014,7.94000000000001,-0.3503302030743837,0.2155114221917046,Weak Oscillatory Response,continuous_full_curve,2.3
2,day,43.6463333333333,-0.1676287233315022,-0.349480368659293,0.0142229219962884,56.930000000000014,7.94000000000001,-0.3503302030743837,0.2155114221917046,Weak Oscillatory Response,continuous_full_curve,2.3
2,day,43.8835416666667,-0.1674291117983795,-0.3490766041856323,0.0142183805888731,56.930000000000014,7.94000000000001,-0.3503302030743837,0.2155114221917046,Weak Oscillatory Response,continuous_full_curve,2.3
2,day,44.12075,-0.1672222426882735,-0.348658864845077,0.0142143794685298,56.930000000000014,7.94000000000001,-0.3503302030743837,0.2155114221917046,Weak Oscillatory Response,continuous_full_curve,2.3
2,day,44.3579583333333,-0.1670082479571293,-0.3482274326740709,0.0142109367598122,56.930000000000014,7.94000000000001,-0.3503302030743837,0.2155114221917046,Weak Oscillatory Response,continuous_full_curve,2.3
2,day,44.5951666666667,-0.1667872595608918,-0.3477825898252925,0.0142080707035087,56.930000000000014,7.94000000000001,-0.3503302030743837,0.2155114221917046,Weak Oscillatory Response,continuous_full_curve,2.3
2,day,44.832375,-0.1665594094555066,-0.3473246185180589,0.0142057996070456,56.930000000000014,7.94000000000001,-0.3503302030743837,0.2155114221917046,Weak Oscillatory Response,continuous_full_curve,2.3
2,day,45.0695833333333,-0.1663248295969185,-0.3468538009898204,0.0142041417959832,56.930000000000014,7.94000000000001,-0.3503302030743837,0.2155114221917046,Weak Oscillatory Response,continuous_full_curve,2.3
2,day,45.3067916666667,-0.1660836519410728,-0.3463704194487611,0.0142031155666154,56.930000000000014,7.94000000000001,-0.3503302030743837,0.2155114221917046,Weak Oscillatory Response,continuous_full_curve,2.3
2,day,45.544,-0.1658360084439146,-0.345874756027509,0.0142027391396797,56.930000000000014,7.94000000000001,-0.3503302030743837,0.2155114221917046,Weak Oscillatory Response,continuous_full_curve,2.3
2,day,45.7812083333334,-0.165582031061389,-0.3453670927379652,0.0142030306151869,56.930000000000014,7.94000000000001,-0.3503302030743837,0.2155114221917046,Weak Oscillatory Response,continuous_full_curve,2.3
2,day,46.0184166666667,-0.1653218517494414,-0.3448477114272607,0.0142040079283777,56.930000000000014,7.94000000000001,-0.3503302030743837,0.2155114221917046,Weak Oscillatory Response,continuous_full_curve,2.3
2,day,46.255625,-0.1650556024640168,-0.3443168937348435,0.0142056888068098,56.930000000000014,7.94000000000001,-0.3503302030743837,0.2155114221917046,Weak Oscillatory Response,continuous_full_curve,2.3
2,day,46.4928333333334,-0.1647834151610601,-0.3437749210507037,0.0142080907285833,56.930000000000014,7.94000000000001,-0.3503302030743837,0.2155114221917046,Weak Oscillatory Response,continuous_full_curve,2.3
2,day,46.7300416666667,-0.1645054217965169,-0.3432220744747399,0.014211230881706,56.930000000000014,7.94000000000001,-0.3503302030743837,0.2155114221917046,Weak Oscillatory Response,continuous_full_curve,2.3
2,day,46.96725,-0.1642217543263321,-0.342658634777268,0.0142151261246037,56.930000000000014,7.94000000000001,-0.3503302030743837,0.2155114221917046,Weak Oscillatory Response,continuous_full_curve,2.3
2,day,47.2044583333334,-0.1639325447064508,-0.3420848823606784,0.0142197929477768,56.930000000000014,7.94000000000001,-0.3503302030743837,0.2155114221917046,Weak Oscillatory Response,continuous_full_curve,2.3
2,day,47.4416666666667,-0.1636379248928183,-0.3415010972222416,0.0142252474366049,56.930000000000014,7.94000000000001,-0.3503302030743837,0.2155114221917046,Weak Oscillatory Response,continuous_full_curve,2.3
2,day,47.678875,-0.1633380268413797,-0.3409075589180605,0.0142315052353009,56.930000000000014,7.94000000000001,-0.3503302030743837,0.2155114221917046,Weak Oscillatory Response,continuous_full_curve,2.3
2,day,47.9160833333333,-0.1630329825080802,-0.3403045465281742,0.0142385815120136,56.930000000000014,7.94000000000001,-0.3503302030743837,0.2155114221917046,Weak Oscillatory Response,continuous_full_curve,2.3
2,day,48.1532916666667,-0.1627229238488648,-0.3396923386228081,0.0142464909250784,56.930000000000014,7.94000000000001,-0.3503302030743837,0.2155114221917046,Weak Oscillatory Response,continuous_full_curve,2.3
2,day,48.3905,-0.1624079828196789,-0.3390712132297732,0.0142552475904153,56.930000000000014,7.94000000000001,-0.3503302030743837,0.2155114221917046,Weak Oscillatory Response,continuous_full_curve,2.3
2,day,48.4850000000001,-0.1622811847748766,-0.3388213446904056,0.0142589751406523,56.930000000000014,7.94000000000001,-0.3503302030743837,0.2155114221917046,Weak Oscillatory Response,continuous_full_curve,2.3
2,day,48.6277083333334,-0.1620882913764672,-0.3384414478030055,0.0142648650500709,56.930000000000014,7.94000000000001,-0.3503302030743837,0.2155114221917046,Weak Oscillatory Response,continuous_full_curve,2.3
2,day,48.8649166666667,-0.1617639814751755,-0.3378033191922536,0.0142753562419025,56.930000000000014,7.94000000000001,-0.3503302030743837,0.2155114221917046,Weak Oscillatory Response,continuous_full_curve,2.3
2,day,49.102125,-0.1614351850717485,-0.3371571036138969,0.0142867334703998,56.930000000000014,7.94000000000001,-0.3503302030743837,0.2155114221917046,Weak Oscillatory Response,continuous_full_curve,2.3
2,day,49.3393333333334,-0.1611020341221313,-0.3365030766229044,0.0142990083786417,56.930000000000014,7.94000000000001,-0.3503302030743837,0.2155114221917046,Weak Oscillatory Response,continuous_full_curve,2.3
2,day,49.5765416666667,-0.1607646605822695,-0.3358415130859202,0.0143121919213812,56.930000000000014,7.94000000000001,-0.3503302030743837,0.2155114221917046,Weak Oscillatory Response,continuous_full_curve,2.3
2,day,49.81375,-0.1604231964081078,-0.3351726871554717,0.0143262943392559,56.930000000000014,7.94000000000001,-0.3503302030743837,0.2155114221917046,Weak Oscillatory Response,continuous_full_curve,2.3
2,day,50.0509583333334,-0.1600777735555915,-0.3344968722452978,0.0143413251341147,56.930000000000014,7.94000000000001,-0.3503302030743837,0.2155114221917046,Weak Oscillatory Response,continuous_full_curve,2.3
2,day,50.2881666666667,-0.1597285239806659,-0.3338143410067899,0.014357293045458,56.930000000000014,7.94000000000001,-0.3503302030743837,0.2155114221917046,Weak Oscillatory Response,continuous_full_curve,2.3
2,day,50.525375,-0.159375579639276,-0.3331253653065343,0.0143742060279822,56.930000000000014,7.94000000000001,-0.3503302030743837,0.2155114221917046,Weak Oscillatory Response,continuous_full_curve,2.3
2,day,50.7625833333334,-0.1590190724873668,-0.3324302162049549,0.0143920712302211,56.930000000000014,7.94000000000001,-0.3503302030743837,0.2155114221917046,Weak Oscillatory Response,continuous_full_curve,2.3
2,day,50.9997916666667,-0.1586591344808839,-0.3317291639360457,0.0144108949742778,56.930000000000014,7.94000000000001,-0.3503302030743837,0.2155114221917046,Weak Oscillatory Response,continuous_full_curve,2.3
2,day,51.237,-0.1582958975757721,-0.3310224778881815,0.0144306827366373,56.930000000000014,7.94000000000001,-0.3503302030743837,0.2155114221917046,Weak Oscillatory Response,continuous_full_curve,2.3
2,day,51.4742083333334,-0.1579294937279765,-0.330310426586005,0.014451439130052,56.930000000000014,7.94000000000001,-0.3503302030743837,0.2155114221917046,Weak Oscillatory Response,continuous_full_curve,2.3
2,day,51.7114166666667,-0.1575600548934425,-0.3295932776733761,0.014473167886491,56.930000000000014,7.94000000000001,-0.3503302030743837,0.2155114221917046,Weak Oscillatory Response,continuous_full_curve,2.3
2,day,51.948625,-0.1571877130281152,-0.3288712978973731,0.0144958718411426,56.930000000000014,7.94000000000001,-0.3503302030743837,0.2155114221917046,Weak Oscillatory Response,continuous_full_curve,2.3
2,day,52.1858333333334,-0.1568126000879395,-0.3281447530933414,0.0145195529174622,56.930000000000014,7.94000000000001,-0.3503302030743837,0.2155114221917046,Weak Oscillatory Response,continuous_full_curve,2.3
2,day,52.4230416666667,-0.1564348480288609,-0.3274139081709754,0.0145442121132534,56.930000000000014,7.94000000000001,-0.3503302030743837,0.2155114221917046,Weak Oscillatory Response,continuous_full_curve,2.3
2,day,52.66025,-0.1560545888068245,-0.3266790271014222,0.0145698494877731,56.930000000000014,7.94000000000001,-0.3503302030743837,0.2155114221917046,Weak Oscillatory Response,continuous_full_curve,2.3
2,day,52.8974583333334,-0.1556719543777751,-0.3259403729054004,0.0145964641498501,56.930000000000014,7.94000000000001,-0.3503302030743837,0.2155114221917046,Weak Oscillatory Response,continuous_full_curve,2.3
2,day,53.1346666666667,-0.1552870766976583,-0.3251982076423214,0.0146240542470047,56.930000000000014,7.94000000000001,-0.3503302030743837,0.2155114221917046,Weak Oscillatory Response,continuous_full_curve,2.3
2,day,53.371875,-0.1549000877224191,-0.3244527924003983,0.0146526169555601,56.930000000000014,7.94000000000001,-0.3503302030743837,0.2155114221917046,Weak Oscillatory Response,continuous_full_curve,2.3
2,day,53.6090833333333,-0.1545111194080025,-0.3237043872877376,0.0146821484717325,56.930000000000014,7.94000000000001,-0.3503302030743837,0.2155114221917046,Weak Oscillatory Response,continuous_full_curve,2.3
2,day,53.8462916666667,-0.1541203037103537,-0.3229532514243964,0.0147126440036889,56.930000000000014,7.94000000000001,-0.3503302030743837,0.2155114221917046,Weak Oscillatory Response,continuous_full_curve,2.3
2,day,54.0835,-0.1537277725854181,-0.3221996429353985,0.0147440977645623,56.930000000000014,7.94000000000001,-0.3503302030743837,0.2155114221917046,Weak Oscillatory Response,continuous_full_curve,2.3
2,day,54.3207083333333,-0.1533336579891406,-0.3214438189446896,0.0147765029664085,56.930000000000014,7.94000000000001,-0.3503302030743837,0.2155114221917046,Weak Oscillatory Response,continuous_full_curve,2.3
2,day,54.5579166666667,-0.1529380918774662,-0.3206860355700295,0.014809851815097,56.930000000000014,7.94000000000001,-0.3503302030743837,0.2155114221917046,Weak Oscillatory Response,continuous_full_curve,2.3
2,day,54.795125,-0.1525412062063405,-0.3199265479188018,0.0148441355061207,56.930000000000014,7.94000000000001,-0.3503302030743837,0.2155114221917046,Weak Oscillatory Response,continuous_full_curve,2.3
2,day,55.0323333333334,-0.1521431329317083,-0.31916561008473,0.0148793442213133,56.930000000000014,7.94000000000001,-0.3503302030743837,0.2155114221917046,Weak Oscillatory Response,continuous_full_curve,2.3
2,day,55.2695416666667,-0.151744004009515,-0.3184034751454917,0.0149154671264616,56.930000000000014,7.94000000000001,-0.3503302030743837,0.2155114221917046,Weak Oscillatory Response,continuous_full_curve,2.3
2,day,55.50675,-0.1513439513957056,-0.3176403951612119,0.0149524923698005,56.930000000000014,7.94000000000001,-0.3503302030743837,0.2155114221917046,Weak Oscillatory Response,continuous_full_curve,2.3
2,day,55.7439583333334,-0.1509431070462252,-0.3168766211738296,0.0149904070813791,56.930000000000014,7.94000000000001,-0.3503302030743837,0.2155114221917046,Weak Oscillatory Response,continuous_full_curve,2.3
2,day,55.9811666666667,-0.1505416029170192,-0.3161124032073215,0.0150291973732829,56.930000000000014,7.94000000000001,-0.3503302030743837,0.2155114221917046,Weak Oscillatory Response,continuous_full_curve,2.3
2,day,56.218375,-0.1501395709640325,-0.3153479902687683,0.0150688483407032,56.930000000000014,7.94000000000001,-0.3503302030743837,0.2155114221917046,Weak Oscillatory Response,continuous_full_curve,2.3
2,day,56.4555833333334,-0.1497371431432103,-0.3145836303502578,0.0151093440638372,56.930000000000014,7.94000000000001,-0.3503302030743837,0.2155114221917046,Weak Oscillatory Response,continuous_full_curve,2.3
2,day,56.6927916666667,-0.1493344514104979,-0.3138195704316057,0.0151506676106099,56.930000000000014,7.94000000000001,-0.3503302030743837,0.2155114221917046,Weak Oscillatory Response,continuous_full_curve,2.3
2,day,56.93,-0.1489316277218403,-0.3130560564838847,0.0151928010402039,56.930000000000014,7.94000000000001,-0.3503302030743837,0.2155114221917046,Weak Oscillatory Response,continuous_full_curve,2.3
2,night,0.0,0.0,0.0,0.0,64.73799999999997,6.72,-0.4950243331437685,1.2858846533561326,Weak Oscillatory Response,continuous_full_curve,1.55
2,night,0.269741666666667,0.0021424771954997,-0.0156691900399331,0.0199541444309326,64.73799999999997,6.72,-0.4950243331437685,1.2858846533561326,Weak Oscillatory Response,continuous_full_curve,1.55
2,night,0.539483333333333,0.004273667204134,-0.0153542497374434,0.0239015841457115,64.73799999999997,6.72,-0.4950243331437685,1.2858846533561326,Weak Oscillatory Response,continuous_full_curve,1.55
2,night,0.809225,0.0063822828390372,-0.0152376238046661,0.0280021894827407,64.73799999999997,6.72,-0.4950243331437685,1.2858846533561326,Weak Oscillatory Response,continuous_full_curve,1.55
2,night,1.07896666666667,0.008457036913344,-0.015341396154547,0.0322554699812351,64.73799999999997,6.72,-0.4950243331437685,1.2858846533561326,Weak Oscillatory Response,continuous_full_curve,1.55
2,night,1.315,0.010235866305616,-0.0156298192656748,0.0361015518769069,64.73799999999997,6.72,-0.4950243331437685,1.2858846533561326,Weak Oscillatory Response,continuous_full_curve,1.55
2,night,1.34870833333333,0.0104866422401886,-0.0156869203617353,0.0366602048421127,64.73799999999997,6.72,-0.4950243331437685,1.2858846533561326,Weak Oscillatory Response,continuous_full_curve,1.55
2,night,1.61845,0.0124598116327058,-0.0162944505231971,0.0412140737886089,64.73799999999997,6.72,-0.4950243331437685,1.2858846533561326,Weak Oscillatory Response,continuous_full_curve,1.55
2,night,1.88819166666667,0.01436525790403,-0.01718271853231,0.0459132343403701,64.73799999999997,6.72,-0.4950243331437685,1.2858846533561326,Weak Oscillatory Response,continuous_full_curve,1.55
2,night,2.15793333333333,0.0161916938672955,-0.0183684595756459,0.050751847310237,64.73799999999997,6.72,-0.4950243331437685,1.2858846533561326,Weak Oscillatory Response,continuous_full_curve,1.55
2,night,2.427675,0.0179278323356371,-0.0198658904089554,0.0557215550802296,64.73799999999997,6.72,-0.4950243331437685,1.2858846533561326,Weak Oscillatory Response,continuous_full_curve,1.55
2,night,2.69741666666667,0.0195623861221891,-0.0216861482542376,0.0608109204986159,64.73799999999997,6.72,-0.4950243331437685,1.2858846533561326,Weak Oscillatory Response,continuous_full_curve,1.55
2,night,2.96715833333333,0.021084068040086,-0.0238367019434899,0.0660048380236619,64.73799999999997,6.72,-0.4950243331437685,1.2858846533561326,Weak Oscillatory Response,continuous_full_curve,1.55
2,night,3.2369,0.0224815909024623,-0.0263207511296248,0.0712839329345495,64.73799999999997,6.72,-0.4950243331437685,1.2858846533561326,Weak Oscillatory Response,continuous_full_curve,1.55
2,night,3.50664166666667,0.0237436675224526,-0.0291366338478759,0.0766239688927813,64.73799999999997,6.72,-0.4950243331437685,1.2858846533561326,Weak Oscillatory Response,continuous_full_curve,1.55
2,night,3.575,0.024040646478896,-0.0299022247569413,0.0779835177147334,64.73799999999997,6.72,-0.4950243331437685,1.2858846533561326,Weak Oscillatory Response,continuous_full_curve,1.55
2,night,3.77638333333333,0.0248600790744671,-0.0322772766076962,0.0819974347566305,64.73799999999997,6.72,-0.4950243331437685,1.2858846533561326,Weak Oscillatory Response,continuous_full_curve,1.55
2,night,4.046125,0.0258300123402419,-0.0357308371781723,0.0873908618586562,64.73799999999997,6.72,-0.4950243331437685,1.2858846533561326,Weak Oscillatory Response,continuous_full_curve,1.55
2,night,4.31586666666666,0.0266575426816319,-0.0394833571197555,0.0927984424830194,64.73799999999997,6.72,-0.4950243331437685,1.2858846533561326,Weak Oscillatory Response,continuous_full_curve,1.55
2,night,4.58560833333333,0.0273467872456416,-0.0435195061505196,0.098213080641803,64.73799999999997,6.72,-0.4950243331437685,1.2858846533561326,Weak Oscillatory Response,continuous_full_curve,1.55
2,night,4.85535,0.0279018631792752,-0.0478226619036787,0.1036263882622292,64.73799999999997,6.72,-0.4950243331437685,1.2858846533561326,Weak Oscillatory Response,continuous_full_curve,1.55
2,night,5.12509166666666,0.0283268876295371,-0.0523750044026583,0.1090287796617327,64.73799999999997,6.72,-0.4950243331437685,1.2858846533561326,Weak Oscillatory Response,continuous_full_curve,1.55
2,night,5.39483333333333,0.028625977743432,-0.0571576266574437,0.1144095821443077,64.73799999999997,6.72,-0.4950243331437685,1.2858846533561326,Weak Oscillatory Response,continuous_full_curve,1.55
2,night,5.664575,0.0288032506679637,-0.062150659719866,0.1197571610557936,64.73799999999997,6.72,-0.4950243331437685,1.2858846533561326,Weak Oscillatory Response,continuous_full_curve,1.55
2,night,5.93431666666666,0.0288628235501371,-0.0673334102830714,0.1250590573833458,64.73799999999997,6.72,-0.4950243331437685,1.2858846533561326,Weak Oscillatory Response,continuous_full_curve,1.55
2,night,6.20405833333333,0.0288088135369563,-0.0726845087033397,0.1303021357772523,64.73799999999997,6.72,-0.4950243331437685,1.2858846533561326,Weak Oscillatory Response,continuous_full_curve,1.55
2,night,6.4738,0.0286453377754256,-0.0781820651646276,0.135472740715479,64.73799999999997,6.72,-0.4950243331437685,1.2858846533561326,Weak Oscillatory Response,continuous_full_curve,1.55
2,night,6.72,0.0284040663983221,-0.0833088147593827,0.1401169475560271,64.73799999999997,6.72,-0.4950243331437685,1.2858846533561326,Weak Oscillatory Response,continuous_full_curve,1.55
2,night,6.74354166666666,0.0283765134125496,-0.0838038316001481,0.1405568584252474,64.73799999999997,6.72,-0.4950243331437685,1.2858846533561326,Weak Oscillatory Response,continuous_full_curve,1.55
2,night,7.01328333333333,0.0280064575953324,-0.0895273669318582,0.1455402821225232,64.73799999999997,6.72,-0.4950243331437685,1.2858846533561326,Weak Oscillatory Response,continuous_full_curve,1.55
2,night,7.283025,0.0275392874707787,-0.0953302031873883,0.1504087781289459,64.73799999999997,6.72,-0.4950243331437685,1.2858846533561326,Weak Oscillatory Response,continuous_full_curve,1.55
2,night,7.55276666666666,0.0269791201858927,-0.1011900101027841,0.1551482504745697,64.73799999999997,6.72,-0.4950243331437685,1.2858846533561326,Weak Oscillatory Response,continuous_full_curve,1.55
2,night,7.82250833333333,0.0263300728876786,-0.1070847559152254,0.1597449016905827,64.73799999999997,6.72,-0.4950243331437685,1.2858846533561326,Weak Oscillatory Response,continuous_full_curve,1.55
2,night,8.09225,0.0255962627231411,-0.1129928621884241,0.1641853876347065,64.73799999999997,6.72,-0.4950243331437685,1.2858846533561326,Weak Oscillatory Response,continuous_full_curve,1.55
2,night,8.36199166666666,0.0247818068392845,-0.1188933506894714,0.1684569643680405,64.73799999999997,6.72,-0.4950243331437685,1.2858846533561326,Weak Oscillatory Response,continuous_full_curve,1.55
2,night,8.63173333333333,0.023890822383113,-0.1247659805436557,0.1725476253098818,64.73799999999997,6.72,-0.4950243331437685,1.2858846533561326,Weak Oscillatory Response,continuous_full_curve,1.55
2,night,8.901475,0.022927426501631,-0.1305913741268718,0.1764462271301339,64.73799999999997,6.72,-0.4950243331437685,1.2858846533561326,Weak Oscillatory Response,continuous_full_curve,1.55
2,night,9.17121666666666,0.021895736341843,-0.136351130407077,0.1801426030907631,64.73799999999997,6.72,-0.4950243331437685,1.2858846533561326,Weak Oscillatory Response,continuous_full_curve,1.55
2,night,9.17333333333336,0.0218873814950716,-0.1363960211540097,0.180170784144153,64.73799999999997,6.72,-0.4950243331437685,1.2858846533561326,Weak Oscillatory Response,continuous_full_curve,1.55
2,night,9.44095833333333,0.0207998690507532,-0.1420279247101531,0.1836276628116596,64.73799999999997,6.72,-0.4950243331437685,1.2858846533561326,Weak Oscillatory Response,continuous_full_curve,1.55
2,night,9.7107,0.0196439417753662,-0.147605594154976,0.1868934777057086,64.73799999999997,6.72,-0.4950243331437685,1.2858846533561326,Weak Oscillatory Response,continuous_full_curve,1.55
2,night,9.98044166666666,0.0184320716626862,-0.1530692082712908,0.1899333515966633,64.73799999999997,6.72,-0.4950243331437685,1.2858846533561326,Weak Oscillatory Response,continuous_full_curve,1.55
2,night,10.2501833333333,0.0171683758597178,-0.158405124576305,0.1927418762957407,64.73799999999997,6.72,-0.4950243331437685,1.2858846533561326,Weak Oscillatory Response,continuous_full_curve,1.55
2,night,10.519925,0.0158569715134648,-0.1636010291366731,0.1953149721636028,64.73799999999997,6.72,-0.4950243331437685,1.2858846533561326,Weak Oscillatory Response,continuous_full_curve,1.55
2,night,10.7896666666667,0.0145019757709319,-0.1686459623771364,0.1976499139190003,64.73799999999997,6.72,-0.4950243331437685,1.2858846533561326,Weak Oscillatory Response,continuous_full_curve,1.55
2,night,11.0594083333333,0.0131075057791241,-0.1735303306118621,0.1997453421701105,64.73799999999997,6.72,-0.4950243331437685,1.2858846533561326,Weak Oscillatory Response,continuous_full_curve,1.55
2,night,11.32915,0.0116776786850448,-0.1782459039664081,0.2016012613364977,64.73799999999997,6.72,-0.4950243331437685,1.2858846533561326,Weak Oscillatory Response,continuous_full_curve,1.55
2,night,11.5988916666667,0.0102166116356987,-0.1827858015250791,0.2032190247964766,64.73799999999997,6.72,-0.4950243331437685,1.2858846533561326,Weak Oscillatory Response,continuous_full_curve,1.55
2,night,11.8686333333333,0.0087284217780907,-0.1871444646789135,0.204601308235095,64.73799999999997,6.72,-0.4950243331437685,1.2858846533561326,Weak Oscillatory Response,continuous_full_curve,1.55
2,night,12.138375,0.0072172262592242,-0.1913176197627684,0.2057520722812169,64.73799999999997,6.72,-0.4950243331437685,1.2858846533561326,Weak Oscillatory Response,continuous_full_curve,1.55
2,night,12.4081166666667,0.0056871422261041,-0.1953022311561738,0.206676515608382,64.73799999999997,6.72,-0.4950243331437685,1.2858846533561326,Weak Oscillatory Response,continuous_full_curve,1.55
2,night,12.6778583333333,0.0041422868257354,-0.199096446082391,0.2073810197338619,64.73799999999997,6.72,-0.4950243331437685,1.2858846533561326,Weak Oscillatory Response,continuous_full_curve,1.55
2,night,12.9476,0.0025867772051212,-0.2026995323745195,0.207873086784762,64.73799999999997,6.72,-0.4950243331437685,1.2858846533561326,Weak Oscillatory Response,continuous_full_curve,1.55
2,night,13.2173416666667,0.0010247305112664,-0.2061118104883226,0.2081612715108555,64.73799999999997,6.72,-0.4950243331437685,1.2858846533561326,Weak Oscillatory Response,continuous_full_curve,1.55
2,night,13.4870833333333,-0.0005397361088238,-0.2093345810306872,0.2082551088130396,64.73799999999997,6.72,-0.4950243331437685,1.2858846533561326,Weak Oscillatory Response,continuous_full_curve,1.55
2,night,13.756825,-0.0021025055081463,-0.2123700490424822,0.2081650380261896,64.73799999999997,6.72,-0.4950243331437685,1.2858846533561326,Weak Oscillatory Response,continuous_full_curve,1.55
2,night,14.0265666666667,-0.0036594605396964,-0.215221246227664,0.2079023251482711,64.73799999999997,6.72,-0.4950243331437685,1.2858846533561326,Weak Oscillatory Response,continuous_full_curve,1.55
2,night,14.2963083333333,-0.0052064840564688,-0.2178919522593765,0.2074789841464388,64.73799999999997,6.72,-0.4950243331437685,1.2858846533561326,Weak Oscillatory Response,continuous_full_curve,1.55
2,night,14.56605,-0.0067394589114604,-0.2203866162210767,0.2069076983981557,64.73799999999997,6.72,-0.4950243331437685,1.2858846533561326,Weak Oscillatory Response,continuous_full_curve,1.55
2,night,14.8357916666667,-0.0082542679576663,-0.2227102791591216,0.2062017432437889,64.73799999999997,6.72,-0.4950243331437685,1.2858846533561326,Weak Oscillatory Response,continuous_full_curve,1.55
2,night,15.1055333333333,-0.0097467940480816,-0.2248684986352953,0.205374910539132,64.73799999999997,6.72,-0.4950243331437685,1.2858846533561326,Weak Oscillatory Response,continuous_full_curve,1.55
2,night,15.375275,-0.011212920035703,-0.2268672760757907,0.2044414360043847,64.73799999999997,6.72,-0.4950243331437685,1.2858846533561326,Weak Oscillatory Response,continuous_full_curve,1.55
2,night,15.6450166666667,-0.0126485287735255,-0.2287129876195037,0.2034159300724525,64.73799999999997,6.72,-0.4950243331437685,1.2858846533561326,Weak Oscillatory Response,continuous_full_curve,1.55
2,night,15.9147583333333,-0.0140495031145443,-0.2304123190751965,0.2023133128461078,64.73799999999997,6.72,-0.4950243331437685,1.2858846533561326,Weak Oscillatory Response,continuous_full_curve,1.55
2,night,16.1845,-0.015411725911756,-0.2319722055058992,0.2011487536823872,64.73799999999997,6.72,-0.4950243331437685,1.2858846533561326,Weak Oscillatory Response,continuous_full_curve,1.55
2,night,16.4542416666667,-0.0167310800181557,-0.2333997758715242,0.1999376158352126,64.73799999999997,6.72,-0.4950243331437685,1.2858846533561326,Weak Oscillatory Response,continuous_full_curve,1.55
2,night,16.7239833333333,-0.0180034482867387,-0.23470230307841,0.1986954065049325,64.73799999999997,6.72,-0.4950243331437685,1.2858846533561326,Weak Oscillatory Response,continuous_full_curve,1.55
2,night,16.993725,-0.0192247135705014,-0.2358871597085157,0.1974377325675129,64.73799999999997,6.72,-0.4950243331437685,1.2858846533561326,Weak Oscillatory Response,continuous_full_curve,1.55
2,night,17.2634666666667,-0.0203907587224391,-0.2369617796321777,0.1961802621872995,64.73799999999997,6.72,-0.4950243331437685,1.2858846533561326,Weak Oscillatory Response,continuous_full_curve,1.55
2,night,17.5332083333333,-0.0214974665955468,-0.2379336256474987,0.1949386924564049,64.73799999999997,6.72,-0.4950243331437685,1.2858846533561326,Weak Oscillatory Response,continuous_full_curve,1.55
2,night,17.80295,-0.0225407200428212,-0.2388101632369911,0.1937287231513487,64.73799999999997,6.72,-0.4950243331437685,1.2858846533561326,Weak Oscillatory Response,continuous_full_curve,1.55
2,night,18.0726916666667,-0.0235164019172574,-0.2395988404885201,0.1925660366540053,64.73799999999997,6.72,-0.4950243331437685,1.2858846533561326,Weak Oscillatory Response,continuous_full_curve,1.55
2,night,18.3424333333333,-0.0244203950718507,-0.240307074193056,0.1914662840493546,64.73799999999997,6.72,-0.4950243331437685,1.2858846533561326,Weak Oscillatory Response,continuous_full_curve,1.55
2,night,18.612175,-0.0252485823595974,-0.2409422421063937,0.1904450773871989,64.73799999999997,6.72,-0.4950243331437685,1.2858846533561326,Weak Oscillatory Response,continuous_full_curve,1.55
2,night,18.8819166666667,-0.0259968466334928,-0.2415116813458366,0.189517988078851,64.73799999999997,6.72,-0.4950243331437685,1.2858846533561326,Weak Oscillatory Response,continuous_full_curve,1.55
2,night,19.1516583333333,-0.0266610707465322,-0.2420226928858949,0.1887005513928303,64.73799999999997,6.72,-0.4950243331437685,1.2858846533561326,Weak Oscillatory Response,continuous_full_curve,1.55
2,night,19.4214,-0.0272371375517119,-0.242482552119175,0.1880082770157511,64.73799999999997,6.72,-0.4950243331437685,1.2858846533561326,Weak Oscillatory Response,continuous_full_curve,1.55
2,night,19.6911416666667,-0.0277209299020272,-0.2428985254598332,0.1874566656557788,64.73799999999997,6.72,-0.4950243331437685,1.2858846533561326,Weak Oscillatory Response,continuous_full_curve,1.55
2,night,19.9608833333333,-0.0281083306504734,-0.2432778929871493,0.1870612316862023,64.73799999999997,6.72,-0.4950243331437685,1.2858846533561326,Weak Oscillatory Response,continuous_full_curve,1.55
2,night,20.18,-0.0283492300552419,-0.2435641663211294,0.1868657062106455,64.73799999999997,6.72,-0.4950243331437685,1.2858846533561326,Weak Oscillatory Response,continuous_full_curve,1.55
2,night,20.230625,-0.0283952278789826,-0.2436279692359323,0.186837513477967,64.73799999999997,6.72,-0.4950243331437685,1.2858846533561326,Weak Oscillatory Response,continuous_full_curve,1.55
2,night,20.5003666666667,-0.0285788138888901,-0.2439541682892931,0.1867965405115128,64.73799999999997,6.72,-0.4950243331437685,1.2858846533561326,Weak Oscillatory Response,continuous_full_curve,1.55
2,night,20.7701083333333,-0.0286592933992687,-0.2442574323474726,0.1869388455489351,64.73799999999997,6.72,-0.4950243331437685,1.2858846533561326,Weak Oscillatory Response,continuous_full_curve,1.55
2,night,21.03985,-0.0286372951082868,-0.2445381496262031,0.1872635594096295,64.73799999999997,6.72,-0.4950243331437685,1.2858846533561326,Weak Oscillatory Response,continuous_full_curve,1.55
2,night,21.3095916666667,-0.0285134477141118,-0.244796794871418,0.1877698994431944,64.73799999999997,6.72,-0.4950243331437685,1.2858846533561326,Weak Oscillatory Response,continuous_full_curve,1.55
2,night,21.5793333333333,-0.0282883799149117,-0.245033928167154,0.1884571683373306,64.73799999999997,6.72,-0.4950243331437685,1.2858846533561326,Weak Oscillatory Response,continuous_full_curve,1.55
2,night,21.849075,-0.0279627204088545,-0.2452501939008439,0.1893247530831349,64.73799999999997,6.72,-0.4950243331437685,1.2858846533561326,Weak Oscillatory Response,continuous_full_curve,1.55
2,night,22.1188166666667,-0.0275370978941078,-0.2454463198811162,0.1903721240929003,64.73799999999997,6.72,-0.4950243331437685,1.2858846533561326,Weak Oscillatory Response,continuous_full_curve,1.55
2,night,22.3885583333333,-0.0270121410688398,-0.2456231166036508,0.1915988344659711,64.73799999999997,6.72,-0.4950243331437685,1.2858846533561326,Weak Oscillatory Response,continuous_full_curve,1.55
2,night,22.6583,-0.0263884786312179,-0.2457814766610349,0.193004519398599,64.73799999999997,6.72,-0.4950243331437685,1.2858846533561326,Weak Oscillatory Response,continuous_full_curve,1.55
2,night,22.9280416666667,-0.0256667392794103,-0.2459223742929511,0.1945888957341305,64.73799999999997,6.72,-0.4950243331437685,1.2858846533561326,Weak Oscillatory Response,continuous_full_curve,1.55
2,night,23.1977833333333,-0.024847551711585,-0.2460468650734018,0.1963517616502317,64.73799999999997,6.72,-0.4950243331437685,1.2858846533561326,Weak Oscillatory Response,continuous_full_curve,1.55
2,night,23.467525,-0.0239315446259093,-0.2461560857320109,0.1982929964801922,64.73799999999997,6.72,-0.4950243331437685,1.2858846533561326,Weak Oscillatory Response,continuous_full_curve,1.55
2,night,23.7372666666667,-0.0229193467205514,-0.2462512541067876,0.2004125606656846,64.73799999999997,6.72,-0.4950243331437685,1.2858846533561326,Weak Oscillatory Response,continuous_full_curve,1.55
2,night,24.0070083333333,-0.0218115866936795,-0.246333669226051,0.2027104958386918,64.73799999999997,6.72,-0.4950243331437685,1.2858846533561326,Weak Oscillatory Response,continuous_full_curve,1.55
2,night,24.27675,-0.0206088932434608,-0.2464047115175176,0.2051869250305959,64.73799999999997,6.72,-0.4950243331437685,1.2858846533561326,Weak Oscillatory Response,continuous_full_curve,1.55
2,night,24.5464916666667,-0.0193118950680633,-0.2464658431428521,0.2078420530067255,64.73799999999997,6.72,-0.4950243331437685,1.2858846533561326,Weak Oscillatory Response,continuous_full_curve,1.55
2,night,24.8162333333333,-0.0179212208656555,-0.2465186084562571,0.2106761667249459,64.73799999999997,6.72,-0.4950243331437685,1.2858846533561326,Weak Oscillatory Response,continuous_full_curve,1.55
2,night,25.085975,-0.0164374993344044,-0.2465646345859547,0.2136896359171458,64.73799999999997,6.72,-0.4950243331437685,1.2858846533561326,Weak Oscillatory Response,continuous_full_curve,1.55
2,night,25.3557166666667,-0.014861359172478,-0.2466056321376692,0.216882913792713,64.73799999999997,6.72,-0.4950243331437685,1.2858846533561326,Weak Oscillatory Response,continuous_full_curve,1.55
2,night,25.6254583333333,-0.0131934290780453,-0.2466433960194775,0.2202565378633868,64.73799999999997,6.72,-0.4950243331437685,1.2858846533561326,Weak Oscillatory Response,continuous_full_curve,1.55
2,night,25.8952,-0.0114343377492725,-0.2466798063876352,0.2238111308890902,64.73799999999997,6.72,-0.4950243331437685,1.2858846533561326,Weak Oscillatory Response,continuous_full_curve,1.55
2,night,26.1649416666667,-0.0095847138843281,-0.2467168297132295,0.2275474019445733,64.73799999999997,6.72,-0.4950243331437685,1.2858846533561326,Weak Oscillatory Response,continuous_full_curve,1.55
2,night,26.4346833333333,-0.0076451861813807,-0.2467565199697358,0.2314661476069744,64.73799999999997,6.72,-0.4950243331437685,1.2858846533561326,Weak Oscillatory Response,continuous_full_curve,1.55
2,night,26.704425,-0.0056163833385969,-0.2468010199417862,0.2355682532645923,64.73799999999997,6.72,-0.4950243331437685,1.2858846533561326,Weak Oscillatory Response,continuous_full_curve,1.55
2,night,26.9741666666667,-0.0034989340541452,-0.2468525626556737,0.2398546945473832,64.73799999999997,6.72,-0.4950243331437685,1.2858846533561326,Weak Oscillatory Response,continuous_full_curve,1.55
2,night,27.2439083333333,-0.0012934670261942,-0.2469134729323381,0.2443265388799497,64.73799999999997,6.72,-0.4950243331437685,1.2858846533561326,Weak Oscillatory Response,continuous_full_curve,1.55
2,night,27.51365,0.0009993890470896,-0.2469861690637848,0.2489849471579641,64.73799999999997,6.72,-0.4950243331437685,1.2858846533561326,Weak Oscillatory Response,continuous_full_curve,1.55
2,night,27.7833916666667,0.0033790054675381,-0.2470731646141029,0.2538311755491791,64.73799999999997,6.72,-0.4950243331437685,1.2858846533561326,Weak Oscillatory Response,continuous_full_curve,1.55
2,night,28.0531333333333,0.0058447535369821,-0.2471770703464488,0.2588665774204131,64.73799999999997,6.72,-0.4950243331437685,1.2858846533561326,Weak Oscillatory Response,continuous_full_curve,1.55
2,night,28.322875,0.0083960045572556,-0.2473005962775682,0.2640926053920795,64.73799999999997,6.72,-0.4950243331437685,1.2858846533561326,Weak Oscillatory Response,continuous_full_curve,1.55
2,night,28.5926166666667,0.01103212983019,-0.2474465538616289,0.269510813522009,64.73799999999997,6.72,-0.4950243331437685,1.2858846533561326,Weak Oscillatory Response,continuous_full_curve,1.55
2,night,28.8623583333333,0.0137525006576161,-0.2476178583053351,0.2751228596205675,64.73799999999997,6.72,-0.4950243331437685,1.2858846533561326,Weak Oscillatory Response,continuous_full_curve,1.55
2,night,29.1321,0.0165564883413686,-0.2478175310164928,0.2809305076992301,64.73799999999997,6.72,-0.4950243331437685,1.2858846533561326,Weak Oscillatory Response,continuous_full_curve,1.55
2,night,29.4018416666667,0.0194434641832781,-0.2480487021883917,0.2869356305549481,64.73799999999997,6.72,-0.4950243331437685,1.2858846533561326,Weak Oscillatory Response,continuous_full_curve,1.55
2,night,29.6715833333333,0.022412799485176,-0.2483146135225631,0.2931402124929151,64.73799999999997,6.72,-0.4950243331437685,1.2858846533561326,Weak Oscillatory Response,continuous_full_curve,1.55
2,night,29.941325,0.0254638655488962,-0.2486186210926754,0.299546352190468,64.73799999999997,6.72,-0.4950243331437685,1.2858846533561326,Weak Oscillatory Response,continuous_full_curve,1.55
2,night,30.2110666666667,0.0285960336762703,-0.2489641983525146,0.3061562657050554,64.73799999999997,6.72,-0.4950243331437685,1.2858846533561326,Weak Oscillatory Response,continuous_full_curve,1.55
2,night,30.4808083333333,0.0318086751691291,-0.2493549392912026,0.3129722896294608,64.73799999999997,6.72,-0.4950243331437685,1.2858846533561326,Weak Oscillatory Response,continuous_full_curve,1.55
2,night,30.75055,0.0351011613293069,-0.2497945617389955,0.3199968843976093,64.73799999999997,6.72,-0.4950243331437685,1.2858846533561326,Weak Oscillatory Response,continuous_full_curve,1.55
2,night,31.0202916666667,0.0384728634586346,-0.2502869108272071,0.3272326377444763,64.73799999999997,6.72,-0.4950243331437685,1.2858846533561326,Weak Oscillatory Response,continuous_full_curve,1.55
2,night,31.2900333333333,0.0419231528589433,-0.250835962605993,0.3346822683238797,64.73799999999997,6.72,-0.4950243331437685,1.2858846533561326,Weak Oscillatory Response,continuous_full_curve,1.55
2,night,31.559775,0.0454514008320677,-0.2514458278239445,0.34234862948808,64.73799999999997,6.72,-0.4950243331437685,1.2858846533561326,Weak Oscillatory Response,continuous_full_curve,1.55
2,night,31.8295166666667,0.0490569786798387,-0.2521207558736245,0.3502347132333019,64.73799999999997,6.72,-0.4950243331437685,1.2858846533561326,Weak Oscillatory Response,continuous_full_curve,1.55
2,night,32.0992583333333,0.0527392577040868,-0.252865138907395,0.3583436543155686,64.73799999999997,6.72,-0.4950243331437685,1.2858846533561326,Weak Oscillatory Response,continuous_full_curve,1.55
2,night,32.369,0.0564976092066471,-0.2536835161280878,0.3666787345413821,64.73799999999997,6.72,-0.4950243331437685,1.2858846533561326,Weak Oscillatory Response,continuous_full_curve,1.55
2,night,32.6387416666667,0.0603314044893503,-0.2545805782592667,0.3752433872379674,64.73799999999997,6.72,-0.4950243331437685,1.2858846533561326,Weak Oscillatory Response,continuous_full_curve,1.55
2,night,32.9084833333333,0.0642400148540273,-0.2555611722000561,0.3840412019081108,64.73799999999997,6.72,-0.4950243331437685,1.2858846533561326,Weak Oscillatory Response,continuous_full_curve,1.55
2,night,33.178225,0.0682228116025127,-0.2566303058697099,0.3930759290747354,64.73799999999997,6.72,-0.4950243331437685,1.2858846533561326,Weak Oscillatory Response,continuous_full_curve,1.55
2,night,33.4479666666667,0.0722791660366375,-0.2577931532473088,0.4023514853205839,64.73799999999997,6.72,-0.4950243331437685,1.2858846533561326,Weak Oscillatory Response,continuous_full_curve,1.55
2,night,33.7177083333333,0.0764084494582323,-0.2590550596122007,0.4118719585286654,64.73799999999997,6.72,-0.4950243331437685,1.2858846533561326,Weak Oscillatory Response,continuous_full_curve,1.55
2,night,33.98745,0.0806100331691325,-0.2604215469910161,0.4216416133292812,64.73799999999997,6.72,-0.4950243331437685,1.2858846533561326,Weak Oscillatory Response,continuous_full_curve,1.55
2,night,34.2571916666667,0.0848832884711681,-0.2618983198172941,0.4316648967596304,64.73799999999997,6.72,-0.4950243331437685,1.2858846533561326,Weak Oscillatory Response,continuous_full_curve,1.55
2,night,34.5269333333333,0.0892275866661703,-0.2634912708100199,0.4419464441423605,64.73799999999997,6.72,-0.4950243331437685,1.2858846533561326,Weak Oscillatory Response,continuous_full_curve,1.55
2,night,34.796675,0.093642299055974,-0.2652064870775652,0.4524910851895133,64.73799999999997,6.72,-0.4950243331437685,1.2858846533561326,Weak Oscillatory Response,continuous_full_curve,1.55
2,night,35.0664166666667,0.0981267969424097,-0.2670502564537713,0.4633038503385909,64.73799999999997,6.72,-0.4950243331437685,1.2858846533561326,Weak Oscillatory Response,continuous_full_curve,1.55
2,night,35.3361583333333,0.1026804516273085,-0.2690290740731585,0.4743899773277756,64.73799999999997,6.72,-0.4950243331437685,1.2858846533561326,Weak Oscillatory Response,continuous_full_curve,1.55
2,night,35.6059,0.1073026344125053,-0.2711496491924741,0.4857549180174847,64.73799999999997,6.72,-0.4950243331437685,1.2858846533561326,Weak Oscillatory Response,continuous_full_curve,1.55
2,night,35.8756416666667,0.1119927165998307,-0.2734189122660209,0.4974043454656825,64.73799999999997,6.72,-0.4950243331437685,1.2858846533561326,Weak Oscillatory Response,continuous_full_curve,1.55
2,night,36.1453833333333,0.1167500694911151,-0.2758440222824884,0.5093441612647187,64.73799999999997,6.72,-0.4950243331437685,1.2858846533561326,Weak Oscillatory Response,continuous_full_curve,1.55
2,night,36.415125,0.1215740643881943,-0.2784323743712292,0.521580503147618,64.73799999999997,6.72,-0.4950243331437685,1.2858846533561326,Weak Oscillatory Response,continuous_full_curve,1.55
2,night,36.6848666666667,0.1264640725928984,-0.281191607686172,0.5341197528719689,64.73799999999997,6.72,-0.4950243331437685,1.2858846533561326,Weak Oscillatory Response,continuous_full_curve,1.55
2,night,36.9546083333333,0.1314194654070579,-0.284129613575848,0.5469685443899638,64.73799999999997,6.72,-0.4950243331437685,1.2858846533561326,Weak Oscillatory Response,continuous_full_curve,1.55
2,night,37.22435,0.1364396141325086,-0.2872545440482398,0.560133772313257,64.73799999999997,6.72,-0.4950243331437685,1.2858846533561326,Weak Oscillatory Response,continuous_full_curve,1.55
2,night,37.4940916666667,0.1415238900710808,-0.2905748205394197,0.5736226006815814,64.73799999999997,6.72,-0.4950243331437685,1.2858846533561326,Weak Oscillatory Response,continuous_full_curve,1.55
2,night,37.7638333333333,0.1466716645246048,-0.2940991429952441,0.5874424720444538,64.73799999999997,6.72,-0.4950243331437685,1.2858846533561326,Weak Oscillatory Response,continuous_full_curve,1.55
2,night,37.948,0.150222471741295,-0.2966272007718079,0.597072144254398,64.73799999999997,6.72,-0.4950243331437685,1.2858846533561326,Weak Oscillatory Response,continuous_full_curve,1.55
2,night,38.033575,0.1518823087949163,-0.2978364992755963,0.6016011168654289,64.73799999999997,6.72,-0.4950243331437685,1.2858846533561326,Weak Oscillatory Response,continuous_full_curve,1.55
2,night,38.3033166666666,0.1571551941838438,-0.3017961748909591,0.6161065632586469,64.73799999999997,6.72,-0.4950243331437685,1.2858846533561326,Weak Oscillatory Response,continuous_full_curve,1.55
2,night,38.5730583333333,0.1624896919932234,-0.3059877630813908,0.6309671470678377,64.73799999999997,6.72,-0.4950243331437685,1.2858846533561326,Weak Oscillatory Response,continuous_full_curve,1.55
2,night,38.8428,0.1678851735248849,-0.3104211752482013,0.6461915222979713,64.73799999999997,6.72,-0.4950243331437685,1.2858846533561326,Weak Oscillatory Response,continuous_full_curve,1.55
2,night,39.1125416666667,0.1733410100806612,-0.3151066517489694,0.6617886719102919,64.73799999999997,6.72,-0.4950243331437685,1.2858846533561326,Weak Oscillatory Response,continuous_full_curve,1.55
2,night,39.3822833333333,0.1788565729623817,-0.32005477306676,0.6777679189915236,64.73799999999997,6.72,-0.4950243331437685,1.2858846533561326,Weak Oscillatory Response,continuous_full_curve,1.55
2,night,39.652025,0.184431233471883,-0.3252764713647305,0.6941389383084966,64.73799999999997,6.72,-0.4950243331437685,1.2858846533561326,Weak Oscillatory Response,continuous_full_curve,1.55
2,night,39.9217666666667,0.1900643629109949,-0.3307830424375464,0.7109117682595363,64.73799999999997,6.72,-0.4950243331437685,1.2858846533561326,Weak Oscillatory Response,continuous_full_curve,1.55
2,night,40.1915083333333,0.1957553325815476,-0.3365861580713702,0.7280968232344656,64.73799999999997,6.72,-0.4950243331437685,1.2858846533561326,Weak Oscillatory Response,continuous_full_curve,1.55
2,night,40.46125,0.2015035137853775,-0.342697878824424,0.7457049063951791,64.73799999999997,6.72,-0.4950243331437685,1.2858846533561326,Weak Oscillatory Response,continuous_full_curve,1.55
2,night,40.7309916666666,0.2073082778243124,-0.3491306672404069,0.7637472228890319,64.73799999999997,6.72,-0.4950243331437685,1.2858846533561326,Weak Oscillatory Response,continuous_full_curve,1.55
2,night,41.0007333333333,0.2131689960001889,-0.3558974015073984,0.7822353935077763,64.73799999999997,6.72,-0.4950243331437685,1.2858846533561326,Weak Oscillatory Response,continuous_full_curve,1.55
2,night,41.270475,0.2190850396148367,-0.3630113895750465,0.80118146880472,64.73799999999997,6.72,-0.4950243331437685,1.2858846533561326,Weak Oscillatory Response,continuous_full_curve,1.55
2,night,41.5402166666667,0.2250557799700883,-0.3704863837432539,0.8205979436834305,64.73799999999997,6.72,-0.4950243331437685,1.2858846533561326,Weak Oscillatory Response,continuous_full_curve,1.55
2,night,41.8099583333333,0.2310805883677733,-0.3783365957357374,0.8404977724712841,64.73799999999997,6.72,-0.4950243331437685,1.2858846533561326,Weak Oscillatory Response,continuous_full_curve,1.55
2,night,42.0797,0.2371588361097287,-0.3865767122722052,0.8608943844916628,64.73799999999997,6.72,-0.4950243331437685,1.2858846533561326,Weak Oscillatory Response,continuous_full_curve,1.55
2,night,42.3494416666667,0.2432898944977838,-0.3952219111530672,0.8818017001486349,64.73799999999997,6.72,-0.4950243331437685,1.2858846533561326,Weak Oscillatory Response,continuous_full_curve,1.55
2,night,42.6191833333333,0.2494731348337688,-0.4042878778710015,0.9032341475385391,64.73799999999997,6.72,-0.4950243331437685,1.2858846533561326,Weak Oscillatory Response,continuous_full_curve,1.55
2,night,42.888925,0.2557079284195207,-0.4137908227638369,0.9252066796028784,64.73799999999997,6.72,-0.4950243331437685,1.2858846533561326,Weak Oscillatory Response,continuous_full_curve,1.55
2,night,43.1586666666666,0.2619936465568666,-0.423747498723509,0.9477347918372424,64.73799999999997,6.72,-0.4950243331437685,1.2858846533561326,Weak Oscillatory Response,continuous_full_curve,1.55
2,night,43.4284083333333,0.2683296605476435,-0.434175219476181,0.9708345405714682,64.73799999999997,6.72,-0.4950243331437685,1.2858846533561326,Weak Oscillatory Response,continuous_full_curve,1.55
2,night,43.69815,0.274715341693681,-0.4450918784487029,0.9945225618360648,64.73799999999997,6.72,-0.4950243331437685,1.2858846533561326,Weak Oscillatory Response,continuous_full_curve,1.55
2,night,43.9678916666666,0.2811500612968092,-0.4565159682369945,1.018816090830613,64.73799999999997,6.72,-0.4950243331437685,1.2858846533561326,Weak Oscillatory Response,continuous_full_curve,1.55
2,night,44.2376333333333,0.2876331906588648,-0.4684666006920583,1.0437329820097878,64.73799999999997,6.72,-0.4950243331437685,1.2858846533561326,Weak Oscillatory Response,continuous_full_curve,1.55
2,night,44.507375,0.2941641010816775,-0.4809635276395267,1.069291729802882,64.73799999999997,6.72,-0.4950243331437685,1.2858846533561326,Weak Oscillatory Response,continuous_full_curve,1.55
2,night,44.7771166666666,0.3007421638670771,-0.4940271622489723,1.0955114899831266,64.73799999999997,6.72,-0.4950243331437685,1.2858846533561326,Weak Oscillatory Response,continuous_full_curve,1.55
2,night,45.0468583333333,0.3073667503169005,-0.5076786010692953,1.1224121017030964,64.73799999999997,6.72,-0.4950243331437685,1.2858846533561326,Weak Oscillatory Response,continuous_full_curve,1.55
2,night,45.3166,0.3140372317329777,-0.5219396467466626,1.150014110212618,64.73799999999997,6.72,-0.4950243331437685,1.2858846533561326,Weak Oscillatory Response,continuous_full_curve,1.55
2,night,45.5863416666667,0.3207529794171406,-0.5368328314417676,1.178338790276049,64.73799999999997,6.72,-0.4950243331437685,1.2858846533561326,Weak Oscillatory Response,continuous_full_curve,1.55
2,night,45.8560833333333,0.327513364671219,-0.5523814409631866,1.2074081703056243,64.73799999999997,6.72,-0.4950243331437685,1.2858846533561326,Weak Oscillatory Response,continuous_full_curve,1.55
2,night,46.125825,0.3343177587970497,-0.5686095396338033,1.2372450572279028,64.73799999999997,6.72,-0.4950243331437685,1.2858846533561326,Weak Oscillatory Response,continuous_full_curve,1.55
2,night,46.3955666666667,0.3411655330964628,-0.5855419959073171,1.2678730621002428,64.73799999999997,6.72,-0.4950243331437685,1.2858846533561326,Weak Oscillatory Response,continuous_full_curve,1.55
2,night,46.6653083333333,0.3480560588712876,-0.6032045087520406,1.299316626494616,64.73799999999997,6.72,-0.4950243331437685,1.2858846533561326,Weak Oscillatory Response,continuous_full_curve,1.55
2,night,46.93505,0.3549887074233613,-0.621623634819158,1.3316010496658808,64.73799999999997,6.72,-0.4950243331437685,1.2858846533561326,Weak Oscillatory Response,continuous_full_curve,1.55
2,night,47.2047916666667,0.3619628500545137,-0.6408268164126005,1.364752516521628,64.73799999999997,6.72,-0.4950243331437685,1.2858846533561326,Weak Oscillatory Response,continuous_full_curve,1.55
2,night,47.4745333333333,0.3689778580665742,-0.6608424102778777,1.3987981264110263,64.73799999999997,6.72,-0.4950243331437685,1.2858846533561326,Weak Oscillatory Response,continuous_full_curve,1.55
2,night,47.744275,0.3760331027613804,-0.6816997172270206,1.4337659227497817,64.73799999999997,6.72,-0.4950243331437685,1.2858846533561326,Weak Oscillatory Response,continuous_full_curve,1.55
2,night,48.0140166666667,0.3831279554407613,-0.703429012616685,1.4696849234982077,64.73799999999997,6.72,-0.4950243331437685,1.2858846533561326,Weak Oscillatory Response,continuous_full_curve,1.55
2,night,48.2837583333333,0.3902617874065472,-0.7260615776966166,1.5065851525097111,64.73799999999997,6.72,-0.4950243331437685,1.2858846533561326,Weak Oscillatory Response,continuous_full_curve,1.55
2,night,48.5535,0.3974339699605746,-0.7496297318452807,1.54449767176643,64.73799999999997,6.72,-0.4950243331437685,1.2858846533561326,Weak Oscillatory Response,continuous_full_curve,1.55
2,night,48.8232416666667,0.4046438744046738,-0.774166865709359,1.5834546145187067,64.73799999999997,6.72,-0.4950243331437685,1.2858846533561326,Weak Oscillatory Response,continuous_full_curve,1.55
2,night,49.0929833333333,0.4118908720406736,-0.7997074752637136,1.623489219345061,64.73799999999997,6.72,-0.4950243331437685,1.2858846533561326,Weak Oscillatory Response,continuous_full_curve,1.55
2,night,49.362725,0.4191743341704119,-0.8262871968080587,1.6646358651488826,64.73799999999997,6.72,-0.4950243331437685,1.2858846533561326,Weak Oscillatory Response,continuous_full_curve,1.55
2,night,49.6324666666667,0.4264936320957183,-0.8539428429161314,1.706930107107568,64.73799999999997,6.72,-0.4950243331437685,1.2858846533561326,Weak Oscillatory Response,continuous_full_curve,1.55
2,night,49.9022083333333,0.4338481371184218,-0.8827124393531357,1.7504087135899793,64.73799999999997,6.72,-0.4950243331437685,1.2858846533561326,Weak Oscillatory Response,continuous_full_curve,1.55
2,night,50.17195,0.4412372205403604,-0.912635262976511,1.7951097040572317,64.73799999999997,6.72,-0.4950243331437685,1.2858846533561326,Weak Oscillatory Response,continuous_full_curve,1.55
2,night,50.4416916666667,0.4486602536633631,-0.9437518806345976,1.841072387961324,64.73799999999997,6.72,-0.4950243331437685,1.2858846533561326,Weak Oscillatory Response,continuous_full_curve,1.55
2,night,50.7114333333333,0.4561166077892595,-0.9761041890775196,1.8883374046560384,64.73799999999997,6.72,-0.4950243331437685,1.2858846533561326,Weak Oscillatory Response,continuous_full_curve,1.55
2,night,50.981175,0.4636056542198876,-1.0097354558937233,1.9369467643334983,64.73799999999997,6.72,-0.4950243331437685,1.2858846533561326,Weak Oscillatory Response,continuous_full_curve,1.55
2,night,51.2509166666666,0.4711267642570733,-1.0446903614848744,1.986943889999021,64.73799999999997,6.72,-0.4950243331437685,1.2858846533561326,Weak Oscillatory Response,continuous_full_curve,1.55
2,night,51.5206583333333,0.4786793092026548,-1.0810150420915463,2.038373660496856,64.73799999999997,6.72,-0.4950243331437685,1.2858846533561326,Weak Oscillatory Response,continuous_full_curve,1.55
2,night,51.7904,0.4862626603584612,-1.1187571338805615,2.091282454597484,64.73799999999997,6.72,-0.4950243331437685,1.2858846533561326,Weak Oscillatory Response,continuous_full_curve,1.55
2,night,52.0601416666667,0.4938761890263251,-1.157965818104726,2.1457181961573766,64.73799999999997,6.72,-0.4950243331437685,1.2858846533561326,Weak Oscillatory Response,continuous_full_curve,1.55
2,night,52.3298833333333,0.5015192665080752,-1.1986918673440654,2.201730400360216,64.73799999999997,6.72,-0.4950243331437685,1.2858846533561326,Weak Oscillatory Response,continuous_full_curve,1.55
2,night,52.599625,0.5091912641055497,-1.2409876928370651,2.2593702210481643,64.73799999999997,6.72,-0.4950243331437685,1.2858846533561326,Weak Oscillatory Response,continuous_full_curve,1.55
2,night,52.8693666666667,0.5168915531205777,-1.2849073929087689,2.318690499149924,64.73799999999997,6.72,-0.4950243331437685,1.2858846533561326,Weak Oscillatory Response,continuous_full_curve,1.55
2,night,53.1391083333333,0.5246195048549885,-1.3305068025018802,2.379745812211857,64.73799999999997,6.72,-0.4950243331437685,1.2858846533561326,Weak Oscillatory Response,continuous_full_curve,1.55
2,night,53.40885,0.5323744906106203,-1.3778435438151933,2.4425925250364338,64.73799999999997,6.72,-0.4950243331437685,1.2858846533561326,Weak Oscillatory Response,continuous_full_curve,1.55
2,night,53.6785916666667,0.5401558816893018,-1.4269770780522006,2.5072888414308045,64.73799999999997,6.72,-0.4950243331437685,1.2858846533561326,Weak Oscillatory Response,continuous_full_curve,1.55
2,night,53.9483333333333,0.547963049392863,-1.4779687582815568,2.5738948570672826,64.73799999999997,6.72,-0.4950243331437685,1.2858846533561326,Weak Oscillatory Response,continuous_full_curve,1.55
2,night,54.218075,0.5557953650231411,-1.530881883408919,2.642472613455201,64.73799999999997,6.72,-0.4950243331437685,1.2858846533561326,Weak Oscillatory Response,continuous_full_curve,1.55
2,night,54.4878166666667,0.5636521998819658,-1.5857817532578555,2.713086153021788,64.73799999999997,6.72,-0.4950243331437685,1.2858846533561326,Weak Oscillatory Response,continuous_full_curve,1.55
2,night,54.7575583333333,0.571532925271166,-1.6427357247559815,2.785801575298313,64.73799999999997,6.72,-0.4950243331437685,1.2858846533561326,Weak Oscillatory Response,continuous_full_curve,1.55
2,night,55.0273,0.5794369124925798,-1.7018132692200048,2.860687094205164,64.73799999999997,6.72,-0.4950243331437685,1.2858846533561326,Weak Oscillatory Response,continuous_full_curve,1.55
2,night,55.2650000000001,0.5864207934704607,-1.7556903569101965,2.928531943851118,64.73799999999997,6.72,-0.4950243331437685,1.2858846533561326,Weak Oscillatory Response,continuous_full_curve,1.55
2,night,55.2970416666667,0.5873635328480367,-1.763086030730952,2.9378130964270253,64.73799999999997,6.72,-0.4950243331437685,1.2858846533561326,Weak Oscillatory Response,continuous_full_curve,1.55
2,night,55.5667833333333,0.5953121576393655,-1.826627885589144,3.0172522008678744,64.73799999999997,6.72,-0.4950243331437685,1.2858846533561326,Weak Oscillatory Response,continuous_full_curve,1.55
2,night,55.836525,0.6032821581684046,-1.8925150028353823,3.099079319172192,64.73799999999997,6.72,-0.4950243331437685,1.2858846533561326,Weak Oscillatory Response,continuous_full_curve,1.55
2,night,56.1062666666667,0.6112729057369828,-1.9608259058220476,3.183371717296013,64.73799999999997,6.72,-0.4950243331437685,1.2858846533561326,Weak Oscillatory Response,continuous_full_curve,1.55
2,night,56.3760083333333,0.6192837716469297,-2.031641534815625,3.2702090781094846,64.73799999999997,6.72,-0.4950243331437685,1.2858846533561326,Weak Oscillatory Response,continuous_full_curve,1.55
2,night,56.64575,0.627314127200083,-2.10504531060858,3.359673565008745,64.73799999999997,6.72,-0.4950243331437685,1.2858846533561326,Weak Oscillatory Response,continuous_full_curve,1.55
2,night,56.9154916666667,0.6353633436982722,-2.181123199115219,3.451849886511763,64.73799999999997,6.72,-0.4950243331437685,1.2858846533561326,Weak Oscillatory Response,continuous_full_curve,1.55
2,night,57.1852333333333,0.643430792443326,-2.2599637769235863,3.5468253618102383,64.73799999999997,6.72,-0.4950243331437685,1.2858846533561326,Weak Oscillatory Response,continuous_full_curve,1.55
2,night,57.454975,0.6515158447370828,-2.341658297771155,3.6446899872453207,64.73799999999997,6.72,-0.4950243331437685,1.2858846533561326,Weak Oscillatory Response,continuous_full_curve,1.55
2,night,57.7247166666666,0.659617871881369,-2.426300759908351,3.745536503671088,64.73799999999997,6.72,-0.4950243331437685,1.2858846533561326,Weak Oscillatory Response,continuous_full_curve,1.55
2,night,57.9944583333333,0.6677362451780224,-2.513987974310945,3.849460464666989,64.73799999999997,6.72,-0.4950243331437685,1.2858846533561326,Weak Oscillatory Response,continuous_full_curve,1.55
2,night,58.2642,0.6758703359288725,-2.6048196336967777,3.956560305554522,64.73799999999997,6.72,-0.4950243331437685,1.2858846533561326,Weak Oscillatory Response,continuous_full_curve,1.55
2,night,58.5339416666666,0.6840195154357477,-2.6988983822993897,4.066937413170885,64.73799999999997,6.72,-0.4950243331437685,1.2858846533561326,Weak Oscillatory Response,continuous_full_curve,1.55
2,night,58.8036833333333,0.6921831550004869,-2.796329886345803,4.180696196346776,64.73799999999997,6.72,-0.4950243331437685,1.2858846533561326,Weak Oscillatory Response,continuous_full_curve,1.55
2,night,59.073425,0.7003606259249189,-2.897222905180712,4.29794415703055,64.73799999999997,6.72,-0.4950243331437685,1.2858846533561326,Weak Oscillatory Response,continuous_full_curve,1.55
2,night,59.3431666666666,0.7085512995108728,-3.0016893629754797,4.418791961997225,64.73799999999997,6.72,-0.4950243331437685,1.2858846533561326,Weak Oscillatory Response,continuous_full_curve,1.55
2,night,59.6129083333333,0.7167545470601872,-3.109844420954184,4.543353515074558,64.73799999999997,6.72,-0.4950243331437685,1.2858846533561326,Weak Oscillatory Response,continuous_full_curve,1.55
2,night,59.88265,0.7249697398746905,-3.2218065500634507,4.671746029812832,64.73799999999997,6.72,-0.4950243331437685,1.2858846533561326,Weak Oscillatory Response,continuous_full_curve,1.55
2,night,60.1523916666666,0.7331962492562125,-3.337697604008394,4.804090102520819,64.73799999999997,6.72,-0.4950243331437685,1.2858846533561326,Weak Oscillatory Response,continuous_full_curve,1.55
2,night,60.4221333333333,0.7414334465065909,-3.457642892569853,4.940509785583035,64.73799999999997,6.72,-0.4950243331437685,1.2858846533561326,Weak Oscillatory Response,continuous_full_curve,1.55
2,night,60.691875,0.7496807029276552,-3.5817712551122165,5.081132660967527,64.73799999999997,6.72,-0.4950243331437685,1.2858846533561326,Weak Oscillatory Response,continuous_full_curve,1.55
2,night,60.9616166666666,0.7579373898212343,-3.710215134185725,5.226089913828193,64.73799999999997,6.72,-0.4950243331437685,1.2858846533561326,Weak Oscillatory Response,continuous_full_curve,1.55
2,night,61.2313583333333,0.7662028784891662,-3.843110649119643,5.375516406097976,64.73799999999997,6.72,-0.4950243331437685,1.2858846533561326,Weak Oscillatory Response,continuous_full_curve,1.55
2,night,61.5011,0.7744765402332807,-3.9805976694956287,5.529550749962191,64.73799999999997,6.72,-0.4950243331437685,1.2858846533561326,Weak Oscillatory Response,continuous_full_curve,1.55
2,night,61.7708416666666,0.7827577463554061,-4.122819888384941,5.6883353810957535,64.73799999999997,6.72,-0.4950243331437685,1.2858846533561326,Weak Oscillatory Response,continuous_full_curve,1.55
2,night,62.0405833333333,0.7910458681573811,-4.269924895224663,5.852016631539425,64.73799999999997,6.72,-0.4950243331437685,1.2858846533561326,Weak Oscillatory Response,continuous_full_curve,1.55
2,night,62.310325,0.7993402769410345,-4.422064248200262,6.020744802082331,64.73799999999997,6.72,-0.4950243331437685,1.2858846533561326,Weak Oscillatory Response,continuous_full_curve,1.55
2,night,62.5800666666666,0.8076403440081958,-4.579393545995744,6.194674234012137,64.73799999999997,6.72,-0.4950243331437685,1.2858846533561326,Weak Oscillatory Response,continuous_full_curve,1.55
2,night,62.8498083333333,0.815945440660703,-4.74207249876297,6.373963380084375,64.73799999999997,6.72,-0.4950243331437685,1.2858846533561326,Weak Oscillatory Response,continuous_full_curve,1.55
2,night,63.11955,0.8242549382003851,-4.91026499815362,6.5587748745543895,64.73799999999997,6.72,-0.4950243331437685,1.2858846533561326,Weak Oscillatory Response,continuous_full_curve,1.55
2,night,63.3892916666666,0.8325682079290713,-5.08413918625012,6.749275602108263,64.73799999999997,6.72,-0.4950243331437685,1.2858846533561326,Weak Oscillatory Response,continuous_full_curve,1.55
2,night,63.6590333333333,0.8408846211485997,-5.263867523221813,6.945636765519013,64.73799999999997,6.72,-0.4950243331437685,1.2858846533561326,Weak Oscillatory Response,continuous_full_curve,1.55
2,night,63.928775,0.8492035491607999,-5.449626853523487,7.148033951845086,64.73799999999997,6.72,-0.4950243331437685,1.2858846533561326,Weak Oscillatory Response,continuous_full_curve,1.55
2,night,64.1985166666666,0.8575243632675005,-5.641598470445925,7.356647196980925,64.73799999999997,6.72,-0.4950243331437685,1.2858846533561326,Weak Oscillatory Response,continuous_full_curve,1.55
2,night,64.4682583333333,0.8658464347705395,-5.83996817881725,7.5716610483583295,64.73799999999997,6.72,-0.4950243331437685,1.2858846533561326,Weak Oscillatory Response,continuous_full_curve,1.55
2,night,64.738,0.8741691349717469,-6.044926355643951,7.793264625587445,64.73799999999997,6.72,-0.4950243331437685,1.2858846533561326,Weak Oscillatory Response,continuous_full_curve,1.55
3,compound,0.0,0.0,0.0,0.0,19.554900000000004,6.72,-0.8093022877663687,0.527916136771593,Early Suppression Followed by Attenuation,continuous_full_curve,1.55
3,compound,0.08147875,-0.0019660020941046,-0.032161963100876,0.0282299589126666,19.554900000000004,6.72,-0.8093022877663687,0.527916136771593,Early Suppression Followed by Attenuation,continuous_full_curve,1.55
3,compound,0.1629575,-0.0039319468980255,-0.0358576196442321,0.0279937258481809,19.554900000000004,6.72,-0.8093022877663687,0.527916136771593,Early Suppression Followed by Attenuation,continuous_full_curve,1.55
3,compound,0.24443625,-0.0058977771215788,-0.0396505251657259,0.0278549709225682,19.554900000000004,6.72,-0.8093022877663687,0.527916136771593,Early Suppression Followed by Attenuation,continuous_full_curve,1.55
3,compound,0.325915,-0.0078634354745806,-0.0435450941674137,0.0278182232182523,19.554900000000004,6.72,-0.8093022877663687,0.527916136771593,Early Suppression Followed by Attenuation,continuous_full_curve,1.55
3,compound,0.40739375,-0.0098288646668473,-0.0475458252870485,0.0278880959533539,19.554900000000004,6.72,-0.8093022877663687,0.527916136771593,Early Suppression Followed by Attenuation,continuous_full_curve,1.55
3,compound,0.4888725,-0.0117940074081948,-0.051657288078539,0.0280692732621493,19.554900000000004,6.72,-0.8093022877663687,0.527916136771593,Early Suppression Followed by Attenuation,continuous_full_curve,1.55
3,compound,0.57035125,-0.0137588064084396,-0.0558841077993035,0.0283664949824242,19.554900000000004,6.72,-0.8093022877663687,0.527916136771593,Early Suppression Followed by Attenuation,continuous_full_curve,1.55
3,compound,0.65183,-0.0157232043773977,-0.060230948076889,0.0287845393220936,19.554900000000004,6.72,-0.8093022877663687,0.527916136771593,Early Suppression Followed by Attenuation,continuous_full_curve,1.55
3,compound,0.73330875,-0.0176871440248853,-0.0647024913308576,0.029328203281087,19.554900000000004,6.72,-0.8093022877663687,0.527916136771593,Early Suppression Followed by Attenuation,continuous_full_curve,1.55
3,compound,0.8147875,-0.0196505680607186,-0.0693034168315148,0.0300022807100774,19.554900000000004,6.72,-0.8093022877663687,0.527916136771593,Early Suppression Followed by Attenuation,continuous_full_curve,1.55
3,compound,0.89626625,-0.0216134191947139,-0.0740383762847993,0.0308115378953713,19.554900000000004,6.72,-0.8093022877663687,0.527916136771593,Early Suppression Followed by Attenuation,continuous_full_curve,1.55
3,compound,0.977745,-0.0235756401366873,-0.078911966842779,0.0317606865694043,19.554900000000004,6.72,-0.8093022877663687,0.527916136771593,Early Suppression Followed by Attenuation,continuous_full_curve,1.55
3,compound,1.05922375,-0.025537173596455,-0.0839287014519159,0.0328543542590057,19.554900000000004,6.72,-0.8093022877663687,0.527916136771593,Early Suppression Followed by Attenuation,continuous_full_curve,1.55
3,compound,1.1407025,-0.0274979622838332,-0.0890929764667881,0.0340970518991215,19.554900000000004,6.72,-0.8093022877663687,0.527916136771593,Early Suppression Followed by Attenuation,continuous_full_curve,1.55
3,compound,1.22218125,-0.0294579489086382,-0.0944090364754836,0.0354931386582071,19.554900000000004,6.72,-0.8093022877663687,0.527916136771593,Early Suppression Followed by Attenuation,continuous_full_curve,1.55
3,compound,1.30366,-0.031417076180686,-0.0998809363045769,0.0370467839432049,19.554900000000004,6.72,-0.8093022877663687,0.527916136771593,Early Suppression Followed by Attenuation,continuous_full_curve,1.55
3,compound,1.38513875,-0.0333752868097929,-0.1055125001966361,0.0387619265770503,19.554900000000004,6.72,-0.8093022877663687,0.527916136771593,Early Suppression Followed by Attenuation,continuous_full_curve,1.55
3,compound,1.4666175,-0.035332523505775,-0.111307278181692,0.0406422311701418,19.554900000000004,6.72,-0.8093022877663687,0.527916136771593,Early Suppression Followed by Attenuation,continuous_full_curve,1.55
3,compound,1.54809625,-0.0372887289784487,-0.1172684996961375,0.0426910417392401,19.554900000000004,6.72,-0.8093022877663687,0.527916136771593,Early Suppression Followed by Attenuation,continuous_full_curve,1.55
3,compound,1.629575,-0.0392438459376299,-0.1233990245381402,0.0449113326628802,19.554900000000004,6.72,-0.8093022877663687,0.527916136771593,Early Suppression Followed by Attenuation,continuous_full_curve,1.55
3,compound,1.71105375,-0.0411978170931351,-0.1297012912878524,0.0473056571015821,19.554900000000004,6.72,-0.8093022877663687,0.527916136771593,Early Suppression Followed by Attenuation,continuous_full_curve,1.55
3,compound,1.7925325,-0.0431505851547803,-0.1361772633634091,0.0498760930538485,19.554900000000004,6.72,-0.8093022877663687,0.527916136771593,Early Suppression Followed by Attenuation,continuous_full_curve,1.55
3,compound,1.87401125,-0.0451020928323817,-0.1428283729297892,0.0526241872650258,19.554900000000004,6.72,-0.8093022877663687,0.527916136771593,Early Suppression Followed by Attenuation,continuous_full_curve,1.55
3,compound,1.95549,-0.0470522828357555,-0.1496554629268596,0.0555508972553484,19.554900000000004,6.72,-0.8093022877663687,0.527916136771593,Early Suppression Followed by Attenuation,continuous_full_curve,1.55
3,compound,2.004125,-0.0482157076077272,-0.1538145619864309,0.0573831467709763,19.554900000000004,6.72,-0.8093022877663687,0.527916136771593,Early Suppression Followed by Attenuation,continuous_full_curve,1.55
3,compound,2.03696875,-0.049001097874718,-0.1566587275350358,0.0586565317855997,19.554900000000004,6.72,-0.8093022877663687,0.527916136771593,Early Suppression Followed by Attenuation,continuous_full_curve,1.55
3,compound,2.1184475,-0.0509484806590853,-0.1638376514515925,0.0619406901334218,19.554900000000004,6.72,-0.8093022877663687,0.527916136771593,Early Suppression Followed by Attenuation,continuous_full_curve,1.55
3,compound,2.19992625,-0.0528943738986736,-0.1711909484072534,0.0654022006099061,19.554900000000004,6.72,-0.8093022877663687,0.527916136771593,Early Suppression Followed by Attenuation,continuous_full_curve,1.55
3,compound,2.281405,-0.0548387203032991,-0.1787164994107158,0.0690390588041175,19.554900000000004,6.72,-0.8093022877663687,0.527916136771593,Early Suppression Followed by Attenuation,continuous_full_curve,1.55
3,compound,2.36288375,-0.056781462582778,-0.1864112912675159,0.0728483661019599,19.554900000000004,6.72,-0.8093022877663687,0.527916136771593,Early Suppression Followed by Attenuation,continuous_full_curve,1.55
3,compound,2.4443625,-0.0587225434469264,-0.1942713559783422,0.0768262690844893,19.554900000000004,6.72,-0.8093022877663687,0.527916136771593,Early Suppression Followed by Attenuation,continuous_full_curve,1.55
3,compound,2.52584125,-0.0606619056055607,-0.2022917116796352,0.0809679004685136,19.554900000000004,6.72,-0.8093022877663687,0.527916136771593,Early Suppression Followed by Attenuation,continuous_full_curve,1.55
3,compound,2.60732,-0.062599491768497,-0.2104663058450884,0.0852673223080944,19.554900000000004,6.72,-0.8093022877663687,0.527916136771593,Early Suppression Followed by Attenuation,continuous_full_curve,1.55
3,compound,2.68879875,-0.0645352446455513,-0.2187879615193687,0.089717472228266,19.554900000000004,6.72,-0.8093022877663687,0.527916136771593,Early Suppression Followed by Attenuation,continuous_full_curve,1.55
3,compound,2.7702775,-0.0664691069465401,-0.227248327403812,0.0943101135107318,19.554900000000004,6.72,-0.8093022877663687,0.527916136771593,Early Suppression Followed by Attenuation,continuous_full_curve,1.55
3,compound,2.85175625,-0.0684010213812794,-0.2358378326567487,0.0990357898941899,19.554900000000004,6.72,-0.8093022877663687,0.527916136771593,Early Suppression Followed by Attenuation,continuous_full_curve,1.55
3,compound,2.933235,-0.0703309306595854,-0.2445456473071307,0.1038837859879598,19.554900000000004,6.72,-0.8093022877663687,0.527916136771593,Early Suppression Followed by Attenuation,continuous_full_curve,1.55
3,compound,3.01471375,-0.0722587774912744,-0.2533596492078642,0.1088420942253153,19.554900000000004,6.72,-0.8093022877663687,0.527916136771593,Early Suppression Followed by Attenuation,continuous_full_curve,1.55
3,compound,3.0961925,-0.0741845045861625,-0.2622663984732987,0.1138973893009736,19.554900000000004,6.72,-0.8093022877663687,0.527916136771593,Early Suppression Followed by Attenuation,continuous_full_curve,1.55
3,compound,3.17767125,-0.0761080546540659,-0.2712511203522497,0.1190350110441178,19.554900000000004,6.72,-0.8093022877663687,0.527916136771593,Early Suppression Followed by Attenuation,continuous_full_curve,1.55
3,compound,3.25915,-0.0780293704048008,-0.2802976974823447,0.124238956672743,19.554900000000004,6.72,-0.8093022877663687,0.527916136771593,Early Suppression Followed by Attenuation,continuous_full_curve,1.55
3,compound,3.34062875,-0.0799483945481835,-0.2893886724520549,0.1294918833556879,19.554900000000004,6.72,-0.8093022877663687,0.527916136771593,Early Suppression Followed by Attenuation,continuous_full_curve,1.55
3,compound,3.4221075,-0.08186506979403,-0.298505261562253,0.1347751219741929,19.554900000000004,6.72,-0.8093022877663687,0.527916136771593,Early Suppression Followed by Attenuation,continuous_full_curve,1.55
3,compound,3.50358625,-0.0837793388521566,-0.3076273806284111,0.1400687029240978,19.554900000000004,6.72,-0.8093022877663687,0.527916136771593,Early Suppression Followed by Attenuation,continuous_full_curve,1.55
3,compound,3.585065,-0.0856911444323795,-0.3167336835966868,0.1453513947319278,19.554900000000004,6.72,-0.8093022877663687,0.527916136771593,Early Suppression Followed by Attenuation,continuous_full_curve,1.55
3,compound,3.66654375,-0.0876004292445149,-0.3258016146613923,0.1506007561723624,19.554900000000004,6.72,-0.8093022877663687,0.527916136771593,Early Suppression Followed by Attenuation,continuous_full_curve,1.55
3,compound,3.7480225,-0.0895071359983789,-0.3348074744672359,0.155793202470478,19.554900000000004,6.72,-0.8093022877663687,0.527916136771593,Early Suppression Followed by Attenuation,continuous_full_curve,1.55
3,compound,3.82950125,-0.0914112074037878,-0.3437265008570604,0.1609040860494847,19.554900000000004,6.72,-0.8093022877663687,0.527916136771593,Early Suppression Followed by Attenuation,continuous_full_curve,1.55
3,compound,3.91098,-0.0933125861705578,-0.3525329644847268,0.1659077921436111,19.554900000000004,6.72,-0.8093022877663687,0.527916136771593,Early Suppression Followed by Attenuation,continuous_full_curve,1.55
3,compound,3.99245875,-0.095211215008505,-0.3612002794538086,0.1707778494367985,19.554900000000004,6.72,-0.8093022877663687,0.527916136771593,Early Suppression Followed by Attenuation,continuous_full_curve,1.55
3,compound,4.0440625,-0.0964122442056374,-0.3666052887914926,0.1737808003802176,19.554900000000004,6.72,-0.8093022877663687,0.527916136771593,Early Suppression Followed by Attenuation,continuous_full_curve,1.55
3,compound,4.0739375,-0.0971070339250638,-0.369701231136946,0.1754871632868182,19.554900000000004,6.72,-0.8093022877663687,0.527916136771593,Early Suppression Followed by Attenuation,continuous_full_curve,1.55
3,compound,4.15541625,-0.0989998537986014,-0.3780130243258452,0.1800133167286423,19.554900000000004,6.72,-0.8093022877663687,0.527916136771593,Early Suppression Followed by Attenuation,continuous_full_curve,1.55
3,compound,4.236895,-0.1008893023333467,-0.3861201480906333,0.1843415434239397,19.554900000000004,6.72,-0.8093022877663687,0.527916136771593,Early Suppression Followed by Attenuation,continuous_full_curve,1.55
3,compound,4.31837375,-0.1027749933062343,-0.394008432886998,0.1884584462745293,19.554900000000004,6.72,-0.8093022877663687,0.527916136771593,Early Suppression Followed by Attenuation,continuous_full_curve,1.55
3,compound,4.3998525,-0.1046565404941987,-0.4016645968087081,0.1923515158203106,19.554900000000004,6.72,-0.8093022877663687,0.527916136771593,Early Suppression Followed by Attenuation,continuous_full_curve,1.55
3,compound,4.48133125,-0.1065335576741746,-0.4090762982799086,0.1960091829315594,19.554900000000004,6.72,-0.8093022877663687,0.527916136771593,Early Suppression Followed by Attenuation,continuous_full_curve,1.55
3,compound,4.56281,-0.1084056586230965,-0.4162321814917185,0.1994208642455255,19.554900000000004,6.72,-0.8093022877663687,0.527916136771593,Early Suppression Followed by Attenuation,continuous_full_curve,1.55
3,compound,4.64428875,-0.110272457117899,-0.4231219144250586,0.2025770001892605,19.554900000000004,6.72,-0.8093022877663687,0.527916136771593,Early Suppression Followed by Attenuation,continuous_full_curve,1.55
3,compound,4.7257675,-0.1121335669355167,-0.4297362193787156,0.2054690855076821,19.554900000000004,6.72,-0.8093022877663687,0.527916136771593,Early Suppression Followed by Attenuation,continuous_full_curve,1.55
3,compound,4.80724625,-0.1139886018528842,-0.4360668959964369,0.2080896922906684,19.554900000000004,6.72,-0.8093022877663687,0.527916136771593,Early Suppression Followed by Attenuation,continuous_full_curve,1.55
3,compound,4.888725,-0.1158371756469361,-0.442106836858506,0.2104324855646338,19.554900000000004,6.72,-0.8093022877663687,0.527916136771593,Early Suppression Followed by Attenuation,continuous_full_curve,1.55
3,compound,4.97020375,-0.1176789020946069,-0.447850035770979,0.2124922315817651,19.554900000000004,6.72,-0.8093022877663687,0.527916136771593,Early Suppression Followed by Attenuation,continuous_full_curve,1.55
3,compound,5.0516825,-0.1195133949728313,-0.4532915889489395,0.2142647990032769,19.554900000000004,6.72,-0.8093022877663687,0.527916136771593,Early Suppression Followed by Attenuation,continuous_full_curve,1.55
3,compound,5.13316125,-0.1213402680585437,-0.458427689348163,0.2157471532310755,19.554900000000004,6.72,-0.8093022877663687,0.527916136771593,Early Suppression Followed by Attenuation,continuous_full_curve,1.55
3,compound,5.21464,-0.1231591351286789,-0.4632556144520333,0.2169373441946754,19.554900000000004,6.72,-0.8093022877663687,0.527916136771593,Early Suppression Followed by Attenuation,continuous_full_curve,1.55
3,compound,5.29611875,-0.1249696099601714,-0.4677737078670656,0.2178344879467227,19.554900000000004,6.72,-0.8093022877663687,0.527916136771593,Early Suppression Followed by Attenuation,continuous_full_curve,1.55
3,compound,5.3775975,-0.1267713063299558,-0.4719813551207347,0.218438742460823,19.554900000000004,6.72,-0.8093022877663687,0.527916136771593,Early Suppression Followed by Attenuation,continuous_full_curve,1.55
3,compound,5.45907625,-0.1285638380149666,-0.4758789540893112,0.2187512780593778,19.554900000000004,6.72,-0.8093022877663687,0.527916136771593,Early Suppression Followed by Attenuation,continuous_full_curve,1.55
3,compound,5.540555,-0.1303468187921385,-0.4794678805110724,0.2187742429267953,19.554900000000004,6.72,-0.8093022877663687,0.527916136771593,Early Suppression Followed by Attenuation,continuous_full_curve,1.55
3,compound,5.62203375,-0.132119862438406,-0.4827504490615813,0.2185107241847692,19.554900000000004,6.72,-0.8093022877663687,0.527916136771593,Early Suppression Followed by Attenuation,continuous_full_curve,1.55
3,compound,5.7035125,-0.1338825827307038,-0.4857298704828744,0.2179647050214667,19.554900000000004,6.72,-0.8093022877663687,0.527916136771593,Early Suppression Followed by Attenuation,continuous_full_curve,1.55
3,compound,5.78499125,-0.1356345934459664,-0.4884102052675697,0.2171410183756369,19.554900000000004,6.72,-0.8093022877663687,0.527916136771593,Early Suppression Followed by Attenuation,continuous_full_curve,1.55
3,compound,5.86647,-0.1373755083611283,-0.4907963144023657,0.216045297680109,19.554900000000004,6.72,-0.8093022877663687,0.527916136771593,Early Suppression Followed by Attenuation,continuous_full_curve,1.55
3,compound,5.94794875,-0.1391049412531242,-0.4928938076734792,0.2146839251672307,19.554900000000004,6.72,-0.8093022877663687,0.527916136771593,Early Suppression Followed by Attenuation,continuous_full_curve,1.55
3,compound,6.0294275,-0.1408225058988887,-0.4947089900296769,0.2130639782318995,19.554900000000004,6.72,-0.8093022877663687,0.527916136771593,Early Suppression Followed by Attenuation,continuous_full_curve,1.55
3,compound,6.11090625,-0.1425278160753563,-0.4962488064870538,0.2111931743363411,19.554900000000004,6.72,-0.8093022877663687,0.527916136771593,Early Suppression Followed by Attenuation,continuous_full_curve,1.55
3,compound,6.192385,-0.1442204855594617,-0.4975207860441107,0.2090798149251873,19.554900000000004,6.72,-0.8093022877663687,0.527916136771593,Early Suppression Followed by Attenuation,continuous_full_curve,1.55
3,compound,6.27386375,-0.1459001281281394,-0.4985329850564163,0.2067327288001375,19.554900000000004,6.72,-0.8093022877663687,0.527916136771593,Early Suppression Followed by Attenuation,continuous_full_curve,1.55
3,compound,6.3553425,-0.1475663575583239,-0.499293930497693,0.204161215381045,19.554900000000004,6.72,-0.8093022877663687,0.527916136771593,Early Suppression Followed by Attenuation,continuous_full_curve,1.55
3,compound,6.43682125,-0.14921878762695,-0.4998125635090421,0.201374988255142,19.554900000000004,6.72,-0.8093022877663687,0.527916136771593,Early Suppression Followed by Attenuation,continuous_full_curve,1.55
3,compound,6.475,-0.1499882146466076,-0.4999748301126304,0.1999984008194151,19.554900000000004,6.72,-0.8093022877663687,0.527916136771593,Early Suppression Followed by Attenuation,continuous_full_curve,1.55
3,compound,6.5183,-0.1508570321109521,-0.5000981836106904,0.198384119388786,19.554900000000004,6.72,-0.8093022877663687,0.527916136771593,Early Suppression Followed by Attenuation,continuous_full_curve,1.55
3,compound,6.59977875,-0.1524807047872649,-0.5001603939215712,0.1951989843470412,19.554900000000004,6.72,-0.8093022877663687,0.527916136771593,Early Suppression Followed by Attenuation,continuous_full_curve,1.55
3,compound,6.6812575,-0.154089419432823,-0.5000090477017187,0.1918302088360727,19.554900000000004,6.72,-0.8093022877663687,0.527916136771593,Early Suppression Followed by Attenuation,continuous_full_curve,1.55
3,compound,6.72,-0.1548489915395252,-0.4998650731069608,0.1901670900279103,19.554900000000004,6.72,-0.8093022877663687,0.527916136771593,Early Suppression Followed by Attenuation,continuous_full_curve,1.55
3,compound,6.76273625,-0.1556827898245608,-0.4996541965012733,0.1882886168521516,19.554900000000004,6.72,-0.8093022877663687,0.527916136771593,Early Suppression Followed by Attenuation,continuous_full_curve,1.55
3,compound,6.844215,-0.1572604297394131,-0.4991060401682883,0.1845851806894619,19.554900000000004,6.72,-0.8093022877663687,0.527916136771593,Early Suppression Followed by Attenuation,continuous_full_curve,1.55
3,compound,6.92569375,-0.1588219529543144,-0.4983748789358777,0.1807309730272489,19.554900000000004,6.72,-0.8093022877663687,0.527916136771593,Early Suppression Followed by Attenuation,continuous_full_curve,1.55
3,compound,7.0071725,-0.1603669732461992,-0.4974710677778978,0.1767371212854993,19.554900000000004,6.72,-0.8093022877663687,0.527916136771593,Early Suppression Followed by Attenuation,continuous_full_curve,1.55
3,compound,7.08865125,-0.1618951043920022,-0.4964049731916183,0.1726147644076138,19.554900000000004,6.72,-0.8093022877663687,0.527916136771593,Early Suppression Followed by Attenuation,continuous_full_curve,1.55
3,compound,7.17013,-0.163405960168658,-0.4951869325360253,0.1683750121987091,19.554900000000004,6.72,-0.8093022877663687,0.527916136771593,Early Suppression Followed by Attenuation,continuous_full_curve,1.55
3,compound,7.25160875,-0.1648991543531011,-0.4938272160257028,0.1640289073195004,19.554900000000004,6.72,-0.8093022877663687,0.527916136771593,Early Suppression Followed by Attenuation,continuous_full_curve,1.55
3,compound,7.3330875,-0.1663743007222662,-0.4923359914529349,0.1595873900084025,19.554900000000004,6.72,-0.8093022877663687,0.527916136771593,Early Suppression Followed by Attenuation,continuous_full_curve,1.55
3,compound,7.41456625,-0.1678310130530877,-0.4907232916848687,0.1550612655786932,19.554900000000004,6.72,-0.8093022877663687,0.527916136771593,Early Suppression Followed by Attenuation,continuous_full_curve,1.55
3,compound,7.496045,-0.1692689051225004,-0.4889989849584746,0.1504611747134737,19.554900000000004,6.72,-0.8093022877663687,0.527916136771593,Early Suppression Followed by Attenuation,continuous_full_curve,1.55
3,compound,7.57752375,-0.1706875907074387,-0.4871727479737082,0.1457975665588308,19.554900000000004,6.72,-0.8093022877663687,0.527916136771593,Early Suppression Followed by Attenuation,continuous_full_curve,1.55
3,compound,7.6590025,-0.1720866835848372,-0.4852540417648137,0.1410806745951391,19.554900000000004,6.72,-0.8093022877663687,0.527916136771593,Early Suppression Followed by Attenuation,continuous_full_curve,1.55
3,compound,7.74048125,-0.1734657975316307,-0.483252090311147,0.1363204952478856,19.554900000000004,6.72,-0.8093022877663687,0.527916136771593,Early Suppression Followed by Attenuation,continuous_full_curve,1.55
3,compound,7.82196,-0.1748245463247535,-0.4811758618322858,0.1315267691827786,19.554900000000004,6.72,-0.8093022877663687,0.527916136771593,Early Suppression Followed by Attenuation,continuous_full_curve,1.55
3,compound,7.90343875,-0.1761625437411405,-0.4790340526974927,0.1267089652152117,19.554900000000004,6.72,-0.8093022877663687,0.527916136771593,Early Suppression Followed by Attenuation,continuous_full_curve,1.55
3,compound,7.9849175,-0.1774794035577259,-0.4768350738668281,0.1218762667513762,19.554900000000004,6.72,-0.8093022877663687,0.527916136771593,Early Suppression Followed by Attenuation,continuous_full_curve,1.55
3,compound,8.06639625,-0.1787747395514446,-0.4745870397702895,0.1170375606674002,19.554900000000004,6.72,-0.8093022877663687,0.527916136771593,Early Suppression Followed by Attenuation,continuous_full_curve,1.55
3,compound,8.147875,-0.1800481654992311,-0.4722977595222551,0.1122014285237929,19.554900000000004,6.72,-0.8093022877663687,0.527916136771593,Early Suppression Followed by Attenuation,continuous_full_curve,1.55
3,compound,8.22935375,-0.1812992951780199,-0.4699747303611391,0.1073761400050993,19.554900000000004,6.72,-0.8093022877663687,0.527916136771593,Early Suppression Followed by Attenuation,continuous_full_curve,1.55
3,compound,8.3108325,-0.1825277423647456,-0.4676251331984494,0.1025696484689581,19.554900000000004,6.72,-0.8093022877663687,0.527916136771593,Early Suppression Followed by Attenuation,continuous_full_curve,1.55
3,compound,8.39231125,-0.1837331208363429,-0.465255830157281,0.0977895884845951,19.554900000000004,6.72,-0.8093022877663687,0.527916136771593,Early Suppression Followed by Attenuation,continuous_full_curve,1.55
3,compound,8.47379,-0.1849150443697463,-0.4628733639775759,0.0930432752380834,19.554900000000004,6.72,-0.8093022877663687,0.527916136771593,Early Suppression Followed by Attenuation,continuous_full_curve,1.55
3,compound,8.55526875,-0.1860731267418904,-0.4604839591641301,0.0883377056803491,19.554900000000004,6.72,-0.8093022877663687,0.527916136771593,Early Suppression Followed by Attenuation,continuous_full_curve,1.55
3,compound,8.6367475,-0.1872069817297098,-0.4580935247532227,0.0836795612938031,19.554900000000004,6.72,-0.8093022877663687,0.527916136771593,Early Suppression Followed by Attenuation,continuous_full_curve,1.55
3,compound,8.71822625,-0.188316223110139,-0.4557076585747671,0.079075212354489,19.554900000000004,6.72,-0.8093022877663687,0.527916136771593,Early Suppression Followed by Attenuation,continuous_full_curve,1.55
3,compound,8.799705,-0.1894004646601127,-0.4533316528889343,0.0745307235687088,19.554900000000004,6.72,-0.8093022877663687,0.527916136771593,Early Suppression Followed by Attenuation,continuous_full_curve,1.55
3,compound,8.88118375,-0.1904593201565654,-0.4509705012791621,0.0700518609660312,19.554900000000004,6.72,-0.8093022877663687,0.527916136771593,Early Suppression Followed by Attenuation,continuous_full_curve,1.55
3,compound,8.9626625,-0.1914924033764318,-0.4486289066872421,0.0656440999343784,19.554900000000004,6.72,-0.8093022877663687,0.527916136771593,Early Suppression Followed by Attenuation,continuous_full_curve,1.55
3,compound,9.04414125,-0.1924993280966464,-0.4463112904806565,0.0613126342873637,19.554900000000004,6.72,-0.8093022877663687,0.527916136771593,Early Suppression Followed by Attenuation,continuous_full_curve,1.55
3,compound,9.12562,-0.1934797080941437,-0.4440218024474393,0.0570623862591517,19.554900000000004,6.72,-0.8093022877663687,0.527916136771593,Early Suppression Followed by Attenuation,continuous_full_curve,1.55
3,compound,9.20709875,-0.1944331571458585,-0.4417643316194498,0.0528980173277327,19.554900000000004,6.72,-0.8093022877663687,0.527916136771593,Early Suppression Followed by Attenuation,continuous_full_curve,1.55
3,compound,9.2885775,-0.1953592890287253,-0.4395425178310117,0.0488239397735611,19.554900000000004,6.72,-0.8093022877663687,0.527916136771593,Early Suppression Followed by Attenuation,continuous_full_curve,1.55
3,compound,9.37005625,-0.1962577175196785,-0.4373597639262827,0.0448443288869256,19.554900000000004,6.72,-0.8093022877663687,0.527916136771593,Early Suppression Followed by Attenuation,continuous_full_curve,1.55
3,compound,9.451535,-0.1971280563956529,-0.4352192485354333,0.0409631357441274,19.554900000000004,6.72,-0.8093022877663687,0.527916136771593,Early Suppression Followed by Attenuation,continuous_full_curve,1.55
3,compound,9.53301375,-0.197969919433583,-0.4331239393466424,0.0371841004794762,19.554900000000004,6.72,-0.8093022877663687,0.527916136771593,Early Suppression Followed by Attenuation,continuous_full_curve,1.55
3,compound,9.6144925,-0.1987829204104035,-0.4310766068080305,0.0335107659872234,19.554900000000004,6.72,-0.8093022877663687,0.527916136771593,Early Suppression Followed by Attenuation,continuous_full_curve,1.55
3,compound,9.69597125,-0.1995666731030488,-0.4290798382008716,0.0299464919947738,19.554900000000004,6.72,-0.8093022877663687,0.527916136771593,Early Suppression Followed by Attenuation,continuous_full_curve,1.55
3,compound,9.77745,-0.2003207912884536,-0.4271360520327437,0.0264944694558363,19.554900000000004,6.72,-0.8093022877663687,0.527916136771593,Early Suppression Followed by Attenuation,continuous_full_curve,1.55
3,compound,9.85892875,-0.2010448887435525,-0.425247512706631,0.023157735219526,19.554900000000004,6.72,-0.8093022877663687,0.527916136771593,Early Suppression Followed by Attenuation,continuous_full_curve,1.55
3,compound,9.9404075,-0.20173857924528,-0.4234163454293805,0.0199391869388204,19.554900000000004,6.72,-0.8093022877663687,0.527916136771593,Early Suppression Followed by Attenuation,continuous_full_curve,1.55
3,compound,10.02188625,-0.2024014765705707,-0.4216445513302966,0.0168415981891551,19.554900000000004,6.72,-0.8093022877663687,0.527916136771593,Early Suppression Followed by Attenuation,continuous_full_curve,1.55
3,compound,10.103365,-0.2030331944963593,-0.4199340227680554,0.0138676337753367,19.554900000000004,6.72,-0.8093022877663687,0.527916136771593,Early Suppression Followed by Attenuation,continuous_full_curve,1.55
3,compound,10.18484375,-0.2036333467995802,-0.4182865588114764,0.0110198652123158,19.554900000000004,6.72,-0.8093022877663687,0.527916136771593,Early Suppression Followed by Attenuation,continuous_full_curve,1.55
3,compound,10.2663225,-0.2042015472571682,-0.4167038808870771,0.0083007863727406,19.554900000000004,6.72,-0.8093022877663687,0.527916136771593,Early Suppression Followed by Attenuation,continuous_full_curve,1.55
3,compound,10.34780125,-0.2047374096460577,-0.4151876485936975,0.005712829301582,19.554900000000004,6.72,-0.8093022877663687,0.527916136771593,Early Suppression Followed by Attenuation,continuous_full_curve,1.55
3,compound,10.37931,-0.2049358805224224,-0.414619465838481,0.0047477047936361,19.554900000000004,6.72,-0.8093022877663687,0.527916136771593,Early Suppression Followed by Attenuation,continuous_full_curve,1.55
3,compound,10.42928,-0.2052405738144809,-0.4137393023157038,0.0032581546867418,19.554900000000004,6.72,-0.8093022877663687,0.527916136771593,Early Suppression Followed by Attenuation,continuous_full_curve,1.55
3,compound,10.51075875,-0.2057110498995217,-0.4123578225464009,0.0009357227473573,19.554900000000004,6.72,-0.8093022877663687,0.527916136771593,Early Suppression Followed by Attenuation,continuous_full_curve,1.55
3,compound,10.5922375,-0.2061491232811848,-0.4110404836815246,-0.001257762880845,19.554900000000004,6.72,-0.8093022877663687,0.527916136771593,Early Suppression Followed by Attenuation,continuous_full_curve,1.55
3,compound,10.67371625,-0.2065550858757167,-0.4097846745492325,-0.003325497202201,19.554900000000004,6.72,-0.8093022877663687,0.527916136771593,Early Suppression Followed by Attenuation,continuous_full_curve,1.55
3,compound,10.755195,-0.2069292295993643,-0.4085879344946015,-0.0052705247041271,19.554900000000004,6.72,-0.8093022877663687,0.527916136771593,Early Suppression Followed by Attenuation,continuous_full_curve,1.55
3,compound,10.83667375,-0.207271846368374,-0.4074479459845719,-0.0070957467521761,19.554900000000004,6.72,-0.8093022877663687,0.527916136771593,Early Suppression Followed by Attenuation,continuous_full_curve,1.55
3,compound,10.9181525,-0.2075832280989925,-0.4063625276393823,-0.0088039285586028,19.554900000000004,6.72,-0.8093022877663687,0.527916136771593,Early Suppression Followed by Attenuation,continuous_full_curve,1.55
3,compound,10.99963125,-0.2078636667074666,-0.4053296276639165,-0.0103977057510167,19.554900000000004,6.72,-0.8093022877663687,0.527916136771593,Early Suppression Followed by Attenuation,continuous_full_curve,1.55
3,compound,11.08111,-0.2081134541100428,-0.4043473176541471,-0.0118795905659385,19.554900000000004,6.72,-0.8093022877663687,0.527916136771593,Early Suppression Followed by Attenuation,continuous_full_curve,1.55
3,compound,11.16258875,-0.2083328822229677,-0.4034137867554896,-0.0132519776904458,19.554900000000004,6.72,-0.8093022877663687,0.527916136771593,Early Suppression Followed by Attenuation,continuous_full_curve,1.55
3,compound,11.2440675,-0.2085222429624882,-0.4025273361514073,-0.014517149773569,19.554900000000004,6.72,-0.8093022877663687,0.527916136771593,Early Suppression Followed by Attenuation,continuous_full_curve,1.55
3,compound,11.32554625,-0.2086818282448506,-0.4016863738620114,-0.0156772826276898,19.554900000000004,6.72,-0.8093022877663687,0.527916136771593,Early Suppression Followed by Attenuation,continuous_full_curve,1.55
3,compound,11.407025,-0.2088119299863018,-0.4008894098337174,-0.0167344501388861,19.554900000000004,6.72,-0.8093022877663687,0.527916136771593,Early Suppression Followed by Attenuation,continuous_full_curve,1.55
3,compound,11.48850375,-0.2089128401030883,-0.4001350513022319,-0.0176906289039447,19.554900000000004,6.72,-0.8093022877663687,0.527916136771593,Early Suppression Followed by Attenuation,continuous_full_curve,1.55
3,compound,11.5699825,-0.2089848505114569,-0.3994219984122828,-0.018547702610631,19.554900000000004,6.72,-0.8093022877663687,0.527916136771593,Early Suppression Followed by Attenuation,continuous_full_curve,1.55
3,compound,11.65146125,-0.2090282531276541,-0.3987490400785559,-0.0193074661767523,19.554900000000004,6.72,-0.8093022877663687,0.527916136771593,Early Suppression Followed by Attenuation,continuous_full_curve,1.55
3,compound,11.73294,-0.2090433398679266,-0.3981150500732815,-0.0199716296625718,19.554900000000004,6.72,-0.8093022877663687,0.527916136771593,Early Suppression Followed by Attenuation,continuous_full_curve,1.55
3,compound,11.81441875,-0.2090304026485211,-0.3975189833268284,-0.0205418219702138,19.554900000000004,6.72,-0.8093022877663687,0.527916136771593,Early Suppression Followed by Attenuation,continuous_full_curve,1.55
3,compound,11.8958975,-0.2089897333856842,-0.3969598724285097,-0.0210195943428587,19.554900000000004,6.72,-0.8093022877663687,0.527916136771593,Early Suppression Followed by Attenuation,continuous_full_curve,1.55
3,compound,11.97737625,-0.2089216239956625,-0.3964368243155975,-0.0214064236757275,19.554900000000004,6.72,-0.8093022877663687,0.527916136771593,Early Suppression Followed by Attenuation,continuous_full_curve,1.55
3,compound,12.058855,-0.2088263663947027,-0.3959490171392759,-0.0217037156501295,19.554900000000004,6.72,-0.8093022877663687,0.527916136771593,Early Suppression Followed by Attenuation,continuous_full_curve,1.55
3,compound,12.14033375,-0.2087042524990515,-0.39549569729695,-0.021912807701153,19.554900000000004,6.72,-0.8093022877663687,0.527916136771593,Early Suppression Followed by Attenuation,continuous_full_curve,1.55
3,compound,12.2218125,-0.2085555742249554,-0.3950761766209659,-0.0220349718289449,19.554900000000004,6.72,-0.8093022877663687,0.527916136771593,Early Suppression Followed by Attenuation,continuous_full_curve,1.55
3,compound,12.30329125,-0.2083806234886612,-0.3946898297143905,-0.022071417262932,19.554900000000004,6.72,-0.8093022877663687,0.527916136771593,Early Suppression Followed by Attenuation,continuous_full_curve,1.55
3,compound,12.38477,-0.2081796922064155,-0.3943360914250532,-0.0220232929877777,19.554900000000004,6.72,-0.8093022877663687,0.527916136771593,Early Suppression Followed by Attenuation,continuous_full_curve,1.55
3,compound,12.46624875,-0.2079530722944648,-0.3940144544495738,-0.0218916901393559,19.554900000000004,6.72,-0.8093022877663687,0.527916136771593,Early Suppression Followed by Attenuation,continuous_full_curve,1.55
3,compound,12.5477275,-0.207701055669056,-0.3937244670595707,-0.0216776442785412,19.554900000000004,6.72,-0.8093022877663687,0.527916136771593,Early Suppression Followed by Attenuation,continuous_full_curve,1.55
3,compound,12.62920625,-0.2074239342464355,-0.393465730942706,-0.0213821375501651,19.554900000000004,6.72,-0.8093022877663687,0.527916136771593,Early Suppression Followed by Attenuation,continuous_full_curve,1.55
3,compound,12.645,-0.2073673372584644,-0.3934191635776555,-0.0213155109392733,19.554900000000004,6.72,-0.8093022877663687,0.527916136771593,Early Suppression Followed by Attenuation,continuous_full_curve,1.55
3,compound,12.710685,-0.2071219999428501,-0.3932378991516277,-0.0210061007340724,19.554900000000004,6.72,-0.8093022877663687,0.527916136771593,Early Suppression Followed by Attenuation,continuous_full_curve,1.55
3,compound,12.79216375,-0.2067955446745464,-0.3930406741542749,-0.020550415194818,19.554900000000004,6.72,-0.8093022877663687,0.527916136771593,Early Suppression Followed by Attenuation,continuous_full_curve,1.55
3,compound,12.8736425,-0.2064448603577711,-0.3928738059793578,-0.0200159147361845,19.554900000000004,6.72,-0.8093022877663687,0.527916136771593,Early Suppression Followed by Attenuation,continuous_full_curve,1.55
3,compound,12.95512125,-0.2060702389087708,-0.3927370904511802,-0.0194033873663614,19.554900000000004,6.72,-0.8093022877663687,0.527916136771593,Early Suppression Followed by Attenuation,continuous_full_curve,1.55
3,compound,13.0366,-0.2056719722437921,-0.3926303675082757,-0.0187135769793085,19.554900000000004,6.72,-0.8093022877663687,0.527916136771593,Early Suppression Followed by Attenuation,continuous_full_curve,1.55
3,compound,13.11807875,-0.2052503522790817,-0.3925535196006287,-0.0179471849575348,19.554900000000004,6.72,-0.8093022877663687,0.527916136771593,Early Suppression Followed by Attenuation,continuous_full_curve,1.55
3,compound,13.1995575,-0.2048056709308863,-0.3925064701605278,-0.0171048717012448,19.554900000000004,6.72,-0.8093022877663687,0.527916136771593,Early Suppression Followed by Attenuation,continuous_full_curve,1.55
3,compound,13.28103625,-0.2043382201154525,-0.3924891821423504,-0.0161872580885545,19.554900000000004,6.72,-0.8093022877663687,0.527916136771593,Early Suppression Followed by Attenuation,continuous_full_curve,1.55
3,compound,13.362515,-0.2038482917490268,-0.3925016566268208,-0.0151949268712328,19.554900000000004,6.72,-0.8093022877663687,0.527916136771593,Early Suppression Followed by Attenuation,continuous_full_curve,1.55
3,compound,13.44399375,-0.2033361777478561,-0.3925439314855036,-0.0141284240102086,19.554900000000004,6.72,-0.8093022877663687,0.527916136771593,Early Suppression Followed by Attenuation,continuous_full_curve,1.55
3,compound,13.5254725,-0.2028021700281868,-0.3926160801015046,-0.0129882599548691,19.554900000000004,6.72,-0.8093022877663687,0.527916136771593,Early Suppression Followed by Attenuation,continuous_full_curve,1.55
3,compound,13.60695125,-0.2022465605062658,-0.3927182101425425,-0.0117749108699892,19.554900000000004,6.72,-0.8093022877663687,0.527916136771593,Early Suppression Followed by Attenuation,continuous_full_curve,1.55
3,compound,13.68843,-0.2016696410983396,-0.3928504623827377,-0.0104888198139414,19.554900000000004,6.72,-0.8093022877663687,0.527916136771593,Early Suppression Followed by Attenuation,continuous_full_curve,1.55
3,compound,13.76990875,-0.2010717037206548,-0.3930130095696293,-0.0091303978716802,19.554900000000004,6.72,-0.8093022877663687,0.527916136771593,Early Suppression Followed by Attenuation,continuous_full_curve,1.55
3,compound,13.8513875,-0.2004530402894582,-0.3932060553330926,-0.0077000252458237,19.554900000000004,6.72,-0.8093022877663687,0.527916136771593,Early Suppression Followed by Attenuation,continuous_full_curve,1.55
3,compound,13.93286625,-0.1998139427209962,-0.3934298331329708,-0.0061980523090217,19.554900000000004,6.72,-0.8093022877663687,0.527916136771593,Early Suppression Followed by Attenuation,continuous_full_curve,1.55
3,compound,14.014345,-0.1991547029315158,-0.393684605242376,-0.0046248006206556,19.554900000000004,6.72,-0.8093022877663687,0.527916136771593,Early Suppression Followed by Attenuation,continuous_full_curve,1.55
3,compound,14.09582375,-0.1984756128372633,-0.3939706617637339,-0.0029805639107928,19.554900000000004,6.72,-0.8093022877663687,0.527916136771593,Early Suppression Followed by Attenuation,continuous_full_curve,1.55
3,compound,14.1773025,-0.1977769643544855,-0.3942883196747752,-0.0012656090341959,19.554900000000004,6.72,-0.8093022877663687,0.527916136771593,Early Suppression Followed by Attenuation,continuous_full_curve,1.55
3,compound,14.25878125,-0.1970590493994292,-0.3946379219017762,0.0005198231029178,19.554900000000004,6.72,-0.8093022877663687,0.527916136771593,Early Suppression Followed by Attenuation,continuous_full_curve,1.55
3,compound,14.34026,-0.1963221598883407,-0.3950198364174596,0.002375516640778,19.554900000000004,6.72,-0.8093022877663687,0.527916136771593,Early Suppression Followed by Attenuation,continuous_full_curve,1.55
3,compound,14.42173875,-0.195566587737467,-0.3954344553610631,0.0043012798861291,19.554900000000004,6.72,-0.8093022877663687,0.527916136771593,Early Suppression Followed by Attenuation,continuous_full_curve,1.55
3,compound,14.5032175,-0.1947926248630545,-0.3958821941781674,0.0062969444520583,19.554900000000004,6.72,-0.8093022877663687,0.527916136771593,Early Suppression Followed by Attenuation,continuous_full_curve,1.55
3,compound,14.58469625,-0.1940005631813499,-0.3963634907779624,0.0083623644152625,19.554900000000004,6.72,-0.8093022877663687,0.527916136771593,Early Suppression Followed by Attenuation,continuous_full_curve,1.55
3,compound,14.666175,-0.1931906946085998,-0.3968788047057068,0.010497415488507,19.554900000000004,6.72,-0.8093022877663687,0.527916136771593,Early Suppression Followed by Attenuation,continuous_full_curve,1.55
3,compound,14.74765375,-0.1923633110610511,-0.3974286163282075,0.0127019942061051,19.554900000000004,6.72,-0.8093022877663687,0.527916136771593,Early Suppression Followed by Attenuation,continuous_full_curve,1.55
3,compound,14.8291325,-0.1915187044549502,-0.3980134260302126,0.0149760171203122,19.554900000000004,6.72,-0.8093022877663687,0.527916136771593,Early Suppression Followed by Attenuation,continuous_full_curve,1.55
3,compound,14.91061125,-0.1906571667065438,-0.398633753419679,0.0173194200065913,19.554900000000004,6.72,-0.8093022877663687,0.527916136771593,Early Suppression Followed by Attenuation,continuous_full_curve,1.55
3,compound,14.99209,-0.1897789897320785,-0.3992901365399255,0.0197321570757683,19.554900000000004,6.72,-0.8093022877663687,0.527916136771593,Early Suppression Followed by Attenuation,continuous_full_curve,1.55
3,compound,15.07356875,-0.1888844654478011,-0.3999831310867489,0.0222142001911466,19.554900000000004,6.72,-0.8093022877663687,0.527916136771593,Early Suppression Followed by Attenuation,continuous_full_curve,1.55
3,compound,15.1550475,-0.1879738857699581,-0.4007133096286213,0.0247655380887051,19.554900000000004,6.72,-0.8093022877663687,0.527916136771593,Early Suppression Followed by Attenuation,continuous_full_curve,1.55
3,compound,15.21625,-0.1872795234704417,-0.4012865906632508,0.0267275437223672,19.554900000000004,6.72,-0.8093022877663687,0.527916136771593,Early Suppression Followed by Attenuation,continuous_full_curve,1.55
3,compound,15.23652625,-0.1870475426147962,-0.4014812608281464,0.0273861755985539,19.554900000000004,6.72,-0.8093022877663687,0.527916136771593,Early Suppression Followed by Attenuation,continuous_full_curve,1.55
3,compound,15.318005,-0.1861057278985621,-0.4022875886629871,0.0300761328658628,19.554900000000004,6.72,-0.8093022877663687,0.527916136771593,Early Suppression Followed by Attenuation,continuous_full_curve,1.55
3,compound,15.39948375,-0.1851487335375023,-0.4031329116445313,0.0328354445695267,19.554900000000004,6.72,-0.8093022877663687,0.527916136771593,Early Suppression Followed by Attenuation,continuous_full_curve,1.55
3,compound,15.4809625,-0.1841768514478636,-0.4040178620325953,0.0356641591368681,19.554900000000004,6.72,-0.8093022877663687,0.527916136771593,Early Suppression Followed by Attenuation,continuous_full_curve,1.55
3,compound,15.56244125,-0.1831903735458926,-0.4049430850445097,0.0385623379527245,19.554900000000004,6.72,-0.8093022877663687,0.527916136771593,Early Suppression Followed by Attenuation,continuous_full_curve,1.55
3,compound,15.64392,-0.1821895917478359,-0.4059092380569653,0.0415300545612935,19.554900000000004,6.72,-0.8093022877663687,0.527916136771593,Early Suppression Followed by Attenuation,continuous_full_curve,1.55
3,compound,15.72539875,-0.1811747979699401,-0.4069169897990379,0.0445673938591576,19.554900000000004,6.72,-0.8093022877663687,0.527916136771593,Early Suppression Followed by Attenuation,continuous_full_curve,1.55
3,compound,15.8068775,-0.180146284128452,-0.4079670195348407,0.0476744512779366,19.554900000000004,6.72,-0.8093022877663687,0.527916136771593,Early Suppression Followed by Attenuation,continuous_full_curve,1.55
3,compound,15.88835625,-0.1791043421396182,-0.4090600162342924,0.0508513319550559,19.554900000000004,6.72,-0.8093022877663687,0.527916136771593,Early Suppression Followed by Attenuation,continuous_full_curve,1.55
3,compound,15.969835,-0.1780492639196853,-0.4101966777305186,0.0540981498911479,19.554900000000004,6.72,-0.8093022877663687,0.527916136771593,Early Suppression Followed by Attenuation,continuous_full_curve,1.55
3,compound,16.05131375,-0.1769813413849,-0.4113777098624379,0.0574150270926379,19.554900000000004,6.72,-0.8093022877663687,0.527916136771593,Early Suppression Followed by Attenuation,continuous_full_curve,1.55
3,compound,16.1327925,-0.1759008664515087,-0.4126038256011198,0.0608020926981022,19.554900000000004,6.72,-0.8093022877663687,0.527916136771593,Early Suppression Followed by Attenuation,continuous_full_curve,1.55
3,compound,16.21427125,-0.1748081310357584,-0.4138757441585319,0.0642594820870149,19.554900000000004,6.72,-0.8093022877663687,0.527916136771593,Early Suppression Followed by Attenuation,continuous_full_curve,1.55
3,compound,16.29575,-0.1737034270538956,-0.415194190077324,0.0677873359695327,19.554900000000004,6.72,-0.8093022877663687,0.527916136771593,Early Suppression Followed by Attenuation,continuous_full_curve,1.55
3,compound,16.37722875,-0.172587046422167,-0.4165598923003399,0.0713857994560059,19.554900000000004,6.72,-0.8093022877663687,0.527916136771593,Early Suppression Followed by Attenuation,continuous_full_curve,1.55
3,compound,16.4587075,-0.1714592810568192,-0.4179735832185702,0.0750550211049318,19.554900000000004,6.72,-0.8093022877663687,0.527916136771593,Early Suppression Followed by Attenuation,continuous_full_curve,1.55
3,compound,16.54018625,-0.1703204228740987,-0.419435997696303,0.0787951519481055,19.554900000000004,6.72,-0.8093022877663687,0.527916136771593,Early Suppression Followed by Attenuation,continuous_full_curve,1.55
3,compound,16.621665,-0.1691707637902524,-0.4209478720722628,0.0826063444917579,19.554900000000004,6.72,-0.8093022877663687,0.527916136771593,Early Suppression Followed by Attenuation,continuous_full_curve,1.55
3,compound,16.70314375,-0.1680105957215268,-0.4225099431355665,0.0864887516925127,19.554900000000004,6.72,-0.8093022877663687,0.527916136771593,Early Suppression Followed by Attenuation,continuous_full_curve,1.55
3,compound,16.7846225,-0.1668402105841686,-0.4241229470753596,0.0904425259070224,19.554900000000004,6.72,-0.8093022877663687,0.527916136771593,Early Suppression Followed by Attenuation,continuous_full_curve,1.55
3,compound,16.86610125,-0.1656599002944244,-0.4257876184030487,0.0944678178141998,19.554900000000004,6.72,-0.8093022877663687,0.527916136771593,Early Suppression Followed by Attenuation,continuous_full_curve,1.55
3,compound,16.94758,-0.1644699567685409,-0.427504688846073,0.0985647753089911,19.554900000000004,6.72,-0.8093022877663687,0.527916136771593,Early Suppression Followed by Attenuation,continuous_full_curve,1.55
3,compound,17.02905875,-0.1632706719227646,-0.4292748862122195,0.1027335423666901,19.554900000000004,6.72,-0.8093022877663687,0.527916136771593,Early Suppression Followed by Attenuation,continuous_full_curve,1.55
3,compound,17.1105375,-0.1620623376733424,-0.4310989332235182,0.1069742578768333,19.554900000000004,6.72,-0.8093022877663687,0.527916136771593,Early Suppression Followed by Attenuation,continuous_full_curve,1.55
3,compound,17.19201625,-0.1608452459365207,-0.4329775463188185,0.1112870544457769,19.554900000000004,6.72,-0.8093022877663687,0.527916136771593,Early Suppression Followed by Attenuation,continuous_full_curve,1.55
3,compound,17.273495,-0.1596196886285464,-0.4349114344241874,0.1156720571670946,19.554900000000004,6.72,-0.8093022877663687,0.527916136771593,Early Suppression Followed by Attenuation,continuous_full_curve,1.55
3,compound,17.35497375,-0.1583859576656659,-0.4369012976903389,0.120129382359007,19.554900000000004,6.72,-0.8093022877663687,0.527916136771593,Early Suppression Followed by Attenuation,continuous_full_curve,1.55
3,compound,17.4364525,-0.157144344964126,-0.43894782619635,0.1246591362680979,19.554900000000004,6.72,-0.8093022877663687,0.527916136771593,Early Suppression Followed by Attenuation,continuous_full_curve,1.55
3,compound,17.51793125,-0.1558951424401733,-0.4410516986189923,0.1292614137386456,19.554900000000004,6.72,-0.8093022877663687,0.527916136771593,Early Suppression Followed by Attenuation,continuous_full_curve,1.55
3,compound,17.59941,-0.1546386420100544,-0.4432135808670699,0.1339362968469611,19.554900000000004,6.72,-0.8093022877663687,0.527916136771593,Early Suppression Followed by Attenuation,continuous_full_curve,1.55
3,compound,17.68088875,-0.1533751355900159,-0.445434124680219,0.138683853500187,19.554900000000004,6.72,-0.8093022877663687,0.527916136771593,Early Suppression Followed by Attenuation,continuous_full_curve,1.55
3,compound,17.7623675,-0.1521049150963047,-0.447713966191707,0.1435041359990975,19.554900000000004,6.72,-0.8093022877663687,0.527916136771593,Early Suppression Followed by Attenuation,continuous_full_curve,1.55
3,compound,17.84384625,-0.1508282724451672,-0.450053724454844,0.1483971795645094,19.554900000000004,6.72,-0.8093022877663687,0.527916136771593,Early Suppression Followed by Attenuation,continuous_full_curve,1.55
3,compound,17.925325,-0.1495454995528501,-0.4524539999326929,0.1533630008269925,19.554900000000004,6.72,-0.8093022877663687,0.527916136771593,Early Suppression Followed by Attenuation,continuous_full_curve,1.55
3,compound,18.00680375,-0.1482568883356002,-0.4549153729508671,0.1584015962796667,19.554900000000004,6.72,-0.8093022877663687,0.527916136771593,Early Suppression Followed by Attenuation,continuous_full_curve,1.55
3,compound,18.0882825,-0.1469627307096639,-0.4574384021132814,0.1635129406939534,19.554900000000004,6.72,-0.8093022877663687,0.527916136771593,Early Suppression Followed by Attenuation,continuous_full_curve,1.55
3,compound,18.16976125,-0.145663318591288,-0.4600236226808197,0.1686969854982436,19.554900000000004,6.72,-0.8093022877663687,0.527916136771593,Early Suppression Followed by Attenuation,continuous_full_curve,1.55
3,compound,18.25124,-0.1443589438967191,-0.4626715449129954,0.173953657119557,19.554900000000004,6.72,-0.8093022877663687,0.527916136771593,Early Suppression Followed by Attenuation,continuous_full_curve,1.55
3,compound,18.33271875,-0.1430498985422039,-0.4653826523727684,0.1792828552883605,19.554900000000004,6.72,-0.8093022877663687,0.527916136771593,Early Suppression Followed by Attenuation,continuous_full_curve,1.55
3,compound,18.4141975,-0.141736474443989,-0.4681574001948048,0.1846844513068267,19.554900000000004,6.72,-0.8093022877663687,0.527916136771593,Early Suppression Followed by Attenuation,continuous_full_curve,1.55
3,compound,18.49567625,-0.140418963518321,-0.470996213317578,0.1901582862809359,19.554900000000004,6.72,-0.8093022877663687,0.527916136771593,Early Suppression Followed by Attenuation,continuous_full_curve,1.55
3,compound,18.577155,-0.1390976576814466,-0.473899484679832,0.1957041693169387,19.554900000000004,6.72,-0.8093022877663687,0.527916136771593,Early Suppression Followed by Attenuation,continuous_full_curve,1.55
3,compound,18.65863375,-0.1377728488496125,-0.4768675733820464,0.2013218756828213,19.554900000000004,6.72,-0.8093022877663687,0.527916136771593,Early Suppression Followed by Attenuation,continuous_full_curve,1.55
3,compound,18.7401125,-0.1364448289390653,-0.4799008028136911,0.2070111449355605,19.554900000000004,6.72,-0.8093022877663687,0.527916136771593,Early Suppression Followed by Attenuation,continuous_full_curve,1.55
3,compound,18.82159125,-0.1351138898660515,-0.482999458747173,0.2127716790150698,19.554900000000004,6.72,-0.8093022877663687,0.527916136771593,Early Suppression Followed by Attenuation,continuous_full_curve,1.55
3,compound,18.90307,-0.133780323546818,-0.4861637873995397,0.2186031403059036,19.554900000000004,6.72,-0.8093022877663687,0.527916136771593,Early Suppression Followed by Attenuation,continuous_full_curve,1.55
3,compound,18.98454875,-0.1324444218976113,-0.4893939934631427,0.2245051496679199,19.554900000000004,6.72,-0.8093022877663687,0.527916136771593,Early Suppression Followed by Attenuation,continuous_full_curve,1.55
3,compound,19.0660275,-0.1311064768346781,-0.4926902381066158,0.2304772844372595,19.554900000000004,6.72,-0.8093022877663687,0.527916136771593,Early Suppression Followed by Attenuation,continuous_full_curve,1.55
3,compound,19.14750625,-0.129766780274265,-0.4960526369476865,0.2365190763991564,19.554900000000004,6.72,-0.8093022877663687,0.527916136771593,Early Suppression Followed by Attenuation,continuous_full_curve,1.55
3,compound,19.228985,-0.1284256241326187,-0.4994812579995023,0.2426300097342649,19.554900000000004,6.72,-0.8093022877663687,0.527916136771593,Early Suppression Followed by Attenuation,continuous_full_curve,1.55
3,compound,19.31046375,-0.1270833003259858,-0.5029761195923173,0.2488095189403456,19.554900000000004,6.72,-0.8093022877663687,0.527916136771593,Early Suppression Followed by Attenuation,continuous_full_curve,1.55
3,compound,19.3919425,-0.1257401007706129,-0.5065371882725676,0.2550569867313416,19.554900000000004,6.72,-0.8093022877663687,0.527916136771593,Early Suppression Followed by Attenuation,continuous_full_curve,1.55
3,compound,19.47342125,-0.1243963173827468,-0.5101643766815326,0.2613717419160389,19.554900000000004,6.72,-0.8093022877663687,0.527916136771593,Early Suppression Followed by Attenuation,continuous_full_curve,1.55
3,compound,19.5549,-0.123052242078634,-0.5138575414159734,0.2677530572587053,19.554900000000004,6.72,-0.8093022877663687,0.527916136771593,Early Suppression Followed by Attenuation,continuous_full_curve,1.55
3,day,0.0,0.0,0.0,0.0,15.560000000000258,7.94000000000001,-1.094479585940848,0.6524953577209243,Early Suppression Followed by Attenuation,continuous_full_curve,1.7603809510177737
3,day,0.0648333333333344,-0.0037582409978557,-0.0328891932407483,0.0253727112450368,15.560000000000258,7.94000000000001,-1.094479585940848,0.6524953577209243,Early Suppression Followed by Attenuation,continuous_full_curve,1.7603809510177737
3,day,0.129666666666669,-0.0075151212539957,-0.0380923076394682,0.0230620651314767,15.560000000000258,7.94000000000001,-1.094479585940848,0.6524953577209243,Early Suppression Followed by Attenuation,continuous_full_curve,1.7603809510177737
3,day,0.194500000000003,-0.0112692800267043,-0.0433633640291778,0.0208248039757691,15.560000000000258,7.94000000000001,-1.094479585940848,0.6524953577209243,Early Suppression Followed by Attenuation,continuous_full_curve,1.7603809510177737
3,day,0.259333333333338,-0.0150193565742659,-0.0487038008830592,0.0186650877345272,15.560000000000258,7.94000000000001,-1.094479585940848,0.6524953577209243,Early Suppression Followed by Attenuation,continuous_full_curve,1.7603809510177737
3,day,0.324166666666672,-0.0187639901549646,-0.054115098922373,0.0165871186124436,15.560000000000258,7.94000000000001,-1.094479585940848,0.6524953577209243,Early Suppression Followed by Attenuation,continuous_full_curve,1.7603809510177737
3,day,0.389000000000006,-0.0225018200270849,-0.0595987743411792,0.0145951342870094,15.560000000000258,7.94000000000001,-1.094479585940848,0.6524953577209243,Early Suppression Followed by Attenuation,continuous_full_curve,1.7603809510177737
3,day,0.453833333333341,-0.026231485448911,-0.0651563711645931,0.012693400266771,15.560000000000258,7.94000000000001,-1.094479585940848,0.6524953577209243,Early Suppression Followed by Attenuation,continuous_full_curve,1.7603809510177737
3,day,0.518666666666675,-0.0299516256787272,-0.0707894526928883,0.0108862013354338,15.560000000000258,7.94000000000001,-1.094479585940848,0.6524953577209243,Early Suppression Followed by Attenuation,continuous_full_curve,1.7603809510177737
3,day,0.58350000000001,-0.0336608799748178,-0.0764995919850689,0.0091778320354332,15.560000000000258,7.94000000000001,-1.094479585940848,0.6524953577209243,Early Suppression Followed by Attenuation,continuous_full_curve,1.7603809510177737
3,day,0.648333333333344,-0.0373578875954672,-0.0822883613374146,0.0075725861464801,15.560000000000258,7.94000000000001,-1.094479585940848,0.6524953577209243,Early Suppression Followed by Attenuation,continuous_full_curve,1.7603809510177737
3,day,0.713166666666679,-0.0410412877989596,-0.0881573207150258,0.0060747451171064,15.560000000000258,7.94000000000001,-1.094479585940848,0.6524953577209243,Early Suppression Followed by Attenuation,continuous_full_curve,1.7603809510177737
3,day,0.778000000000013,-0.0447097198435793,-0.094108005097606,0.0046885654104473,15.560000000000258,7.94000000000001,-1.094479585940848,0.6524953577209243,Early Suppression Followed by Attenuation,continuous_full_curve,1.7603809510177737
3,day,0.842833333333347,-0.0483618229876106,-0.1001419107046714,0.00341826472945,15.560000000000258,7.94000000000001,-1.094479585940848,0.6524953577209243,Early Suppression Followed by Attenuation,continuous_full_curve,1.7603809510177737
3,day,0.907666666666682,-0.051996236489338,-0.1062604800701346,0.0022680070914585,15.560000000000258,7.94000000000001,-1.094479585940848,0.6524953577209243,Early Suppression Followed by Attenuation,continuous_full_curve,1.7603809510177737
3,day,0.972500000000016,-0.0556115996070455,-0.1124650859418187,0.0012418867277276,15.560000000000258,7.94000000000001,-1.094479585940848,0.6524953577209243,Early Suppression Followed by Attenuation,continuous_full_curve,1.7603809510177737
3,day,1.03733333333335,-0.0592065515990176,-0.1187570139879681,0.0003439107899328,15.560000000000258,7.94000000000001,-1.094479585940848,0.6524953577209243,Early Suppression Followed by Attenuation,continuous_full_curve,1.7603809510177737
3,day,1.10216666666669,-0.0627797317235388,-0.1251374443002759,-0.0004220191468017,15.560000000000258,7.94000000000001,-1.094479585940848,0.6524953577209243,Early Suppression Followed by Attenuation,continuous_full_curve,1.7603809510177737
3,day,1.16700000000002,-0.0663297792388927,-0.1316074316913897,-0.0010521267863956,15.560000000000258,7.94000000000001,-1.094479585940848,0.6524953577209243,Early Suppression Followed by Attenuation,continuous_full_curve,1.7603809510177737
3,day,1.23183333333335,-0.069855333403364,-0.1381678847943254,-0.0015427820124026,15.560000000000258,7.94000000000001,-1.094479585940848,0.6524953577209243,Early Suppression Followed by Attenuation,continuous_full_curve,1.7603809510177737
3,day,1.29666666666669,-0.0733550334752376,-0.1448195439816958,-0.0018905229687794,15.560000000000258,7.94000000000001,-1.094479585940848,0.6524953577209243,Early Suppression Followed by Attenuation,continuous_full_curve,1.7603809510177737
3,day,1.32,-0.0746079768989737,-0.1472358885533923,-0.0019800652445552,15.560000000000258,7.94000000000001,-1.094479585940848,0.6524953577209243,Early Suppression Followed by Attenuation,continuous_full_curve,1.7603809510177737
3,day,1.36150000000002,-0.0768275187127967,-0.1515629581342301,-0.0020920792913633,15.560000000000258,7.94000000000001,-1.094479585940848,0.6524953577209243,Early Suppression Followed by Attenuation,continuous_full_curve,1.7603809510177737
3,day,1.42633333333336,-0.0802714283743268,-0.1583984603006759,-0.0021443964479776,15.560000000000258,7.94000000000001,-1.094479585940848,0.6524953577209243,Early Suppression Followed by Attenuation,continuous_full_curve,1.7603809510177737
3,day,1.49116666666669,-0.0836854017181109,-0.1653261423047866,-0.0020446611314352,15.560000000000258,7.94000000000001,-1.094479585940848,0.6524953577209243,Early Suppression Followed by Attenuation,continuous_full_curve,1.7603809510177737
3,day,1.55600000000003,-0.0870680780024346,-0.1723458283698311,-0.001790327635038,15.560000000000258,7.94000000000001,-1.094479585940848,0.6524953577209243,Early Suppression Followed by Attenuation,continuous_full_curve,1.7603809510177737
3,day,1.62083333333336,-0.090418096485581,-0.1794570478466363,-0.0013791451245257,15.560000000000258,7.94000000000001,-1.094479585940848,0.6524953577209243,Early Suppression Followed by Attenuation,continuous_full_curve,1.7603809510177737
3,day,1.68566666666669,-0.093734096425835,-0.1866590071478115,-0.0008091857038584,15.560000000000258,7.94000000000001,-1.094479585940848,0.6524953577209243,Early Suppression Followed by Attenuation,continuous_full_curve,1.7603809510177737
3,day,1.75050000000003,-0.0970147170814813,-0.1939505610081376,-7.88731548251459e-05,15.560000000000258,7.94000000000001,-1.094479585940848,0.6524953577209243,Early Suppression Followed by Attenuation,continuous_full_curve,1.7603809510177737
3,day,1.81533333333336,-0.1002585977108034,-0.2013301832092801,0.0008129877876731,15.560000000000258,7.94000000000001,-1.094479585940848,0.6524953577209243,Early Suppression Followed by Attenuation,continuous_full_curve,1.7603809510177737
3,day,1.8801666666667,-0.1034643775720865,-0.2087959369257414,0.0018671817815684,15.560000000000258,7.94000000000001,-1.094479585940848,0.6524953577209243,Early Suppression Followed by Attenuation,continuous_full_curve,1.7603809510177737
3,day,1.94500000000003,-0.1066306959236138,-0.2163454448681426,0.0030840530209148,15.560000000000258,7.94000000000001,-1.094479585940848,0.6524953577209243,Early Suppression Followed by Attenuation,continuous_full_curve,1.7603809510177737
3,day,2.00983333333337,-0.1097561920236708,-0.223975859419514,0.0044634753721724,15.560000000000258,7.94000000000001,-1.094479585940848,0.6524953577209243,Early Suppression Followed by Attenuation,continuous_full_curve,1.7603809510177737
3,day,2.0746666666667,-0.1128395051305406,-0.2316838329798272,0.006004822718746,15.560000000000258,7.94000000000001,-1.094479585940848,0.6524953577209243,Early Suppression Followed by Attenuation,continuous_full_curve,1.7603809510177737
3,day,2.13950000000004,-0.1158792745025085,-0.2394654887535908,0.0077069397485736,15.560000000000258,7.94000000000001,-1.094479585940848,0.6524953577209243,Early Suppression Followed by Attenuation,continuous_full_curve,1.7603809510177737
3,day,2.20433333333337,-0.1188741393978581,-0.2473163922344168,0.0095681134387005,15.560000000000258,7.94000000000001,-1.094479585940848,0.6524953577209243,Early Suppression Followed by Attenuation,continuous_full_curve,1.7603809510177737
3,day,2.2691666666667,-0.1218227390748739,-0.2552315236590791,0.0115860455093311,15.560000000000258,7.94000000000001,-1.094479585940848,0.6524953577209243,Early Suppression Followed by Attenuation,continuous_full_curve,1.7603809510177737
3,day,2.33400000000004,-0.1247237127918408,-0.2632052517211459,0.0137578261374641,15.560000000000258,7.94000000000001,-1.094479585940848,0.6524953577209243,Early Suppression Followed by Attenuation,continuous_full_curve,1.7603809510177737
3,day,2.39883333333337,-0.1275756998070422,-0.2712313088507155,0.016079909236631,15.560000000000258,7.94000000000001,-1.094479585940848,0.6524953577209243,Early Suppression Followed by Attenuation,continuous_full_curve,1.7603809510177737
3,day,2.46366666666671,-0.1303773393787633,-0.2793027683816427,0.0185480896241161,15.560000000000258,7.94000000000001,-1.094479585940848,0.6524953577209243,Early Suppression Followed by Attenuation,continuous_full_curve,1.7603809510177737
3,day,2.52850000000004,-0.1331272707652873,-0.2874120239405511,0.0211574824099763,15.560000000000258,7.94000000000001,-1.094479585940848,0.6524953577209243,Early Suppression Followed by Attenuation,continuous_full_curve,1.7603809510177737
3,day,2.59333333333338,-0.1358241332248997,-0.2955507714027103,0.0239025049529108,15.560000000000258,7.94000000000001,-1.094479585940848,0.6524953577209243,Early Suppression Followed by Attenuation,continuous_full_curve,1.7603809510177737
3,day,2.65816666666671,-0.1384665660158838,-0.303709993767841,0.0267768617360733,15.560000000000258,7.94000000000001,-1.094479585940848,0.6524953577209243,Early Suppression Followed by Attenuation,continuous_full_curve,1.7603809510177737
3,day,2.72300000000005,-0.1410532083965247,-0.3118799493140912,0.0297735325210418,15.560000000000258,7.94000000000001,-1.094479585940848,0.6524953577209243,Early Suppression Followed by Attenuation,continuous_full_curve,1.7603809510177737
3,day,2.78783333333338,-0.1435826996251059,-0.3200501633900565,0.0328847641398446,15.560000000000258,7.94000000000001,-1.094479585940848,0.6524953577209243,Early Suppression Followed by Attenuation,continuous_full_curve,1.7603809510177737
3,day,2.85266666666671,-0.1460536789599121,-0.328209424202791,0.0361020662829666,15.560000000000258,7.94000000000001,-1.094479585940848,0.6524953577209243,Early Suppression Followed by Attenuation,continuous_full_curve,1.7603809510177737
3,day,2.86999999999998,-0.1467042136795328,-0.3303874520630545,0.0369790247039888,15.560000000000258,7.94000000000001,-1.094479585940848,0.6524953577209243,Early Suppression Followed by Attenuation,continuous_full_curve,1.7603809510177737
3,day,2.91750000000005,-0.1484649351885576,-0.3363462681700404,0.0394163977929251,15.560000000000258,7.94000000000001,-1.094479585940848,0.6524953577209243,Early Suppression Followed by Attenuation,continuous_full_curve,1.7603809510177737
3,day,2.98233333333338,-0.1508166367318037,-0.344453112334928,0.0428198388713205,15.560000000000258,7.94000000000001,-1.094479585940848,0.6524953577209243,Early Suppression Followed by Attenuation,continuous_full_curve,1.7603809510177737
3,day,3.04716666666672,-0.1531096969316875,-0.3525245932324584,0.0463051993690832,15.560000000000258,7.94000000000001,-1.094479585940848,0.6524953577209243,Early Suppression Followed by Attenuation,continuous_full_curve,1.7603809510177737
3,day,3.11200000000005,-0.1553450363961847,-0.3605552945718817,0.0498652217795123,15.560000000000258,7.94000000000001,-1.094479585940848,0.6524953577209243,Early Suppression Followed by Attenuation,continuous_full_curve,1.7603809510177737
3,day,3.17683333333339,-0.1575235757332725,-0.3685397426579598,0.0534925911914147,15.560000000000258,7.94000000000001,-1.094479585940848,0.6524953577209243,Early Suppression Followed by Attenuation,continuous_full_curve,1.7603809510177737
3,day,3.24166666666672,-0.159646235550927,-0.3764724250415241,0.05717995393967,15.560000000000258,7.94000000000001,-1.094479585940848,0.6524953577209243,Early Suppression Followed by Attenuation,continuous_full_curve,1.7603809510177737
3,day,3.30650000000006,-0.1617139364571252,-0.3843478092307241,0.0609199363164737,15.560000000000258,7.94000000000001,-1.094479585940848,0.6524953577209243,Early Suppression Followed by Attenuation,continuous_full_curve,1.7603809510177737
3,day,3.37133333333339,-0.163727599059843,-0.3921603613758282,0.064705163256142,15.560000000000258,7.94000000000001,-1.094479585940848,0.6524953577209243,Early Suppression Followed by Attenuation,continuous_full_curve,1.7603809510177737
3,day,3.43616666666672,-0.1656881439670575,-0.3999045648420254,0.0685282769079104,15.560000000000258,7.94000000000001,-1.094479585940848,0.6524953577209243,Early Suppression Followed by Attenuation,continuous_full_curve,1.7603809510177737
3,day,3.50100000000006,-0.1675964917867452,-0.4075749385866426,0.0723819550131521,15.560000000000258,7.94000000000001,-1.094479585940848,0.6524953577209243,Early Suppression Followed by Attenuation,continuous_full_curve,1.7603809510177737
3,day,3.56583333333339,-0.1694535631268824,-0.4151660552597781,0.0762589290060133,15.560000000000258,7.94000000000001,-1.094479585940848,0.6524953577209243,Early Suppression Followed by Attenuation,continuous_full_curve,1.7603809510177737
3,day,3.63066666666673,-0.1712602785954459,-0.42267255895036,0.0801520017594681,15.560000000000258,7.94000000000001,-1.094479585940848,0.6524953577209243,Early Suppression Followed by Attenuation,continuous_full_curve,1.7603809510177737
3,day,3.69550000000006,-0.1730175588004119,-0.4300891825030479,0.084054064902224,15.560000000000258,7.94000000000001,-1.094479585940848,0.6524953577209243,Early Suppression Followed by Attenuation,continuous_full_curve,1.7603809510177737
3,day,3.7603333333334,-0.1747263243497575,-0.4374107643353054,0.0879581156357903,15.560000000000258,7.94000000000001,-1.094479585940848,0.6524953577209243,Early Suppression Followed by Attenuation,continuous_full_curve,1.7603809510177737
3,day,3.82516666666673,-0.1763874958514586,-0.4446322646881012,0.0918572729851839,15.560000000000258,7.94000000000001,-1.094479585940848,0.6524953577209243,Early Suppression Followed by Attenuation,continuous_full_curve,1.7603809510177737
3,day,3.89000000000006,-0.178001993913492,-0.4517487812482983,0.0957447934213142,15.560000000000258,7.94000000000001,-1.094479585940848,0.6524953577209243,Early Suppression Followed by Attenuation,continuous_full_curve,1.7603809510177737
3,day,3.9548333333334,-0.1795707391438347,-0.4587555640855086,0.0996140857978392,15.560000000000258,7.94000000000001,-1.094479585940848,0.6524953577209243,Early Suppression Followed by Attenuation,continuous_full_curve,1.7603809510177737
3,day,4.01966666666673,-0.1810946521504625,-0.4656480298512748,0.1034587255503498,15.560000000000258,7.94000000000001,-1.094479585940848,0.6524953577209243,Early Suppression Followed by Attenuation,continuous_full_curve,1.7603809510177737
3,day,4.08450000000007,-0.1825746535413525,-0.4724217751936401,0.107272468110935,15.560000000000258,7.94000000000001,-1.094479585940848,0.6524953577209243,Early Suppression Followed by Attenuation,continuous_full_curve,1.7603809510177737
3,day,4.1493333333334,-0.1840116639244809,-0.4790725893454967,0.1110492614965348,15.560000000000258,7.94000000000001,-1.094479585940848,0.6524953577209243,Early Suppression Followed by Attenuation,continuous_full_curve,1.7603809510177737
3,day,4.21416666666674,-0.1854066039078246,-0.4855964658506162,0.114783258034967,15.560000000000258,7.94000000000001,-1.094479585940848,0.6524953577209243,Early Suppression Followed by Attenuation,continuous_full_curve,1.7603809510177737
3,day,4.27900000000007,-0.1867603940993597,-0.4919896133967182,0.1184688251979987,15.560000000000258,7.94000000000001,-1.094479585940848,0.6524953577209243,Early Suppression Followed by Attenuation,continuous_full_curve,1.7603809510177737
3,day,4.34383333333341,-0.1880739551070631,-0.4982484657305285,0.1221005555164021,15.560000000000258,7.94000000000001,-1.094479585940848,0.6524953577209243,Early Suppression Followed by Attenuation,continuous_full_curve,1.7603809510177737
3,day,4.40866666666674,-0.1893482075389111,-0.5043696906352273,0.1256732755574048,15.560000000000258,7.94000000000001,-1.094479585940848,0.6524953577209243,Early Suppression Followed by Attenuation,continuous_full_curve,1.7603809510177737
3,day,4.47350000000007,-0.1905840720028804,-0.5103501979561914,0.1291820539504304,15.560000000000258,7.94000000000001,-1.094479585940848,0.6524953577209243,Early Suppression Followed by Attenuation,continuous_full_curve,1.7603809510177737
3,day,4.53833333333341,-0.1917824691069478,-0.5161871466662427,0.132622208452347,15.560000000000258,7.94000000000001,-1.094479585940848,0.6524953577209243,Early Suppression Followed by Attenuation,continuous_full_curve,1.7603809510177737
3,day,4.60316666666674,-0.1929443194590892,-0.5218779509668527,0.1359893120486741,15.560000000000258,7.94000000000001,-1.094479585940848,0.6524953577209243,Early Suppression Followed by Attenuation,continuous_full_curve,1.7603809510177737
3,day,4.66800000000008,-0.1940705436672818,-0.5274202854268335,0.1392791980922698,15.560000000000258,7.94000000000001,-1.094479585940848,0.6524953577209243,Early Suppression Followed by Attenuation,continuous_full_curve,1.7603809510177737
3,day,4.73283333333341,-0.1951620623395017,-0.5328120891648619,0.1424879644858584,15.560000000000258,7.94000000000001,-1.094479585940848,0.6524953577209243,Early Suppression Followed by Attenuation,continuous_full_curve,1.7603809510177737
3,day,4.79766666666675,-0.1962197960837258,-0.5380515690869034,0.1456119769194517,15.560000000000258,7.94000000000001,-1.094479585940848,0.6524953577209243,Early Suppression Followed by Attenuation,continuous_full_curve,1.7603809510177737
3,day,4.86250000000008,-0.1972446655079302,-0.5431372021939561,0.1486478711780956,15.560000000000258,7.94000000000001,-1.094479585940848,0.6524953577209243,Early Suppression Followed by Attenuation,continuous_full_curve,1.7603809510177737
3,day,4.92733333333342,-0.1982375912200919,-0.5480677369797534,0.1515925545395695,15.560000000000258,7.94000000000001,-1.094479585940848,0.6524953577209243,Early Suppression Followed by Attenuation,continuous_full_curve,1.7603809510177737
3,day,4.99216666666675,-0.1991994938281871,-0.5528421939418837,0.1544432062855094,15.560000000000258,7.94000000000001,-1.094479585940848,0.6524953577209243,Early Suppression Followed by Attenuation,continuous_full_curve,1.7603809510177737
3,day,5.05700000000008,-0.2001312939401925,-0.557459865233447,0.157197277353062,15.560000000000258,7.94000000000001,-1.094479585940848,0.6524953577209243,Early Suppression Followed by Attenuation,continuous_full_curve,1.7603809510177737
3,day,5.12183333333342,-0.2010339121640847,-0.5619203134856062,0.1598524891574367,15.560000000000258,7.94000000000001,-1.094479585940848,0.6524953577209243,Early Suppression Followed by Attenuation,continuous_full_curve,1.7603809510177737
3,day,5.18666666666675,-0.2019082691078401,-0.5662233698344085,0.1624068316187282,15.560000000000258,7.94000000000001,-1.094479585940848,0.6524953577209243,Early Suppression Followed by Attenuation,continuous_full_curve,1.7603809510177737
3,day,5.25150000000009,-0.2027552853794355,-0.570369131187932,0.1648585604290609,15.560000000000258,7.94000000000001,-1.094479585940848,0.6524953577209243,Early Suppression Followed by Attenuation,continuous_full_curve,1.7603809510177737
3,day,5.31633333333342,-0.2035758815868471,-0.574357956772137,0.1672061935984427,15.560000000000258,7.94000000000001,-1.094479585940848,0.6524953577209243,Early Suppression Followed by Attenuation,continuous_full_curve,1.7603809510177737
3,day,5.38,-0.2043568906115213,-0.5781228750131551,0.1694090937901123,15.560000000000258,7.94000000000001,-1.094479585940848,0.6524953577209243,Early Suppression Followed by Attenuation,continuous_full_curve,1.7603809510177737
3,day,5.38116666666676,-0.2043709783380518,-0.5781904639958857,0.1694485073197819,15.560000000000258,7.94000000000001,-1.094479585940848,0.6524953577209243,Early Suppression Followed by Attenuation,continuous_full_curve,1.7603809510177737
3,day,5.44600000000009,-0.2051414962410258,-0.5818675236772839,0.1715845311952321,15.560000000000258,7.94000000000001,-1.094479585940848,0.6524953577209243,Early Suppression Followed by Attenuation,continuous_full_curve,1.7603809510177737
3,day,5.51083333333343,-0.205888355903746,-0.5853902546749453,0.1736135428674533,15.560000000000258,7.94000000000001,-1.094479585940848,0.6524953577209243,Early Suppression Followed by Attenuation,continuous_full_curve,1.7603809510177737
3,day,5.57566666666676,-0.2066124779341886,-0.5887600179688723,0.1755350621004951,15.560000000000258,7.94000000000001,-1.094479585940848,0.6524953577209243,Early Suppression Followed by Attenuation,continuous_full_curve,1.7603809510177737
3,day,5.64050000000009,-0.2073147829403303,-0.5919784102364845,0.1773488443558237,15.560000000000258,7.94000000000001,-1.094479585940848,0.6524953577209243,Early Suppression Followed by Attenuation,continuous_full_curve,1.7603809510177737
3,day,5.70533333333343,-0.2079961915301478,-0.5950472569698462,0.1790548739095506,15.560000000000258,7.94000000000001,-1.094479585940848,0.6524953577209243,Early Suppression Followed by Attenuation,continuous_full_curve,1.7603809510177737
3,day,5.77016666666676,-0.2086576243116174,-0.5979686051804187,0.1806533565571839,15.560000000000258,7.94000000000001,-1.094479585940848,0.6524953577209243,Early Suppression Followed by Attenuation,continuous_full_curve,1.7603809510177737
3,day,5.8350000000001,-0.2093000018927158,-0.6007447157376662,0.1821447119522344,15.560000000000258,7.94000000000001,-1.094479585940848,0.6524953577209243,Early Suppression Followed by Attenuation,continuous_full_curve,1.7603809510177737
3,day,5.89983333333343,-0.2099242448814195,-0.603378055387584,0.1835295656247449,15.560000000000258,7.94000000000001,-1.094479585940848,0.6524953577209243,Early Suppression Followed by Attenuation,continuous_full_curve,1.7603809510177737
3,day,5.96466666666677,-0.210531273885705,-0.6058712884967746,0.1848087407253644,15.560000000000258,7.94000000000001,-1.094479585940848,0.6524953577209243,Early Suppression Followed by Attenuation,continuous_full_curve,1.7603809510177737
3,day,6.0295000000001,-0.2111220095135489,-0.6082272685669766,0.1859832495398787,15.560000000000258,7.94000000000001,-1.094479585940848,0.6524953577209243,Early Suppression Followed by Attenuation,continuous_full_curve,1.7603809510177737
3,day,6.09433333333343,-0.2116973723729277,-0.6104490295640933,0.1870542848182377,15.560000000000258,7.94000000000001,-1.094479585940848,0.6524953577209243,Early Suppression Followed by Attenuation,continuous_full_curve,1.7603809510177737
3,day,6.15916666666677,-0.2122582830718181,-0.6125397771046831,0.1880232109610468,15.560000000000258,7.94000000000001,-1.094479585940848,0.6524953577209243,Early Suppression Followed by Attenuation,continuous_full_curve,1.7603809510177737
3,day,6.2240000000001,-0.2128056622181964,-0.6145028795416511,0.1888915551052582,15.560000000000258,7.94000000000001,-1.094479585940848,0.6524953577209243,Early Suppression Followed by Attenuation,continuous_full_curve,1.7603809510177737
3,day,6.28883333333344,-0.2133404304200395,-0.6163418589895094,0.1896609981494304,15.560000000000258,7.94000000000001,-1.094479585940848,0.6524953577209243,Early Suppression Followed by Attenuation,continuous_full_curve,1.7603809510177737
3,day,6.35366666666677,-0.2138635082853234,-0.6180603823280522,0.1903333657574051,15.560000000000258,7.94000000000001,-1.094479585940848,0.6524953577209243,Early Suppression Followed by Attenuation,continuous_full_curve,1.7603809510177737
3,day,6.41850000000011,-0.2143758164220252,-0.6196622522217032,0.1909106193776527,15.560000000000258,7.94000000000001,-1.094479585940848,0.6524953577209243,Early Suppression Followed by Attenuation,continuous_full_curve,1.7603809510177737
3,day,6.48333333333344,-0.2148782754381211,-0.6211513981900488,0.1913948473138065,15.560000000000258,7.94000000000001,-1.094479585940848,0.6524953577209243,Early Suppression Followed by Attenuation,continuous_full_curve,1.7603809510177737
3,day,6.54816666666678,-0.2153718059415879,-0.6225318677633164,0.1917882558801406,15.560000000000258,7.94000000000001,-1.094479585940848,0.6524953577209243,Early Suppression Followed by Attenuation,continuous_full_curve,1.7603809510177737
3,day,6.61300000000011,-0.2158573285404018,-0.6238078177546762,0.1920931606738724,15.560000000000258,7.94000000000001,-1.094479585940848,0.6524953577209243,Early Suppression Followed by Attenuation,continuous_full_curve,1.7603809510177737
3,day,6.67783333333344,-0.2163357638425397,-0.6249835056793784,0.192311977994299,15.560000000000258,7.94000000000001,-1.094479585940848,0.6524953577209243,Early Suppression Followed by Attenuation,continuous_full_curve,1.7603809510177737
3,day,6.74266666666678,-0.216808032455978,-0.6260632813487884,0.1924472164368323,15.560000000000258,7.94000000000001,-1.094479585940848,0.6524953577209243,Early Suppression Followed by Attenuation,continuous_full_curve,1.7603809510177737
3,day,6.80750000000011,-0.2172750549886931,-0.6270515786654521,0.1925014686880657,15.560000000000258,7.94000000000001,-1.094479585940848,0.6524953577209243,Early Suppression Followed by Attenuation,continuous_full_curve,1.7603809510177737
3,day,6.87233333333345,-0.2177377520486619,-0.6279529076433784,0.1924774035460545,15.560000000000258,7.94000000000001,-1.094479585940848,0.6524953577209243,Early Suppression Followed by Attenuation,continuous_full_curve,1.7603809510177737
3,day,6.93716666666678,-0.2181970442438605,-0.6287718466757819,0.1923777581880607,15.560000000000258,7.94000000000001,-1.094479585940848,0.6524953577209243,Early Suppression Followed by Attenuation,continuous_full_curve,1.7603809510177737
3,day,7.00200000000012,-0.218653852182266,-0.6295130350706242,0.1922053307060922,15.560000000000258,7.94000000000001,-1.094479585940848,0.6524953577209243,Early Suppression Followed by Attenuation,continuous_full_curve,1.7603809510177737
3,day,7.06683333333345,-0.2191090964718544,-0.6301811658723995,0.1919629729286907,15.560000000000258,7.94000000000001,-1.094479585940848,0.6524953577209243,Early Suppression Followed by Attenuation,continuous_full_curve,1.7603809510177737
3,day,7.13166666666679,-0.2195636977206026,-0.6307809789867856,0.1916535835455804,15.560000000000258,7.94000000000001,-1.094479585940848,0.6524953577209243,Early Suppression Followed by Attenuation,continuous_full_curve,1.7603809510177737
3,day,7.19650000000012,-0.2200185765364868,-0.631317254622977,0.1912801015500033,15.560000000000258,7.94000000000001,-1.094479585940848,0.6524953577209243,Early Suppression Followed by Attenuation,continuous_full_curve,1.7603809510177737
3,day,7.26133333333345,-0.220474653527484,-0.6317948070668069,0.1908455000118389,15.560000000000258,7.94000000000001,-1.094479585940848,0.6524953577209243,Early Suppression Followed by Attenuation,continuous_full_curve,1.7603809510177737
3,day,7.32616666666679,-0.2209328493015704,-0.632218478796094,0.190352780192953,15.560000000000258,7.94000000000001,-1.094479585940848,0.6524953577209243,Early Suppression Followed by Attenuation,continuous_full_curve,1.7603809510177737
3,day,7.39100000000012,-0.2213940844667227,-0.6325931349480731,0.1898049660146276,15.560000000000258,7.94000000000001,-1.094479585940848,0.6524953577209243,Early Suppression Followed by Attenuation,continuous_full_curve,1.7603809510177737
3,day,7.45583333333346,-0.2218592796309175,-0.6329236581472651,0.18920509888543,15.560000000000258,7.94000000000001,-1.094479585940848,0.6524953577209243,Early Suppression Followed by Attenuation,continuous_full_curve,1.7603809510177737
3,day,7.52066666666679,-0.2223293554021311,-0.633214943700716,0.1885562328964536,15.560000000000258,7.94000000000001,-1.094479585940848,0.6524953577209243,Early Suppression Followed by Attenuation,continuous_full_curve,1.7603809510177737
3,day,7.58550000000013,-0.2228052323883404,-0.6334718951662246,0.1878614303895438,15.560000000000258,7.94000000000001,-1.094479585940848,0.6524953577209243,Early Suppression Followed by Attenuation,continuous_full_curve,1.7603809510177737
3,day,7.65033333333346,-0.2232878311975216,-0.6336994202979236,0.1871237579028803,15.560000000000258,7.94000000000001,-1.094479585940848,0.6524953577209243,Early Suppression Followed by Attenuation,continuous_full_curve,1.7603809510177737
3,day,7.7151666666668,-0.2237780724376514,-0.633902427372461,0.1863462824971581,15.560000000000258,7.94000000000001,-1.094479585940848,0.6524953577209243,Early Suppression Followed by Attenuation,continuous_full_curve,1.7603809510177737
3,day,7.78000000000013,-0.2242768767167063,-0.6340858218979788,0.1855320684645661,15.560000000000258,7.94000000000001,-1.094479585940848,0.6524953577209243,Early Suppression Followed by Attenuation,continuous_full_curve,1.7603809510177737
3,day,7.84483333333346,-0.224785164642663,-0.6342545037071561,0.18468417442183,15.560000000000258,7.94000000000001,-1.094479585940848,0.6524953577209243,Early Suppression Followed by Attenuation,continuous_full_curve,1.7603809510177737
3,day,7.9096666666668,-0.2253038568234979,-0.6344133644347427,0.1838056507877468,15.560000000000258,7.94000000000001,-1.094479585940848,0.6524953577209243,Early Suppression Followed by Attenuation,continuous_full_curve,1.7603809510177737
3,day,7.94000000000001,-0.2255503681155182,-0.6344856969079895,0.183384960676953,15.560000000000258,7.94000000000001,-1.094479585940848,0.6524953577209243,Early Suppression Followed by Attenuation,continuous_full_curve,1.7603809510177737
3,day,7.97450000000013,-0.2258338738671876,-0.6345672853792907,0.1828995376449155,15.560000000000258,7.94000000000001,-1.094479585940848,0.6524953577209243,Early Suppression Followed by Attenuation,continuous_full_curve,1.7603809510177737
3,day,8.03933333333347,-0.2263761363817086,-0.6347211357481456,0.1819688629847283,15.560000000000258,7.94000000000001,-1.094479585940848,0.6524953577209243,Early Suppression Followed by Attenuation,continuous_full_curve,1.7603809510177737
3,day,8.1041666666668,-0.2269315649750375,-0.63487977128425,0.181016641334175,15.560000000000258,7.94000000000001,-1.094479585940848,0.6524953577209243,Early Suppression Followed by Attenuation,continuous_full_curve,1.7603809510177737
3,day,8.16900000000014,-0.2275010802551508,-0.6350480332728862,0.1800458727625845,15.560000000000258,7.94000000000001,-1.094479585940848,0.6524953577209243,Early Suppression Followed by Attenuation,continuous_full_curve,1.7603809510177737
3,day,8.23383333333347,-0.228085602830025,-0.6352307479261619,0.1790595422661117,15.560000000000258,7.94000000000001,-1.094479585940848,0.6524953577209243,Early Suppression Followed by Attenuation,continuous_full_curve,1.7603809510177737
3,day,8.2986666666668,-0.2286860533076367,-0.6354327261428349,0.1780606195275612,15.560000000000258,7.94000000000001,-1.094479585940848,0.6524953577209243,Early Suppression Followed by Attenuation,continuous_full_curve,1.7603809510177737
3,day,8.30600000000015,-0.2287550141042191,-0.6354569974901176,0.1779469692816793,15.560000000000258,7.94000000000001,-1.094479585940848,0.6524953577209243,Early Suppression Followed by Attenuation,continuous_full_curve,1.7603809510177737
3,day,8.36350000000014,-0.2293032276431182,-0.6356581798447032,0.1770517245584667,15.560000000000258,7.94000000000001,-1.094479585940848,0.6524953577209243,Early Suppression Followed by Attenuation,continuous_full_curve,1.7603809510177737
3,day,8.42833333333347,-0.2299372199833518,-0.6359080236016725,0.1760335836349689,15.560000000000258,7.94000000000001,-1.094479585940848,0.6524953577209243,Early Suppression Followed by Attenuation,continuous_full_curve,1.7603809510177737
3,day,8.49316666666681,-0.2305878790710365,-0.6361820215719193,0.1750062634298461,15.560000000000258,7.94000000000001,-1.094479585940848,0.6524953577209243,Early Suppression Followed by Attenuation,continuous_full_curve,1.7603809510177737
3,day,8.55800000000014,-0.2312550533902864,-0.6364799373583061,0.1739698305777333,15.560000000000258,7.94000000000001,-1.094479585940848,0.6524953577209243,Early Suppression Followed by Attenuation,continuous_full_curve,1.7603809510177737
3,day,8.62283333333348,-0.2319385914252155,-0.6368015352066771,0.1729243523562459,15.560000000000258,7.94000000000001,-1.094479585940848,0.6524953577209243,Early Suppression Followed by Attenuation,continuous_full_curve,1.7603809510177737
3,day,8.68766666666681,-0.232638341659938,-0.6371465799923872,0.1718698966725112,15.560000000000258,7.94000000000001,-1.094479585940848,0.6524953577209243,Early Suppression Followed by Attenuation,continuous_full_curve,1.7603809510177737
3,day,8.75250000000015,-0.2333541525785679,-0.6375148372070325,0.1708065320498966,15.560000000000258,7.94000000000001,-1.094479585940848,0.6524953577209243,Early Suppression Followed by Attenuation,continuous_full_curve,1.7603809510177737
3,day,8.81733333333348,-0.2340858726652191,-0.6379060729453787,0.1697343276149402,15.560000000000258,7.94000000000001,-1.094479585940848,0.6524953577209243,Early Suppression Followed by Attenuation,continuous_full_curve,1.7603809510177737
3,day,8.88216666666681,-0.234833350404006,-0.6383200538924823,0.1686533530844701,15.560000000000258,7.94000000000001,-1.094479585940848,0.6524953577209243,Early Suppression Followed by Attenuation,continuous_full_curve,1.7603809510177737
3,day,8.94700000000015,-0.2355964342790427,-0.6387565473110055,0.16756367875292,15.560000000000258,7.94000000000001,-1.094479585940848,0.6524953577209243,Early Suppression Followed by Attenuation,continuous_full_curve,1.7603809510177737
3,day,9.01183333333348,-0.236374972774443,-0.6392153210287169,0.1664653754798309,15.560000000000258,7.94000000000001,-1.094479585940848,0.6524953577209243,Early Suppression Followed by Attenuation,continuous_full_curve,1.7603809510177737
3,day,9.07666666666682,-0.2371688143743212,-0.639696143426181,0.1653585146775386,15.560000000000258,7.94000000000001,-1.094479585940848,0.6524953577209243,Early Suppression Followed by Attenuation,continuous_full_curve,1.7603809510177737
3,day,9.14150000000015,-0.2379778075627912,-0.6401987834246282,0.1642431682990458,15.560000000000258,7.94000000000001,-1.094479585940848,0.6524953577209243,Early Suppression Followed by Attenuation,continuous_full_curve,1.7603809510177737
3,day,9.20633333333349,-0.2388018008239672,-0.6407230104740079,0.1631194088260734,15.560000000000258,7.94000000000001,-1.094479585940848,0.6524953577209243,Early Suppression Followed by Attenuation,continuous_full_curve,1.7603809510177737
3,day,9.27116666666682,-0.2396406426419633,-0.6412685945412174,0.1619873092572908,15.560000000000258,7.94000000000001,-1.094479585940848,0.6524953577209243,Early Suppression Followed by Attenuation,continuous_full_curve,1.7603809510177737
3,day,9.33600000000015,-0.2404941815008934,-0.6418353060985075,0.1608469430967205,15.560000000000258,7.94000000000001,-1.094479585940848,0.6524953577209243,Early Suppression Followed by Attenuation,continuous_full_curve,1.7603809510177737
3,day,9.40083333333349,-0.2413622658848719,-0.6424229161120607,0.1596983843423167,15.560000000000258,7.94000000000001,-1.094479585940848,0.6524953577209243,Early Suppression Followed by Attenuation,continuous_full_curve,1.7603809510177737
3,day,9.46566666666682,-0.2422447442780126,-0.64303119603074,0.1585417074747147,15.560000000000258,7.94000000000001,-1.094479585940848,0.6524953577209243,Early Suppression Followed by Attenuation,continuous_full_curve,1.7603809510177737
3,day,9.53050000000016,-0.2431414651644298,-0.6436599177750069,0.1573769874461472,15.560000000000258,7.94000000000001,-1.094479585940848,0.6524953577209243,Early Suppression Followed by Attenuation,continuous_full_curve,1.7603809510177737
3,day,9.59533333333349,-0.2440522770282373,-0.6443088537260027,0.1562042996695279,15.560000000000258,7.94000000000001,-1.094479585940848,0.6524953577209243,Early Suppression Followed by Attenuation,continuous_full_curve,1.7603809510177737
3,day,9.66016666666683,-0.2449770283535495,-0.6449777767147982,0.1550237200076991,15.560000000000258,7.94000000000001,-1.094479585940848,0.6524953577209243,Early Suppression Followed by Attenuation,continuous_full_curve,1.7603809510177737
3,day,9.72500000000016,-0.2459155676244802,-0.6456664600117998,0.1538353247628393,15.560000000000258,7.94000000000001,-1.094479585940848,0.6524953577209243,Early Suppression Followed by Attenuation,continuous_full_curve,1.7603809510177737
3,day,9.7898333333335,-0.2468677433251437,-0.6463746773163199,0.1526391906660323,15.560000000000258,7.94000000000001,-1.094479585940848,0.6524953577209243,Early Suppression Followed by Attenuation,continuous_full_curve,1.7603809510177737
3,day,9.85466666666683,-0.247833403939654,-0.6471022027463006,0.1514353948669925,15.560000000000258,7.94000000000001,-1.094479585940848,0.6524953577209243,Early Suppression Followed by Attenuation,continuous_full_curve,1.7603809510177737
3,day,9.91950000000016,-0.248812397952125,-0.6478488108281959,0.1502240149239458,15.560000000000258,7.94000000000001,-1.094479585940848,0.6524953577209243,Early Suppression Followed by Attenuation,continuous_full_curve,1.7603809510177737
3,day,9.9843333333335,-0.2498045738466711,-0.6486142764870066,0.1490051287936642,15.560000000000258,7.94000000000001,-1.094479585940848,0.6524953577209243,Early Suppression Followed by Attenuation,continuous_full_curve,1.7603809510177737
3,day,10.0491666666668,-0.2508097801074058,-0.6493983750364656,0.147778814821654,15.560000000000258,7.94000000000001,-1.094479585940848,0.6524953577209243,Early Suppression Followed by Attenuation,continuous_full_curve,1.7603809510177737
3,day,10.1140000000002,-0.251827865218445,-0.6502008821693764,0.1465451517324864,15.560000000000258,7.94000000000001,-1.094479585940848,0.6524953577209243,Early Suppression Followed by Attenuation,continuous_full_curve,1.7603809510177737
3,day,10.1788333333335,-0.2528586776638999,-0.6510215739480915,0.1453042186202916,15.560000000000258,7.94000000000001,-1.094479585940848,0.6524953577209243,Early Suppression Followed by Attenuation,continuous_full_curve,1.7603809510177737
3,day,10.2436666666668,-0.253902065927886,-0.651860226795149,0.144056094939377,15.560000000000258,7.94000000000001,-1.094479585940848,0.6524953577209243,Early Suppression Followed by Attenuation,continuous_full_curve,1.7603809510177737
3,day,10.3085000000002,-0.2549578784945191,-0.6527166174840463,0.142800860495008,15.560000000000258,7.94000000000001,-1.094479585940848,0.6524953577209243,Early Suppression Followed by Attenuation,continuous_full_curve,1.7603809510177737
3,day,10.3733333333335,-0.2560259638479101,-0.6535905231301506,0.1415385954343304,15.560000000000258,7.94000000000001,-1.094479585940848,0.6524953577209243,Early Suppression Followed by Attenuation,continuous_full_curve,1.7603809510177737
3,day,10.4381666666668,-0.2571061704721745,-0.6544817211817673,0.1402693802374182,15.560000000000258,7.94000000000001,-1.094479585940848,0.6524953577209243,Early Suppression Followed by Attenuation,continuous_full_curve,1.7603809510177737
3,day,10.5030000000002,-0.2581983468514282,-0.655389989411334,0.1389932957084775,15.560000000000258,7.94000000000001,-1.094479585940848,0.6524953577209243,Early Suppression Followed by Attenuation,continuous_full_curve,1.7603809510177737
3,day,10.5678333333335,-0.2593023414697819,-0.6563151059067529,0.137710422967189,15.560000000000258,7.94000000000001,-1.094479585940848,0.6524953577209243,Early Suppression Followed by Attenuation,continuous_full_curve,1.7603809510177737
3,day,10.6326666666668,-0.2604180028113513,-0.6572568490628712,0.1364208434401685,15.560000000000258,7.94000000000001,-1.094479585940848,0.6524953577209243,Early Suppression Followed by Attenuation,continuous_full_curve,1.7603809510177737
3,day,10.6975000000002,-0.2615451793602523,-0.6582149975730871,0.1351246388525823,15.560000000000258,7.94000000000001,-1.094479585940848,0.6524953577209243,Early Suppression Followed by Attenuation,continuous_full_curve,1.7603809510177737
3,day,10.7623333333335,-0.2626837196005955,-0.659189330421085,0.1338218912198939,15.560000000000258,7.94000000000001,-1.094479585940848,0.6524953577209243,Early Suppression Followed by Attenuation,continuous_full_curve,1.7603809510177737
3,day,10.8271666666668,-0.2638334720164967,-0.66017962687272,0.1325126828397265,15.560000000000258,7.94000000000001,-1.094479585940848,0.6524953577209243,Early Suppression Followed by Attenuation,continuous_full_curve,1.7603809510177737
3,day,10.8920000000002,-0.2649942850920718,-0.6611856664680192,0.1311970962838755,15.560000000000258,7.94000000000001,-1.094479585940848,0.6524953577209243,Early Suppression Followed by Attenuation,continuous_full_curve,1.7603809510177737
3,day,10.9568333333335,-0.2661660073114312,-0.6622072290133105,0.1298752143904479,15.560000000000258,7.94000000000001,-1.094479585940848,0.6524953577209243,Early Suppression Followed by Attenuation,continuous_full_curve,1.7603809510177737
3,day,11.0216666666669,-0.2673484871586927,-0.6632440945734984,0.1285471202561129,15.560000000000258,7.94000000000001,-1.094479585940848,0.6524953577209243,Early Suppression Followed by Attenuation,continuous_full_curve,1.7603809510177737
3,day,11.0865000000002,-0.2685415731179668,-0.6642960434644418,0.1272128972285082,15.560000000000258,7.94000000000001,-1.094479585940848,0.6524953577209243,Early Suppression Followed by Attenuation,continuous_full_curve,1.7603809510177737
3,day,11.1513333333335,-0.2697451136733692,-0.6653628562454821,0.1258726288987438,15.560000000000258,7.94000000000001,-1.094479585940848,0.6524953577209243,Early Suppression Followed by Attenuation,continuous_full_curve,1.7603809510177737
3,day,11.2161666666669,-0.270958957309016,-0.6664443137120809,0.1245263990940489,15.560000000000258,7.94000000000001,-1.094479585940848,0.6524953577209243,Early Suppression Followed by Attenuation,continuous_full_curve,1.7603809510177737
3,day,11.25205,-0.2716351577289767,-0.6670490840637441,0.1237787686057906,15.560000000000258,7.94000000000001,-1.094479585940848,0.6524953577209243,Early Suppression Followed by Attenuation,continuous_full_curve,1.7603809510177737
3,day,11.2810000000002,-0.2721829525090175,-0.6675401968885796,0.1231742918705446,15.560000000000258,7.94000000000001,-1.094479585940848,0.6524953577209243,Early Suppression Followed by Attenuation,continuous_full_curve,1.7603809510177737
3,day,11.3458333333335,-0.2734169477574895,-0.6686502870210991,0.12181639150612,15.560000000000258,7.94000000000001,-1.094479585940848,0.6524953577209243,Early Suppression Followed by Attenuation,continuous_full_curve,1.7603809510177737
3,day,11.4106666666669,-0.2746607915385483,-0.6697743655705447,0.120452782493448,15.560000000000258,7.94000000000001,-1.094479585940848,0.6524953577209243,Early Suppression Followed by Attenuation,continuous_full_curve,1.7603809510177737
3,day,11.4755000000002,-0.2759143323363039,-0.6709122142057313,0.1190835495331235,15.560000000000258,7.94000000000001,-1.094479585940848,0.6524953577209243,Early Suppression Followed by Attenuation,continuous_full_curve,1.7603809510177737
3,day,11.5403333333335,-0.2771774186348725,-0.6720636147966461,0.1177087775269011,15.560000000000258,7.94000000000001,-1.094479585940848,0.6524953577209243,Early Suppression Followed by Attenuation,continuous_full_curve,1.7603809510177737
3,day,11.6051666666669,-0.2784498989183699,-0.6732283494078108,0.1163285515710709,15.560000000000258,7.94000000000001,-1.094479585940848,0.6524953577209243,Early Suppression Followed by Attenuation,continuous_full_curve,1.7603809510177737
3,day,11.6700000000002,-0.2797316216709065,-0.674406200291766,0.1149429569499529,15.560000000000258,7.94000000000001,-1.094479585940848,0.6524953577209243,Early Suppression Followed by Attenuation,continuous_full_curve,1.7603809510177737
3,day,11.7348333333335,-0.2810224353765982,-0.6755969498826846,0.1135520791294881,15.560000000000258,7.94000000000001,-1.094479585940848,0.6524953577209243,Early Suppression Followed by Attenuation,continuous_full_curve,1.7603809510177737
3,day,11.7996666666669,-0.2823221885195611,-0.676800380790088,0.1121560037509656,15.560000000000258,7.94000000000001,-1.094479585940848,0.6524953577209243,Early Suppression Followed by Attenuation,continuous_full_curve,1.7603809510177737
3,day,11.8645000000002,-0.2836307295839053,-0.6780162757926765,0.1107548166248658,15.560000000000258,7.94000000000001,-1.094479585940848,0.6524953577209243,Early Suppression Followed by Attenuation,continuous_full_curve,1.7603809510177737
3,day,11.9293333333335,-0.2849479070537469,-0.6792444178322908,0.109348603724797,15.560000000000258,7.94000000000001,-1.094479585940848,0.6524953577209243,Early Suppression Followed by Attenuation,continuous_full_curve,1.7603809510177737
3,day,11.9941666666669,-0.286273569413202,-0.6804845900079708,0.1079374511815667,15.560000000000258,7.94000000000001,-1.094479585940848,0.6524953577209243,Early Suppression Followed by Attenuation,continuous_full_curve,1.7603809510177737
3,day,12.0590000000002,-0.2876075651463806,-0.6817365755701268,0.1065214452773656,15.560000000000258,7.94000000000001,-1.094479585940848,0.6524953577209243,Early Suppression Followed by Attenuation,continuous_full_curve,1.7603809510177737
3,day,12.1238333333335,-0.2889497427373988,-0.6830001579148419,0.1051006724400442,15.560000000000258,7.94000000000001,-1.094479585940848,0.6524953577209243,Early Suppression Followed by Attenuation,continuous_full_curve,1.7603809510177737
3,day,12.1886666666669,-0.2902999506703728,-0.6842751205782663,0.1036752192375207,15.560000000000258,7.94000000000001,-1.094479585940848,0.6524953577209243,Early Suppression Followed by Attenuation,continuous_full_curve,1.7603809510177737
3,day,12.2535000000002,-0.2916580374294124,-0.6855612472311243,0.1022451723722994,15.560000000000258,7.94000000000001,-1.094479585940848,0.6524953577209243,Early Suppression Followed by Attenuation,continuous_full_curve,1.7603809510177737
3,day,12.3183333333335,-0.2930238514986339,-0.686858321673349,0.1008106186760811,15.560000000000258,7.94000000000001,-1.094479585940848,0.6524953577209243,Early Suppression Followed by Attenuation,continuous_full_curve,1.7603809510177737
3,day,12.3831666666669,-0.2943972413621536,-0.6881661278288091,0.0993716451045019,15.560000000000258,7.94000000000001,-1.094479585940848,0.6524953577209243,Early Suppression Followed by Attenuation,continuous_full_curve,1.7603809510177737
3,day,12.4480000000002,-0.2957780555040811,-0.6894844497401433,0.0979283387319811,15.560000000000258,7.94000000000001,-1.094479585940848,0.6524953577209243,Early Suppression Followed by Attenuation,continuous_full_curve,1.7603809510177737
3,day,12.5128333333335,-0.2971661424085327,-0.690813071563724,0.0964807867466585,15.560000000000258,7.94000000000001,-1.094479585940848,0.6524953577209243,Early Suppression Followed by Attenuation,continuous_full_curve,1.7603809510177737
3,day,12.5776666666669,-0.2985613505596247,-0.6921517775647092,0.0950290764454597,15.560000000000258,7.94000000000001,-1.094479585940848,0.6524953577209243,Early Suppression Followed by Attenuation,continuous_full_curve,1.7603809510177737
3,day,12.6425000000002,-0.2999635284414668,-0.6935003521122016,0.093573295229268,15.560000000000258,7.94000000000001,-1.094479585940848,0.6524953577209243,Early Suppression Followed by Attenuation,continuous_full_curve,1.7603809510177737
3,day,12.7073333333335,-0.3013725245381752,-0.6948585796745347,0.0921135305981842,15.560000000000258,7.94000000000001,-1.094479585940848,0.6524953577209243,Early Suppression Followed by Attenuation,continuous_full_curve,1.7603809510177737
3,day,12.7721666666669,-0.3027881873338662,-0.6962262448146463,0.0906498701469137,15.560000000000258,7.94000000000001,-1.094479585940848,0.6524953577209243,Early Suppression Followed by Attenuation,continuous_full_curve,1.7603809510177737
3,day,12.8370000000002,-0.3042103653126496,-0.6976031321855569,0.0891824015602577,15.560000000000258,7.94000000000001,-1.094479585940848,0.6524953577209243,Early Suppression Followed by Attenuation,continuous_full_curve,1.7603809510177737
3,day,12.9018333333335,-0.3056389069586416,-0.6989890265259752,0.0877112126086919,15.560000000000258,7.94000000000001,-1.094479585940848,0.6524953577209243,Early Suppression Followed by Attenuation,continuous_full_curve,1.7603809510177737
3,day,12.9666666666669,-0.3070736607559584,-0.7003837126559869,0.08623639114407,15.560000000000258,7.94000000000001,-1.094479585940848,0.6524953577209243,Early Suppression Followed by Attenuation,continuous_full_curve,1.7603809510177737
3,day,13.0315000000002,-0.3085144751887098,-0.7017869754728517,0.084758025095432,15.560000000000258,7.94000000000001,-1.094479585940848,0.6524953577209243,Early Suppression Followed by Attenuation,continuous_full_curve,1.7603809510177737
3,day,13.0963333333336,-0.3099611987410143,-0.7031985999469235,0.0832762024648948,15.560000000000258,7.94000000000001,-1.094479585940848,0.6524953577209243,Early Suppression Followed by Attenuation,continuous_full_curve,1.7603809510177737
3,day,13.1611666666669,-0.3114136798969815,-0.7046183711176439,0.0817910113236809,15.560000000000258,7.94000000000001,-1.094479585940848,0.6524953577209243,Early Suppression Followed by Attenuation,continuous_full_curve,1.7603809510177737
3,day,13.2260000000002,-0.3128717671407276,-0.7060460740896719,0.0803025398082166,15.560000000000258,7.94000000000001,-1.094479585940848,0.6524953577209243,Early Suppression Followed by Attenuation,continuous_full_curve,1.7603809510177737
3,day,13.2908333333336,-0.3143353089563691,-0.707481494029095,0.0788108761163567,15.560000000000258,7.94000000000001,-1.094479585940848,0.6524953577209243,Early Suppression Followed by Attenuation,continuous_full_curve,1.7603809510177737
3,day,13.3556666666669,-0.3158041538280156,-0.7089244161597446,0.0773161085037134,15.560000000000258,7.94000000000001,-1.094479585940848,0.6524953577209243,Early Suppression Followed by Attenuation,continuous_full_curve,1.7603809510177737
3,day,13.4205000000002,-0.3172781502397832,-0.7103746257596324,0.0758183252800659,15.560000000000258,7.94000000000001,-1.094479585940848,0.6524953577209243,Early Suppression Followed by Attenuation,continuous_full_curve,1.7603809510177737
3,day,13.4853333333336,-0.3187571466757884,-0.7118319081574711,0.0743176148058943,15.560000000000258,7.94000000000001,-1.094479585940848,0.6524953577209243,Early Suppression Followed by Attenuation,continuous_full_curve,1.7603809510177737
3,day,13.5501666666669,-0.3202409916201407,-0.7132960487292981,0.0728140654890165,15.560000000000258,7.94000000000001,-1.094479585940848,0.6524953577209243,Early Suppression Followed by Attenuation,continuous_full_curve,1.7603809510177737
3,day,13.6150000000002,-0.3217295335569566,-0.7147668328952189,0.0713077657813056,15.560000000000258,7.94000000000001,-1.094479585940848,0.6524953577209243,Early Suppression Followed by Attenuation,continuous_full_curve,1.7603809510177737
3,day,13.6798333333336,-0.3232226209703523,-0.7162440461162353,0.0697988041755305,15.560000000000258,7.94000000000001,-1.094479585940848,0.6524953577209243,Early Suppression Followed by Attenuation,continuous_full_curve,1.7603809510177737
3,day,13.7446666666669,-0.3247201023444374,-0.7177274738911739,0.068287269202299,15.560000000000258,7.94000000000001,-1.094479585940848,0.6524953577209243,Early Suppression Followed by Attenuation,continuous_full_curve,1.7603809510177737
3,day,13.8095000000002,-0.3262218261633283,-0.7192169017537369,0.0667732494270802,15.560000000000258,7.94000000000001,-1.094479585940848,0.6524953577209243,Early Suppression Followed by Attenuation,continuous_full_curve,1.7603809510177737
3,day,13.8743333333336,-0.3277276409111411,-0.7207121152696334,0.065256833447351,15.560000000000258,7.94000000000001,-1.094479585940848,0.6524953577209243,Early Suppression Followed by Attenuation,continuous_full_curve,1.7603809510177737
3,day,13.929,-0.3290003927055476,-0.7219771988506731,0.0639764134395778,15.560000000000258,7.94000000000001,-1.094479585940848,0.6524953577209243,Early Suppression Followed by Attenuation,continuous_full_curve,1.7603809510177737
3,day,13.9391666666669,-0.3292373950719856,-0.7222129000338136,0.0637381098898423,15.560000000000258,7.94000000000001,-1.094479585940848,0.6524953577209243,Early Suppression Followed by Attenuation,continuous_full_curve,1.7603809510177737
3,day,14.0040000000002,-0.3307509371299781,-0.7237190416678231,0.0622171674078667,15.560000000000258,7.94000000000001,-1.094479585940848,0.6524953577209243,Early Suppression Followed by Attenuation,continuous_full_curve,1.7603809510177737
3,day,14.0688333333336,-0.3322681155692349,-0.7252303258172375,0.0606940946787674,15.560000000000258,7.94000000000001,-1.094479585940848,0.6524953577209243,Early Suppression Followed by Attenuation,continuous_full_curve,1.7603809510177737
3,day,14.1336666666669,-0.3337887788738656,-0.7267465381492,0.0591689804014686,15.560000000000258,7.94000000000001,-1.094479585940848,0.6524953577209243,Early Suppression Followed by Attenuation,continuous_full_curve,1.7603809510177737
3,day,14.1985000000002,-0.3353127755279865,-0.7282674643500777,0.0576419132941047,15.560000000000258,7.94000000000001,-1.094479585940848,0.6524953577209243,Early Suppression Followed by Attenuation,continuous_full_curve,1.7603809510177737
3,day,14.2633333333336,-0.336839954015714,-0.7297928901232004,0.0561129820917724,15.560000000000258,7.94000000000001,-1.094479585940848,0.6524953577209243,Early Suppression Followed by Attenuation,continuous_full_curve,1.7603809510177737
3,day,14.3281666666669,-0.3383701628211575,-0.7313226011866973,0.0545822755443822,15.560000000000258,7.94000000000001,-1.094479585940848,0.6524953577209243,Early Suppression Followed by Attenuation,continuous_full_curve,1.7603809510177737
3,day,14.3930000000002,-0.3399032504284335,-0.7328563832714581,0.0530498824145909,15.560000000000258,7.94000000000001,-1.094479585940848,0.6524953577209243,Early Suppression Followed by Attenuation,continuous_full_curve,1.7603809510177737
3,day,14.4578333333336,-0.3414390653216584,-0.7343940221191709,0.0515158914758539,15.560000000000258,7.94000000000001,-1.094479585940848,0.6524953577209243,Early Suppression Followed by Attenuation,continuous_full_curve,1.7603809510177737
3,day,14.5226666666669,-0.3429774559849416,-0.7359353034804619,0.0499803915105784,15.560000000000258,7.94000000000001,-1.094479585940848,0.6524953577209243,Early Suppression Followed by Attenuation,continuous_full_curve,1.7603809510177737
3,day,14.5875000000002,-0.3445182709023995,-0.7374800131131563,0.0484434713083572,15.560000000000258,7.94000000000001,-1.094479585940848,0.6524953577209243,Early Suppression Followed by Attenuation,continuous_full_curve,1.7603809510177737
3,day,14.6523333333336,-0.3460613585581485,-0.7390279367806183,0.0469052196643212,15.560000000000258,7.94000000000001,-1.094479585940848,0.6524953577209243,Early Suppression Followed by Attenuation,continuous_full_curve,1.7603809510177737
3,day,14.7171666666669,-0.3476065674362981,-0.740578860250191,0.0453657253775948,15.560000000000258,7.94000000000001,-1.094479585940848,0.6524953577209243,Early Suppression Followed by Attenuation,continuous_full_curve,1.7603809510177737
3,day,14.7820000000002,-0.3491537460209646,-0.742132569291758,0.0438250772498287,15.560000000000258,7.94000000000001,-1.094479585940848,0.6524953577209243,Early Suppression Followed by Attenuation,continuous_full_curve,1.7603809510177737
3,day,14.8468333333336,-0.3507027427962644,-0.7436888496763834,0.0422833640838545,15.560000000000258,7.94000000000001,-1.094479585940848,0.6524953577209243,Early Suppression Followed by Attenuation,continuous_full_curve,1.7603809510177737
3,day,14.9116666666669,-0.3522534062463071,-0.7452474871750532,0.0407406746824389,15.560000000000258,7.94000000000001,-1.094479585940848,0.6524953577209243,Early Suppression Followed by Attenuation,continuous_full_curve,1.7603809510177737
3,day,14.9765000000002,-0.3538055848552088,-0.7468082675575363,0.0391970978471186,15.560000000000258,7.94000000000001,-1.094479585940848,0.6524953577209243,Early Suppression Followed by Attenuation,continuous_full_curve,1.7603809510177737
3,day,15.0413333333336,-0.3553591271070863,-0.7483709765913265,0.0376527223771539,15.560000000000258,7.94000000000001,-1.094479585940848,0.6524953577209243,Early Suppression Followed by Attenuation,continuous_full_curve,1.7603809510177737
3,day,15.1061666666669,-0.3569138814860486,-0.7499354000406819,0.0361076370685846,15.560000000000258,7.94000000000001,-1.094479585940848,0.6524953577209243,Early Suppression Followed by Attenuation,continuous_full_curve,1.7603809510177737
3,day,15.1710000000003,-0.3584696964762149,-0.751501323665791,0.0345619307133611,15.560000000000258,7.94000000000001,-1.094479585940848,0.6524953577209243,Early Suppression Followed by Attenuation,continuous_full_curve,1.7603809510177737
3,day,15.2358333333336,-0.3600264205616943,-0.7530685332220011,0.0330156920986124,15.560000000000258,7.94000000000001,-1.094479585940848,0.6524953577209243,Early Suppression Followed by Attenuation,continuous_full_curve,1.7603809510177737
3,day,15.3006666666669,-0.3615839022266032,-0.7546368144591828,0.0314690100059764,15.560000000000258,7.94000000000001,-1.094479585940848,0.6524953577209243,Early Suppression Followed by Attenuation,continuous_full_curve,1.7603809510177737
3,day,15.3655000000003,-0.3631419899550582,-0.7562059531211732,0.0299219732110567,15.560000000000258,7.94000000000001,-1.094479585940848,0.6524953577209243,Early Suppression Followed by Attenuation,continuous_full_curve,1.7603809510177737
3,day,15.4303333333336,-0.3647005322311686,-0.7577757349453151,0.0283746704829778,15.560000000000258,7.94000000000001,-1.094479585940848,0.6524953577209243,Early Suppression Followed by Attenuation,continuous_full_curve,1.7603809510177737
3,day,15.4951666666669,-0.3662593775390509,-0.7593459456621219,0.02682719058402,15.560000000000258,7.94000000000001,-1.094479585940848,0.6524953577209243,Early Suppression Followed by Attenuation,continuous_full_curve,1.7603809510177737
3,day,15.5600000000003,-0.3678183743628214,-0.7609163709950175,0.0252796222693746,15.560000000000258,7.94000000000001,-1.094479585940848,0.6524953577209243,Early Suppression Followed by Attenuation,continuous_full_curve,1.7603809510177737
3,night,0.0,0.0,0.0,0.0,14.720750000000027,6.72,-0.42240431672547035,0.47873445553469124,Early Suppression Followed by Attenuation,continuous_full_curve,1.7796840528418214
3,night,0.0613364583333335,4.876551586836201e-05,-0.0166382462896764,0.0167357773214131,14.720750000000027,6.72,-0.42240431672547035,0.47873445553469124,Early Suppression Followed by Attenuation,continuous_full_curve,1.7796840528418214
3,night,0.122672916666667,9.798203618629694e-05,-0.0173572930897855,0.0175532571621581,14.720750000000027,6.72,-0.42240431672547035,0.47873445553469124,Early Suppression Followed by Attenuation,continuous_full_curve,1.7796840528418214
3,night,0.184009375,0.0001481005654033,-0.0181101566069548,0.0184063577377616,14.720750000000027,6.72,-0.42240431672547035,0.47873445553469124,Early Suppression Followed by Attenuation,continuous_full_curve,1.7796840528418214
3,night,0.245345833333334,0.0001995721079692,-0.0188975834525357,0.0192967276684741,14.720750000000027,6.72,-0.42240431672547035,0.47873445553469124,Early Suppression Followed by Attenuation,continuous_full_curve,1.7796840528418214
3,night,0.306682291666667,0.0002528476683333,-0.0197203244268973,0.020226019763564,14.720750000000027,6.72,-0.42240431672547035,0.47873445553469124,Early Suppression Followed by Attenuation,continuous_full_curve,1.7796840528418214
3,night,0.368018750000001,0.0003083782509453,-0.0205791304056438,0.0211958869075346,14.720750000000027,6.72,-0.42240431672547035,0.47873445553469124,Early Suppression Followed by Attenuation,continuous_full_curve,1.7796840528418214
3,night,0.429355208333334,0.0003666148602548,-0.0214747478177597,0.0222079775382694,14.720750000000027,6.72,-0.42240431672547035,0.47873445553469124,Early Suppression Followed by Attenuation,continuous_full_curve,1.7796840528418214
3,night,0.490691666666668,0.0004280085007113,-0.0224079136998145,0.0232639307012373,14.720750000000027,6.72,-0.42240431672547035,0.47873445553469124,Early Suppression Followed by Attenuation,continuous_full_curve,1.7796840528418214
3,night,0.552028125000001,0.0004930101767645,-0.0233793503117164,0.0243653706652455,14.720750000000027,6.72,-0.42240431672547035,0.47873445553469124,Early Suppression Followed by Attenuation,continuous_full_curve,1.7796840528418214
3,night,0.613364583333334,0.0005620708928638,-0.0243897593011579,0.0255139010868857,14.720750000000027,6.72,-0.42240431672547035,0.47873445553469124,Early Suppression Followed by Attenuation,continuous_full_curve,1.7796840528418214
3,night,0.674701041666668,0.000635641653459,-0.0254398154058622,0.0267110987127802,14.720750000000027,6.72,-0.42240431672547035,0.47873445553469124,Early Suppression Followed by Attenuation,continuous_full_curve,1.7796840528418214
3,night,0.736037500000001,0.0007141734629994,-0.0265301596850446,0.0279585066110436,14.720750000000027,6.72,-0.42240431672547035,0.47873445553469124,Early Suppression Followed by Attenuation,continuous_full_curve,1.7796840528418214
3,night,0.797373958333335,0.0007981173259349,-0.0276613922741551,0.0292576269260249,14.720750000000027,6.72,-0.42240431672547035,0.47873445553469124,Early Suppression Followed by Attenuation,continuous_full_curve,1.7796840528418214
3,night,0.858710416666668,0.0008879242467148,-0.0288340646599959,0.0306099131534255,14.720750000000027,6.72,-0.42240431672547035,0.47873445553469124,Early Suppression Followed by Attenuation,continuous_full_curve,1.7796840528418214
3,night,0.920046875000002,0.0009840452297888,-0.030048671476716,0.0320167619362936,14.720750000000027,6.72,-0.42240431672547035,0.47873445553469124,Early Suppression Followed by Attenuation,continuous_full_curve,1.7796840528418214
3,night,0.981383333333335,0.0010869312796064,-0.0313056418269931,0.0334795043862061,14.720750000000027,6.72,-0.42240431672547035,0.47873445553469124,Early Suppression Followed by Attenuation,continuous_full_curve,1.7796840528418214
3,night,1.04271979166667,0.0011970334006173,-0.032605330136923,0.0349993969381578,14.720750000000027,6.72,-0.42240431672547035,0.47873445553469124,Early Suppression Followed by Attenuation,continuous_full_curve,1.7796840528418214
3,night,1.10405625,0.0013148025972711,-0.0339480065577562,0.0365776117522985,14.720750000000027,6.72,-0.42240431672547035,0.47873445553469124,Early Suppression Followed by Attenuation,continuous_full_curve,1.7796840528418214
3,night,1.16539270833334,0.0014406898740172,-0.0353338469326595,0.038215226680694,14.720750000000027,6.72,-0.42240431672547035,0.47873445553469124,Early Suppression Followed by Attenuation,continuous_full_curve,1.7796840528418214
3,night,1.19,0.0014935772009514,-0.035901977613955,0.038889132015858,14.720750000000027,6.72,-0.42240431672547035,0.47873445553469124,Early Suppression Followed by Attenuation,continuous_full_curve,1.7796840528418214
3,night,1.22672916666667,0.0015751462353053,-0.0367629223521043,0.039913214822715,14.720750000000027,6.72,-0.42240431672547035,0.47873445553469124,Early Suppression Followed by Attenuation,continuous_full_curve,1.7796840528418214
3,night,1.288065625,0.0017186226855849,-0.0382351883273322,0.0416724336985021,14.720750000000027,6.72,-0.42240431672547035,0.47873445553469124,Early Suppression Followed by Attenuation,continuous_full_curve,1.7796840528418214
3,night,1.34940208333334,0.0018715702293057,-0.0397504736175418,0.0434936140761533,14.720750000000027,6.72,-0.42240431672547035,0.47873445553469124,Early Suppression Followed by Attenuation,continuous_full_curve,1.7796840528418214
3,night,1.41073854166667,0.0020344398709172,-0.0413084687530177,0.0453773484948521,14.720750000000027,6.72,-0.42240431672547035,0.47873445553469124,Early Suppression Followed by Attenuation,continuous_full_curve,1.7796840528418214
3,night,1.472075,0.0022076826148689,-0.0429087143033099,0.0473240795330478,14.720750000000027,6.72,-0.42240431672547035,0.47873445553469124,Early Suppression Followed by Attenuation,continuous_full_curve,1.7796840528418214
3,night,1.53341145833334,0.0023917494656106,-0.0445505889467429,0.0493340878779642,14.720750000000027,6.72,-0.42240431672547035,0.47873445553469124,Early Suppression Followed by Attenuation,continuous_full_curve,1.7796840528418214
3,night,1.59474791666667,0.0025870914275916,-0.0462332974049519,0.0514074802601352,14.720750000000027,6.72,-0.42240431672547035,0.47873445553469124,Early Suppression Followed by Attenuation,continuous_full_curve,1.7796840528418214
3,night,1.656084375,0.0027941595052617,-0.0479558583137389,0.0535441773242623,14.720750000000027,6.72,-0.42240431672547035,0.47873445553469124,Early Suppression Followed by Attenuation,continuous_full_curve,1.7796840528418214
3,night,1.71742083333334,0.0030134047030704,-0.0497170921092499,0.0557439015153907,14.720750000000027,6.72,-0.42240431672547035,0.47873445553469124,Early Suppression Followed by Attenuation,continuous_full_curve,1.7796840528418214
3,night,1.77875729166667,0.0032452780254672,-0.0515156090162302,0.0580061650671647,14.720750000000027,6.72,-0.42240431672547035,0.47873445553469124,Early Suppression Followed by Attenuation,continuous_full_curve,1.7796840528418214
3,night,1.84009375,0.0034902304769018,-0.0533497972328313,0.0603302581866349,14.720750000000027,6.72,-0.42240431672547035,0.47873445553469124,Early Suppression Followed by Attenuation,continuous_full_curve,1.7796840528418214
3,night,1.90143020833334,0.0037487130618237,-0.0552178114140073,0.0627152375376548,14.720750000000027,6.72,-0.42240431672547035,0.47873445553469124,Early Suppression Followed by Attenuation,continuous_full_curve,1.7796840528418214
3,night,1.96276666666667,0.0040211767846825,-0.0571175615628838,0.0651599151322489,14.720750000000027,6.72,-0.42240431672547035,0.47873445553469124,Early Suppression Followed by Attenuation,continuous_full_curve,1.7796840528418214
3,night,2.024103125,0.0043080726499278,-0.059046702446467,0.0676628477463227,14.720750000000027,6.72,-0.42240431672547035,0.47873445553469124,Early Suppression Followed by Attenuation,continuous_full_curve,1.7796840528418214
3,night,2.08543958333334,0.0046098516620092,-0.0610026236585638,0.0702223269825823,14.720750000000027,6.72,-0.42240431672547035,0.47873445553469124,Early Suppression Followed by Attenuation,continuous_full_curve,1.7796840528418214
3,night,2.14677604166667,0.0049269648253762,-0.0629824404587077,0.0728363701094601,14.720750000000027,6.72,-0.42240431672547035,0.47873445553469124,Early Suppression Followed by Attenuation,continuous_full_curve,1.7796840528418214
3,night,2.2081125,0.0052598631444784,-0.0649829855210611,0.075502711810018,14.720750000000027,6.72,-0.42240431672547035,0.47873445553469124,Early Suppression Followed by Attenuation,continuous_full_curve,1.7796840528418214
3,night,2.26944895833334,0.0056089976237654,-0.0670008017315668,0.0782187969790976,14.720750000000027,6.72,-0.42240431672547035,0.47873445553469124,Early Suppression Followed by Attenuation,continuous_full_curve,1.7796840528418214
3,night,2.33078541666667,0.0059748192676867,-0.069032136174913,0.0809817747102865,14.720750000000027,6.72,-0.42240431672547035,0.47873445553469124,Early Suppression Followed by Attenuation,continuous_full_curve,1.7796840528418214
3,night,2.392121875,0.006357779080692,-0.0710729354550072,0.0837884936163914,14.720750000000027,6.72,-0.42240431672547035,0.47873445553469124,Early Suppression Followed by Attenuation,continuous_full_curve,1.7796840528418214
3,night,2.45345833333334,0.0067583280672309,-0.0731188424934625,0.0866354986279244,14.720750000000027,6.72,-0.42240431672547035,0.47873445553469124,Early Suppression Followed by Attenuation,continuous_full_curve,1.7796840528418214
3,night,2.49,0.0070055045809247,-0.0743382303928462,0.0883492395546957,14.720750000000027,6.72,-0.42240431672547035,0.47873445553469124,Early Suppression Followed by Attenuation,continuous_full_curve,1.7796840528418214
3,night,2.51479479166667,0.0071769046600769,-0.0751652322986176,0.0895190416187716,14.720750000000027,6.72,-0.42240431672547035,0.47873445553469124,Early Suppression Followed by Attenuation,continuous_full_curve,1.7796840528418214
3,night,2.57613125000001,0.0076134705988239,-0.0772086222615171,0.092435563459165,14.720750000000027,6.72,-0.42240431672547035,0.47873445553469124,Early Suppression Followed by Attenuation,continuous_full_curve,1.7796840528418214
3,night,2.63746770833334,0.0080673752531994,-0.0792472355549644,0.0953819860613633,14.720750000000027,6.72,-0.42240431672547035,0.47873445553469124,Early Suppression Followed by Attenuation,continuous_full_curve,1.7796840528418214
3,night,2.69880416666667,0.0085379277511828,-0.0812793871313103,0.0983552426336759,14.720750000000027,6.72,-0.42240431672547035,0.47873445553469124,Early Suppression Followed by Attenuation,continuous_full_curve,1.7796840528418214
3,night,2.76014062500001,0.0090244372207532,-0.083303373263813,0.1013522477053195,14.720750000000027,6.72,-0.42240431672547035,0.47873445553469124,Early Suppression Followed by Attenuation,continuous_full_curve,1.7796840528418214
3,night,2.82147708333334,0.0095262127898899,-0.0853174782985318,0.1043699038783117,14.720750000000027,6.72,-0.42240431672547035,0.47873445553469124,Early Suppression Followed by Attenuation,continuous_full_curve,1.7796840528418214
3,night,2.88281354166667,0.010042563586572,-0.0873199814086427,0.1074051085817867,14.720750000000027,6.72,-0.42240431672547035,0.47873445553469124,Early Suppression Followed by Attenuation,continuous_full_curve,1.7796840528418214
3,night,2.94415000000001,0.0105727987387789,-0.0893091633217693,0.1104547607993271,14.720750000000027,6.72,-0.42240431672547035,0.47873445553469124,Early Suppression Followed by Attenuation,continuous_full_curve,1.7796840528418214
3,night,3.00548645833334,0.0111162273744895,-0.0912833129916115,0.1135157677405907,14.720750000000027,6.72,-0.42240431672547035,0.47873445553469124,Early Suppression Followed by Attenuation,continuous_full_curve,1.7796840528418214
3,night,3.06682291666667,0.0116721586216834,-0.0932407341859939,0.1165850514293607,14.720750000000027,6.72,-0.42240431672547035,0.47873445553469124,Early Suppression Followed by Attenuation,continuous_full_curve,1.7796840528418214
3,night,3.12815937500001,0.0122399016083396,-0.0951797519644479,0.1196595551811272,14.720750000000027,6.72,-0.42240431672547035,0.47873445553469124,Early Suppression Followed by Attenuation,continuous_full_curve,1.7796840528418214
3,night,3.18949583333334,0.0128187654624372,-0.097098719019587,0.1227362499444616,14.720750000000027,6.72,-0.42240431672547035,0.47873445553469124,Early Suppression Followed by Attenuation,continuous_full_curve,1.7796840528418214
3,night,3.25083229166667,0.0134080593119556,-0.0989960218578131,0.1258121404817245,14.720750000000027,6.72,-0.42240431672547035,0.47873445553469124,Early Suppression Followed by Attenuation,continuous_full_curve,1.7796840528418214
3,night,3.31216875000001,0.0140070922848741,-0.100870086796263,0.1288842713660114,14.720750000000027,6.72,-0.42240431672547035,0.47873445553469124,Early Suppression Followed by Attenuation,continuous_full_curve,1.7796840528418214
3,night,3.37350520833334,0.0146151735091717,-0.1027193857544198,0.1319497327727634,14.720750000000027,6.72,-0.42240431672547035,0.47873445553469124,Early Suppression Followed by Attenuation,continuous_full_curve,1.7796840528418214
3,night,3.43484166666667,0.0152316121128277,-0.1045424418203883,0.1350056660460437,14.720750000000027,6.72,-0.42240431672547035,0.47873445553469124,Early Suppression Followed by Attenuation,continuous_full_curve,1.7796840528418214
3,night,3.49617812500001,0.0158557172238214,-0.1063378345734955,0.1380492690211384,14.720750000000027,6.72,-0.42240431672547035,0.47873445553469124,Early Suppression Followed by Attenuation,continuous_full_curve,1.7796840528418214
3,night,3.55751458333334,0.0164867979701318,-0.1081042051466104,0.1410778010868741,14.720750000000027,6.72,-0.42240431672547035,0.47873445553469124,Early Suppression Followed by Attenuation,continuous_full_curve,1.7796840528418214
3,night,3.61885104166667,0.0171241634797382,-0.1098402610133477,0.1440885879728242,14.720750000000027,6.72,-0.42240431672547035,0.47873445553469124,Early Suppression Followed by Attenuation,continuous_full_curve,1.7796840528418214
3,night,3.68018750000001,0.01776712288062,-0.1115447804871292,0.1470790262483693,14.720750000000027,6.72,-0.42240431672547035,0.47873445553469124,Early Suppression Followed by Attenuation,continuous_full_curve,1.7796840528418214
3,night,3.74152395833334,0.0184149853007562,-0.1132166169209109,0.1500465875224234,14.720750000000027,6.72,-0.42240431672547035,0.47873445553469124,Early Suppression Followed by Attenuation,continuous_full_curve,1.7796840528418214
3,night,3.80286041666667,0.0190670598681261,-0.114854702598226,0.1529888223344783,14.720750000000027,6.72,-0.42240431672547035,0.47873445553469124,Early Suppression Followed by Attenuation,continuous_full_curve,1.7796840528418214
3,night,3.86419687500001,0.019722655710709,-0.1164580523080215,0.1559033637294395,14.720750000000027,6.72,-0.42240431672547035,0.47873445553469124,Early Suppression Followed by Attenuation,continuous_full_curve,1.7796840528418214
3,night,3.92553333333334,0.0203810819564838,-0.1180257665975927,0.1587879305105605,14.720750000000027,6.72,-0.42240431672547035,0.47873445553469124,Early Suppression Followed by Attenuation,continuous_full_curve,1.7796840528418214
3,night,3.98686979166667,0.02104164773343,-0.1195570346997134,0.1616403301665736,14.720750000000027,6.72,-0.42240431672547035,0.47873445553469124,Early Suppression Followed by Attenuation,continuous_full_curve,1.7796840528418214
3,night,4.04820625000001,0.0217036621695269,-0.1210511371317991,0.164458461470853,14.720750000000027,6.72,-0.42240431672547035,0.47873445553469124,Early Suppression Followed by Attenuation,continuous_full_curve,1.7796840528418214
3,night,4.10954270833334,0.0223664343927534,-0.1225074479666567,0.1672403167521635,14.720750000000027,6.72,-0.42240431672547035,0.47873445553469124,Early Suppression Followed by Attenuation,continuous_full_curve,1.7796840528418214
3,night,4.17087916666667,0.0230292735310889,-0.1239254367760176,0.1699839838381954,14.720750000000027,6.72,-0.42240431672547035,0.47873445553469124,Early Suppression Followed by Attenuation,continuous_full_curve,1.7796840528418214
3,night,4.23221562500001,0.0236914887125127,-0.1253046702496228,0.1726876476746482,14.720750000000027,6.72,-0.42240431672547035,0.47873445553469124,Early Suppression Followed by Attenuation,continuous_full_curve,1.7796840528418214
3,night,4.29355208333334,0.0243523890650037,-0.12664481349414,0.1753495916241476,14.720750000000027,6.72,-0.42240431672547035,0.47873445553469124,Early Suppression Followed by Attenuation,continuous_full_curve,1.7796840528418214
3,night,4.35488854166668,0.0250112837165415,-0.1279456310176229,0.177968198450706,14.720750000000027,6.72,-0.42240431672547035,0.47873445553469124,Early Suppression Followed by Attenuation,continuous_full_curve,1.7796840528418214
3,night,4.41622500000001,0.025667481795105,-0.1292069874065461,0.1805419509967563,14.720750000000027,6.72,-0.42240431672547035,0.47873445553469124,Early Suppression Followed by Attenuation,continuous_full_curve,1.7796840528418214
3,night,4.47756145833334,0.0263202924286736,-0.1304288477037205,0.1830694325610678,14.720750000000027,6.72,-0.42240431672547035,0.47873445553469124,Early Suppression Followed by Attenuation,continuous_full_curve,1.7796840528418214
3,night,4.53889791666668,0.0269690247452265,-0.1316112774965257,0.1855493269869788,14.720750000000027,6.72,-0.42240431672547035,0.47873445553469124,Early Suppression Followed by Attenuation,continuous_full_curve,1.7796840528418214
3,night,4.60023437500001,0.0276129878727428,-0.1327544427259714,0.1879804184714571,14.720750000000027,6.72,-0.42240431672547035,0.47873445553469124,Early Suppression Followed by Attenuation,continuous_full_curve,1.7796840528418214
3,night,4.66157083333334,0.0282514909392018,-0.1338586092280504,0.190361591106454,14.720750000000027,6.72,-0.42240431672547035,0.47873445553469124,Early Suppression Followed by Attenuation,continuous_full_curve,1.7796840528418214
3,night,4.72290729166668,0.0288838430725828,-0.1349241420197024,0.192691828164868,14.720750000000027,6.72,-0.42240431672547035,0.47873445553469124,Early Suppression Followed by Attenuation,continuous_full_curve,1.7796840528418214
3,night,4.78424375000001,0.0295093534008648,-0.1359515043424709,0.1949702111442005,14.720750000000027,6.72,-0.42240431672547035,0.47873445553469124,Early Suppression Followed by Attenuation,continuous_full_curve,1.7796840528418214
3,night,4.84558020833334,0.0301273310520271,-0.136941256477591,0.1971959185816453,14.720750000000027,6.72,-0.42240431672547035,0.47873445553469124,Early Suppression Followed by Attenuation,continuous_full_curve,1.7796840528418214
3,night,4.90691666666668,0.0307370851540491,-0.1378940543467991,0.1993682246548973,14.720750000000027,6.72,-0.42240431672547035,0.47873445553469124,Early Suppression Followed by Attenuation,continuous_full_curve,1.7796840528418214
3,night,4.93578125,0.0310209894756506,-0.138329858578584,0.2003718375298853,14.720750000000027,6.72,-0.42240431672547035,0.47873445553469124,Early Suppression Followed by Attenuation,continuous_full_curve,1.7796840528418214
3,night,4.96825312500001,0.0313379248349097,-0.1388106479136257,0.2014864975834452,14.720750000000027,6.72,-0.42240431672547035,0.47873445553469124,Early Suppression Followed by Attenuation,continuous_full_curve,1.7796840528418214
3,night,5.02958958333334,0.0319291592225883,-0.1396918794002925,0.2035501978454692,14.720750000000027,6.72,-0.42240431672547035,0.47873445553469124,Early Suppression Followed by Attenuation,continuous_full_curve,1.7796840528418214
3,night,5.09092604166668,0.0325100974450642,-0.1405386813356073,0.2055588762257358,14.720750000000027,6.72,-0.42240431672547035,0.47873445553469124,Early Suppression Followed by Attenuation,continuous_full_curve,1.7796840528418214
3,night,5.15226250000001,0.0330800486303164,-0.1413520744494437,0.2075121717100767,14.720750000000027,6.72,-0.42240431672547035,0.47873445553469124,Early Suppression Followed by Attenuation,continuous_full_curve,1.7796840528418214
3,night,5.21359895833334,0.0336383219063242,-0.1421331654294848,0.2094098092421333,14.720750000000027,6.72,-0.42240431672547035,0.47873445553469124,Early Suppression Followed by Attenuation,continuous_full_curve,1.7796840528418214
3,night,5.27493541666668,0.034184226401067,-0.1428831445559354,0.2112515973580696,14.720750000000027,6.72,-0.42240431672547035,0.47873445553469124,Early Suppression Followed by Attenuation,continuous_full_curve,1.7796840528418214
3,night,5.33627187500001,0.0347170712425237,-0.1436032832298535,0.213037425714901,14.720750000000027,6.72,-0.42240431672547035,0.47873445553469124,Early Suppression Followed by Attenuation,continuous_full_curve,1.7796840528418214
3,night,5.39760833333334,0.0352361655586737,-0.1442949314106193,0.2147672625279668,14.720750000000027,6.72,-0.42240431672547035,0.47873445553469124,Early Suppression Followed by Attenuation,continuous_full_curve,1.7796840528418214
3,night,5.45894479166668,0.0357408184774962,-0.1449595149778769,0.2164411519328694,14.720750000000027,6.72,-0.42240431672547035,0.47873445553469124,Early Suppression Followed by Attenuation,continuous_full_curve,1.7796840528418214
3,night,5.52028125000001,0.0362303391269703,-0.1455985330330242,0.2180592112869651,14.720750000000027,6.72,-0.42240431672547035,0.47873445553469124,Early Suppression Followed by Attenuation,continuous_full_curve,1.7796840528418214
3,night,5.58161770833334,0.0367040366350754,-0.1462135551550262,0.2196216284251771,14.720750000000027,6.72,-0.42240431672547035,0.47873445553469124,Early Suppression Followed by Attenuation,continuous_full_curve,1.7796840528418214
3,night,5.64295416666668,0.0371612201297906,-0.1468062186249644,0.2211286588845458,14.720750000000027,6.72,-0.42240431672547035,0.47873445553469124,Early Suppression Followed by Attenuation,continuous_full_curve,1.7796840528418214
3,night,5.70429062500001,0.0376011987390951,-0.1473782256333398,0.2225806231115301,14.720750000000027,6.72,-0.42240431672547035,0.47873445553469124,Early Suppression Followed by Attenuation,continuous_full_curve,1.7796840528418214
3,night,5.76562708333334,0.0380232815909682,-0.147931340483706,0.2239779036656425,14.720750000000027,6.72,-0.42240431672547035,0.47873445553469124,Early Suppression Followed by Attenuation,continuous_full_curve,1.7796840528418214
3,night,5.82696354166668,0.0384267778133891,-0.1484673868057397,0.2253209424325179,14.720750000000027,6.72,-0.42240431672547035,0.47873445553469124,Early Suppression Followed by Attenuation,continuous_full_curve,1.7796840528418214
3,night,5.88830000000001,0.0388109965343369,-0.1489882447903506,0.2266102378590245,14.720750000000027,6.72,-0.42240431672547035,0.47873445553469124,Early Suppression Followed by Attenuation,continuous_full_curve,1.7796840528418214
3,night,5.94963645833335,0.0391752468817909,-0.1494958484589251,0.227846342222507,14.720750000000027,6.72,-0.42240431672547035,0.47873445553469124,Early Suppression Followed by Attenuation,continuous_full_curve,1.7796840528418214
3,night,6.01097291666668,0.0395188379837303,-0.1499921829782443,0.229029858945705,14.720750000000027,6.72,-0.42240431672547035,0.47873445553469124,Early Suppression Followed by Attenuation,continuous_full_curve,1.7796840528418214
3,night,6.07230937500001,0.0398410789681343,-0.1504792820320805,0.2301614399683492,14.720750000000027,6.72,-0.42240431672547035,0.47873445553469124,Early Suppression Followed by Attenuation,continuous_full_curve,1.7796840528418214
3,night,6.13364583333335,0.0401412789629822,-0.1509592252599126,0.2312417831858771,14.720750000000027,6.72,-0.42240431672547035,0.47873445553469124,Early Suppression Followed by Attenuation,continuous_full_curve,1.7796840528418214
3,night,6.19498229166668,0.0404187470962531,-0.1514341357726423,0.2322716299651486,14.720750000000027,6.72,-0.42240431672547035,0.47873445553469124,Early Suppression Followed by Attenuation,continuous_full_curve,1.7796840528418214
3,night,6.25631875000001,0.0406727924959263,-0.1519061777546405,0.2332517627464931,14.720750000000027,6.72,-0.42240431672547035,0.47873445553469124,Early Suppression Followed by Attenuation,continuous_full_curve,1.7796840528418214
3,night,6.31765520833335,0.040902724289981,-0.1523775541608943,0.2341830027408563,14.720750000000027,6.72,-0.42240431672547035,0.47873445553469124,Early Suppression Followed by Attenuation,continuous_full_curve,1.7796840528418214
3,night,6.37899166666668,0.0411078516063963,-0.1528505045174926,0.2350662077302854,14.720750000000027,6.72,-0.42240431672547035,0.47873445553469124,Early Suppression Followed by Attenuation,continuous_full_curve,1.7796840528418214
3,night,6.44032812500001,0.0412874835731516,-0.1533273028331557,0.235902269979459,14.720750000000027,6.72,-0.42240431672547035,0.47873445553469124,Early Suppression Followed by Attenuation,continuous_full_curve,1.7796840528418214
3,night,6.50166458333335,0.041440929318226,-0.153810255629007,0.236692114265459,14.720750000000027,6.72,-0.42240431672547035,0.47873445553469124,Early Suppression Followed by Attenuation,continuous_full_curve,1.7796840528418214
3,night,6.56300104166668,0.0415674979695987,-0.1543017000932944,0.2374366960324919,14.720750000000027,6.72,-0.42240431672547035,0.47873445553469124,Early Suppression Followed by Attenuation,continuous_full_curve,1.7796840528418214
3,night,6.62433750000001,0.0416664986552489,-0.1548040023673083,0.2381369996778063,14.720750000000027,6.72,-0.42240431672547035,0.47873445553469124,Early Suppression Followed by Attenuation,continuous_full_curve,1.7796840528418214
3,night,6.68567395833335,0.041737240503156,-0.1553195559682965,0.2387940369746086,14.720750000000027,6.72,-0.42240431672547035,0.47873445553469124,Early Suppression Followed by Attenuation,continuous_full_curve,1.7796840528418214
3,night,6.72,0.0417642403485775,-0.1556147608398469,0.2391432415370019,14.720750000000027,6.72,-0.42240431672547035,0.47873445553469124,Early Suppression Followed by Attenuation,continuous_full_curve,1.7796840528418214
3,night,6.74701041666668,0.041779032641299,-0.1558507803547754,0.2394088456373735,14.720750000000027,6.72,-0.42240431672547035,0.47873445553469124,Early Suppression Followed by Attenuation,continuous_full_curve,1.7796840528418214
3,night,6.80834687500001,0.0417911841976572,-0.156400119639253,0.2399824880345675,14.720750000000027,6.72,-0.42240431672547035,0.47873445553469124,Early Suppression Followed by Attenuation,continuous_full_curve,1.7796840528418214
3,night,6.86968333333335,0.0417730043002098,-0.1569700414530365,0.2405160500534562,14.720750000000027,6.72,-0.42240431672547035,0.47873445553469124,Early Suppression Followed by Attenuation,continuous_full_curve,1.7796840528418214
3,night,6.93101979166668,0.0417238020769361,-0.157563035967489,0.2410106401213612,14.720750000000027,6.72,-0.42240431672547035,0.47873445553469124,Early Suppression Followed by Attenuation,continuous_full_curve,1.7796840528418214
3,night,6.99235625000001,0.0416428866558152,-0.1581816150758307,0.2414673883874611,14.720750000000027,6.72,-0.42240431672547035,0.47873445553469124,Early Suppression Followed by Attenuation,continuous_full_curve,1.7796840528418214
3,night,7.05369270833335,0.0415295671648263,-0.1588283117393423,0.2418874460689951,14.720750000000027,6.72,-0.42240431672547035,0.47873445553469124,Early Suppression Followed by Attenuation,continuous_full_curve,1.7796840528418214
3,night,7.11502916666668,0.0413831527319487,-0.1595056795016456,0.2422719849655431,14.720750000000027,6.72,-0.42240431672547035,0.47873445553469124,Early Suppression Followed by Attenuation,continuous_full_curve,1.7796840528418214
3,night,7.17636562500001,0.0412029524851616,-0.160216292174581,0.2426221971449043,14.720750000000027,6.72,-0.42240431672547035,0.47873445553469124,Early Suppression Followed by Attenuation,continuous_full_curve,1.7796840528418214
3,night,7.23770208333335,0.0409882755524442,-0.1609627436991028,0.2429392948039912,14.720750000000027,6.72,-0.42240431672547035,0.47873445553469124,Early Suppression Followed by Attenuation,continuous_full_curve,1.7796840528418214
3,night,7.29903854166668,0.0407384310617757,-0.1617476481845458,0.2432245103080972,14.720750000000027,6.72,-0.42240431672547035,0.47873445553469124,Early Suppression Followed by Attenuation,continuous_full_curve,1.7796840528418214
3,night,7.36037500000001,0.0404527281411353,-0.1625736401296159,0.2434790964118866,14.720750000000027,6.72,-0.42240431672547035,0.47873445553469124,Early Suppression Followed by Attenuation,continuous_full_curve,1.7796840528418214
3,night,7.42171145833335,0.0401304759185022,-0.1634433748284788,0.2437043266654833,14.720750000000027,6.72,-0.42240431672547035,0.47873445553469124,Early Suppression Followed by Attenuation,continuous_full_curve,1.7796840528418214
3,night,7.48304791666668,0.0397709835218557,-0.1643595289654129,0.2439014960091245,14.720750000000027,6.72,-0.42240431672547035,0.47873445553469124,Early Suppression Followed by Attenuation,continuous_full_curve,1.7796840528418214
3,night,7.50775000000001,0.0396155296390568,-0.1647422139760052,0.2439732732541189,14.720750000000027,6.72,-0.42240431672547035,0.47873445553469124,Early Suppression Followed by Attenuation,continuous_full_curve,1.7796840528418214
3,night,7.54438437500001,0.0393735961505155,-0.1653246932555336,0.2440718855565647,14.720750000000027,6.72,-0.42240431672547035,0.47873445553469124,Early Suppression Followed by Attenuation,continuous_full_curve,1.7796840528418214
3,night,7.60572083333335,0.0389382046187301,-0.1663398418476794,0.2442162510851396,14.720750000000027,6.72,-0.42240431672547035,0.47873445553469124,Early Suppression Followed by Attenuation,continuous_full_curve,1.7796840528418214
3,night,7.66705729166668,0.0384651227843895,-0.1674046865280405,0.2443349320968196,14.720750000000027,6.72,-0.42240431672547035,0.47873445553469124,Early Suppression Followed by Attenuation,continuous_full_curve,1.7796840528418214
3,night,7.72839375000002,0.0379546755638951,-0.16851890705181,0.2444282581796002,14.720750000000027,6.72,-0.42240431672547035,0.47873445553469124,Early Suppression Followed by Attenuation,continuous_full_curve,1.7796840528418214
3,night,7.78973020833335,0.0374071878736482,-0.1696821842092861,0.2444965599565826,14.720750000000027,6.72,-0.42240431672547035,0.47873445553469124,Early Suppression Followed by Attenuation,continuous_full_curve,1.7796840528418214
3,night,7.85106666666668,0.0368229846300502,-0.1708941997987151,0.2445401690588155,14.720750000000027,6.72,-0.42240431672547035,0.47873445553469124,Early Suppression Followed by Attenuation,continuous_full_curve,1.7796840528418214
3,night,7.91240312500002,0.0362023907495023,-0.1721546365992754,0.2445594180982801,14.720750000000027,6.72,-0.42240431672547035,0.47873445553469124,Early Suppression Followed by Attenuation,continuous_full_curve,1.7796840528418214
3,night,7.97373958333335,0.035545731148406,-0.1734631783441906,0.2445546406410026,14.720750000000027,6.72,-0.42240431672547035,0.47873445553469124,Early Suppression Followed by Attenuation,continuous_full_curve,1.7796840528418214
3,night,8.03507604166668,0.0348533307431625,-0.1748195096939567,0.2445261711802819,14.720750000000027,6.72,-0.42240431672547035,0.47873445553469124,Early Suppression Followed by Attenuation,continuous_full_curve,1.7796840528418214
3,night,8.09641250000002,0.0341255144501732,-0.1762233162096719,0.2444743451100183,14.720750000000027,6.72,-0.42240431672547035,0.47873445553469124,Early Suppression Followed by Attenuation,continuous_full_curve,1.7796840528418214
3,night,8.15774895833335,0.0333626071858395,-0.1776742843264509,0.2443994986981299,14.720750000000027,6.72,-0.42240431672547035,0.47873445553469124,Early Suppression Followed by Attenuation,continuous_full_curve,1.7796840528418214
3,night,8.21908541666668,0.0325649338665626,-0.1791721013269173,0.2443019690600426,14.720750000000027,6.72,-0.42240431672547035,0.47873445553469124,Early Suppression Followed by Attenuation,continuous_full_curve,1.7796840528418214
3,night,8.28042187500002,0.0317328194087439,-0.1807164553147556,0.2441820941322434,14.720750000000027,6.72,-0.42240431672547035,0.47873445553469124,Early Suppression Followed by Attenuation,continuous_full_curve,1.7796840528418214
3,night,8.34175833333335,0.0308665887287848,-0.1823070351883122,0.2440402126458818,14.720750000000027,6.72,-0.42240431672547035,0.47873445553469124,Early Suppression Followed by Attenuation,continuous_full_curve,1.7796840528418214
3,night,8.40309479166668,0.0299665667430866,-0.1839435306142345,0.2438766641004077,14.720750000000027,6.72,-0.42240431672547035,0.47873445553469124,Early Suppression Followed by Attenuation,continuous_full_curve,1.7796840528418214
3,night,8.46443125000002,0.0290330783680505,-0.1856256320011331,0.2436917887372341,14.720750000000027,6.72,-0.42240431672547035,0.47873445553469124,Early Suppression Followed by Attenuation,continuous_full_curve,1.7796840528418214
3,night,8.52576770833335,0.0280664485200781,-0.1873530304732555,0.2434859275134118,14.720750000000027,6.72,-0.42240431672547035,0.47873445553469124,Early Suppression Followed by Attenuation,continuous_full_curve,1.7796840528418214
3,night,8.58710416666668,0.0270670021155705,-0.1891254178441636,0.2432594220753048,14.720750000000027,6.72,-0.42240431672547035,0.47873445553469124,Early Suppression Followed by Attenuation,continuous_full_curve,1.7796840528418214
3,night,8.64844062500002,0.0260350640709291,-0.190942486590397,0.2430126147322553,14.720750000000027,6.72,-0.42240431672547035,0.47873445553469124,Early Suppression Followed by Attenuation,continuous_full_curve,1.7796840528418214
3,night,8.70977708333335,0.0249709593025554,-0.1928039298251139,0.2427458484302248,14.720750000000027,6.72,-0.42240431672547035,0.47873445553469124,Early Suppression Followed by Attenuation,continuous_full_curve,1.7796840528418214
3,night,8.77111354166668,0.0238750127268506,-0.1947094412717008,0.2424594667254021,14.720750000000027,6.72,-0.42240431672547035,0.47873445553469124,Early Suppression Followed by Attenuation,continuous_full_curve,1.7796840528418214
3,night,8.83245000000002,0.0227475492602159,-0.1966587152373356,0.2421538137577675,14.720750000000027,6.72,-0.42240431672547035,0.47873445553469124,Early Suppression Followed by Attenuation,continuous_full_curve,1.7796840528418214
3,night,8.89378645833335,0.0215888938190529,-0.198651446586494,0.2418292342245999,14.720750000000027,6.72,-0.42240431672547035,0.47873445553469124,Early Suppression Followed by Attenuation,continuous_full_curve,1.7796840528418214
3,night,8.95512291666668,0.0203993713197629,-0.2006873307143924,0.2414860733539183,14.720750000000027,6.72,-0.42240431672547035,0.47873445553469124,Early Suppression Followed by Attenuation,continuous_full_curve,1.7796840528418214
3,night,9.01645937500002,0.0191793066787469,-0.2027660635203524,0.2411246768778464,14.720750000000027,6.72,-0.42240431672547035,0.47873445553469124,Early Suppression Followed by Attenuation,continuous_full_curve,1.7796840528418214
3,night,9.07779583333335,0.0179290248124067,-0.2048873413810774,0.2407453910058909,14.720750000000027,6.72,-0.42240431672547035,0.47873445553469124,Early Suppression Followed by Attenuation,continuous_full_curve,1.7796840528418214
3,night,9.13913229166668,0.0166488506371435,-0.2070508611238336,0.2403485623981207,14.720750000000027,6.72,-0.42240431672547035,0.47873445553469124,Early Suppression Followed by Attenuation,continuous_full_curve,1.7796840528418214
3,night,9.20046875000002,0.0153391090693584,-0.2092563199995243,0.2399345381382412,14.720750000000027,6.72,-0.42240431672547035,0.47873445553469124,Early Suppression Followed by Attenuation,continuous_full_curve,1.7796840528418214
3,night,9.26180520833335,0.014000125025453,-0.2115034156556441,0.2395036657065502,14.720750000000027,6.72,-0.42240431672547035,0.47873445553469124,Early Suppression Followed by Attenuation,continuous_full_curve,1.7796840528418214
3,night,9.32314166666668,0.0126322234218286,-0.2137918461091104,0.2390562929527678,14.720750000000027,6.72,-0.42240431672547035,0.47873445553469124,Early Suppression Followed by Attenuation,continuous_full_curve,1.7796840528418214
3,night,9.38447812500002,0.0112357291748863,-0.2161213097189575,0.2385927680687301,14.720750000000027,6.72,-0.42240431672547035,0.47873445553469124,Early Suppression Followed by Attenuation,continuous_full_curve,1.7796840528418214
3,night,9.44581458333335,0.0098109672010278,-0.2184915051588828,0.2381134395609385,14.720750000000027,6.72,-0.42240431672547035,0.47873445553469124,Early Suppression Followed by Attenuation,continuous_full_curve,1.7796840528418214
3,night,9.50715104166668,0.0083582624166543,-0.2209021313896447,0.2376186562229535,14.720750000000027,6.72,-0.42240431672547035,0.47873445553469124,Early Suppression Followed by Attenuation,continuous_full_curve,1.7796840528418214
3,night,9.56848750000002,0.0068779397381669,-0.2233528876312925,0.2371087671076263,14.720750000000027,6.72,-0.42240431672547035,0.47873445553469124,Early Suppression Followed by Attenuation,continuous_full_curve,1.7796840528418214
3,night,9.62982395833335,0.0053703240819673,-0.2258434733352239,0.2365841214991585,14.720750000000027,6.72,-0.42240431672547035,0.47873445553469124,Early Suppression Followed by Attenuation,continuous_full_curve,1.7796840528418214
3,night,9.69116041666669,0.0038357403644564,-0.228373588156068,0.2360450688849809,14.720750000000027,6.72,-0.42240431672547035,0.47873445553469124,Early Suppression Followed by Attenuation,continuous_full_curve,1.7796840528418214
3,night,9.75249687500002,0.0022745135020361,-0.2309429319233708,0.2354919589274432,14.720750000000027,6.72,-0.42240431672547035,0.47873445553469124,Early Suppression Followed by Attenuation,continuous_full_curve,1.7796840528418214
3,night,9.81383333333335,0.0006869684111075,-0.2335512046130933,0.2349251414353085,14.720750000000027,6.72,-0.42240431672547035,0.47873445553469124,Early Suppression Followed by Attenuation,continuous_full_curve,1.7796840528418214
3,night,9.87516979166669,-0.0009265699919283,-0.2361981063188963,0.2343449663350395,14.720750000000027,6.72,-0.42240431672547035,0.47873445553469124,Early Suppression Followed by Attenuation,continuous_full_curve,1.7796840528418214
3,night,9.93650625000002,-0.0025657767906697,-0.2388833372232153,0.2337517836418758,14.720750000000027,6.72,-0.42240431672547035,0.47873445553469124,Early Suppression Followed by Attenuation,continuous_full_curve,1.7796840528418214
3,night,9.99784270833335,-0.0042303270687153,-0.2416065975681174,0.2331459434306867,14.720750000000027,6.72,-0.42240431672547035,0.47873445553469124,Early Suppression Followed by Attenuation,continuous_full_curve,1.7796840528418214
3,night,10.0591791666667,-0.0059198959096645,-0.2443675876259277,0.2325277958065986,14.720750000000027,6.72,-0.42240431672547035,0.47873445553469124,Early Suppression Followed by Attenuation,continuous_full_curve,1.7796840528418214
3,night,10.112,-0.0073946952539766,-0.2467752635951261,0.2319858730871728,14.720750000000027,6.72,-0.42240431672547035,0.47873445553469124,Early Suppression Followed by Attenuation,continuous_full_curve,1.7796840528418214
3,night,10.120515625,-0.007634158397114,-0.2471660076696143,0.2318976908753863,14.720750000000027,6.72,-0.42240431672547035,0.47873445553469124,Early Suppression Followed by Attenuation,continuous_full_curve,1.7796840528418214
3,night,10.1818520833334,-0.0093727896146666,-0.2500015579429528,0.2312559787136195,14.720750000000027,6.72,-0.42240431672547035,0.47873445553469124,Early Suppression Followed by Attenuation,continuous_full_curve,1.7796840528418214
3,night,10.2431885416667,-0.0111354646459154,-0.2528739386303974,0.2306030093385664,14.720750000000027,6.72,-0.42240431672547035,0.47873445553469124,Early Suppression Followed by Attenuation,continuous_full_curve,1.7796840528418214
3,night,10.304525,-0.0129218585744618,-0.2557828498267543,0.2299391326778307,14.720750000000027,6.72,-0.42240431672547035,0.47873445553469124,Early Suppression Followed by Attenuation,continuous_full_curve,1.7796840528418214
3,night,10.3658614583334,-0.0147316464839074,-0.2587279915065479,0.2292646985387329,14.720750000000027,6.72,-0.42240431672547035,0.47873445553469124,Early Suppression Followed by Attenuation,continuous_full_curve,1.7796840528418214
3,night,10.4271979166667,-0.0165645034578451,-0.2617090634931165,0.2285800565774263,14.720750000000027,6.72,-0.42240431672547035,0.47873445553469124,Early Suppression Followed by Attenuation,continuous_full_curve,1.7796840528418214
3,night,10.488534375,-0.0184201045798764,-0.2647257654274759,0.227885556267723,14.720750000000027,6.72,-0.42240431672547035,0.47873445553469124,Early Suppression Followed by Attenuation,continuous_full_curve,1.7796840528418214
3,night,10.5498708333334,-0.020298124933603,-0.2677777967368584,0.2271815468696522,14.720750000000027,6.72,-0.42240431672547035,0.47873445553469124,Early Suppression Followed by Attenuation,continuous_full_curve,1.7796840528418214
3,night,10.6112072916667,-0.0221982396026175,-0.2708648566029642,0.226468377397729,14.720750000000027,6.72,-0.42240431672547035,0.47873445553469124,Early Suppression Followed by Attenuation,continuous_full_curve,1.7796840528418214
3,night,10.67254375,-0.0241201236705217,-0.2739866439299643,0.2257463965889208,14.720750000000027,6.72,-0.42240431672547035,0.47873445553469124,Early Suppression Followed by Attenuation,continuous_full_curve,1.7796840528418214
3,night,10.7338802083334,-0.0260634522209172,-0.2771428573121599,0.2250159528703253,14.720750000000027,6.72,-0.42240431672547035,0.47873445553469124,Early Suppression Followed by Attenuation,continuous_full_curve,1.7796840528418214
3,night,10.7952166666667,-0.0280279003373966,-0.2803331950013387,0.2242773943265454,14.720750000000027,6.72,-0.42240431672547035,0.47873445553469124,Early Suppression Followed by Attenuation,continuous_full_curve,1.7796840528418214
3,night,10.856553125,-0.0300131431035615,-0.2835573548738678,0.2235310686667447,14.720750000000027,6.72,-0.42240431672547035,0.47873445553469124,Early Suppression Followed by Attenuation,continuous_full_curve,1.7796840528418214
3,night,10.9178895833334,-0.032018855603014,-0.2868150343974276,0.2227773231913995,14.720750000000027,6.72,-0.42240431672547035,0.47873445553469124,Early Suppression Followed by Attenuation,continuous_full_curve,1.7796840528418214
3,night,10.9792260416667,-0.0340447129193461,-0.2901059305974267,0.2220165047587343,14.720750000000027,6.72,-0.42240431672547035,0.47873445553469124,Early Suppression Followed by Attenuation,continuous_full_curve,1.7796840528418214
3,night,11.0405625,-0.0360903901361598,-0.2934297400231435,0.2212489597508238,14.720750000000027,6.72,-0.42240431672547035,0.47873445553469124,Early Suppression Followed by Attenuation,continuous_full_curve,1.7796840528418214
3,night,11.1018989583334,-0.0381555623370572,-0.2967861587134921,0.2204750340393777,14.720750000000027,6.72,-0.42240431672547035,0.47873445553469124,Early Suppression Followed by Attenuation,continuous_full_curve,1.7796840528418214
3,night,11.1632354166667,-0.04023990460563,-0.300174882162458,0.2196950729511978,14.720750000000027,6.72,-0.42240431672547035,0.47873445553469124,Early Suppression Followed by Attenuation,continuous_full_curve,1.7796840528418214
3,night,11.224571875,-0.0423430920254805,-0.30359560528425,0.2189094212332889,14.720750000000027,6.72,-0.42240431672547035,0.47873445553469124,Early Suppression Followed by Attenuation,continuous_full_curve,1.7796840528418214
3,night,11.2859083333334,-0.0444647996802106,-0.3070480223780629,0.2181184230176417,14.720750000000027,6.72,-0.42240431672547035,0.47873445553469124,Early Suppression Followed by Attenuation,continuous_full_curve,1.7796840528418214
3,night,11.3472447916667,-0.0466047026534122,-0.3105318270925027,0.2173224217856783,14.720750000000027,6.72,-0.42240431672547035,0.47873445553469124,Early Suppression Followed by Attenuation,continuous_full_curve,1.7796840528418214
3,night,11.40858125,-0.0487624760286873,-0.3140467123897161,0.2165217603323415,14.720750000000027,6.72,-0.42240431672547035,0.47873445553469124,Early Suppression Followed by Attenuation,continuous_full_curve,1.7796840528418214
3,night,11.4699177083334,-0.0509377948896382,-0.317592370509124,0.2157167807298475,14.720750000000027,6.72,-0.42240431672547035,0.47873445553469124,Early Suppression Followed by Attenuation,continuous_full_curve,1.7796840528418214
3,night,11.5312541666667,-0.0531303343198565,-0.3211684929308069,0.2149078242910938,14.720750000000027,6.72,-0.42240431672547035,0.47873445553469124,Early Suppression Followed by Attenuation,continuous_full_curve,1.7796840528418214
3,night,11.592590625,-0.0553397694029443,-0.3247747703385891,0.2140952315327005,14.720750000000027,6.72,-0.42240431672547035,0.47873445553469124,Early Suppression Followed by Attenuation,continuous_full_curve,1.7796840528418214
3,night,11.6539270833334,-0.0575657752225039,-0.3284108925827221,0.2132793421377141,14.720750000000027,6.72,-0.42240431672547035,0.47873445553469124,Early Suppression Followed by Attenuation,continuous_full_curve,1.7796840528418214
3,night,11.7152635416667,-0.0598080268621268,-0.332076548642209,0.2124604949179553,14.720750000000027,6.72,-0.42240431672547035,0.47873445553469124,Early Suppression Followed by Attenuation,continuous_full_curve,1.7796840528418214
3,night,11.7766,-0.0620661994054152,-0.335771426586829,0.2116390277759985,14.720750000000027,6.72,-0.42240431672547035,0.47873445553469124,Early Suppression Followed by Attenuation,continuous_full_curve,1.7796840528418214
3,night,11.8379364583334,-0.0643399679359716,-0.3394952135387523,0.2108152776668091,14.720750000000027,6.72,-0.42240431672547035,0.47873445553469124,Early Suppression Followed by Attenuation,continuous_full_curve,1.7796840528418214
3,night,11.8992729166667,-0.066629007537387,-0.3432475956337948,0.2099895805590207,14.720750000000027,6.72,-0.42240431672547035,0.47873445553469124,Early Suppression Followed by Attenuation,continuous_full_curve,1.7796840528418214
3,night,11.960609375,-0.068932993293264,-0.3470282579823721,0.2091622713958439,14.720750000000027,6.72,-0.42240431672547035,0.47873445553469124,Early Suppression Followed by Attenuation,continuous_full_curve,1.7796840528418214
3,night,12.0219458333334,-0.071251600287205,-0.3508368846300386,0.2083336840556285,14.720750000000027,6.72,-0.42240431672547035,0.47873445553469124,Early Suppression Followed by Attenuation,continuous_full_curve,1.7796840528418214
3,night,12.0832822916667,-0.0735845036028011,-0.3546731585176697,0.2075041513120675,14.720750000000027,6.72,-0.42240431672547035,0.47873445553469124,Early Suppression Followed by Attenuation,continuous_full_curve,1.7796840528418214
3,night,12.14461875,-0.0759313783236546,-0.358536761441341,0.2066740047940318,14.720750000000027,6.72,-0.42240431672547035,0.47873445553469124,Early Suppression Followed by Attenuation,continuous_full_curve,1.7796840528418214
3,night,12.2059552083334,-0.0782918995333682,-0.3624273740117967,0.2058435749450603,14.720750000000027,6.72,-0.42240431672547035,0.47873445553469124,Early Suppression Followed by Attenuation,continuous_full_curve,1.7796840528418214
3,night,12.2672916666667,-0.0806657423155328,-0.3663446756135586,0.205013190982493,14.720750000000027,6.72,-0.42240431672547035,0.47873445553469124,Early Suppression Followed by Attenuation,continuous_full_curve,1.7796840528418214
3,night,12.328628125,-0.0830525817537508,-0.370288344363742,0.2041831808562403,14.720750000000027,6.72,-0.42240431672547035,0.47873445553469124,Early Suppression Followed by Attenuation,continuous_full_curve,1.7796840528418214
3,night,12.3899645833334,-0.0854520929316249,-0.3742580570704588,0.2033538712072088,14.720750000000027,6.72,-0.42240431672547035,0.47873445553469124,Early Suppression Followed by Attenuation,continuous_full_curve,1.7796840528418214
3,night,12.4513010416667,-0.087863950932746,-0.3782534891908716,0.2025255873253795,14.720750000000027,6.72,-0.42240431672547035,0.47873445553469124,Early Suppression Followed by Attenuation,continuous_full_curve,1.7796840528418214
3,night,12.5126375,-0.0902878308407165,-0.3822743147889561,0.201698653107523,14.720750000000027,6.72,-0.42240431672547035,0.47873445553469124,Early Suppression Followed by Attenuation,continuous_full_curve,1.7796840528418214
3,night,12.5739739583334,-0.0927234077391392,-0.3863202064928629,0.2008733910145844,14.720750000000027,6.72,-0.42240431672547035,0.47873445553469124,Early Suppression Followed by Attenuation,continuous_full_curve,1.7796840528418214
3,night,12.6353104166667,-0.0951703567116046,-0.3903908354519337,0.2000501220287244,14.720750000000027,6.72,-0.42240431672547035,0.47873445553469124,Early Suppression Followed by Attenuation,continuous_full_curve,1.7796840528418214
3,night,12.696646875,-0.0976283528417157,-0.3944858712934407,0.1992291656100093,14.720750000000027,6.72,-0.42240431672547035,0.47873445553469124,Early Suppression Followed by Attenuation,continuous_full_curve,1.7796840528418214
3,night,12.7579833333334,-0.1000970712130747,-0.3986049820789316,0.198410839652782,14.720750000000027,6.72,-0.42240431672547035,0.47873445553469124,Early Suppression Followed by Attenuation,continuous_full_curve,1.7796840528418214
3,night,12.8193197916667,-0.1025761869092727,-0.4027478342602431,0.1975954604416976,14.720750000000027,6.72,-0.42240431672547035,0.47873445553469124,Early Suppression Followed by Attenuation,continuous_full_curve,1.7796840528418214
3,night,12.88065625,-0.105065375013912,-0.4069140926352494,0.1967833426074253,14.720750000000027,6.72,-0.42240431672547035,0.47873445553469124,Early Suppression Followed by Attenuation,continuous_full_curve,1.7796840528418214
3,night,12.9419927083334,-0.1075643106105956,-0.4111034203032312,0.1959747990820399,14.720750000000027,6.72,-0.42240431672547035,0.47873445553469124,Early Suppression Followed by Attenuation,continuous_full_curve,1.7796840528418214
3,night,12.9835,-0.1092607429800633,-0.4139513170414913,0.1954298310813646,14.720750000000027,6.72,-0.42240431672547035,0.47873445553469124,Early Suppression Followed by Attenuation,continuous_full_curve,1.7796840528418214
3,night,13.0033291666667,-0.1100726687829139,-0.4153154786199279,0.1951701410541,14.720750000000027,6.72,-0.42240431672547035,0.47873445553469124,Early Suppression Followed by Attenuation,continuous_full_curve,1.7796840528418214
3,night,13.064665625,-0.1125901246144696,-0.4195499271523416,0.1943696779234022,14.720750000000027,6.72,-0.42240431672547035,0.47873445553469124,Early Suppression Followed by Attenuation,continuous_full_curve,1.7796840528418214
3,night,13.1260020833334,-0.1151163531888656,-0.4238064236331789,0.1935737172554476,14.720750000000027,6.72,-0.42240431672547035,0.47873445553469124,Early Suppression Followed by Attenuation,continuous_full_curve,1.7796840528418214
3,night,13.1873385416667,-0.1176510295896922,-0.4280846239149947,0.1927825647356103,14.720750000000027,6.72,-0.42240431672547035,0.47873445553469124,Early Suppression Followed by Attenuation,continuous_full_curve,1.7796840528418214
3,night,13.248675,-0.1201938289005522,-0.4323841819241097,0.1919965241230052,14.720750000000027,6.72,-0.42240431672547035,0.47873445553469124,Early Suppression Followed by Attenuation,continuous_full_curve,1.7796840528418214
3,night,13.3100114583334,-0.1227444262050486,-0.4367047496141851,0.1912158972040879,14.720750000000027,6.72,-0.42240431672547035,0.47873445553469124,Early Suppression Followed by Attenuation,continuous_full_curve,1.7796840528418214
3,night,13.3713479166667,-0.1253024965867714,-0.4410459769195219,0.190440983745979,14.720750000000027,6.72,-0.42240431672547035,0.47873445553469124,Early Suppression Followed by Attenuation,continuous_full_curve,1.7796840528418214
3,night,13.432684375,-0.1278677151293238,-0.4454075117081615,0.1896720814495139,14.720750000000027,6.72,-0.42240431672547035,0.47873445553469124,Early Suppression Followed by Attenuation,continuous_full_curve,1.7796840528418214
3,night,13.4940208333334,-0.1304397569163084,-0.449788999734664,0.1889094859020472,14.720750000000027,6.72,-0.42240431672547035,0.47873445553469124,Early Suppression Followed by Attenuation,continuous_full_curve,1.7796840528418214
3,night,13.5553572916667,-0.1330182970313156,-0.4541900845926429,0.1881534905300116,14.720750000000027,6.72,-0.42240431672547035,0.47873445553469124,Early Suppression Followed by Attenuation,continuous_full_curve,1.7796840528418214
3,night,13.61669375,-0.1356030105579481,-0.4586104076671246,0.1874043865512282,14.720750000000027,6.72,-0.42240431672547035,0.47873445553469124,Early Suppression Followed by Attenuation,continuous_full_curve,1.7796840528418214
3,night,13.6780302083334,-0.138193572579809,-0.4630496080866202,0.1866624629270021,14.720750000000027,6.72,-0.42240431672547035,0.47873445553469124,Early Suppression Followed by Attenuation,continuous_full_curve,1.7796840528418214
3,night,13.7393666666667,-0.1407896581804884,-0.4675073226749797,0.1859280063140029,14.720750000000027,6.72,-0.42240431672547035,0.47873445553469124,Early Suppression Followed by Attenuation,continuous_full_curve,1.7796840528418214
3,night,13.800703125,-0.1433909424435892,-0.4719831859031093,0.1852013010159307,14.720750000000027,6.72,-0.42240431672547035,0.47873445553469124,Early Suppression Followed by Attenuation,continuous_full_curve,1.7796840528418214
3,night,13.8620395833334,-0.1459971004527143,-0.4764768298404284,0.1844826289349996,14.720750000000027,6.72,-0.42240431672547035,0.47873445553469124,Early Suppression Followed by Attenuation,continuous_full_curve,1.7796840528418214
3,night,13.9233760416667,-0.1486078072914539,-0.4809878841061503,0.1837722695232424,14.720750000000027,6.72,-0.42240431672547035,0.47873445553469124,Early Suppression Followed by Attenuation,continuous_full_curve,1.7796840528418214
3,night,13.9847125,-0.1512227380434109,-0.4855159758204592,0.1830704997336372,14.720750000000027,6.72,-0.42240431672547035,0.47873445553469124,Early Suppression Followed by Attenuation,continuous_full_curve,1.7796840528418214
3,night,14.0460489583334,-0.1538415677921881,-0.4900607295554678,0.1823775939710915,14.720750000000027,6.72,-0.42240431672547035,0.47873445553469124,Early Suppression Followed by Attenuation,continuous_full_curve,1.7796840528418214
3,night,14.1073854166667,-0.1564639716213759,-0.4946217672860379,0.1816938240432859,14.720750000000027,6.72,-0.42240431672547035,0.47873445553469124,Early Suppression Followed by Attenuation,continuous_full_curve,1.7796840528418214
3,night,14.168721875,-0.159089624614577,-0.4991987083405365,0.1810194591113824,14.720750000000027,6.72,-0.42240431672547035,0.47873445553469124,Early Suppression Followed by Attenuation,continuous_full_curve,1.7796840528418214
3,night,14.2300583333334,-0.1617182018553944,-0.5037911693514214,0.1803547656406324,14.720750000000027,6.72,-0.42240431672547035,0.47873445553469124,Early Suppression Followed by Attenuation,continuous_full_curve,1.7796840528418214
3,night,14.2913947916667,-0.1643493784274183,-0.5083987642057267,0.1797000073508899,14.720750000000027,6.72,-0.42240431672547035,0.47873445553469124,Early Suppression Followed by Attenuation,continuous_full_curve,1.7796840528418214
3,night,14.35273125,-0.1669828294142515,-0.5130211039955387,0.1790554451670356,14.720750000000027,6.72,-0.42240431672547035,0.47873445553469124,Early Suppression Followed by Attenuation,continuous_full_curve,1.7796840528418214
3,night,14.4140677083334,-0.169618229899497,-0.5176577969683418,0.1784213371693476,14.720750000000027,6.72,-0.42240431672547035,0.47873445553469124,Early Suppression Followed by Attenuation,continuous_full_curve,1.7796840528418214
3,night,14.4754041666667,-0.1722552549667449,-0.5223084484773182,0.1777979385438282,14.720750000000027,6.72,-0.42240431672547035,0.47873445553469124,Early Suppression Followed by Attenuation,continuous_full_curve,1.7796840528418214
3,night,14.536740625,-0.1748935796995983,-0.5269726609316886,0.177185501532492,14.720750000000027,6.72,-0.42240431672547035,0.47873445553469124,Early Suppression Followed by Attenuation,continuous_full_curve,1.7796840528418214
3,night,14.5980770833334,-0.1775328791816598,-0.5316500337469743,0.1765842753836546,14.720750000000027,6.72,-0.42240431672547035,0.47873445553469124,Early Suppression Followed by Attenuation,continuous_full_curve,1.7796840528418214
3,night,14.6594135416667,-0.1801728284965197,-0.5363401632952698,0.1759945063022301,14.720750000000027,6.72,-0.42240431672547035,0.47873445553469124,Early Suppression Followed by Attenuation,continuous_full_curve,1.7796840528418214
3,night,14.72075,-0.1828131027277811,-0.5410426428556103,0.1754164374000481,14.720750000000027,6.72,-0.42240431672547035,0.47873445553469124,Early Suppression Followed by Attenuation,continuous_full_curve,1.7796840528418214
4,compound,0.0,0.0,0.0,0.0,21.485000000000028,6.72,-1.0643465820483093,0.7620311185137048,Low-Amplitude Persistent Disturbance,continuous_full_curve,1.55
4,compound,0.0895208333333335,-0.0038629180809335,-0.0444141189357185,0.0366882827738515,21.485000000000028,6.72,-1.0643465820483093,0.7620311185137048,Low-Amplitude Persistent Disturbance,continuous_full_curve,1.55
4,compound,0.179041666666667,-0.0077236926944999,-0.0504179484908818,0.0349705631018819,21.485000000000028,6.72,-1.0643465820483093,0.7620311185137048,Low-Amplitude Persistent Disturbance,continuous_full_curve,1.55
4,compound,0.2685625,-0.011580180373332,-0.056528937071523,0.0333685763248589,21.485000000000028,6.72,-1.0643465820483093,0.7620311185137048,Low-Amplitude Persistent Disturbance,continuous_full_curve,1.55
4,compound,0.358083333333334,-0.0154302376500628,-0.0627496868177233,0.0318892115175975,21.485000000000028,6.72,-1.0643465820483093,0.7620311185137048,Low-Amplitude Persistent Disturbance,continuous_full_curve,1.55
4,compound,0.447604166666667,-0.0192717210573251,-0.0690828852931292,0.0305394431784789,21.485000000000028,6.72,-1.0643465820483093,0.7620311185137048,Low-Amplitude Persistent Disturbance,continuous_full_curve,1.55
4,compound,0.537125000000001,-0.0231024871277518,-0.0755312938882629,0.0293263196327593,21.485000000000028,6.72,-1.0643465820483093,0.7620311185137048,Low-Amplitude Persistent Disturbance,continuous_full_curve,1.55
4,compound,0.626645833333334,-0.0269203923939757,-0.082097734577071,0.0282569497891196,21.485000000000028,6.72,-1.0643465820483093,0.7620311185137048,Low-Amplitude Persistent Disturbance,continuous_full_curve,1.55
4,compound,0.716166666666668,-0.0307232933886298,-0.0887850749266717,0.0273384881494121,21.485000000000028,6.72,-1.0643465820483093,0.7620311185137048,Low-Amplitude Persistent Disturbance,continuous_full_curve,1.55
4,compound,0.805687500000001,-0.0345090466443468,-0.095596211262385,0.0265781179736914,21.485000000000028,6.72,-1.0643465820483093,0.7620311185137048,Low-Amplitude Persistent Disturbance,continuous_full_curve,1.55
4,compound,0.895208333333335,-0.0382755086937598,-0.102534049893507,0.0259830325059874,21.485000000000028,6.72,-1.0643465820483093,0.7620311185137048,Low-Amplitude Persistent Disturbance,continuous_full_curve,1.55
4,compound,0.984729166666668,-0.0420205360695014,-0.1096014863100246,0.0255604141710216,21.485000000000028,6.72,-1.0643465820483093,0.7620311185137048,Low-Amplitude Persistent Disturbance,continuous_full_curve,1.55
4,compound,1.07425,-0.0457419853042048,-0.1168013822667247,0.0253174116583151,21.485000000000028,6.72,-1.0643465820483093,0.7620311185137048,Low-Amplitude Persistent Disturbance,continuous_full_curve,1.55
4,compound,1.16377083333334,-0.0494377129305029,-0.1241365406790306,0.0252611148180248,21.485000000000028,6.72,-1.0643465820483093,0.7620311185137048,Low-Amplitude Persistent Disturbance,continuous_full_curve,1.55
4,compound,1.25329166666667,-0.053105575481028,-0.1316096782645578,0.0253985273025018,21.485000000000028,6.72,-1.0643465820483093,0.7620311185137048,Low-Amplitude Persistent Disturbance,continuous_full_curve,1.55
4,compound,1.3428125,-0.0567434294884133,-0.1392233958759491,0.0257365368991223,21.485000000000028,6.72,-1.0643465820483093,0.7620311185137048,Low-Amplitude Persistent Disturbance,continuous_full_curve,1.55
4,compound,1.43233333333334,-0.0603491314852922,-0.1469801464840908,0.0262818835135062,21.485000000000028,6.72,-1.0643465820483093,0.7620311185137048,Low-Amplitude Persistent Disturbance,continuous_full_curve,1.55
4,compound,1.52185416666667,-0.0639205380042968,-0.1548822007865301,0.0270411247779364,21.485000000000028,6.72,-1.0643465820483093,0.7620311185137048,Low-Amplitude Persistent Disturbance,continuous_full_curve,1.55
4,compound,1.611375,-0.0674555055780602,-0.1629316104338218,0.0280205992777013,21.485000000000028,6.72,-1.0643465820483093,0.7620311185137048,Low-Amplitude Persistent Disturbance,continuous_full_curve,1.55
4,compound,1.70089583333334,-0.0709518907392158,-0.17113016888672,0.0292263874082883,21.485000000000028,6.72,-1.0643465820483093,0.7620311185137048,Low-Amplitude Persistent Disturbance,continuous_full_curve,1.55
4,compound,1.79041666666667,-0.0744075500203956,-0.1794793699397108,0.0306642698989194,21.485000000000028,6.72,-1.0643465820483093,0.7620311185137048,Low-Amplitude Persistent Disturbance,continuous_full_curve,1.55
4,compound,1.8799375,-0.077820339954233,-0.1879803639713336,0.0323396840628675,21.485000000000028,6.72,-1.0643465820483093,0.7620311185137048,Low-Amplitude Persistent Disturbance,continuous_full_curve,1.55
4,compound,1.96945833333334,-0.0811881170733612,-0.1966339120090469,0.0342576778623244,21.485000000000028,6.72,-1.0643465820483093,0.7620311185137048,Low-Amplitude Persistent Disturbance,continuous_full_curve,1.55
4,compound,2.05897916666667,-0.0845087379104122,-0.2054403377261197,0.0364228619052952,21.485000000000028,6.72,-1.0643465820483093,0.7620311185137048,Low-Amplitude Persistent Disturbance,continuous_full_curve,1.55
4,compound,2.1485,-0.0877800589980194,-0.2143994775200268,0.0388393595239879,21.485000000000028,6.72,-1.0643465820483093,0.7620311185137048,Low-Amplitude Persistent Disturbance,continuous_full_curve,1.55
4,compound,2.23802083333334,-0.090999936868816,-0.2235106288559828,0.0415107551183508,21.485000000000028,6.72,-1.0643465820483093,0.7620311185137048,Low-Amplitude Persistent Disturbance,continuous_full_curve,1.55
4,compound,2.32754166666667,-0.0941662280554341,-0.2327724970955016,0.0444400409846333,21.485000000000028,6.72,-1.0643465820483093,0.7620311185137048,Low-Amplitude Persistent Disturbance,continuous_full_curve,1.55
4,compound,2.4170625,-0.097276789090507,-0.2421831410679317,0.0476295628869176,21.485000000000028,6.72,-1.0643465820483093,0.7620311185137048,Low-Amplitude Persistent Disturbance,continuous_full_curve,1.55
4,compound,2.465,-0.0989188064994499,-0.247282721815113,0.0494451088162132,21.485000000000028,6.72,-1.0643465820483093,0.7620311185137048,Low-Amplitude Persistent Disturbance,continuous_full_curve,1.55
4,compound,2.50658333333334,-0.1003294765066679,-0.251739917682538,0.0510809646692021,21.485000000000028,6.72,-1.0643465820483093,0.7620311185137048,Low-Amplitude Persistent Disturbance,continuous_full_curve,1.55
4,compound,2.59610416666667,-0.103322146836549,-0.2614394259196539,0.0547951322465558,21.485000000000028,6.72,-1.0643465820483093,0.7620311185137048,Low-Amplitude Persistent Disturbance,continuous_full_curve,1.55
4,compound,2.685625,-0.1062526566127835,-0.2712774505812679,0.0587721373557008,21.485000000000028,6.72,-1.0643465820483093,0.7620311185137048,Low-Amplitude Persistent Disturbance,continuous_full_curve,1.55
4,compound,2.77514583333334,-0.1091188623680046,-0.2812489062237004,0.0630111814876912,21.485000000000028,6.72,-1.0643465820483093,0.7620311185137048,Low-Amplitude Persistent Disturbance,continuous_full_curve,1.55
4,compound,2.86466666666667,-0.1119186206348446,-0.2913477817373801,0.0675105404676909,21.485000000000028,6.72,-1.0643465820483093,0.7620311185137048,Low-Amplitude Persistent Disturbance,continuous_full_curve,1.55
4,compound,2.9541875,-0.1146497879459366,-0.3015670860804988,0.0722675101886256,21.485000000000028,6.72,-1.0643465820483093,0.7620311185137048,Low-Amplitude Persistent Disturbance,continuous_full_curve,1.55
4,compound,3.04370833333334,-0.1173102208339137,-0.3118987957139116,0.0772783540460841,21.485000000000028,6.72,-1.0643465820483093,0.7620311185137048,Low-Amplitude Persistent Disturbance,continuous_full_curve,1.55
4,compound,3.13322916666667,-0.1198977758314084,-0.3223338043234733,0.0825382526606564,21.485000000000028,6.72,-1.0643465820483093,0.7620311185137048,Low-Amplitude Persistent Disturbance,continuous_full_curve,1.55
4,compound,3.22275,-0.1224103094710538,-0.3328618754522496,0.088041256510142,21.485000000000028,6.72,-1.0643465820483093,0.7620311185137048,Low-Amplitude Persistent Disturbance,continuous_full_curve,1.55
4,compound,3.31227083333334,-0.1248456782854829,-0.3434715986979604,0.0937802421269944,21.485000000000028,6.72,-1.0643465820483093,0.7620311185137048,Low-Amplitude Persistent Disturbance,continuous_full_curve,1.55
4,compound,3.40179166666667,-0.1272017388073283,-0.3541503501598665,0.0997468725452098,21.485000000000028,6.72,-1.0643465820483093,0.7620311185137048,Low-Amplitude Persistent Disturbance,continuous_full_curve,1.55
4,compound,3.4913125,-0.1294763475692228,-0.3648842578431771,0.1059315627047313,21.485000000000028,6.72,-1.0643465820483093,0.7620311185137048,Low-Amplitude Persistent Disturbance,continuous_full_curve,1.55
4,compound,3.58083333333334,-0.1316673611037999,-0.3756581727470611,0.1123234505394613,21.485000000000028,6.72,-1.0643465820483093,0.7620311185137048,Low-Amplitude Persistent Disturbance,continuous_full_curve,1.55
4,compound,3.67035416666667,-0.1337726359436917,-0.3864556463737197,0.1189103744863362,21.485000000000028,6.72,-1.0643465820483093,0.7620311185137048,Low-Amplitude Persistent Disturbance,continuous_full_curve,1.55
4,compound,3.75987500000001,-0.1357900286215317,-0.3972589153997329,0.1256788581566693,21.485000000000028,6.72,-1.0643465820483093,0.7620311185137048,Low-Amplitude Persistent Disturbance,continuous_full_curve,1.55
4,compound,3.84939583333334,-0.1377173956699522,-0.4080488942461846,0.1326141029062801,21.485000000000028,6.72,-1.0643465820483093,0.7620311185137048,Low-Amplitude Persistent Disturbance,continuous_full_curve,1.55
4,compound,3.93891666666667,-0.1395525936215865,-0.4188051762702103,0.1396999890270372,21.485000000000028,6.72,-1.0643465820483093,0.7620311185137048,Low-Amplitude Persistent Disturbance,continuous_full_curve,1.55
4,compound,4.02843750000001,-0.1412934790090674,-0.4295060442766013,0.1469190862584664,21.485000000000028,6.72,-1.0643465820483093,0.7620311185137048,Low-Amplitude Persistent Disturbance,continuous_full_curve,1.55
4,compound,4.11795833333334,-0.1429379083650276,-0.4401284910134896,0.1542526742834344,21.485000000000028,6.72,-1.0643465820483093,0.7620311185137048,Low-Amplitude Persistent Disturbance,continuous_full_curve,1.55
4,compound,4.20747916666667,-0.1444837382221001,-0.4506482502701574,0.1616807738259571,21.485000000000028,6.72,-1.0643465820483093,0.7620311185137048,Low-Amplitude Persistent Disturbance,continuous_full_curve,1.55
4,compound,4.29700000000001,-0.145928825112918,-0.4610398391372299,0.1691821889113939,21.485000000000028,6.72,-1.0643465820483093,0.7620311185137048,Low-Amplitude Persistent Disturbance,continuous_full_curve,1.55
4,compound,4.38652083333334,-0.1472710255701137,-0.4712766119196183,0.1767345607793909,21.485000000000028,6.72,-1.0643465820483093,0.7620311185137048,Low-Amplitude Persistent Disturbance,continuous_full_curve,1.55
4,compound,4.41150000000001,-0.1476268921160201,-0.4741016364964901,0.1788478522644498,21.485000000000028,6.72,-1.0643465820483093,0.7620311185137048,Low-Amplitude Persistent Disturbance,continuous_full_curve,1.55
4,compound,4.47604166666667,-0.1485084642441599,-0.4813318033545282,0.1843148748662082,21.485000000000028,6.72,-1.0643465820483093,0.7620311185137048,Low-Amplitude Persistent Disturbance,continuous_full_curve,1.55
4,compound,4.56556250000001,-0.1496418399803229,-0.4911872648427778,0.191903584882132,21.485000000000028,6.72,-1.0643465820483093,0.7620311185137048,Low-Amplitude Persistent Disturbance,continuous_full_curve,1.55
4,compound,4.65508333333334,-0.1506732864507293,-0.5008301224717815,0.1994835495703227,21.485000000000028,6.72,-1.0643465820483093,0.7620311185137048,Low-Amplitude Persistent Disturbance,continuous_full_curve,1.55
4,compound,4.74460416666667,-0.1516049528706555,-0.5102478661998356,0.2070379604585246,21.485000000000028,6.72,-1.0643465820483093,0.7620311185137048,Low-Amplitude Persistent Disturbance,continuous_full_curve,1.55
4,compound,4.83412500000001,-0.1524389884553778,-0.5194283491058642,0.2145503721951085,21.485000000000028,6.72,-1.0643465820483093,0.7620311185137048,Low-Amplitude Persistent Disturbance,continuous_full_curve,1.55
4,compound,4.92364583333334,-0.1531775424201722,-0.5283598397598974,0.222004754919553,21.485000000000028,6.72,-1.0643465820483093,0.7620311185137048,Low-Amplitude Persistent Disturbance,continuous_full_curve,1.55
4,compound,5.01316666666667,-0.153822763980315,-0.5370310718734259,0.2293855439127957,21.485000000000028,6.72,-1.0643465820483093,0.7620311185137048,Low-Amplitude Persistent Disturbance,continuous_full_curve,1.55
4,compound,5.10268750000001,-0.1543768023510826,-0.5454312909784068,0.2366776862762415,21.485000000000028,6.72,-1.0643465820483093,0.7620311185137048,Low-Amplitude Persistent Disturbance,continuous_full_curve,1.55
4,compound,5.19220833333334,-0.154841806747751,-0.5535502979117447,0.2438666844162425,21.485000000000028,6.72,-1.0643465820483093,0.7620311185137048,Low-Amplitude Persistent Disturbance,continuous_full_curve,1.55
4,compound,5.28172916666667,-0.1552199263855966,-0.5613784889111297,0.2509386361399365,21.485000000000028,6.72,-1.0643465820483093,0.7620311185137048,Low-Amplitude Persistent Disturbance,continuous_full_curve,1.55
4,compound,5.37125000000001,-0.1555133104798955,-0.5689068921579172,0.257880271198126,21.485000000000028,6.72,-1.0643465820483093,0.7620311185137048,Low-Amplitude Persistent Disturbance,continuous_full_curve,1.55
4,compound,5.46077083333334,-0.155724108245924,-0.5761272006329922,0.264678984141144,21.485000000000028,6.72,-1.0643465820483093,0.7620311185137048,Low-Amplitude Persistent Disturbance,continuous_full_curve,1.55
4,compound,5.55029166666667,-0.1558544688989584,-0.5830318011819261,0.2713228633840092,21.485000000000028,6.72,-1.0643465820483093,0.7620311185137048,Low-Amplitude Persistent Disturbance,continuous_full_curve,1.55
4,compound,5.63981250000001,-0.1559065416542747,-0.5896137997158764,0.2778007164073269,21.485000000000028,6.72,-1.0643465820483093,0.7620311185137048,Low-Amplitude Persistent Disturbance,continuous_full_curve,1.55
4,compound,5.72933333333334,-0.1558824757271493,-0.5958670425044202,0.2841020910501215,21.485000000000028,6.72,-1.0643465820483093,0.7620311185137048,Low-Amplitude Persistent Disturbance,continuous_full_curve,1.55
4,compound,5.81885416666667,-0.1557844203328584,-0.6017861335454817,0.2902172928797648,21.485000000000028,6.72,-1.0643465820483093,0.7620311185137048,Low-Amplitude Persistent Disturbance,continuous_full_curve,1.55
4,compound,5.90837500000001,-0.1556145246866783,-0.6073664480255069,0.2961373986521503,21.485000000000028,6.72,-1.0643465820483093,0.7620311185137048,Low-Amplitude Persistent Disturbance,continuous_full_curve,1.55
4,compound,5.99789583333334,-0.155374938003885,-0.612604141909853,0.3018542659020828,21.485000000000028,6.72,-1.0643465820483093,0.7620311185137048,Low-Amplitude Persistent Disturbance,continuous_full_curve,1.55
4,compound,6.08741666666668,-0.155067809499755,-0.6174961577287834,0.3073605387292735,21.485000000000028,6.72,-1.0643465820483093,0.7620311185137048,Low-Amplitude Persistent Disturbance,continuous_full_curve,1.55
4,compound,6.17693750000001,-0.1546952883895643,-0.6220402266482605,0.3126496498691319,21.485000000000028,6.72,-1.0643465820483093,0.7620311185137048,Low-Amplitude Persistent Disturbance,continuous_full_curve,1.55
4,compound,6.26645833333334,-0.1542595238885893,-0.6262348669368974,0.3177158191597189,21.485000000000028,6.72,-1.0643465820483093,0.7620311185137048,Low-Amplitude Persistent Disturbance,continuous_full_curve,1.55
4,compound,6.35597916666668,-0.1537626652121061,-0.6300793789606629,0.3225540485364507,21.485000000000028,6.72,-1.0643465820483093,0.7620311185137048,Low-Amplitude Persistent Disturbance,continuous_full_curve,1.55
4,compound,6.44550000000001,-0.1532068615753909,-0.6335738368553008,0.3271601137045188,21.485000000000028,6.72,-1.0643465820483093,0.7620311185137048,Low-Amplitude Persistent Disturbance,continuous_full_curve,1.55
4,compound,6.53502083333334,-0.1525942621937202,-0.6367190770427489,0.3315305526553083,21.485000000000028,6.72,-1.0643465820483093,0.7620311185137048,Low-Amplitude Persistent Disturbance,continuous_full_curve,1.55
4,compound,6.62454166666668,-0.1519270162823699,-0.6395166837720975,0.3356626512073575,21.485000000000028,6.72,-1.0643465820483093,0.7620311185137048,Low-Amplitude Persistent Disturbance,continuous_full_curve,1.55
4,compound,6.71406250000001,-0.1512072730566164,-0.641968971877841,0.339554425764608,21.485000000000028,6.72,-1.0643465820483093,0.7620311185137048,Low-Amplitude Persistent Disturbance,continuous_full_curve,1.55
4,compound,6.72,-0.1511577317673023,-0.6421194792302093,0.3398040156956047,21.485000000000028,6.72,-1.0643465820483093,0.7620311185137048,Low-Amplitude Persistent Disturbance,continuous_full_curve,1.55
4,compound,6.80358333333334,-0.150437181731736,-0.6440789669582708,0.3432046034947988,21.485000000000028,6.72,-1.0643465820483093,0.7620311185137048,Low-Amplitude Persistent Disturbance,continuous_full_curve,1.55
4,compound,6.89310416666668,-0.1496188915230046,-0.6458503831849127,0.3466126001389034,21.485000000000028,6.72,-1.0643465820483093,0.7620311185137048,Low-Amplitude Persistent Disturbance,continuous_full_curve,1.55
4,compound,6.98262500000001,-0.1487545516456988,-0.647287598959942,0.3497784956685443,21.485000000000028,6.72,-1.0643465820483093,0.7620311185137048,Low-Amplitude Persistent Disturbance,continuous_full_curve,1.55
4,compound,7.07214583333334,-0.1478463113150947,-0.6483956306425905,0.352703008012401,21.485000000000028,6.72,-1.0643465820483093,0.7620311185137048,Low-Amplitude Persistent Disturbance,continuous_full_curve,1.55
4,compound,7.16166666666668,-0.1468963197464683,-0.6491801045677267,0.35538746507479,21.485000000000028,6.72,-1.0643465820483093,0.7620311185137048,Low-Amplitude Persistent Disturbance,continuous_full_curve,1.55
4,compound,7.25118750000001,-0.1459067261550962,-0.6496472275802017,0.3578337752700091,21.485000000000028,6.72,-1.0643465820483093,0.7620311185137048,Low-Amplitude Persistent Disturbance,continuous_full_curve,1.55
4,compound,7.34070833333334,-0.1448796797562545,-0.6498037563072311,0.3600443967947221,21.485000000000028,6.72,-1.0643465820483093,0.7620311185137048,Low-Amplitude Persistent Disturbance,continuous_full_curve,1.55
4,compound,7.43022916666668,-0.1438173297652192,-0.6496569653882057,0.3620223058577673,21.485000000000028,6.72,-1.0643465820483093,0.7620311185137048,Low-Amplitude Persistent Disturbance,continuous_full_curve,1.55
4,compound,7.51975000000001,-0.1427218253972668,-0.6492146148769662,0.3637709640824325,21.485000000000028,6.72,-1.0643465820483093,0.7620311185137048,Low-Amplitude Persistent Disturbance,continuous_full_curve,1.55
4,compound,7.60927083333334,-0.1415953158676735,-0.6484849170258906,0.3652942852905436,21.485000000000028,6.72,-1.0643465820483093,0.7620311185137048,Low-Amplitude Persistent Disturbance,continuous_full_curve,1.55
4,compound,7.69879166666668,-0.1404399503917152,-0.6474765026542513,0.3665966018708206,21.485000000000028,6.72,-1.0643465820483093,0.7620311185137048,Low-Amplitude Persistent Disturbance,continuous_full_curve,1.55
4,compound,7.78831250000001,-0.1392578781846687,-0.6461983872953291,0.3676826309259916,21.485000000000028,6.72,-1.0643465820483093,0.7620311185137048,Low-Amplitude Persistent Disturbance,continuous_full_curve,1.55
4,compound,7.87783333333334,-0.1380512484618098,-0.6446599373078785,0.3685574403842588,21.485000000000028,6.72,-1.0643465820483093,0.7620311185137048,Low-Amplitude Persistent Disturbance,continuous_full_curve,1.55
4,compound,7.96735416666668,-0.1368222104384148,-0.6428708361278306,0.369226415251001,21.485000000000028,6.72,-1.0643465820483093,0.7620311185137048,Low-Amplitude Persistent Disturbance,continuous_full_curve,1.55
4,compound,7.97600000000004,-0.1367024041078635,-0.6426851403638878,0.3692803321481606,21.485000000000028,6.72,-1.0643465820483093,0.7620311185137048,Low-Amplitude Persistent Disturbance,continuous_full_curve,1.55
4,compound,8.05687500000001,-0.13557291332976,-0.6408410508257562,0.369695224166236,21.485000000000028,6.72,-1.0643465820483093,0.7620311185137048,Low-Amplitude Persistent Disturbance,continuous_full_curve,1.55
4,compound,8.14639583333334,-0.1343055063511217,-0.6385807991247059,0.3699697864224623,21.485000000000028,6.72,-1.0643465820483093,0.7620311185137048,Low-Amplitude Persistent Disturbance,continuous_full_curve,1.55
4,compound,8.23591666666668,-0.1330221387177758,-0.6361005170217268,0.3700562395861749,21.485000000000028,6.72,-1.0643465820483093,0.7620311185137048,Low-Amplitude Persistent Disturbance,continuous_full_curve,1.55
4,compound,8.32543750000001,-0.131724959644999,-0.6334108271447565,0.3699609078547585,21.485000000000028,6.72,-1.0643465820483093,0.7620311185137048,Low-Amplitude Persistent Disturbance,continuous_full_curve,1.55
4,compound,8.41495833333335,-0.130416118348067,-0.6305225079648047,0.3696902712686705,21.485000000000028,6.72,-1.0643465820483093,0.7620311185137048,Low-Amplitude Persistent Disturbance,continuous_full_curve,1.55
4,compound,8.50447916666668,-0.1290977640422566,-0.6274464639715045,0.3692509358869912,21.485000000000028,6.72,-1.0643465820483093,0.7620311185137048,Low-Amplitude Persistent Disturbance,continuous_full_curve,1.55
4,compound,8.59400000000001,-0.1277720459428437,-0.6241936969082844,0.3686496050225969,21.485000000000028,6.72,-1.0643465820483093,0.7620311185137048,Low-Amplitude Persistent Disturbance,continuous_full_curve,1.55
4,compound,8.68352083333335,-0.1264411132651043,-0.6207752781517526,0.3678930516215438,21.485000000000028,6.72,-1.0643465820483093,0.7620311185137048,Low-Amplitude Persistent Disturbance,continuous_full_curve,1.55
4,compound,8.77304166666668,-0.1251071152243152,-0.6172023223083961,0.3669880918597656,21.485000000000028,6.72,-1.0643465820483093,0.7620311185137048,Low-Amplitude Persistent Disturbance,continuous_full_curve,1.55
4,compound,8.86256250000001,-0.1237722010357521,-0.6134859620905275,0.3659415600190231,21.485000000000028,6.72,-1.0643465820483093,0.7620311185137048,Low-Amplitude Persistent Disturbance,continuous_full_curve,1.55
4,compound,8.95208333333335,-0.1224385199146915,-0.6096373245225959,0.3647602846932128,21.485000000000028,6.72,-1.0643465820483093,0.7620311185137048,Low-Amplitude Persistent Disturbance,continuous_full_curve,1.55
4,compound,9.04160416666668,-0.1211082210764096,-0.6056675085185631,0.3634510663657437,21.485000000000028,6.72,-1.0643465820483093,0.7620311185137048,Low-Amplitude Persistent Disturbance,continuous_full_curve,1.55
4,compound,9.13112500000001,-0.1197834537361827,-0.6015875638611226,0.3620206563887572,21.485000000000028,6.72,-1.0643465820483093,0.7620311185137048,Low-Amplitude Persistent Disturbance,continuous_full_curve,1.55
4,compound,9.22064583333334,-0.1184663671092868,-0.5974084716041183,0.3604757373855445,21.485000000000028,6.72,-1.0643465820483093,0.7620311185137048,Low-Amplitude Persistent Disturbance,continuous_full_curve,1.55
4,compound,9.31016666666668,-0.1171591104109982,-0.5931411259106427,0.3588229050886462,21.485000000000028,6.72,-1.0643465820483093,0.7620311185137048,Low-Amplitude Persistent Disturbance,continuous_full_curve,1.55
4,compound,9.39968750000001,-0.1158638328565933,-0.5887963173310127,0.3570686516178261,21.485000000000028,6.72,-1.0643465820483093,0.7620311185137048,Low-Amplitude Persistent Disturbance,continuous_full_curve,1.55
4,compound,9.48920833333335,-0.1145826836613481,-0.584384717517109,0.3552193501944127,21.485000000000028,6.72,-1.0643465820483093,0.7620311185137048,Low-Amplitude Persistent Disturbance,continuous_full_curve,1.55
4,compound,9.57872916666668,-0.113317812040539,-0.5799168653625045,0.3532812412814266,21.485000000000028,6.72,-1.0643465820483093,0.7620311185137048,Low-Amplitude Persistent Disturbance,continuous_full_curve,1.55
4,compound,9.66825000000001,-0.1120713672094422,-0.5754031545513228,0.3512604201324384,21.485000000000028,6.72,-1.0643465820483093,0.7620311185137048,Low-Amplitude Persistent Disturbance,continuous_full_curve,1.55
4,compound,9.75777083333335,-0.1108454983833337,-0.5708538224929522,0.3491628257262846,21.485000000000028,6.72,-1.0643465820483093,0.7620311185137048,Low-Amplitude Persistent Disturbance,continuous_full_curve,1.55
4,compound,9.84729166666668,-0.1096423547774902,-0.5662789406145068,0.3469942310595264,21.485000000000028,6.72,-1.0643465820483093,0.7620311185137048,Low-Amplitude Persistent Disturbance,continuous_full_curve,1.55
4,compound,9.93681250000001,-0.1084640856071874,-0.5616884059783264,0.3447602347639514,21.485000000000028,6.72,-1.0643465820483093,0.7620311185137048,Low-Amplitude Persistent Disturbance,continuous_full_curve,1.55
4,compound,10.0263333333333,-0.1073128400877025,-0.5570919341878164,0.3424662540124114,21.485000000000028,6.72,-1.0643465820483093,0.7620311185137048,Low-Amplitude Persistent Disturbance,continuous_full_curve,1.55
4,compound,10.1158541666667,-0.1061907674343095,-0.5524990535414769,0.3401175186728578,21.485000000000028,6.72,-1.0643465820483093,0.7620311185137048,Low-Amplitude Persistent Disturbance,continuous_full_curve,1.55
4,compound,10.205375,-0.1051000168622874,-0.547919100392205,0.3377190666676301,21.485000000000028,6.72,-1.0643465820483093,0.7620311185137048,Low-Amplitude Persistent Disturbance,continuous_full_curve,1.55
4,compound,10.2948958333333,-0.1040427375869112,-0.5433612156664864,0.3352757404926639,21.485000000000028,6.72,-1.0643465820483093,0.7620311185137048,Low-Amplitude Persistent Disturbance,continuous_full_curve,1.55
4,compound,10.3844166666667,-0.1030210788234558,-0.5388343424965281,0.3327921848496164,21.485000000000028,6.72,-1.0643465820483093,0.7620311185137048,Low-Amplitude Persistent Disturbance,continuous_full_curve,1.55
4,compound,10.4739375,-0.1020371897871999,-0.5343472249169421,0.3302728453425422,21.485000000000028,6.72,-1.0643465820483093,0.7620311185137048,Low-Amplitude Persistent Disturbance,continuous_full_curve,1.55
4,compound,10.5634583333333,-0.1010932196934185,-0.5299084075767714,0.3277219681899343,21.485000000000028,6.72,-1.0643465820483093,0.7620311185137048,Low-Amplitude Persistent Disturbance,continuous_full_curve,1.55
4,compound,10.6529791666667,-0.1001913177573869,-0.5255262364174312,0.3251436009026573,21.485000000000028,6.72,-1.0643465820483093,0.7620311185137048,Low-Amplitude Persistent Disturbance,continuous_full_curve,1.55
4,compound,10.7425,-0.0993336331943832,-0.5212088602670322,0.3225415938782657,21.485000000000028,6.72,-1.0643465820483093,0.7620311185137048,Low-Amplitude Persistent Disturbance,continuous_full_curve,1.55
4,compound,10.8320208333333,-0.0985223152196827,-0.5169642333020006,0.319919602862635,21.485000000000028,6.72,-1.0643465820483093,0.7620311185137048,Low-Amplitude Persistent Disturbance,continuous_full_curve,1.55
4,compound,10.9215416666667,-0.0977595130485608,-0.5128001183278246,0.3172810922307029,21.485000000000028,6.72,-1.0643465820483093,0.7620311185137048,Low-Amplitude Persistent Disturbance,continuous_full_curve,1.55
4,compound,11.0110625,-0.0970473758962954,-0.5087240908317551,0.314629339039164,21.485000000000028,6.72,-1.0643465820483093,0.7620311185137048,Low-Amplitude Persistent Disturbance,continuous_full_curve,1.55
4,compound,11.1005833333333,-0.0963880529781619,-0.5047435437617153,0.3119674378053915,21.485000000000028,6.72,-1.0643465820483093,0.7620311185137048,Low-Amplitude Persistent Disturbance,continuous_full_curve,1.55
4,compound,11.1901041666667,-0.0957836935094358,-0.5008656929875178,0.3092983059686461,21.485000000000028,6.72,-1.0643465820483093,0.7620311185137048,Low-Amplitude Persistent Disturbance,continuous_full_curve,1.55
4,compound,11.279625,-0.0952364467053947,-0.4970975834023081,0.3066246899915187,21.485000000000028,6.72,-1.0643465820483093,0.7620311185137048,Low-Amplitude Persistent Disturbance,continuous_full_curve,1.55
4,compound,11.3691458333334,-0.0947484617813137,-0.4934460956243702,0.3039491720617429,21.485000000000028,6.72,-1.0643465820483093,0.7620311185137048,Low-Amplitude Persistent Disturbance,continuous_full_curve,1.55
4,compound,11.4586666666667,-0.0943218879524699,-0.4899179532619659,0.3012741773570259,21.485000000000028,6.72,-1.0643465820483093,0.7620311185137048,Low-Amplitude Persistent Disturbance,continuous_full_curve,1.55
4,compound,11.5481875,-0.0939588744341392,-0.486519730706254,0.2986019818379755,21.485000000000028,6.72,-1.0643465820483093,0.7620311185137048,Low-Amplitude Persistent Disturbance,continuous_full_curve,1.55
4,compound,11.5591666666667,-0.0939188334548728,-0.4861122189366125,0.2982745520268667,21.485000000000028,6.72,-1.0643465820483093,0.7620311185137048,Low-Amplitude Persistent Disturbance,continuous_full_curve,1.55
4,compound,11.6377083333333,-0.0936612615568474,-0.4832568910097884,0.2959343678960935,21.485000000000028,6.72,-1.0643465820483093,0.7620311185137048,Low-Amplitude Persistent Disturbance,continuous_full_curve,1.55
4,compound,11.7272291666667,-0.0934290989137442,-0.4801291872886158,0.2932709894611274,21.485000000000028,6.72,-1.0643465820483093,0.7620311185137048,Low-Amplitude Persistent Disturbance,continuous_full_curve,1.55
4,compound,11.81675,-0.0932617923387623,-0.4771343768335742,0.2906107921560493,21.485000000000028,6.72,-1.0643465820483093,0.7620311185137048,Low-Amplitude Persistent Disturbance,continuous_full_curve,1.55
4,compound,11.9062708333334,-0.0931587468221021,-0.47427026059502,0.2879527669508157,21.485000000000028,6.72,-1.0643465820483093,0.7620311185137048,Low-Amplitude Persistent Disturbance,continuous_full_curve,1.55
4,compound,11.9957916666667,-0.0931193673539645,-0.4715346842903868,0.2852959495824577,21.485000000000028,6.72,-1.0643465820483093,0.7620311185137048,Low-Amplitude Persistent Disturbance,continuous_full_curve,1.55
4,compound,12.0853125,-0.0931430589245502,-0.4689255369028274,0.282639419053727,21.485000000000028,6.72,-1.0643465820483093,0.7620311185137048,Low-Amplitude Persistent Disturbance,continuous_full_curve,1.55
4,compound,12.1748333333334,-0.0932292265240599,-0.4664407492332842,0.2799822961851644,21.485000000000028,6.72,-1.0643465820483093,0.7620311185137048,Low-Amplitude Persistent Disturbance,continuous_full_curve,1.55
4,compound,12.2643541666667,-0.0933772751426941,-0.4640782925038438,0.2773237422184555,21.485000000000028,6.72,-1.0643465820483093,0.7620311185137048,Low-Amplitude Persistent Disturbance,continuous_full_curve,1.55
4,compound,12.353875,-0.0935866097706538,-0.4618361770103342,0.2746629574690266,21.485000000000028,6.72,-1.0643465820483093,0.7620311185137048,Low-Amplitude Persistent Disturbance,continuous_full_curve,1.55
4,compound,12.4433958333334,-0.0938566353981398,-0.4597124508222775,0.2719991800259977,21.485000000000028,6.72,-1.0643465820483093,0.7620311185137048,Low-Amplitude Persistent Disturbance,continuous_full_curve,1.55
4,compound,12.5329166666667,-0.0941867570153525,-0.4577051985283218,0.2693316844976168,21.485000000000028,6.72,-1.0643465820483093,0.7620311185137048,Low-Amplitude Persistent Disturbance,continuous_full_curve,1.55
4,compound,12.6224375,-0.0945763796124927,-0.4558125400253584,0.266659780800373,21.485000000000028,6.72,-1.0643465820483093,0.7620311185137048,Low-Amplitude Persistent Disturbance,continuous_full_curve,1.55
4,compound,12.7119583333333,-0.0950249081797611,-0.4540326293496698,0.2639828129901475,21.485000000000028,6.72,-1.0643465820483093,0.7620311185137048,Low-Amplitude Persistent Disturbance,continuous_full_curve,1.55
4,compound,12.8014791666667,-0.0955317477073592,-0.4523636535484455,0.261300158133727,21.485000000000028,6.72,-1.0643465820483093,0.7620311185137048,Low-Amplitude Persistent Disturbance,continuous_full_curve,1.55
4,compound,12.891,-0.0960963031854865,-0.4508038315901306,0.2586112252191576,21.485000000000028,6.72,-1.0643465820483093,0.7620311185137048,Low-Amplitude Persistent Disturbance,continuous_full_curve,1.55
4,compound,12.9805208333334,-0.0967179796043448,-0.4493514133120839,0.2559154541033942,21.485000000000028,6.72,-1.0643465820483093,0.7620311185137048,Low-Amplitude Persistent Disturbance,continuous_full_curve,1.55
4,compound,13.0700416666667,-0.0973961819541338,-0.44800467840416,0.2532123144958922,21.485000000000028,6.72,-1.0643465820483093,0.7620311185137048,Low-Amplitude Persistent Disturbance,continuous_full_curve,1.55
4,compound,13.1595625,-0.0981303152250546,-0.4467619354267919,0.2505013049766826,21.485000000000028,6.72,-1.0643465820483093,0.7620311185137048,Low-Amplitude Persistent Disturbance,continuous_full_curve,1.55
4,compound,13.2490833333334,-0.098919784407309,-0.4456215208623047,0.2477819520476866,21.485000000000028,6.72,-1.0643465820483093,0.7620311185137048,Low-Amplitude Persistent Disturbance,continuous_full_curve,1.55
4,compound,13.3386041666667,-0.0997639944910958,-0.4445817981981782,0.2450538092159865,21.485000000000028,6.72,-1.0643465820483093,0.7620311185137048,Low-Amplitude Persistent Disturbance,continuous_full_curve,1.55
4,compound,13.428125,-0.1006623504666168,-0.443641157041047,0.2423164561078133,21.485000000000028,6.72,-1.0643465820483093,0.7620311185137048,Low-Amplitude Persistent Disturbance,continuous_full_curve,1.55
4,compound,13.5176458333334,-0.1016142573240736,-0.4427980122602979,0.2395694976121506,21.485000000000028,6.72,-1.0643465820483093,0.7620311185137048,Low-Amplitude Persistent Disturbance,continuous_full_curve,1.55
4,compound,13.6071666666667,-0.1026191200536649,-0.4420508031601464,0.2368125630528165,21.485000000000028,6.72,-1.0643465820483093,0.7620311185137048,Low-Amplitude Persistent Disturbance,continuous_full_curve,1.55
4,compound,13.6966875,-0.1036763436455924,-0.4413979926791198,0.2340453053879349,21.485000000000028,6.72,-1.0643465820483093,0.7620311185137048,Low-Amplitude Persistent Disturbance,continuous_full_curve,1.55
4,compound,13.7862083333334,-0.1047853330900582,-0.4408380666159429,0.2312674004358264,21.485000000000028,6.72,-1.0643465820483093,0.7620311185137048,Low-Amplitude Persistent Disturbance,continuous_full_curve,1.55
4,compound,13.8757291666667,-0.1059454933772604,-0.4403695328808392,0.2284785461263182,21.485000000000028,6.72,-1.0643465820483093,0.7620311185137048,Low-Amplitude Persistent Disturbance,continuous_full_curve,1.55
4,compound,13.96525,-0.1071562294974011,-0.4399909207713056,0.2256784617765034,21.485000000000028,6.72,-1.0643465820483093,0.7620311185137048,Low-Amplitude Persistent Disturbance,continuous_full_curve,1.55
4,compound,14.0547708333334,-0.1084169464406824,-0.4397007802714707,0.2228668873901059,21.485000000000028,6.72,-1.0643465820483093,0.7620311185137048,Low-Amplitude Persistent Disturbance,continuous_full_curve,1.55
4,compound,14.1442916666667,-0.1097270491973021,-0.4394976813741676,0.2200435829795633,21.485000000000028,6.72,-1.0643465820483093,0.7620311185137048,Low-Amplitude Persistent Disturbance,continuous_full_curve,1.55
4,compound,14.2338125,-0.1110859427574624,-0.4393802134248911,0.2172083279099662,21.485000000000028,6.72,-1.0643465820483093,0.7620311185137048,Low-Amplitude Persistent Disturbance,continuous_full_curve,1.55
4,compound,14.3233333333334,-0.1124930321113657,-0.439346984486852,0.2143609202641205,21.485000000000028,6.72,-1.0643465820483093,0.7620311185137048,Low-Amplitude Persistent Disturbance,continuous_full_curve,1.55
4,compound,14.4128541666667,-0.1139477222492094,-0.4393966207263613,0.2115011762279424,21.485000000000028,6.72,-1.0643465820483093,0.7620311185137048,Low-Amplitude Persistent Disturbance,continuous_full_curve,1.55
4,compound,14.502375,-0.1154494181611959,-0.4395277658178154,0.2086289294954234,21.485000000000028,6.72,-1.0643465820483093,0.7620311185137048,Low-Amplitude Persistent Disturbance,continuous_full_curve,1.55
4,compound,14.5918958333334,-0.1169975248375276,-0.4397390803675797,0.2057440306925244,21.485000000000028,6.72,-1.0643465820483093,0.7620311185137048,Low-Amplitude Persistent Disturbance,continuous_full_curve,1.55
4,compound,14.6814166666667,-0.1185914472684019,-0.4400292413561002,0.2028463468192964,21.485000000000028,6.72,-1.0643465820483093,0.7620311185137048,Low-Amplitude Persistent Disturbance,continuous_full_curve,1.55
4,compound,14.7709375,-0.1202305904440211,-0.4403969415975956,0.1999357607095533,21.485000000000028,6.72,-1.0643465820483093,0.7620311185137048,Low-Amplitude Persistent Disturbance,continuous_full_curve,1.55
4,compound,14.8604583333334,-0.1219143593545878,-0.4408408892167113,0.1970121705075355,21.485000000000028,6.72,-1.0643465820483093,0.7620311185137048,Low-Amplitude Persistent Disturbance,continuous_full_curve,1.55
4,compound,14.91,-0.1228651368694744,-0.4411188800169024,0.1953886062779534,21.485000000000028,6.72,-1.0643465820483093,0.7620311185137048,Low-Amplitude Persistent Disturbance,continuous_full_curve,1.55
4,compound,14.9499791666667,-0.1236421589902991,-0.4413598071415379,0.1940754891609395,21.485000000000028,6.72,-1.0643465820483093,0.7620311185137048,Low-Amplitude Persistent Disturbance,continuous_full_curve,1.55
4,compound,15.0395,-0.1254133943413576,-0.441952432612433,0.1911256439297178,21.485000000000028,6.72,-1.0643465820483093,0.7620311185137048,Low-Amplitude Persistent Disturbance,continuous_full_curve,1.55
4,compound,15.1290208333334,-0.1272274703979658,-0.4426175167060863,0.1881625759101546,21.485000000000028,6.72,-1.0643465820483093,0.7620311185137048,Low-Amplitude Persistent Disturbance,continuous_full_curve,1.55
4,compound,15.2185416666667,-0.1290837921503207,-0.4433538238743114,0.18518623957367,21.485000000000028,6.72,-1.0643465820483093,0.7620311185137048,Low-Amplitude Persistent Disturbance,continuous_full_curve,1.55
4,compound,15.3080625,-0.1309817645886248,-0.4441601314970617,0.182196602319812,21.485000000000028,6.72,-1.0643465820483093,0.7620311185137048,Low-Amplitude Persistent Disturbance,continuous_full_curve,1.55
4,compound,15.3975833333334,-0.1329207927030811,-0.4450352294491798,0.1791936440430176,21.485000000000028,6.72,-1.0643465820483093,0.7620311185137048,Low-Amplitude Persistent Disturbance,continuous_full_curve,1.55
4,compound,15.4871041666667,-0.134900281483886,-0.4459779196804193,0.1761773567126472,21.485000000000028,6.72,-1.0643465820483093,0.7620311185137048,Low-Amplitude Persistent Disturbance,continuous_full_curve,1.55
4,compound,15.576625,-0.1369196359212424,-0.4469870158083013,0.1731477439658165,21.485000000000028,6.72,-1.0643465820483093,0.7620311185137048,Low-Amplitude Persistent Disturbance,continuous_full_curve,1.55
4,compound,15.6661458333334,-0.1389782610053533,-0.4480613427233679,0.1701048207126613,21.485000000000028,6.72,-1.0643465820483093,0.7620311185137048,Low-Amplitude Persistent Disturbance,continuous_full_curve,1.55
4,compound,15.7556666666667,-0.1410755617264148,-0.4491997362064222,0.1670486127535925,21.485000000000028,6.72,-1.0643465820483093,0.7620311185137048,Low-Amplitude Persistent Disturbance,continuous_full_curve,1.55
4,compound,15.8451875,-0.1432109430746299,-0.4504010425573813,0.1639791564081213,21.485000000000028,6.72,-1.0643465820483093,0.7620311185137048,Low-Amplitude Persistent Disturbance,continuous_full_curve,1.55
4,compound,15.9347083333334,-0.1453838100402018,-0.4516641182353381,0.1608964981549343,21.485000000000028,6.72,-1.0643465820483093,0.7620311185137048,Low-Amplitude Persistent Disturbance,continuous_full_curve,1.55
4,compound,16.0242291666667,-0.1475935676133264,-0.4529878295094833,0.1578006942828304,21.485000000000028,6.72,-1.0643465820483093,0.7620311185137048,Low-Amplitude Persistent Disturbance,continuous_full_curve,1.55
4,compound,16.11375,-0.1498396207842069,-0.454371052120552,0.1546918105521383,21.485000000000028,6.72,-1.0643465820483093,0.7620311185137048,Low-Amplitude Persistent Disturbance,continuous_full_curve,1.55
4,compound,16.2032708333334,-0.1521213745430464,-0.4558126709524404,0.1515699218663476,21.485000000000028,6.72,-1.0643465820483093,0.7620311185137048,Low-Amplitude Persistent Disturbance,continuous_full_curve,1.55
4,compound,16.2927916666667,-0.1544382338800407,-0.45731157971368,0.1484351119535985,21.485000000000028,6.72,-1.0643465820483093,0.7620311185137048,Low-Amplitude Persistent Disturbance,continuous_full_curve,1.55
4,compound,16.3823125,-0.1567896037853929,-0.4588666806284843,0.1452874730576986,21.485000000000028,6.72,-1.0643465820483093,0.7620311185137048,Low-Amplitude Persistent Disturbance,continuous_full_curve,1.55
4,compound,16.4718333333334,-0.1591748892493065,-0.4604768841370428,0.1421271056384297,21.485000000000028,6.72,-1.0643465820483093,0.7620311185137048,Low-Amplitude Persistent Disturbance,continuous_full_curve,1.55
4,compound,16.5613541666667,-0.1615934952619768,-0.4621411086047934,0.1389541180808397,21.485000000000028,6.72,-1.0643465820483093,0.7620311185137048,Low-Amplitude Persistent Disturbance,continuous_full_curve,1.55
4,compound,16.650875,-0.1640448268136073,-0.4638582800404257,0.1357686264132109,21.485000000000028,6.72,-1.0643465820483093,0.7620311185137048,Low-Amplitude Persistent Disturbance,continuous_full_curve,1.55
4,compound,16.7403958333334,-0.1665282888944016,-0.4656273318223189,0.1325707540335156,21.485000000000028,6.72,-1.0643465820483093,0.7620311185137048,Low-Amplitude Persistent Disturbance,continuous_full_curve,1.55
4,compound,16.8299166666667,-0.1690432864945547,-0.467447204433187,0.1293606314440775,21.485000000000028,6.72,-1.0643465820483093,0.7620311185137048,Low-Amplitude Persistent Disturbance,continuous_full_curve,1.55
4,compound,16.9194375,-0.17158922460427,-0.4693168452027089,0.1261383959941687,21.485000000000028,6.72,-1.0643465820483093,0.7620311185137048,Low-Amplitude Persistent Disturbance,continuous_full_curve,1.55
4,compound,17.0089583333334,-0.1741655082137513,-0.4712352080578852,0.1229041916303824,21.485000000000028,6.72,-1.0643465820483093,0.7620311185137048,Low-Amplitude Persistent Disturbance,continuous_full_curve,1.55
4,compound,17.0984791666667,-0.1767715423131935,-0.4732012532809165,0.1196581686545293,21.485000000000028,6.72,-1.0643465820483093,0.7620311185137048,Low-Amplitude Persistent Disturbance,continuous_full_curve,1.55
4,compound,17.188,-0.1794067318928003,-0.4752139472744202,0.1164004834888195,21.485000000000028,6.72,-1.0643465820483093,0.7620311185137048,Low-Amplitude Persistent Disturbance,continuous_full_curve,1.55
4,compound,17.2775208333334,-0.1820704819427753,-0.4772722623337429,0.1131312984481922,21.485000000000028,6.72,-1.0643465820483093,0.7620311185137048,Low-Amplitude Persistent Disturbance,continuous_full_curve,1.55
4,compound,17.3670416666667,-0.1847621974533132,-0.4793751764262018,0.1098507815195753,21.485000000000028,6.72,-1.0643465820483093,0.7620311185137048,Low-Amplitude Persistent Disturbance,continuous_full_curve,1.55
4,compound,17.4565625,-0.1874812834146179,-0.4815216729770901,0.1065591061478543,21.485000000000028,6.72,-1.0643465820483093,0.7620311185137048,Low-Amplitude Persistent Disturbance,continuous_full_curve,1.55
4,compound,17.5460833333334,-0.1902271448168929,-0.4837107406622316,0.1032564510284458,21.485000000000028,6.72,-1.0643465820483093,0.7620311185137048,Low-Amplitude Persistent Disturbance,continuous_full_curve,1.55
4,compound,17.6356041666667,-0.192999186650333,-0.4859413732069407,0.0999429999062746,21.485000000000028,6.72,-1.0643465820483093,0.7620311185137048,Low-Amplitude Persistent Disturbance,continuous_full_curve,1.55
4,compound,17.725125,-0.1957968139051421,-0.4882125691912463,0.0966189413809621,21.485000000000028,6.72,-1.0643465820483093,0.7620311185137048,Low-Amplitude Persistent Disturbance,continuous_full_curve,1.55
4,compound,17.8146458333334,-0.1986194315715239,-0.490523331861189,0.0932844687181412,21.485000000000028,6.72,-1.0643465820483093,0.7620311185137048,Low-Amplitude Persistent Disturbance,continuous_full_curve,1.55
4,compound,17.9041666666667,-0.2014664446396727,-0.4928726689460619,0.0899397796667164,21.485000000000028,6.72,-1.0643465820483093,0.7620311185137048,Low-Amplitude Persistent Disturbance,continuous_full_curve,1.55
4,compound,17.9936875,-0.2043372580997927,-0.495259592481486,0.0865850762819006,21.485000000000028,6.72,-1.0643465820483093,0.7620311185137048,Low-Amplitude Persistent Disturbance,continuous_full_curve,1.55
4,compound,18.0832083333334,-0.2072312769420875,-0.4976831186381359,0.0832205647539608,21.485000000000028,6.72,-1.0643465820483093,0.7620311185137048,Low-Amplitude Persistent Disturbance,continuous_full_curve,1.55
4,compound,18.1727291666667,-0.2101479061567517,-0.5001422675560174,0.079846455242514,21.485000000000028,6.72,-1.0643465820483093,0.7620311185137048,Low-Amplitude Persistent Disturbance,continuous_full_curve,1.55
4,compound,18.26225,-0.2130865507339891,-0.5026360631841964,0.0764629617162181,21.485000000000028,6.72,-1.0643465820483093,0.7620311185137048,Low-Amplitude Persistent Disturbance,continuous_full_curve,1.55
4,compound,18.3517708333334,-0.2160466156640036,-0.5051635331258193,0.0730703017978118,21.485000000000028,6.72,-1.0643465820483093,0.7620311185137048,Low-Amplitude Persistent Disturbance,continuous_full_curve,1.55
4,compound,18.387175,-0.2172230573746935,-0.5061721888581878,0.0717260741088007,21.485000000000028,6.72,-1.0643465820483093,0.7620311185137048,Low-Amplitude Persistent Disturbance,continuous_full_curve,1.55
4,compound,18.4412916666667,-0.2190275059369896,-0.5077237084883389,0.0696686966143597,21.485000000000028,6.72,-1.0643465820483093,0.7620311185137048,Low-Amplitude Persistent Disturbance,continuous_full_curve,1.55
4,compound,18.5308125,-0.2220286265431509,-0.5103156237388664,0.0662583706525645,21.485000000000028,6.72,-1.0643465820483093,0.7620311185137048,Low-Amplitude Persistent Disturbance,continuous_full_curve,1.55
4,compound,18.6203333333334,-0.2250493824726916,-0.5129383165644991,0.0628395516191158,21.485000000000028,6.72,-1.0643465820483093,0.7620311185137048,Low-Amplitude Persistent Disturbance,continuous_full_curve,1.55
4,compound,18.7098541666667,-0.228089178715806,-0.5155908277375578,0.0594124703059457,21.485000000000028,6.72,-1.0643465820483093,0.7620311185137048,Low-Amplitude Persistent Disturbance,continuous_full_curve,1.55
4,compound,18.799375,-0.2311474202626977,-0.5182722009856667,0.0559773604602712,21.485000000000028,6.72,-1.0643465820483093,0.7620311185137048,Low-Amplitude Persistent Disturbance,continuous_full_curve,1.55
4,compound,18.8888958333334,-0.2342235121035711,-0.5209814828665426,0.0525344586594002,21.485000000000028,6.72,-1.0643465820483093,0.7620311185137048,Low-Amplitude Persistent Disturbance,continuous_full_curve,1.55
4,compound,18.9784166666667,-0.2373168592286201,-0.5237177226474329,0.0490840041901925,21.485000000000028,6.72,-1.0643465820483093,0.7620311185137048,Low-Amplitude Persistent Disturbance,continuous_full_curve,1.55
4,compound,19.0679375,-0.2404268666280489,-0.5264799721891595,0.0456262389330616,21.485000000000028,6.72,-1.0643465820483093,0.7620311185137048,Low-Amplitude Persistent Disturbance,continuous_full_curve,1.55
4,compound,19.1574583333334,-0.2435529392920616,-0.5292672858346359,0.0421614072505127,21.485000000000028,6.72,-1.0643465820483093,0.7620311185137048,Low-Amplitude Persistent Disturbance,continuous_full_curve,1.55
4,compound,19.2469791666667,-0.2466944822108521,-0.5320787203018182,0.038689755880114,21.485000000000028,6.72,-1.0643465820483093,0.7620311185137048,Low-Amplitude Persistent Disturbance,continuous_full_curve,1.55
4,compound,19.3365,-0.2498509003746243,-0.5349133345810524,0.0352115338318035,21.485000000000028,6.72,-1.0643465820483093,0.7620311185137048,Low-Amplitude Persistent Disturbance,continuous_full_curve,1.55
4,compound,19.4260208333334,-0.2530215987735827,-0.5377701898366987,0.0317269922895331,21.485000000000028,6.72,-1.0643465820483093,0.7620311185137048,Low-Amplitude Persistent Disturbance,continuous_full_curve,1.55
4,compound,19.5155416666667,-0.2562059823979209,-0.5406483493130048,0.0282363845171629,21.485000000000028,6.72,-1.0643465820483093,0.7620311185137048,Low-Amplitude Persistent Disturbance,continuous_full_curve,1.55
4,compound,19.6050625,-0.2594034562378431,-0.5435468782441961,0.0247399657685098,21.485000000000028,6.72,-1.0643465820483093,0.7620311185137048,Low-Amplitude Persistent Disturbance,continuous_full_curve,1.55
4,compound,19.6945833333334,-0.262613425283554,-0.5464648437686803,0.0212379932015722,21.485000000000028,6.72,-1.0643465820483093,0.7620311185137048,Low-Amplitude Persistent Disturbance,continuous_full_curve,1.55
4,compound,19.7841041666667,-0.2658352945252465,-0.5494013148473356,0.0177307257968425,21.485000000000028,6.72,-1.0643465820483093,0.7620311185137048,Low-Amplitude Persistent Disturbance,continuous_full_curve,1.55
4,compound,19.873625,-0.2690684689531253,-0.5523553621858763,0.0142184242796257,21.485000000000028,6.72,-1.0643465820483093,0.7620311185137048,Low-Amplitude Persistent Disturbance,continuous_full_curve,1.55
4,compound,19.9631458333334,-0.2723123535573947,-0.5553260581611816,0.0107013510463921,21.485000000000028,6.72,-1.0643465820483093,0.7620311185137048,Low-Amplitude Persistent Disturbance,continuous_full_curve,1.55
4,compound,20.0526666666667,-0.2755663533282482,-0.5583124767515818,0.0071797700950854,21.485000000000028,6.72,-1.0643465820483093,0.7620311185137048,Low-Amplitude Persistent Disturbance,continuous_full_curve,1.55
4,compound,20.1421875,-0.27882987325589,-0.5613136934710901,0.0036539469593099,21.485000000000028,6.72,-1.0643465820483093,0.7620311185137048,Low-Amplitude Persistent Disturbance,continuous_full_curve,1.55
4,compound,20.2317083333334,-0.2821023183305249,-0.5643287853074821,0.0001241486464322,21.485000000000028,6.72,-1.0643465820483093,0.7620311185137048,Low-Amplitude Persistent Disturbance,continuous_full_curve,1.55
4,compound,20.3212291666667,-0.2853830935423457,-0.5673568306642168,-0.0034093564204746,21.485000000000028,6.72,-1.0643465820483093,0.7620311185137048,Low-Amplitude Persistent Disturbance,continuous_full_curve,1.55
4,compound,20.41075,-0.2886716038815572,-0.5703969093061991,-0.0069462984569153,21.485000000000028,6.72,-1.0643465820483093,0.7620311185137048,Low-Amplitude Persistent Disturbance,continuous_full_curve,1.55
4,compound,20.5002708333334,-0.2919672543383636,-0.5734481023092857,-0.0104864063674415,21.485000000000028,6.72,-1.0643465820483093,0.7620311185137048,Low-Amplitude Persistent Disturbance,continuous_full_curve,1.55
4,compound,20.5897916666667,-0.2952694499029584,-0.5765094920135401,-0.0140294077923767,21.485000000000028,6.72,-1.0643465820483093,0.7620311185137048,Low-Amplitude Persistent Disturbance,continuous_full_curve,1.55
4,compound,20.6793125,-0.2985775955655461,-0.5795801619802351,-0.017575029150857,21.485000000000028,6.72,-1.0643465820483093,0.7620311185137048,Low-Amplitude Persistent Disturbance,continuous_full_curve,1.55
4,compound,20.7688333333334,-0.3018910963163308,-0.5826591969525152,-0.0211229956801464,21.485000000000028,6.72,-1.0643465820483093,0.7620311185137048,Low-Amplitude Persistent Disturbance,continuous_full_curve,1.55
4,compound,20.8583541666667,-0.305209357145506,-0.5857456828197247,-0.0246730314712873,21.485000000000028,6.72,-1.0643465820483093,0.7620311185137048,Low-Amplitude Persistent Disturbance,continuous_full_curve,1.55
4,compound,20.947875,-0.3085317830432762,-0.5888387065854057,-0.0282248595011466,21.485000000000028,6.72,-1.0643465820483093,0.7620311185137048,Low-Amplitude Persistent Disturbance,continuous_full_curve,1.55
4,compound,21.0373958333334,-0.3118577789998458,-0.5919373563388823,-0.0317782016608091,21.485000000000028,6.72,-1.0643465820483093,0.7620311185137048,Low-Amplitude Persistent Disturbance,continuous_full_curve,1.55
4,compound,21.1269166666667,-0.3151867500054079,-0.5950407212304374,-0.0353327787803786,21.485000000000028,6.72,-1.0643465820483093,0.7620311185137048,Low-Amplitude Persistent Disturbance,continuous_full_curve,1.55
4,compound,21.2164375,-0.3185181010501674,-0.5981478914500927,-0.0388883106502421,21.485000000000028,6.72,-1.0643465820483093,0.7620311185137048,Low-Amplitude Persistent Disturbance,continuous_full_curve,1.55
4,compound,21.3059583333334,-0.3218512371243282,-0.6012579582099087,-0.0424445160387477,21.485000000000028,6.72,-1.0643465820483093,0.7620311185137048,Low-Amplitude Persistent Disturbance,continuous_full_curve,1.55
4,compound,21.3954791666667,-0.3251855632180839,-0.6043700137298134,-0.0460011127063543,21.485000000000028,6.72,-1.0643465820483093,0.7620311185137048,Low-Amplitude Persistent Disturbance,continuous_full_curve,1.55
4,compound,21.485,-0.3285204843216389,-0.6074831512269725,-0.0495578174163054,21.485000000000028,6.72,-1.0643465820483093,0.7620311185137048,Low-Amplitude Persistent Disturbance,continuous_full_curve,1.55
4,day,0.0,0.0,0.0,0.0,18.200000000000017,7.94000000000001,-0.7765864404828082,0.4985614226930217,Low-Amplitude Persistent Disturbance,continuous_full_curve,1.55
4,day,0.0758333333333334,-0.0041445697521975,-0.0264041796428189,0.0181150401384237,18.200000000000017,7.94000000000001,-0.7765864404828082,0.4985614226930217,Low-Amplitude Persistent Disturbance,continuous_full_curve,1.55
4,day,0.151666666666667,-0.0082849513761386,-0.0315544311008949,0.0149845283486176,18.200000000000017,7.94000000000001,-0.7765864404828082,0.4985614226930217,Low-Amplitude Persistent Disturbance,continuous_full_curve,1.55
4,day,0.2275,-0.0124169567435666,-0.0367411393294932,0.0119072258423598,18.200000000000017,7.94000000000001,-0.7765864404828082,0.4985614226930217,Low-Amplitude Persistent Disturbance,continuous_full_curve,1.55
4,day,0.303333333333334,-0.0165363977262252,-0.0419615476371289,0.0088887521846785,18.200000000000017,7.94000000000001,-0.7765864404828082,0.4985614226930217,Low-Amplitude Persistent Disturbance,continuous_full_curve,1.55
4,day,0.379166666666667,-0.0206390861958576,-0.0472128887880935,0.0059347163963783,18.200000000000017,7.94000000000001,-0.7765864404828082,0.4985614226930217,Low-Amplitude Persistent Disturbance,continuous_full_curve,1.55
4,day,0.455,-0.0247208340242074,-0.0524923782960379,0.003050710247623,18.200000000000017,7.94000000000001,-0.7765864404828082,0.4985614226930217,Low-Amplitude Persistent Disturbance,continuous_full_curve,1.55
4,day,0.530833333333334,-0.0287774530830182,-0.0577972071301669,0.0002423009641304,18.200000000000017,7.94000000000001,-0.7765864404828082,0.4985614226930217,Low-Amplitude Persistent Disturbance,continuous_full_curve,1.55
4,day,0.606666666666667,-0.0328047552440333,-0.0631245338180826,-0.002484976669984,18.200000000000017,7.94000000000001,-0.7765864404828082,0.4985614226930217,Low-Amplitude Persistent Disturbance,continuous_full_curve,1.55
4,day,0.682500000000001,-0.0367985523789964,-0.0684714759323231,-0.0051256288256697,18.200000000000017,7.94000000000001,-0.7765864404828082,0.4985614226930217,Low-Amplitude Persistent Disturbance,continuous_full_curve,1.55
4,day,0.758333333333334,-0.0407546563596508,-0.0738351009511501,-0.0076742117681515,18.200000000000017,7.94000000000001,-0.7765864404828082,0.4985614226930217,Low-Amplitude Persistent Disturbance,continuous_full_curve,1.55
4,day,0.834166666666668,-0.0446688790577401,-0.0792124164881775,-0.0101253416273026,18.200000000000017,7.94000000000001,-0.7765864404828082,0.4985614226930217,Low-Amplitude Persistent Disturbance,continuous_full_curve,1.55
4,day,0.910000000000001,-0.0485370323450076,-0.0846003598900124,-0.0124737048000028,18.200000000000017,7.94000000000001,-0.7765864404828082,0.4985614226930217,Low-Amplitude Persistent Disturbance,continuous_full_curve,1.55
4,day,0.985833333333334,-0.052354928093197,-0.0899957872062409,-0.014714068980153,18.200000000000017,7.94000000000001,-0.7765864404828082,0.4985614226930217,Low-Amplitude Persistent Disturbance,continuous_full_curve,1.55
4,day,1.06166666666667,-0.0561183781740518,-0.0953954615418274,-0.0168412948062762,18.200000000000017,7.94000000000001,-0.7765864404828082,0.4985614226930217,Low-Amplitude Persistent Disturbance,continuous_full_curve,1.55
4,day,1.1375,-0.0598231944593151,-0.1007960408083311,-0.0188503481102991,18.200000000000017,7.94000000000001,-0.7765864404828082,0.4985614226930217,Low-Amplitude Persistent Disturbance,continuous_full_curve,1.55
4,day,1.21,-0.0633064785457213,-0.1059568915075756,-0.020656065583867,18.200000000000017,7.94000000000001,-0.7765864404828082,0.4985614226930217,Low-Amplitude Persistent Disturbance,continuous_full_curve,1.55
4,day,1.21333333333333,-0.0634651888207307,-0.106194064897287,-0.0207363127441743,18.200000000000017,7.94000000000001,-0.7765864404828082,0.4985614226930217,Low-Amplitude Persistent Disturbance,continuous_full_curve,1.55
4,day,1.28916666666667,-0.0670401731300425,-0.1115859423066122,-0.0224944039534727,18.200000000000017,7.94000000000001,-0.7765864404828082,0.4985614226930217,Low-Amplitude Persistent Disturbance,continuous_full_curve,1.55
4,day,1.365,-0.070543959258993,-0.1169679362590226,-0.0241199822589635,18.200000000000017,7.94000000000001,-0.7765864404828082,0.4985614226930217,Low-Amplitude Persistent Disturbance,continuous_full_curve,1.55
4,day,1.44083333333333,-0.0739723590793264,-0.1223361503601205,-0.0256085677985322,18.200000000000017,7.94000000000001,-0.7765864404828082,0.4985614226930217,Low-Amplitude Persistent Disturbance,continuous_full_curve,1.55
4,day,1.51666666666667,-0.0773211844627863,-0.1276865138529948,-0.0269558550725778,18.200000000000017,7.94000000000001,-0.7765864404828082,0.4985614226930217,Low-Amplitude Persistent Disturbance,continuous_full_curve,1.55
4,day,1.5925,-0.0805862472811155,-0.1330147665358781,-0.0281577280263529,18.200000000000017,7.94000000000001,-0.7765864404828082,0.4985614226930217,Low-Amplitude Persistent Disturbance,continuous_full_curve,1.55
4,day,1.66833333333334,-0.0837633594060583,-0.1383164434195218,-0.0292102753925948,18.200000000000017,7.94000000000001,-0.7765864404828082,0.4985614226930217,Low-Amplitude Persistent Disturbance,continuous_full_curve,1.55
4,day,1.74416666666667,-0.0868483327093574,-0.1435868592113969,-0.0301098062073178,18.200000000000017,7.94000000000001,-0.7765864404828082,0.4985614226930217,Low-Amplitude Persistent Disturbance,continuous_full_curve,1.55
4,day,1.82,-0.0898369790627565,-0.1488210927246192,-0.030852865400894,18.200000000000017,7.94000000000001,-0.7765864404828082,0.4985614226930217,Low-Amplitude Persistent Disturbance,continuous_full_curve,1.55
4,day,1.89583333333334,-0.0927251103379998,-0.154013971320389,-0.0314362493556106,18.200000000000017,7.94000000000001,-0.7765864404828082,0.4985614226930217,Low-Amplitude Persistent Disturbance,continuous_full_curve,1.55
4,day,1.97166666666667,-0.0955085384068297,-0.1591600555037611,-0.0318570213098983,18.200000000000017,7.94000000000001,-0.7765864404828082,0.4985614226930217,Low-Amplitude Persistent Disturbance,continuous_full_curve,1.55
4,day,2.0475,-0.0981830751409903,-0.1642536238034982,-0.0321125264784824,18.200000000000017,7.94000000000001,-0.7765864404828082,0.4985614226930217,Low-Amplitude Persistent Disturbance,continuous_full_curve,1.55
4,day,2.12333333333334,-0.1007445324122253,-0.1692886580774847,-0.0322004067469658,18.200000000000017,7.94000000000001,-0.7765864404828082,0.4985614226930217,Low-Amplitude Persistent Disturbance,continuous_full_curve,1.55
4,day,2.19916666666667,-0.1031887220922775,-0.1742588293955821,-0.0321186147889728,18.200000000000017,7.94000000000001,-0.7765864404828082,0.4985614226930217,Low-Amplitude Persistent Disturbance,continuous_full_curve,1.55
4,day,2.275,-0.1055114560528908,-0.1791574846616611,-0.0318654274441204,18.200000000000017,7.94000000000001,-0.7765864404828082,0.4985614226930217,Low-Amplitude Persistent Disturbance,continuous_full_curve,1.55
4,day,2.35083333333334,-0.1077085461658089,-0.183977634145677,-0.0314394581859408,18.200000000000017,7.94000000000001,-0.7765864404828082,0.4985614226930217,Low-Amplitude Persistent Disturbance,continuous_full_curve,1.55
4,day,2.42666666666667,-0.1097758043027747,-0.1887119401049146,-0.0308396685006348,18.200000000000017,7.94000000000001,-0.7765864404828082,0.4985614226930217,Low-Amplitude Persistent Disturbance,continuous_full_curve,1.55
4,day,2.5025,-0.1117090423355321,-0.1933527066806563,-0.0300653779904079,18.200000000000017,7.94000000000001,-0.7765864404828082,0.4985614226930217,Low-Amplitude Persistent Disturbance,continuous_full_curve,1.55
4,day,2.57833333333334,-0.1135040721358247,-0.1978918712623151,-0.0291162730093343,18.200000000000017,7.94000000000001,-0.7765864404828082,0.4985614226930217,Low-Amplitude Persistent Disturbance,continuous_full_curve,1.55
4,day,2.65416666666667,-0.1151567055753955,-0.2023209975153538,-0.0279924136354373,18.200000000000017,7.94000000000001,-0.7765864404828082,0.4985614226930217,Low-Amplitude Persistent Disturbance,continuous_full_curve,1.55
4,day,2.71999999999999,-0.116472694361988,-0.2060700097210577,-0.0268753790029183,18.200000000000017,7.94000000000001,-0.7765864404828082,0.4985614226930217,Low-Amplitude Persistent Disturbance,continuous_full_curve,1.55
4,day,2.73,-0.1166627573307072,-0.2066312741006539,-0.0266942405607604,18.200000000000017,7.94000000000001,-0.7765864404828082,0.4985614226930217,Low-Amplitude Persistent Disturbance,continuous_full_curve,1.55
4,day,2.80583333333334,-0.1180198044658055,-0.2108159340673601,-0.0252236748642509,18.200000000000017,7.94000000000001,-0.7765864404828082,0.4985614226930217,Low-Amplitude Persistent Disturbance,continuous_full_curve,1.55
4,day,2.88166666666667,-0.1192301973320373,-0.2148745355108365,-0.0235858591532382,18.200000000000017,7.94000000000001,-0.7765864404828082,0.4985614226930217,Low-Amplitude Persistent Disturbance,continuous_full_curve,1.55
4,day,2.9575,-0.1202970865329214,-0.2188076800358031,-0.0217864930300397,18.200000000000017,7.94000000000001,-0.7765864404828082,0.4985614226930217,Low-Amplitude Persistent Disturbance,continuous_full_curve,1.55
4,day,3.03333333333334,-0.1212236226719765,-0.2226159366414099,-0.019831308702543,18.200000000000017,7.94000000000001,-0.7765864404828082,0.4985614226930217,Low-Amplitude Persistent Disturbance,continuous_full_curve,1.55
4,day,3.10916666666667,-0.1220129563527209,-0.2262998490461307,-0.0177260636593112,18.200000000000017,7.94000000000001,-0.7765864404828082,0.4985614226930217,Low-Amplitude Persistent Disturbance,continuous_full_curve,1.55
4,day,3.185,-0.1226682381786735,-0.2298599430664478,-0.0154765332908993,18.200000000000017,7.94000000000001,-0.7765864404828082,0.4985614226930217,Low-Amplitude Persistent Disturbance,continuous_full_curve,1.55
4,day,3.26083333333334,-0.1231926187533531,-0.2332967340167909,-0.0130885034899152,18.200000000000017,7.94000000000001,-0.7765864404828082,0.4985614226930217,Low-Amplitude Persistent Disturbance,continuous_full_curve,1.55
4,day,3.33666666666667,-0.123589248680278,-0.2366107340986668,-0.0105677632618892,18.200000000000017,7.94000000000001,-0.7765864404828082,0.4985614226930217,Low-Amplitude Persistent Disturbance,continuous_full_curve,1.55
4,day,3.4125,-0.1238612785629671,-0.2398024597475773,-0.0079200973783569,18.200000000000017,7.94000000000001,-0.7765864404828082,0.4985614226930217,Low-Amplitude Persistent Disturbance,continuous_full_curve,1.55
4,day,3.48833333333334,-0.124011859004939,-0.2428724389071413,-0.0051512791027367,18.200000000000017,7.94000000000001,-0.7765864404828082,0.4985614226930217,Low-Amplitude Persistent Disturbance,continuous_full_curve,1.55
4,day,3.56416666666667,-0.1240441406097123,-0.2458212182008584,-0.0022670630185662,18.200000000000017,7.94000000000001,-0.7765864404828082,0.4985614226930217,Low-Amplitude Persistent Disturbance,continuous_full_curve,1.55
4,day,3.64,-0.1239612739808056,-0.2486493699731202,0.0007268220115089,18.200000000000017,7.94000000000001,-0.7765864404828082,0.4985614226930217,Low-Amplitude Persistent Disturbance,continuous_full_curve,1.55
4,day,3.71583333333334,-0.1237664097217377,-0.2513574991723726,0.0038246797288972,18.200000000000017,7.94000000000001,-0.7765864404828082,0.4985614226930217,Low-Amplitude Persistent Disturbance,continuous_full_curve,1.55
4,day,3.79166666666667,-0.1234626984360272,-0.2539462500507911,0.0070208531787366,18.200000000000017,7.94000000000001,-0.7765864404828082,0.4985614226930217,Low-Amplitude Persistent Disturbance,continuous_full_curve,1.55
4,day,3.8675,-0.1230532907271927,-0.2564163126563915,0.0103097312020061,18.200000000000017,7.94000000000001,-0.7765864404828082,0.4985614226930217,Low-Amplitude Persistent Disturbance,continuous_full_curve,1.55
4,day,3.94333333333334,-0.1225413371987528,-0.2587684290951613,0.0136857546976556,18.200000000000017,7.94000000000001,-0.7765864404828082,0.4985614226930217,Low-Amplitude Persistent Disturbance,continuous_full_curve,1.55
4,day,4.01916666666667,-0.1219299884542263,-0.261003399542554,0.0171434226341012,18.200000000000017,7.94000000000001,-0.7765864404828082,0.4985614226930217,Low-Amplitude Persistent Disturbance,continuous_full_curve,1.55
4,day,4.095,-0.1212223950971319,-0.2631220879855258,0.020677297791262,18.200000000000017,7.94000000000001,-0.7765864404828082,0.4985614226930217,Low-Amplitude Persistent Disturbance,continuous_full_curve,1.55
4,day,4.17083333333334,-0.1204217077309879,-0.2651254276781704,0.0242820122161946,18.200000000000017,7.94000000000001,-0.7765864404828082,0.4985614226930217,Low-Amplitude Persistent Disturbance,continuous_full_curve,1.55
4,day,4.24666666666667,-0.1195310769593133,-0.2670144262959493,0.0279522723773225,18.200000000000017,7.94000000000001,-0.7765864404828082,0.4985614226930217,Low-Amplitude Persistent Disturbance,continuous_full_curve,1.55
4,day,4.3225,-0.1185536533856267,-0.2687901707754757,0.0316828640042222,18.200000000000017,7.94000000000001,-0.7765864404828082,0.4985614226930217,Low-Amplitude Persistent Disturbance,continuous_full_curve,1.55
4,day,4.39833333333334,-0.1174925876134465,-0.2704538318287837,0.0354686566018905,18.200000000000017,7.94000000000001,-0.7765864404828082,0.4985614226930217,Low-Amplitude Persistent Disturbance,continuous_full_curve,1.55
4,day,4.47416666666667,-0.1163510302462918,-0.2720066681229929,0.0393046076304092,18.200000000000017,7.94000000000001,-0.7765864404828082,0.4985614226930217,Low-Amplitude Persistent Disturbance,continuous_full_curve,1.55
4,day,4.55,-0.1151321318876808,-0.2734500301182506,0.0431857663428889,18.200000000000017,7.94000000000001,-0.7765864404828082,0.4985614226930217,Low-Amplitude Persistent Disturbance,continuous_full_curve,1.55
4,day,4.62583333333334,-0.1138390431411323,-0.2747853635587678,0.0471072772765031,18.200000000000017,7.94000000000001,-0.7765864404828082,0.4985614226930217,Low-Amplitude Persistent Disturbance,continuous_full_curve,1.55
4,day,4.70166666666667,-0.1124749146101651,-0.2760142126136727,0.0510643833933424,18.200000000000017,7.94000000000001,-0.7765864404828082,0.4985614226930217,Low-Amplitude Persistent Disturbance,continuous_full_curve,1.55
4,day,4.7775,-0.1110428968982978,-0.2771382226662704,0.0550524288696747,18.200000000000017,7.94000000000001,-0.7765864404828082,0.4985614226930217,Low-Amplitude Persistent Disturbance,continuous_full_curve,1.55
4,day,4.85333333333334,-0.1095461406090488,-0.2781591427520863,0.0590668615339887,18.200000000000017,7.94000000000001,-0.7765864404828082,0.4985614226930217,Low-Amplitude Persistent Disturbance,continuous_full_curve,1.55
4,day,4.92916666666667,-0.107987796345937,-0.2790788276478156,0.0631032349559415,18.200000000000017,7.94000000000001,-0.7765864404828082,0.4985614226930217,Low-Amplitude Persistent Disturbance,continuous_full_curve,1.55
4,day,5.005,-0.1063710147124811,-0.279899239614955,0.0671572101899927,18.200000000000017,7.94000000000001,-0.7765864404828082,0.4985614226930217,Low-Amplitude Persistent Disturbance,continuous_full_curve,1.55
4,day,5.08,-0.1047176097743608,-0.2806150228878999,0.0711798033391782,18.200000000000017,7.94000000000001,-0.7765864404828082,0.4985614226930217,Low-Amplitude Persistent Disturbance,continuous_full_curve,1.55
4,day,5.08083333333334,-0.1046989463121994,-0.280622449803471,0.071224557179072,18.200000000000017,7.94000000000001,-0.7765864404828082,0.4985614226930217,Low-Amplitude Persistent Disturbance,continuous_full_curve,1.55
4,day,5.15666666666667,-0.102974741748611,-0.2812506393223494,0.0753011558251273,18.200000000000017,7.94000000000001,-0.7765864404828082,0.4985614226930217,Low-Amplitude Persistent Disturbance,continuous_full_curve,1.55
4,day,5.23250000000001,-0.1012015516252342,-0.2817860999852639,0.0793829967347953,18.200000000000017,7.94000000000001,-0.7765864404828082,0.4985614226930217,Low-Amplitude Persistent Disturbance,continuous_full_curve,1.55
4,day,5.30833333333334,-0.0993825265455879,-0.2822312347408992,0.0834661816497232,18.200000000000017,7.94000000000001,-0.7765864404828082,0.4985614226930217,Low-Amplitude Persistent Disturbance,continuous_full_curve,1.55
4,day,5.38416666666667,-0.0975208171131908,-0.2825885577986615,0.0875469235722799,18.200000000000017,7.94000000000001,-0.7765864404828082,0.4985614226930217,Low-Amplitude Persistent Disturbance,continuous_full_curve,1.55
4,day,5.46000000000001,-0.095619573931561,-0.2828606944615938,0.0916215465984716,18.200000000000017,7.94000000000001,-0.7765864404828082,0.4985614226930217,Low-Amplitude Persistent Disturbance,continuous_full_curve,1.55
4,day,5.53583333333334,-0.0936819476042179,-0.2830503806793088,0.095686485470873,18.200000000000017,7.94000000000001,-0.7765864404828082,0.4985614226930217,Low-Amplitude Persistent Disturbance,continuous_full_curve,1.55
4,day,5.61166666666667,-0.0917110887346797,-0.2831604623346231,0.0997382848652636,18.200000000000017,7.94000000000001,-0.7765864404828082,0.4985614226930217,Low-Amplitude Persistent Disturbance,continuous_full_curve,1.55
4,day,5.68750000000001,-0.089710147926465,-0.283193894278354,0.103773598425424,18.200000000000017,7.94000000000001,-0.7765864404828082,0.4985614226930217,Low-Amplitude Persistent Disturbance,continuous_full_curve,1.55
4,day,5.76333333333334,-0.0876822757830927,-0.2831537391274042,0.1077891875612187,18.200000000000017,7.94000000000001,-0.7765864404828082,0.4985614226930217,Low-Amplitude Persistent Disturbance,continuous_full_curve,1.55
4,day,5.83916666666667,-0.0856306229080815,-0.2830431658418317,0.1117819200256686,18.200000000000017,7.94000000000001,-0.7765864404828082,0.4985614226930217,Low-Amplitude Persistent Disturbance,continuous_full_curve,1.55
4,day,5.91500000000001,-0.0835583399049495,-0.2828654480970512,0.115748768287152,18.200000000000017,7.94000000000001,-0.7765864404828082,0.4985614226930217,Low-Amplitude Persistent Disturbance,continuous_full_curve,1.55
4,day,5.99083333333334,-0.0814685773772161,-0.2826239624676931,0.1196868077132609,18.200000000000017,7.94000000000001,-0.7765864404828082,0.4985614226930217,Low-Amplitude Persistent Disturbance,continuous_full_curve,1.55
4,day,6.06666666666667,-0.0793644859283996,-0.2823221864399032,0.1235932145831039,18.200000000000017,7.94000000000001,-0.7765864404828082,0.4985614226930217,Low-Amplitude Persistent Disturbance,continuous_full_curve,1.55
4,day,6.14250000000001,-0.0772492161620184,-0.2819636962690492,0.1274652639450124,18.200000000000017,7.94000000000001,-0.7765864404828082,0.4985614226930217,Low-Amplitude Persistent Disturbance,continuous_full_curve,1.55
4,day,6.21833333333334,-0.0751259186815916,-0.2815521646998948,0.1313003273367116,18.200000000000017,7.94000000000001,-0.7765864404828082,0.4985614226930217,Low-Amplitude Persistent Disturbance,continuous_full_curve,1.55
4,day,6.29416666666667,-0.0729977440906377,-0.2810913585663039,0.1350958703850285,18.200000000000017,7.94000000000001,-0.7765864404828082,0.4985614226930217,Low-Amplitude Persistent Disturbance,continuous_full_curve,1.55
4,day,6.37000000000001,-0.070867842992675,-0.2805851362874785,0.1388494503021284,18.200000000000017,7.94000000000001,-0.7765864404828082,0.4985614226930217,Low-Amplitude Persistent Disturbance,continuous_full_curve,1.55
4,day,6.44583333333334,-0.0687393659912227,-0.2800374452775907,0.1425587132951452,18.200000000000017,7.94000000000001,-0.7765864404828082,0.4985614226930217,Low-Amplitude Persistent Disturbance,continuous_full_curve,1.55
4,day,6.52166666666667,-0.0666154636897993,-0.279452319285468,0.1462213919058693,18.200000000000017,7.94000000000001,-0.7765864404828082,0.4985614226930217,Low-Amplitude Persistent Disturbance,continuous_full_curve,1.55
4,day,6.59750000000001,-0.064499286691923,-0.278833875680726,0.1498353022968798,18.200000000000017,7.94000000000001,-0.7765864404828082,0.4985614226930217,Low-Amplitude Persistent Disturbance,continuous_full_curve,1.55
4,day,6.67333333333334,-0.0623939856011131,-0.2781863127024277,0.1533983415002014,18.200000000000017,7.94000000000001,-0.7765864404828082,0.4985614226930217,Low-Amplitude Persistent Disturbance,continuous_full_curve,1.55
4,day,6.74916666666667,-0.060302711020888,-0.2775139066859771,0.156908484644201,18.200000000000017,7.94000000000001,-0.7765864404828082,0.4985614226930217,Low-Amplitude Persistent Disturbance,continuous_full_curve,1.55
4,day,6.82500000000001,-0.058228613554766,-0.2768210092835548,0.1603637821740227,18.200000000000017,7.94000000000001,-0.7765864404828082,0.4985614226930217,Low-Amplitude Persistent Disturbance,continuous_full_curve,1.55
4,day,6.90083333333334,-0.0561748438062663,-0.2761120446929567,0.1637623570804241,18.200000000000017,7.94000000000001,-0.7765864404828082,0.4985614226930217,Low-Amplitude Persistent Disturbance,continuous_full_curve,1.55
4,day,6.97666666666667,-0.0541445523789073,-0.2753915069092176,0.1671024021514029,18.200000000000017,7.94000000000001,-0.7765864404828082,0.4985614226930217,Low-Amplitude Persistent Disturbance,continuous_full_curve,1.55
4,day,7.05250000000001,-0.0521408898762075,-0.2746639570129143,0.1703821772604992,18.200000000000017,7.94000000000001,-0.7765864404828082,0.4985614226930217,Low-Amplitude Persistent Disturbance,continuous_full_curve,1.55
4,day,7.12833333333334,-0.0501670069016859,-0.2739340205085171,0.1736000067051452,18.200000000000017,7.94000000000001,-0.7765864404828082,0.4985614226930217,Low-Amplitude Persistent Disturbance,continuous_full_curve,1.55
4,day,7.20416666666667,-0.0482260540588609,-0.2732063847256331,0.1767542766079111,18.200000000000017,7.94000000000001,-0.7765864404828082,0.4985614226930217,Low-Amplitude Persistent Disturbance,continuous_full_curve,1.55
4,day,7.28000000000001,-0.046321181951251,-0.2724857962954448,0.1798434323929426,18.200000000000017,7.94000000000001,-0.7765864404828082,0.4985614226930217,Low-Amplitude Persistent Disturbance,continuous_full_curve,1.55
4,day,7.35583333333334,-0.0444555411823754,-0.2717770587141129,0.1828659763493621,18.200000000000017,7.94000000000001,-0.7765864404828082,0.4985614226930217,Low-Amplitude Persistent Disturbance,continuous_full_curve,1.55
4,day,7.43166666666667,-0.0426322823557523,-0.271085030004366,0.1858204652928613,18.200000000000017,7.94000000000001,-0.7765864404828082,0.4985614226930217,Low-Amplitude Persistent Disturbance,continuous_full_curve,1.55
4,day,7.50750000000001,-0.0408545560749003,-0.270414620485979,0.1887055083361783,18.200000000000017,7.94000000000001,-0.7765864404828082,0.4985614226930217,Low-Amplitude Persistent Disturbance,continuous_full_curve,1.55
4,day,7.58333333333334,-0.0391255129433384,-0.26977079066532,0.1915197647786432,18.200000000000017,7.94000000000001,-0.7765864404828082,0.4985614226930217,Low-Amplitude Persistent Disturbance,continuous_full_curve,1.55
4,day,7.65916666666667,-0.037448303564585,-0.2691585492536417,0.1942619421244715,18.200000000000017,7.94000000000001,-0.7765864404828082,0.4985614226930217,Low-Amplitude Persistent Disturbance,continuous_full_curve,1.55
4,day,7.73500000000001,-0.0358260785421587,-0.268582951323316,0.1969307942389984,18.200000000000017,7.94000000000001,-0.7765864404828082,0.4985614226930217,Low-Amplitude Persistent Disturbance,continuous_full_curve,1.55
4,day,7.81083333333334,-0.0342619884795785,-0.2680490966107528,0.1995251196515957,18.200000000000017,7.94000000000001,-0.7765864404828082,0.4985614226930217,Low-Amplitude Persistent Disturbance,continuous_full_curve,1.55
4,day,7.88666666666667,-0.0327591839803627,-0.2675621279743131,0.2020437600135875,18.200000000000017,7.94000000000001,-0.7765864404828082,0.4985614226930217,Low-Amplitude Persistent Disturbance,continuous_full_curve,1.55
4,day,7.94000000000001,-0.0317406746768343,-0.2672505241081923,0.2037691747545235,18.200000000000017,7.94000000000001,-0.7765864404828082,0.4985614226930217,Low-Amplitude Persistent Disturbance,continuous_full_curve,1.55
4,day,7.96250000000001,-0.0313208156480299,-0.2671272300151299,0.20448559871907,18.200000000000017,7.94000000000001,-0.7765864404828082,0.4985614226930217,Low-Amplitude Persistent Disturbance,continuous_full_curve,1.55
4,day,8.03833333333334,-0.0299500340860992,-0.2667496278683942,0.2068495596961957,18.200000000000017,7.94000000000001,-0.7765864404828082,0.4985614226930217,Low-Amplitude Persistent Disturbance,continuous_full_curve,1.55
4,day,8.11416666666668,-0.0286499898980887,-0.2664345861723262,0.2091346063761486,18.200000000000017,7.94000000000001,-0.7765864404828082,0.4985614226930217,Low-Amplitude Persistent Disturbance,continuous_full_curve,1.55
4,day,8.19000000000001,-0.0274238336875175,-0.2661874082217836,0.2113397408467484,18.200000000000017,7.94000000000001,-0.7765864404828082,0.4985614226930217,Low-Amplitude Persistent Disturbance,continuous_full_curve,1.55
4,day,8.26583333333334,-0.0262747160579041,-0.266013435313209,0.2134640031974006,18.200000000000017,7.94000000000001,-0.7765864404828082,0.4985614226930217,Low-Amplitude Persistent Disturbance,continuous_full_curve,1.55
4,day,8.34166666666667,-0.0252057876127671,-0.2659180462874281,0.2155064710618938,18.200000000000017,7.94000000000001,-0.7765864404828082,0.4985614226930217,Low-Amplitude Persistent Disturbance,continuous_full_curve,1.55
4,day,8.41750000000001,-0.024220198955625,-0.2659066572766722,0.217466259365422,18.200000000000017,7.94000000000001,-0.7765864404828082,0.4985614226930217,Low-Amplitude Persistent Disturbance,continuous_full_curve,1.55
4,day,8.49333333333334,-0.0233211006899969,-0.2659847216620939,0.2193425202821001,18.200000000000017,7.94000000000001,-0.7765864404828082,0.4985614226930217,Low-Amplitude Persistent Disturbance,continuous_full_curve,1.55
4,day,8.56916666666668,-0.0225116434194009,-0.2661577302480229,0.221134443409221,18.200000000000017,7.94000000000001,-0.7765864404828082,0.4985614226930217,Low-Amplitude Persistent Disturbance,continuous_full_curve,1.55
4,day,8.64500000000001,-0.0217949777473561,-0.2664312116592114,0.2228412561644991,18.200000000000017,7.94000000000001,-0.7765864404828082,0.4985614226930217,Low-Amplitude Persistent Disturbance,continuous_full_curve,1.55
4,day,8.72083333333334,-0.021174254277381,-0.266810732967407,0.2244622244126449,18.200000000000017,7.94000000000001,-0.7765864404828082,0.4985614226930217,Low-Amplitude Persistent Disturbance,continuous_full_curve,1.55
4,day,8.77999999999999,-0.0207586113571189,-0.2671840925978601,0.2256668698836222,18.200000000000017,7.94000000000001,-0.7765864404828082,0.4985614226930217,Low-Amplitude Persistent Disturbance,continuous_full_curve,1.55
4,day,8.79666666666668,-0.0206526165919985,-0.2673018892014812,0.2259966560174841,18.200000000000017,7.94000000000001,-0.7765864404828082,0.4985614226930217,Low-Amplitude Persistent Disturbance,continuous_full_curve,1.55
4,day,8.87250000000001,-0.0202320360913206,-0.2679084174197276,0.2274443452370862,18.200000000000017,7.94000000000001,-0.7765864404828082,0.4985614226930217,Low-Amplitude Persistent Disturbance,continuous_full_curve,1.55
4,day,8.94833333333334,-0.0199120093763361,-0.2686300698171883,0.228806051064516,18.200000000000017,7.94000000000001,-0.7765864404828082,0.4985614226930217,Low-Amplitude Persistent Disturbance,continuous_full_curve,1.55
4,day,9.02416666666667,-0.0196917189365922,-0.2694660925266671,0.2300826546534826,18.200000000000017,7.94000000000001,-0.7765864404828082,0.4985614226930217,Low-Amplitude Persistent Disturbance,continuous_full_curve,1.55
4,day,9.10000000000001,-0.0195703472616362,-0.2704157326948208,0.2312750381715482,18.200000000000017,7.94000000000001,-0.7765864404828082,0.4985614226930217,Low-Amplitude Persistent Disturbance,continuous_full_curve,1.55
4,day,9.17583333333334,-0.0195470768410153,-0.2714782384673865,0.2323840847853559,18.200000000000017,7.94000000000001,-0.7765864404828082,0.4985614226930217,Low-Amplitude Persistent Disturbance,continuous_full_curve,1.55
4,day,9.25166666666668,-0.0196210901642766,-0.2726528589743333,0.23341067864578,18.200000000000017,7.94000000000001,-0.7765864404828082,0.4985614226930217,Low-Amplitude Persistent Disturbance,continuous_full_curve,1.55
4,day,9.32750000000001,-0.0197915697209673,-0.2739388443149218,0.2343557048729871,18.200000000000017,7.94000000000001,-0.7765864404828082,0.4985614226930217,Low-Amplitude Persistent Disturbance,continuous_full_curve,1.55
4,day,9.40333333333334,-0.0200576980006347,-0.2753354455426715,0.2352200495414019,18.200000000000017,7.94000000000001,-0.7765864404828082,0.4985614226930217,Low-Amplitude Persistent Disturbance,continuous_full_curve,1.55
4,day,9.47916666666667,-0.020418657492826,-0.2768419146502175,0.2360045996645655,18.200000000000017,7.94000000000001,-0.7765864404828082,0.4985614226930217,Low-Amplitude Persistent Disturbance,continuous_full_curve,1.55
4,day,9.55500000000001,-0.0208736306870885,-0.2784575045540576,0.2367102431798805,18.200000000000017,7.94000000000001,-0.7765864404828082,0.4985614226930217,Low-Amplitude Persistent Disturbance,continuous_full_curve,1.55
4,day,9.63083333333334,-0.0214218000729691,-0.2801814690791702,0.2373378689332318,18.200000000000017,7.94000000000001,-0.7765864404828082,0.4985614226930217,Low-Amplitude Persistent Disturbance,continuous_full_curve,1.55
4,day,9.70666666666668,-0.0220623481400153,-0.2820130629435074,0.2378883666634767,18.200000000000017,7.94000000000001,-0.7765864404828082,0.4985614226930217,Low-Amplitude Persistent Disturbance,continuous_full_curve,1.55
4,day,9.78250000000001,-0.0227944573777742,-0.2839515417423397,0.2383626269867912,18.200000000000017,7.94000000000001,-0.7765864404828082,0.4985614226930217,Low-Amplitude Persistent Disturbance,continuous_full_curve,1.55
4,day,9.85833333333334,-0.023617310275793,-0.2859961619324571,0.238761541380871,18.200000000000017,7.94000000000001,-0.7765864404828082,0.4985614226930217,Low-Amplitude Persistent Disturbance,continuous_full_curve,1.55
4,day,9.93416666666668,-0.024530089323619,-0.2881461808162078,0.2390860021689696,18.200000000000017,7.94000000000001,-0.7765864404828082,0.4985614226930217,Low-Amplitude Persistent Disturbance,continuous_full_curve,1.55
4,day,10.01,-0.0255319770107992,-0.2904008565253707,0.2393369025037723,18.200000000000017,7.94000000000001,-0.7765864404828082,0.4985614226930217,Low-Amplitude Persistent Disturbance,continuous_full_curve,1.55
4,day,10.0858333333333,-0.0266221558268805,-0.2927594480048549,0.2395151363510938,18.200000000000017,7.94000000000001,-0.7765864404828082,0.4985614226930217,Low-Amplitude Persistent Disturbance,continuous_full_curve,1.55
4,day,10.1616666666667,-0.0277998082614121,-0.2952212149962169,0.2396215984733926,18.200000000000017,7.94000000000001,-0.7765864404828082,0.4985614226930217,Low-Amplitude Persistent Disturbance,continuous_full_curve,1.55
4,day,10.2375,-0.0290641168039381,-0.2977854180209658,0.2396571844130894,18.200000000000017,7.94000000000001,-0.7765864404828082,0.4985614226930217,Low-Amplitude Persistent Disturbance,continuous_full_curve,1.55
4,day,10.3133333333333,-0.0304142639440072,-0.3004513183637038,0.2396227904756893,18.200000000000017,7.94000000000001,-0.7765864404828082,0.4985614226930217,Low-Amplitude Persistent Disturbance,continuous_full_curve,1.55
4,day,10.3891666666667,-0.0318494321711686,-0.3032181780550262,0.239519313712689,18.200000000000017,7.94000000000001,-0.7765864404828082,0.4985614226930217,Low-Amplitude Persistent Disturbance,continuous_full_curve,1.55
4,day,10.465,-0.0333688039749656,-0.3060852598542011,0.2393476519042698,18.200000000000017,7.94000000000001,-0.7765864404828082,0.4985614226930217,Low-Amplitude Persistent Disturbance,continuous_full_curve,1.55
4,day,10.5408333333333,-0.0349715618449473,-0.309051827231656,0.2391087035417612,18.200000000000017,7.94000000000001,-0.7765864404828082,0.4985614226930217,Low-Amplitude Persistent Disturbance,continuous_full_curve,1.55
4,day,10.6166666666667,-0.0366568882706632,-0.3121171443511966,0.23880336780987,18.200000000000017,7.94000000000001,-0.7765864404828082,0.4985614226930217,Low-Amplitude Persistent Disturbance,continuous_full_curve,1.55
4,day,10.6925,-0.0384239657416563,-0.3152804760519807,0.2384325445686681,18.200000000000017,7.94000000000001,-0.7765864404828082,0.4985614226930217,Low-Amplitude Persistent Disturbance,continuous_full_curve,1.55
4,day,10.7683333333333,-0.0402719767474755,-0.3185410878302744,0.2379971343353234,18.200000000000017,7.94000000000001,-0.7765864404828082,0.4985614226930217,Low-Amplitude Persistent Disturbance,continuous_full_curve,1.55
4,day,10.8441666666667,-0.0422001037776709,-0.3218982458209163,0.2374980382655744,18.200000000000017,7.94000000000001,-0.7765864404828082,0.4985614226930217,Low-Amplitude Persistent Disturbance,continuous_full_curve,1.55
4,day,10.92,-0.0442075293217846,-0.3253512167785065,0.2369361581349373,18.200000000000017,7.94000000000001,-0.7765864404828082,0.4985614226930217,Low-Amplitude Persistent Disturbance,continuous_full_curve,1.55
4,day,10.9958333333333,-0.0462934358693662,-0.3288992680583619,0.2363123963196294,18.200000000000017,7.94000000000001,-0.7765864404828082,0.4985614226930217,Low-Amplitude Persistent Disturbance,continuous_full_curve,1.55
4,day,11.0716666666667,-0.0484570059099659,-0.3325416675971463,0.2356276557772143,18.200000000000017,7.94000000000001,-0.7765864404828082,0.4985614226930217,Low-Amplitude Persistent Disturbance,continuous_full_curve,1.55
4,day,11.1475,-0.0506974219331253,-0.3362776838932039,0.2348828400269533,18.200000000000017,7.94000000000001,-0.7765864404828082,0.4985614226930217,Low-Amplitude Persistent Disturbance,continuous_full_curve,1.55
4,day,11.2233333333333,-0.0530138664283942,-0.3401065859866362,0.2340788531298477,18.200000000000017,7.94000000000001,-0.7765864404828082,0.4985614226930217,Low-Amplitude Persistent Disturbance,continuous_full_curve,1.55
4,day,11.267875,-0.0544095735482509,-0.3423985477040862,0.2335794006075842,18.200000000000017,7.94000000000001,-0.7765864404828082,0.4985614226930217,Low-Amplitude Persistent Disturbance,continuous_full_curve,1.55
4,day,11.2991666666667,-0.0554055218853231,-0.3440276434390245,0.2332165996683782,18.200000000000017,7.94000000000001,-0.7765864404828082,0.4985614226930217,Low-Amplitude Persistent Disturbance,continuous_full_curve,1.55
4,day,11.375,-0.0578715707934529,-0.3480401263128347,0.2322969847259287,18.200000000000017,7.94000000000001,-0.7765864404828082,0.4985614226930217,Low-Amplitude Persistent Disturbance,continuous_full_curve,1.55
4,day,11.4508333333333,-0.060411195642334,-0.3521433051505411,0.2313209138658731,18.200000000000017,7.94000000000001,-0.7765864404828082,0.4985614226930217,Low-Amplitude Persistent Disturbance,continuous_full_curve,1.55
4,day,11.5266666666667,-0.063023578921517,-0.3563364509533701,0.2302892931103361,18.200000000000017,7.94000000000001,-0.7765864404828082,0.4985614226930217,Low-Amplitude Persistent Disturbance,continuous_full_curve,1.55
4,day,11.6025,-0.0657079031205422,-0.3606188351597004,0.229203028918616,18.200000000000017,7.94000000000001,-0.7765864404828082,0.4985614226930217,Low-Amplitude Persistent Disturbance,continuous_full_curve,1.55
4,day,11.6783333333333,-0.0684633507289603,-0.3649897296231621,0.2280630281652415,18.200000000000017,7.94000000000001,-0.7765864404828082,0.4985614226930217,Low-Amplitude Persistent Disturbance,continuous_full_curve,1.55
4,day,11.7541666666667,-0.0712891042363222,-0.3694484065903293,0.2268701981176849,18.200000000000017,7.94000000000001,-0.7765864404828082,0.4985614226930217,Low-Amplitude Persistent Disturbance,continuous_full_curve,1.55
4,day,11.83,-0.0741843461321677,-0.3739941386780429,0.2256254464137075,18.200000000000017,7.94000000000001,-0.7765864404828082,0.4985614226930217,Low-Amplitude Persistent Disturbance,continuous_full_curve,1.55
4,day,11.9058333333333,-0.0771482589060476,-0.3786261988504144,0.224329681038319,18.200000000000017,7.94000000000001,-0.7765864404828082,0.4985614226930217,Low-Amplitude Persistent Disturbance,continuous_full_curve,1.55
4,day,11.9816666666667,-0.0801800250475133,-0.3833438603953937,0.2229838103003671,18.200000000000017,7.94000000000001,-0.7765864404828082,0.4985614226930217,Low-Amplitude Persistent Disturbance,continuous_full_curve,1.55
4,day,12.0575,-0.0832788270461039,-0.3881463969009464,0.2215887428087385,18.200000000000017,7.94000000000001,-0.7765864404828082,0.4985614226930217,Low-Amplitude Persistent Disturbance,continuous_full_curve,1.55
4,day,12.1333333333333,-0.0864438473913707,-0.3930330822308887,0.2201453874481472,18.200000000000017,7.94000000000001,-0.7765864404828082,0.4985614226930217,Low-Amplitude Persistent Disturbance,continuous_full_curve,1.55
4,day,12.2091666666667,-0.089674268572865,-0.3980031905002615,0.2186546533545313,18.200000000000017,7.94000000000001,-0.7765864404828082,0.4985614226930217,Low-Amplitude Persistent Disturbance,continuous_full_curve,1.55
4,day,12.285,-0.0929692730801257,-0.4030559960502916,0.2171174498900402,18.200000000000017,7.94000000000001,-0.7765864404828082,0.4985614226930217,Low-Amplitude Persistent Disturbance,continuous_full_curve,1.55
4,day,12.3608333333333,-0.096328043402704,-0.4081907734229886,0.2155346866175804,18.200000000000017,7.94000000000001,-0.7765864404828082,0.4985614226930217,Low-Amplitude Persistent Disturbance,continuous_full_curve,1.55
4,day,12.4366666666667,-0.0997497620301518,-0.4134067973352575,0.2139072732749536,18.200000000000017,7.94000000000001,-0.7765864404828082,0.4985614226930217,Low-Amplitude Persistent Disturbance,continuous_full_curve,1.55
4,day,12.5125,-0.1032336114520073,-0.4187033426525722,0.2122361197485574,18.200000000000017,7.94000000000001,-0.7765864404828082,0.4985614226930217,Low-Amplitude Persistent Disturbance,continuous_full_curve,1.55
4,day,12.5883333333333,-0.1067787741578222,-0.4240796843622699,0.2105221360466254,18.200000000000017,7.94000000000001,-0.7765864404828082,0.4985614226930217,Low-Amplitude Persistent Disturbance,continuous_full_curve,1.55
4,day,12.6641666666667,-0.1103844326371485,-0.4295350975463312,0.2087662322720341,18.200000000000017,7.94000000000001,-0.7765864404828082,0.4985614226930217,Low-Amplitude Persistent Disturbance,continuous_full_curve,1.55
4,day,12.74,-0.1140497693795238,-0.4350688573537025,0.2069693185946548,18.200000000000017,7.94000000000001,-0.7765864404828082,0.4985614226930217,Low-Amplitude Persistent Disturbance,continuous_full_curve,1.55
4,day,12.8158333333333,-0.1177739668745,-0.4406802389722176,0.2051323052232174,18.200000000000017,7.94000000000001,-0.7765864404828082,0.4985614226930217,Low-Amplitude Persistent Disturbance,continuous_full_curve,1.55
4,day,12.8916666666667,-0.1215562076116295,-0.4463685175999832,0.2032561023767242,18.200000000000017,7.94000000000001,-0.7765864404828082,0.4985614226930217,Low-Amplitude Persistent Disturbance,continuous_full_curve,1.55
4,day,12.9675,-0.1253956740804495,-0.4521329684162835,0.2013416202553845,18.200000000000017,7.94000000000001,-0.7765864404828082,0.4985614226930217,Low-Amplitude Persistent Disturbance,continuous_full_curve,1.55
4,day,13.0433333333333,-0.129291548770512,-0.4579728665520644,0.1993897690110403,18.200000000000017,7.94000000000001,-0.7765864404828082,0.4985614226930217,Low-Amplitude Persistent Disturbance,continuous_full_curve,1.55
4,day,13.1191666666667,-0.1332430141713696,-0.4638874870598607,0.1974014587171215,18.200000000000017,7.94000000000001,-0.7765864404828082,0.4985614226930217,Low-Amplitude Persistent Disturbance,continuous_full_curve,1.55
4,day,13.195,-0.137249252772559,-0.4698761048832196,0.1953775993381015,18.200000000000017,7.94000000000001,-0.7765864404828082,0.4985614226930217,Low-Amplitude Persistent Disturbance,continuous_full_curve,1.55
4,day,13.2708333333333,-0.1413094470636327,-0.4759379948256864,0.1933191006984209,18.200000000000017,7.94000000000001,-0.7765864404828082,0.4985614226930217,Low-Amplitude Persistent Disturbance,continuous_full_curve,1.55
4,day,13.3466666666667,-0.1454227795341432,-0.4820724315192108,0.1912268724509244,18.200000000000017,7.94000000000001,-0.7765864404828082,0.4985614226930217,Low-Amplitude Persistent Disturbance,continuous_full_curve,1.55
4,day,13.4225,-0.149588432673627,-0.4882786893920291,0.189101824044775,18.200000000000017,7.94000000000001,-0.7765864404828082,0.4985614226930217,Low-Amplitude Persistent Disturbance,continuous_full_curve,1.55
4,day,13.4983333333333,-0.1538055889716367,-0.4945560426360921,0.1869448646928187,18.200000000000017,7.94000000000001,-0.7765864404828082,0.4985614226930217,Low-Amplitude Persistent Disturbance,continuous_full_curve,1.55
4,day,13.5741666666667,-0.1580734309177252,-0.5009037651738911,0.1847569033384407,18.200000000000017,7.94000000000001,-0.7765864404828082,0.4985614226930217,Low-Amplitude Persistent Disturbance,continuous_full_curve,1.55
4,day,13.65,-0.1623911410014282,-0.5073211306247402,0.1825388486218836,18.200000000000017,7.94000000000001,-0.7765864404828082,0.4985614226930217,Low-Amplitude Persistent Disturbance,continuous_full_curve,1.55
4,day,13.7258333333333,-0.1667579017122988,-0.5138074122705909,0.1802916088459933,18.200000000000017,7.94000000000001,-0.7765864404828082,0.4985614226930217,Low-Amplitude Persistent Disturbance,continuous_full_curve,1.55
4,day,13.8016666666667,-0.1711728955398899,-0.5203618830212208,0.1780160919414409,18.200000000000017,7.94000000000001,-0.7765864404828082,0.4985614226930217,Low-Amplitude Persistent Disturbance,continuous_full_curve,1.55
4,day,13.8775,-0.175635304973737,-0.5269838153788631,0.1757132054313889,18.200000000000017,7.94000000000001,-0.7765864404828082,0.4985614226930217,Low-Amplitude Persistent Disturbance,continuous_full_curve,1.55
4,day,13.9533333333333,-0.1801443125033934,-0.5336724814023517,0.1733838563955648,18.200000000000017,7.94000000000001,-0.7765864404828082,0.4985614226930217,Low-Amplitude Persistent Disturbance,continuous_full_curve,1.55
4,day,14.0291666666667,-0.1846991006184121,-0.5404271526706217,0.1710289514337973,18.200000000000017,7.94000000000001,-0.7765864404828082,0.4985614226930217,Low-Amplitude Persistent Disturbance,continuous_full_curve,1.55
4,day,14.105,-0.1892988518083284,-0.5472471002456334,0.1686493966289766,18.200000000000017,7.94000000000001,-0.7765864404828082,0.4985614226930217,Low-Amplitude Persistent Disturbance,continuous_full_curve,1.55
4,day,14.1808333333333,-0.1939427485626953,-0.5541315946347996,0.1662460975094088,18.200000000000017,7.94000000000001,-0.7765864404828082,0.4985614226930217,Low-Amplitude Persistent Disturbance,continuous_full_curve,1.55
4,day,14.2566666666667,-0.1986299733710663,-0.5610799057527474,0.1638199590106146,18.200000000000017,7.94000000000001,-0.7765864404828082,0.4985614226930217,Low-Amplitude Persistent Disturbance,continuous_full_curve,1.55
4,day,14.3325,-0.2033597087229764,-0.5680913028824919,0.1613718854365389,18.200000000000017,7.94000000000001,-0.7765864404828082,0.4985614226930217,Low-Amplitude Persistent Disturbance,continuous_full_curve,1.55
4,day,14.4083333333333,-0.2081311371079789,-0.5751650546360958,0.1589027804201379,18.200000000000017,7.94000000000001,-0.7765864404828082,0.4985614226930217,Low-Amplitude Persistent Disturbance,continuous_full_curve,1.55
4,day,14.4440000000001,-0.2103894648773932,-0.5785134018976745,0.157734472142888,18.200000000000017,7.94000000000001,-0.7765864404828082,0.4985614226930217,Low-Amplitude Persistent Disturbance,continuous_full_curve,1.55
4,day,14.4841666666667,-0.2129434410156274,-0.5823004289146518,0.1564135468833968,18.200000000000017,7.94000000000001,-0.7765864404828082,0.4985614226930217,Low-Amplitude Persistent Disturbance,continuous_full_curve,1.55
4,day,14.56,-0.2177958029354562,-0.5894966928676588,0.1539050869967463,18.200000000000017,7.94000000000001,-0.7765864404828082,0.4985614226930217,Low-Amplitude Persistent Disturbance,continuous_full_curve,1.55
4,day,14.6358333333333,-0.2226874053570191,-0.5967531128518766,0.1513783021378383,18.200000000000017,7.94000000000001,-0.7765864404828082,0.4985614226930217,Low-Amplitude Persistent Disturbance,continuous_full_curve,1.55
4,day,14.7116666666667,-0.2276174307698696,-0.6040689543894862,0.1488340928497468,18.200000000000017,7.94000000000001,-0.7765864404828082,0.4985614226930217,Low-Amplitude Persistent Disturbance,continuous_full_curve,1.55
4,day,14.7875,-0.2325850616635421,-0.6114434821256315,0.1462733587985472,18.200000000000017,7.94000000000001,-0.7765864404828082,0.4985614226930217,Low-Amplitude Persistent Disturbance,continuous_full_curve,1.55
4,day,14.8633333333333,-0.2375894805275902,-0.6188759597854322,0.1436969987302517,18.200000000000017,7.94000000000001,-0.7765864404828082,0.4985614226930217,Low-Amplitude Persistent Disturbance,continuous_full_curve,1.55
4,day,14.9391666666667,-0.2426298698515679,-0.6263656501302863,0.1411059104271503,18.200000000000017,7.94000000000001,-0.7765864404828082,0.4985614226930217,Low-Amplitude Persistent Disturbance,continuous_full_curve,1.55
4,day,15.015,-0.2477054121250089,-0.6339118149135461,0.1385009906635282,18.200000000000017,7.94000000000001,-0.7765864404828082,0.4985614226930217,Low-Amplitude Persistent Disturbance,continuous_full_curve,1.55
4,day,15.0908333333334,-0.2528152898374739,-0.6415137148356669,0.1358831351607191,18.200000000000017,7.94000000000001,-0.7765864404828082,0.4985614226930217,Low-Amplitude Persistent Disturbance,continuous_full_curve,1.55
4,day,15.1666666666667,-0.2579586854784966,-0.6491706094985734,0.1332532385415801,18.200000000000017,7.94000000000001,-0.7765864404828082,0.4985614226930217,Low-Amplitude Persistent Disturbance,continuous_full_curve,1.55
4,day,15.2425,-0.263134781537631,-0.6568817573595438,0.1306121942842818,18.200000000000017,7.94000000000001,-0.7765864404828082,0.4985614226930217,Low-Amplitude Persistent Disturbance,continuous_full_curve,1.55
4,day,15.3183333333333,-0.2683427605044243,-0.6646464156843468,0.1279608946754982,18.200000000000017,7.94000000000001,-0.7765864404828082,0.4985614226930217,Low-Amplitude Persistent Disturbance,continuous_full_curve,1.55
4,day,15.3941666666667,-0.2735818048684306,-0.6724638404998025,0.1253002307629413,18.200000000000017,7.94000000000001,-0.7765864404828082,0.4985614226930217,Low-Amplitude Persistent Disturbance,continuous_full_curve,1.55
4,day,15.47,-0.2788510971191832,-0.6803332865456395,0.1226310923072731,18.200000000000017,7.94000000000001,-0.7765864404828082,0.4985614226930217,Low-Amplitude Persistent Disturbance,continuous_full_curve,1.55
4,day,15.5458333333333,-0.2841498197462363,-0.6882540072258179,0.1199543677333451,18.200000000000017,7.94000000000001,-0.7765864404828082,0.4985614226930217,Low-Amplitude Persistent Disturbance,continuous_full_curve,1.55
4,day,15.6216666666667,-0.2894771552391442,-0.6962252545591125,0.1172709440808241,18.200000000000017,7.94000000000001,-0.7765864404828082,0.4985614226930217,Low-Amplitude Persistent Disturbance,continuous_full_curve,1.55
4,day,15.6975,-0.2948322860874399,-0.7042462791290554,0.1145817069541754,18.200000000000017,7.94000000000001,-0.7765864404828082,0.4985614226930217,Low-Amplitude Persistent Disturbance,continuous_full_curve,1.55
4,day,15.7733333333333,-0.3002143947806778,-0.7123163300333272,0.1118875404719715,18.200000000000017,7.94000000000001,-0.7765864404828082,0.4985614226930217,Low-Amplitude Persistent Disturbance,continuous_full_curve,1.55
4,day,15.8491666666667,-0.3056226638084123,-0.7204346548324114,0.1091893272155868,18.200000000000017,7.94000000000001,-0.7765864404828082,0.4985614226930217,Low-Amplitude Persistent Disturbance,continuous_full_curve,1.55
4,day,15.925,-0.3110562756601761,-0.7286004994976005,0.1064879481772483,18.200000000000017,7.94000000000001,-0.7765864404828082,0.4985614226930217,Low-Amplitude Persistent Disturbance,continuous_full_curve,1.55
4,day,16.0008333333333,-0.3165144128255235,-0.7368131083584561,0.1037842827074091,18.200000000000017,7.94000000000001,-0.7765864404828082,0.4985614226930217,Low-Amplitude Persistent Disturbance,continuous_full_curve,1.55
4,day,16.0766666666667,-0.3219962577940092,-0.7450717240495315,0.101079208461513,18.200000000000017,7.94000000000001,-0.7765864404828082,0.4985614226930217,Low-Amplitude Persistent Disturbance,continuous_full_curve,1.55
4,day,16.1525,-0.3275009930551659,-0.7533755874564446,0.0983736013461128,18.200000000000017,7.94000000000001,-0.7765864404828082,0.4985614226930217,Low-Amplitude Persistent Disturbance,continuous_full_curve,1.55
4,day,16.2283333333334,-0.3330278010985552,-0.7617239376614258,0.0956683354643154,18.200000000000017,7.94000000000001,-0.7765864404828082,0.4985614226930217,Low-Amplitude Persistent Disturbance,continuous_full_curve,1.55
4,day,16.3041666666667,-0.3385758644137097,-0.7701160118880568,0.0929642830606372,18.200000000000017,7.94000000000001,-0.7765864404828082,0.4985614226930217,Low-Amplitude Persistent Disturbance,continuous_full_curve,1.55
4,day,16.38,-0.3441443654901842,-0.7785510454455383,0.0902623144651699,18.200000000000017,7.94000000000001,-0.7765864404828082,0.4985614226930217,Low-Amplitude Persistent Disturbance,continuous_full_curve,1.55
4,day,16.4558333333334,-0.3497324868175329,-0.7870282716722119,0.0875632980371461,18.200000000000017,7.94000000000001,-0.7765864404828082,0.4985614226930217,Low-Amplitude Persistent Disturbance,continuous_full_curve,1.55
4,day,16.5316666666667,-0.3553394108852885,-0.7955469218784492,0.0848681001078722,18.200000000000017,7.94000000000001,-0.7765864404828082,0.4985614226930217,Low-Amplitude Persistent Disturbance,continuous_full_curve,1.55
4,day,16.6075,-0.3609643201830058,-0.804106225289011,0.0821775849229993,18.200000000000017,7.94000000000001,-0.7765864404828082,0.4985614226930217,Low-Amplitude Persistent Disturbance,continuous_full_curve,1.55
4,day,16.6833333333333,-0.3666063972002315,-0.8127054089846664,0.0794926145842033,18.200000000000017,7.94000000000001,-0.7765864404828082,0.4985614226930217,Low-Amplitude Persistent Disturbance,continuous_full_curve,1.55
4,day,16.7591666666667,-0.3722648244265204,-0.8213436978432633,0.0768140489902225,18.200000000000017,7.94000000000001,-0.7765864404828082,0.4985614226930217,Low-Amplitude Persistent Disturbance,continuous_full_curve,1.55
4,day,16.835,-0.3779387843514049,-0.8300203144801055,0.0741427457772956,18.200000000000017,7.94000000000001,-0.7765864404828082,0.4985614226930217,Low-Amplitude Persistent Disturbance,continuous_full_curve,1.55
4,day,16.9108333333334,-0.3836274594644471,-0.8387344791878457,0.0714795602589514,18.200000000000017,7.94000000000001,-0.7765864404828082,0.4985614226930217,Low-Amplitude Persistent Disturbance,continuous_full_curve,1.55
4,day,16.9866666666667,-0.3893300322551794,-0.8474854098755981,0.0688253453652392,18.200000000000017,7.94000000000001,-0.7765864404828082,0.4985614226930217,Low-Amplitude Persistent Disturbance,continuous_full_curve,1.55
4,day,17.0625,-0.3950456852131564,-0.8562723220076203,0.0661809515813074,18.200000000000017,7.94000000000001,-0.7765864404828082,0.4985614226930217,Low-Amplitude Persistent Disturbance,continuous_full_curve,1.55
4,day,17.1383333333334,-0.4007736008279327,-0.8650944285412827,0.0635472268854173,18.200000000000017,7.94000000000001,-0.7765864404828082,0.4985614226930217,Low-Amplitude Persistent Disturbance,continuous_full_curve,1.55
4,day,17.2141666666667,-0.4065129615890405,-0.8739509398644498,0.0609250166863687,18.200000000000017,7.94000000000001,-0.7765864404828082,0.4985614226930217,Low-Amplitude Persistent Disturbance,continuous_full_curve,1.55
4,day,17.29,-0.4122629499860346,-0.8828410637323802,0.0583151637603109,18.200000000000017,7.94000000000001,-0.7765864404828082,0.4985614226930217,Low-Amplitude Persistent Disturbance,continuous_full_curve,1.55
4,day,17.3658333333334,-0.4180227485084699,-0.891764005203948,0.0557185081870083,18.200000000000017,7.94000000000001,-0.7765864404828082,0.4985614226930217,Low-Amplitude Persistent Disturbance,continuous_full_curve,1.55
4,day,17.4416666666667,-0.4237915396458783,-0.9007189665772939,0.0531358872855371,18.200000000000017,7.94000000000001,-0.7765864404828082,0.4985614226930217,Low-Amplitude Persistent Disturbance,continuous_full_curve,1.55
4,day,17.5175,-0.4295685058878146,-0.9097051473250252,0.0505681355493959,18.200000000000017,7.94000000000001,-0.7765864404828082,0.4985614226930217,Low-Amplitude Persistent Disturbance,continuous_full_curve,1.55
4,day,17.5933333333334,-0.4353528297238339,-0.9187217440287574,0.0480160845810896,18.200000000000017,7.94000000000001,-0.7765864404828082,0.4985614226930217,Low-Amplitude Persistent Disturbance,continuous_full_curve,1.55
4,day,17.6691666666667,-0.4411436936434676,-0.9277679503131138,0.0454805630261785,18.200000000000017,7.94000000000001,-0.7765864404828082,0.4985614226930217,Low-Amplitude Persistent Disturbance,continuous_full_curve,1.55
4,day,17.745,-0.4469402801362709,-0.9368429567793022,0.0429623965067602,18.200000000000017,7.94000000000001,-0.7765864404828082,0.4985614226930217,Low-Amplitude Persistent Disturbance,continuous_full_curve,1.55
4,day,17.8208333333334,-0.4527417716917986,-0.945945950938063,0.0404624075544657,18.200000000000017,7.94000000000001,-0.7765864404828082,0.4985614226930217,Low-Amplitude Persistent Disturbance,continuous_full_curve,1.55
4,day,17.8966666666667,-0.4585473507995825,-0.9550761171421056,0.0379814155429406,18.200000000000017,7.94000000000001,-0.7765864404828082,0.4985614226930217,Low-Amplitude Persistent Disturbance,continuous_full_curve,1.55
4,day,17.9725,-0.4643561999491777,-0.9642326365181574,0.0355202366198018,18.200000000000017,7.94000000000001,-0.7765864404828082,0.4985614226930217,Low-Amplitude Persistent Disturbance,continuous_full_curve,1.55
4,day,18.0483333333334,-0.4701675016301389,-0.973414686898413,0.0330796836381351,18.200000000000017,7.94000000000001,-0.7765864404828082,0.4985614226930217,Low-Amplitude Persistent Disturbance,continuous_full_curve,1.55
4,day,18.1241666666667,-0.475980438331998,-0.9826214427515162,0.0306605660875202,18.200000000000017,7.94000000000001,-0.7765864404828082,0.4985614226930217,Low-Amplitude Persistent Disturbance,continuous_full_curve,1.55
4,day,18.2,-0.4817941925443099,-0.9918520751131836,0.0282636900245636,18.200000000000017,7.94000000000001,-0.7765864404828082,0.4985614226930217,Low-Amplitude Persistent Disturbance,continuous_full_curve,1.55
4,night,0.0,0.0,0.0,0.0,16.0,6.72,-0.374387434857341,0.5410758552498575,Low-Amplitude Persistent Disturbance,continuous_full_curve,1.9773939896098394
4,night,0.0847204166666661,0.0035392944914588,-0.0207797105542531,0.0278582995371707,16.0,6.72,-0.374387434857341,0.5410758552498575,Low-Amplitude Persistent Disturbance,continuous_full_curve,1.9773939896098394
4,night,0.169440833333332,0.007075185949433,-0.018338862744282,0.0324892346431481,16.0,6.72,-0.374387434857341,0.5410758552498575,Low-Amplitude Persistent Disturbance,continuous_full_curve,1.9773939896098394
4,night,0.254161249999998,0.0106042713404381,-0.0159529217743682,0.0371614644552445,16.0,6.72,-0.374387434857341,0.5410758552498575,Low-Amplitude Persistent Disturbance,continuous_full_curve,1.9773939896098394
4,night,0.338881666666665,0.0141231476309894,-0.0136267173362842,0.0418730125982631,16.0,6.72,-0.374387434857341,0.5410758552498575,Low-Amplitude Persistent Disturbance,continuous_full_curve,1.9773939896098394
4,night,0.423602083333331,0.0176284117876024,-0.0113650514738694,0.0466218750490743,16.0,6.72,-0.374387434857341,0.5410758552498575,Low-Amplitude Persistent Disturbance,continuous_full_curve,1.9773939896098394
4,night,0.508322499999997,0.0211166607767925,-0.0091726898874422,0.0514060114410273,16.0,6.72,-0.374387434857341,0.5410758552498575,Low-Amplitude Persistent Disturbance,continuous_full_curve,1.9773939896098394
4,night,0.593042916666663,0.0245844915650751,-0.0070543525447148,0.0562233356748652,16.0,6.72,-0.374387434857341,0.5410758552498575,Low-Amplitude Persistent Disturbance,continuous_full_curve,1.9773939896098394
4,night,0.677763333333329,0.0280285011189656,-0.0050147035873681,0.0610717058252995,16.0,6.72,-0.374387434857341,0.5410758552498575,Low-Amplitude Persistent Disturbance,continuous_full_curve,1.9773939896098394
4,night,0.762483749999995,0.0314452864049795,-0.0030583405272797,0.0659489133372388,16.0,6.72,-0.374387434857341,0.5410758552498575,Low-Amplitude Persistent Disturbance,continuous_full_curve,1.9773939896098394
4,night,0.847204166666661,0.0348314443896322,-0.0011897827319214,0.0708526715111858,16.0,6.72,-0.374387434857341,0.5410758552498575,Low-Amplitude Persistent Disturbance,continuous_full_curve,1.9773939896098394
4,night,0.931924583333327,0.038183572039439,0.0005865407953316,0.0757806032835463,16.0,6.72,-0.374387434857341,0.5410758552498575,Low-Amplitude Persistent Disturbance,continuous_full_curve,1.9773939896098394
4,night,1.01664499999999,0.0414982663209153,0.002266304327282,0.0807302283145486,16.0,6.72,-0.374387434857341,0.5410758552498575,Low-Amplitude Persistent Disturbance,continuous_full_curve,1.9773939896098394
4,night,1.10136541666666,0.0447721242005769,0.0038452989969859,0.0856989494041678,16.0,6.72,-0.374387434857341,0.5410758552498575,Low-Amplitude Persistent Disturbance,continuous_full_curve,1.9773939896098394
4,night,1.18608583333333,0.0480017426449389,0.0053194470249885,0.0906840382648893,16.0,6.72,-0.374387434857341,0.5410758552498575,Low-Amplitude Persistent Disturbance,continuous_full_curve,1.9773939896098394
4,night,1.265,0.0509672349071059,0.0065947924625214,0.0953396773516905,16.0,6.72,-0.374387434857341,0.5410758552498575,Low-Amplitude Persistent Disturbance,continuous_full_curve,1.9773939896098394
4,night,1.27080624999999,0.0511837186205164,0.0066848165517018,0.095682620689331,16.0,6.72,-0.374387434857341,0.5410758552498575,Low-Amplitude Persistent Disturbance,continuous_full_curve,1.9773939896098394
4,night,1.35552666666666,0.0543146490938255,0.007937637027008,0.1006916611606431,16.0,6.72,-0.374387434857341,0.5410758552498575,Low-Amplitude Persistent Disturbance,continuous_full_curve,1.9773939896098394
4,night,1.44024708333332,0.057391131031381,0.0090743150985712,0.1057079469641908,16.0,6.72,-0.374387434857341,0.5410758552498575,Low-Amplitude Persistent Disturbance,continuous_full_curve,1.9773939896098394
4,night,1.52496749999999,0.060409761399699,0.0100914509291023,0.1107280718702956,16.0,6.72,-0.374387434857341,0.5410758552498575,Low-Amplitude Persistent Disturbance,continuous_full_curve,1.9773939896098394
4,night,1.60968791666666,0.0633671371652944,0.0109858548609793,0.1157484194696096,16.0,6.72,-0.374387434857341,0.5410758552498575,Low-Amplitude Persistent Disturbance,continuous_full_curve,1.9773939896098394
4,night,1.69440833333332,0.0662598552946825,0.0117545643342816,0.1207651462550834,16.0,6.72,-0.374387434857341,0.5410758552498575,Low-Amplitude Persistent Disturbance,continuous_full_curve,1.9773939896098394
4,night,1.77912874999999,0.0690845127543793,0.0123948609515201,0.1257741645572385,16.0,6.72,-0.374387434857341,0.5410758552498575,Low-Amplitude Persistent Disturbance,continuous_full_curve,1.9773939896098394
4,night,1.86384916666665,0.0718377065108995,0.0129042875692597,0.1307711254525393,16.0,6.72,-0.374387434857341,0.5410758552498575,Low-Amplitude Persistent Disturbance,continuous_full_curve,1.9773939896098394
4,night,1.94856958333332,0.0745160335307593,0.0132806652835734,0.1357514017779451,16.0,6.72,-0.374387434857341,0.5410758552498575,Low-Amplitude Persistent Disturbance,continuous_full_curve,1.9773939896098394
4,night,2.03328999999999,0.0771160907804736,0.0135221101629668,0.1407100713979804,16.0,6.72,-0.374387434857341,0.5410758552498575,Low-Amplitude Persistent Disturbance,continuous_full_curve,1.9773939896098394
4,night,2.11801041666665,0.0796344752265577,0.0136270495692647,0.1456419008838507,16.0,6.72,-0.374387434857341,0.5410758552498575,Low-Amplitude Persistent Disturbance,continuous_full_curve,1.9773939896098394
4,night,2.20273083333332,0.0820677838355276,0.0135942378941298,0.1505413297769253,16.0,6.72,-0.374387434857341,0.5410758552498575,Low-Amplitude Persistent Disturbance,continuous_full_curve,1.9773939896098394
4,night,2.28745124999999,0.0844126135738983,0.0134227715266054,0.1554024556211912,16.0,6.72,-0.374387434857341,0.5410758552498575,Low-Amplitude Persistent Disturbance,continuous_full_curve,1.9773939896098394
4,night,2.37217166666665,0.086665561408185,0.0131121028555673,0.1602190199608028,16.0,6.72,-0.374387434857341,0.5410758552498575,Low-Amplitude Persistent Disturbance,continuous_full_curve,1.9773939896098394
4,night,2.45689208333332,0.0888232243049038,0.0126620531004776,0.1649843955093299,16.0,6.72,-0.374387434857341,0.5410758552498575,Low-Amplitude Persistent Disturbance,continuous_full_curve,1.9773939896098394
4,night,2.54161249999998,0.0908821992305694,0.0120728237546154,0.1696915747065233,16.0,6.72,-0.374387434857341,0.5410758552498575,Low-Amplitude Persistent Disturbance,continuous_full_curve,1.9773939896098394
4,night,2.62633291666665,0.0928390831516977,0.0113450064172955,0.1743331598861,16.0,6.72,-0.374387434857341,0.5410758552498575,Low-Amplitude Persistent Disturbance,continuous_full_curve,1.9773939896098394
4,night,2.71105333333332,0.0946904730348041,0.0104795907857453,0.1789013552838628,16.0,6.72,-0.374387434857341,0.5410758552498575,Low-Amplitude Persistent Disturbance,continuous_full_curve,1.9773939896098394
4,night,2.79577374999998,0.0964329658464036,0.0094779705735944,0.1833879611192128,16.0,6.72,-0.374387434857341,0.5410758552498575,Low-Amplitude Persistent Disturbance,continuous_full_curve,1.9773939896098394
4,night,2.88049416666665,0.0980631585530121,0.008341947121615,0.1877843699844092,16.0,6.72,-0.374387434857341,0.5410758552498575,Low-Amplitude Persistent Disturbance,continuous_full_curve,1.9773939896098394
4,night,2.91,0.0986039190302423,0.0079151391002978,0.1892926989601867,16.0,6.72,-0.374387434857341,0.5410758552498575,Low-Amplitude Persistent Disturbance,continuous_full_curve,1.9773939896098394
4,night,2.96521458333331,0.0995779082048704,0.0070738472791765,0.1920819691305643,16.0,6.72,-0.374387434857341,0.5410758552498575,Low-Amplitude Persistent Disturbance,continuous_full_curve,1.9773939896098394
4,night,3.04993499999998,0.1009772653221736,0.0056777687250575,0.1962767619192897,16.0,6.72,-0.374387434857341,0.5410758552498575,Low-Amplitude Persistent Disturbance,continuous_full_curve,1.9773939896098394
4,night,3.13465541666665,0.1022634244317538,0.0041588724437085,0.2003679764197992,16.0,6.72,-0.374387434857341,0.5410758552498575,Low-Amplitude Persistent Disturbance,continuous_full_curve,1.9773939896098394
4,night,3.21937583333331,0.1034386197499257,0.0025223556987725,0.2043548838010789,16.0,6.72,-0.374387434857341,0.5410758552498575,Low-Amplitude Persistent Disturbance,continuous_full_curve,1.9773939896098394
4,night,3.30409624999998,0.1045050854930044,0.0007734244336846,0.2082367465523241,16.0,6.72,-0.374387434857341,0.5410758552498575,Low-Amplitude Persistent Disturbance,continuous_full_curve,1.9773939896098394
4,night,3.38881666666665,0.1054650558773043,-0.0010827158161402,0.2120128275707489,16.0,6.72,-0.374387434857341,0.5410758552498575,Low-Amplitude Persistent Disturbance,continuous_full_curve,1.9773939896098394
4,night,3.47353708333331,0.1063207651191404,-0.0030408689402554,0.2156823991785364,16.0,6.72,-0.374387434857341,0.5410758552498575,Low-Amplitude Persistent Disturbance,continuous_full_curve,1.9773939896098394
4,night,3.55825749999998,0.1070744474348275,-0.0050958571577713,0.2192447520274264,16.0,6.72,-0.374387434857341,0.5410758552498575,Low-Amplitude Persistent Disturbance,continuous_full_curve,1.9773939896098394
4,night,3.64297791666664,0.1077283370406802,-0.0072425297695927,0.2226992038509533,16.0,6.72,-0.374387434857341,0.5410758552498575,Low-Amplitude Persistent Disturbance,continuous_full_curve,1.9773939896098394
4,night,3.72769833333331,0.1082846681530135,-0.0094757717200612,0.2260451080260883,16.0,6.72,-0.374387434857341,0.5410758552498575,Low-Amplitude Persistent Disturbance,continuous_full_curve,1.9773939896098394
4,night,3.81241874999998,0.108745674988142,-0.0117905119316965,0.2292818619079806,16.0,6.72,-0.374387434857341,0.5410758552498575,Low-Amplitude Persistent Disturbance,continuous_full_curve,1.9773939896098394
4,night,3.89713916666664,0.1091135917623806,-0.0141817313788955,0.2324089149036567,16.0,6.72,-0.374387434857341,0.5410758552498575,Low-Amplitude Persistent Disturbance,continuous_full_curve,1.9773939896098394
4,night,3.98185958333331,0.1093906526920439,-0.0166444708687536,0.2354257762528415,16.0,6.72,-0.374387434857341,0.5410758552498575,Low-Amplitude Persistent Disturbance,continuous_full_curve,1.9773939896098394
4,night,4.06657999999997,0.1095790919934468,-0.0191738384996354,0.2383320224865291,16.0,6.72,-0.374387434857341,0.5410758552498575,Low-Amplitude Persistent Disturbance,continuous_full_curve,1.9773939896098394
4,night,4.15130041666664,0.1096811438829041,-0.0217650167707202,0.2411273045365285,16.0,6.72,-0.374387434857341,0.5410758552498575,Low-Amplitude Persistent Disturbance,continuous_full_curve,1.9773939896098394
4,night,4.23602083333331,0.1096990425767306,-0.0244132693184173,0.2438113544718786,16.0,6.72,-0.374387434857341,0.5410758552498575,Low-Amplitude Persistent Disturbance,continuous_full_curve,1.9773939896098394
4,night,4.32074124999997,0.109635022291241,-0.0271139472583244,0.2463839918408064,16.0,6.72,-0.374387434857341,0.5410758552498575,Low-Amplitude Persistent Disturbance,continuous_full_curve,1.9773939896098394
4,night,4.40546166666664,0.10949131724275,-0.0298624951142044,0.2488451295997045,16.0,6.72,-0.374387434857341,0.5410758552498575,Low-Amplitude Persistent Disturbance,continuous_full_curve,1.9773939896098394
4,night,4.4901820833333,0.1092701616475726,-0.0326544563182999,0.2511947796134452,16.0,6.72,-0.374387434857341,0.5410758552498575,Low-Amplitude Persistent Disturbance,continuous_full_curve,1.9773939896098394
4,night,4.57490249999997,0.1089737897220233,-0.0354854782701638,0.2534330577142106,16.0,6.72,-0.374387434857341,0.5410758552498575,Low-Amplitude Persistent Disturbance,continuous_full_curve,1.9773939896098394
4,night,4.65962291666664,0.1086044356824171,-0.0383513169440037,0.2555601883088381,16.0,6.72,-0.374387434857341,0.5410758552498575,Low-Amplitude Persistent Disturbance,continuous_full_curve,1.9773939896098394
4,night,4.7443433333333,0.1081643337450688,-0.041247841037356,0.2575765085274937,16.0,6.72,-0.374387434857341,0.5410758552498575,Low-Amplitude Persistent Disturbance,continuous_full_curve,1.9773939896098394
4,night,4.82906374999997,0.1076557181262929,-0.0441710356566396,0.2594824719092255,16.0,6.72,-0.374387434857341,0.5410758552498575,Low-Amplitude Persistent Disturbance,continuous_full_curve,1.9773939896098394
4,night,4.91378416666664,0.1070808230424044,-0.0471170055378176,0.2612786516226265,16.0,6.72,-0.374387434857341,0.5410758552498575,Low-Amplitude Persistent Disturbance,continuous_full_curve,1.9773939896098394
4,night,4.9985045833333,0.1064418827097181,-0.0500819778029917,0.2629657432224281,16.0,6.72,-0.374387434857341,0.5410758552498575,Low-Amplitude Persistent Disturbance,continuous_full_curve,1.9773939896098394
4,night,5.08322499999997,0.1057411313445486,-0.0530623042562302,0.2645445669453276,16.0,6.72,-0.374387434857341,0.5410758552498575,Low-Amplitude Persistent Disturbance,continuous_full_curve,1.9773939896098394
4,night,5.16794541666663,0.1049808031632109,-0.0560544632243014,0.2660160695507234,16.0,6.72,-0.374387434857341,0.5410758552498575,Low-Amplitude Persistent Disturbance,continuous_full_curve,1.9773939896098394
4,night,5.2526658333333,0.1041631323820196,-0.05905506095024,0.2673813257142793,16.0,6.72,-0.374387434857341,0.5410758552498575,Low-Amplitude Persistent Disturbance,continuous_full_curve,1.9773939896098394
4,night,5.33738624999997,0.1032903532172895,-0.0620608325497613,0.2686415389843404,16.0,6.72,-0.374387434857341,0.5410758552498575,Low-Amplitude Persistent Disturbance,continuous_full_curve,1.9773939896098394
4,night,5.42210666666663,0.1023646998853355,-0.065068642542517,0.2697980423131881,16.0,6.72,-0.374387434857341,0.5410758552498575,Low-Amplitude Persistent Disturbance,continuous_full_curve,1.9773939896098394
4,night,5.5068270833333,0.1013884066024722,-0.0680754849719868,0.2708522981769312,16.0,6.72,-0.374387434857341,0.5410758552498575,Low-Amplitude Persistent Disturbance,continuous_full_curve,1.9773939896098394
4,night,5.54000000000001,0.1009928206382371,-0.0692519441210049,0.2712375853974792,16.0,6.72,-0.374387434857341,0.5410758552498575,Low-Amplitude Persistent Disturbance,continuous_full_curve,1.9773939896098394
4,night,5.59154749999996,0.1003637075850145,-0.0710784831294452,0.2718058982994744,16.0,6.72,-0.374387434857341,0.5410758552498575,Low-Amplitude Persistent Disturbance,continuous_full_curve,1.9773939896098394
4,night,5.67626791666663,0.0992928370492771,-0.074074888898957,0.2726605629975113,16.0,6.72,-0.374387434857341,0.5410758552498575,Low-Amplitude Persistent Disturbance,continuous_full_curve,1.9773939896098394
4,night,5.7609883333333,0.0981780292115748,-0.0770620817416535,0.2734181401648032,16.0,6.72,-0.374387434857341,0.5410758552498575,Low-Amplitude Persistent Disturbance,continuous_full_curve,1.9773939896098394
4,night,5.84570874999996,0.0970215182882225,-0.0800375673387322,0.2740806039151774,16.0,6.72,-0.374387434857341,0.5410758552498575,Low-Amplitude Persistent Disturbance,continuous_full_curve,1.9773939896098394
4,night,5.93042916666663,0.0958255384955348,-0.0829989759136125,0.2746500529046821,16.0,6.72,-0.374387434857341,0.5410758552498575,Low-Amplitude Persistent Disturbance,continuous_full_curve,1.9773939896098394
4,night,6.0151495833333,0.0945923240498265,-0.0859440602545207,0.2751287083541737,16.0,6.72,-0.374387434857341,0.5410758552498575,Low-Amplitude Persistent Disturbance,continuous_full_curve,1.9773939896098394
4,night,6.09986999999996,0.0933241091674125,-0.0888706934594716,0.2755189117942968,16.0,6.72,-0.374387434857341,0.5410758552498575,Low-Amplitude Persistent Disturbance,continuous_full_curve,1.9773939896098394
4,night,6.18459041666663,0.0920231280646074,-0.0917768664261372,0.2758231225553521,16.0,6.72,-0.374387434857341,0.5410758552498575,Low-Amplitude Persistent Disturbance,continuous_full_curve,1.9773939896098394
4,night,6.26931083333329,0.0906916149577262,-0.0946606851094726,0.2760439150249252,16.0,6.72,-0.374387434857341,0.5410758552498575,Low-Amplitude Persistent Disturbance,continuous_full_curve,1.9773939896098394
4,night,6.35403124999996,0.0893318040630835,-0.0975203675702278,0.2761839756963948,16.0,6.72,-0.374387434857341,0.5410758552498575,Low-Amplitude Persistent Disturbance,continuous_full_curve,1.9773939896098394
4,night,6.43875166666663,0.087945929596994,-0.1003542408375522,0.2762461000315402,16.0,6.72,-0.374387434857341,0.5410758552498575,Low-Amplitude Persistent Disturbance,continuous_full_curve,1.9773939896098394
4,night,6.52347208333329,0.0865362257757728,-0.1031607376089049,0.2762331891604506,16.0,6.72,-0.374387434857341,0.5410758552498575,Low-Amplitude Persistent Disturbance,continuous_full_curve,1.9773939896098394
4,night,6.60819249999996,0.0851049268157343,-0.1059383928103243,0.276148246441793,16.0,6.72,-0.374387434857341,0.5410758552498575,Low-Amplitude Persistent Disturbance,continuous_full_curve,1.9773939896098394
4,night,6.69291291666662,0.0836542669331937,-0.1086858400398582,0.2759943739062456,16.0,6.72,-0.374387434857341,0.5410758552498575,Low-Amplitude Persistent Disturbance,continuous_full_curve,1.9773939896098394
4,night,6.72,0.0831867371442448,-0.1095576796390238,0.2759311539275135,16.0,6.72,-0.374387434857341,0.5410758552498575,Low-Amplitude Persistent Disturbance,continuous_full_curve,1.9773939896098394
4,night,6.77763333333329,0.0821864803444653,-0.1114018079166144,0.275774768605545,16.0,6.72,-0.374387434857341,0.5410758552498575,Low-Amplitude Persistent Disturbance,continuous_full_curve,1.9773939896098394
4,night,6.86235374999996,0.0807038012658641,-0.1140851163574267,0.2754927188891549,16.0,6.72,-0.374387434857341,0.5410758552498575,Low-Amplitude Persistent Disturbance,continuous_full_curve,1.9773939896098394
4,night,6.94707416666662,0.079208463913705,-0.1167346728026093,0.2751516006300195,16.0,6.72,-0.374387434857341,0.5410758552498575,Low-Amplitude Persistent Disturbance,continuous_full_curve,1.9773939896098394
4,night,7.03179458333329,0.0777027025043026,-0.1193494684116649,0.2747548734202701,16.0,6.72,-0.374387434857341,0.5410758552498575,Low-Amplitude Persistent Disturbance,continuous_full_curve,1.9773939896098394
4,night,7.11651499999995,0.0761887512539718,-0.1219285742491354,0.2743060767570791,16.0,6.72,-0.374387434857341,0.5410758552498575,Low-Amplitude Persistent Disturbance,continuous_full_curve,1.9773939896098394
4,night,7.20123541666662,0.0746688443790272,-0.1244711374800643,0.2738088262381188,16.0,6.72,-0.374387434857341,0.5410758552498575,Low-Amplitude Persistent Disturbance,continuous_full_curve,1.9773939896098394
4,night,7.28595583333329,0.0731452160957837,-0.1269763775937588,0.2732668097853262,16.0,6.72,-0.374387434857341,0.5410758552498575,Low-Amplitude Persistent Disturbance,continuous_full_curve,1.9773939896098394
4,night,7.37067624999995,0.0716201006205562,-0.1294435826737335,0.272683783914846,16.0,6.72,-0.374387434857341,0.5410758552498575,Low-Amplitude Persistent Disturbance,continuous_full_curve,1.9773939896098394
4,night,7.45539666666662,0.0700957321696592,-0.1318721057308797,0.2720635700701981,16.0,6.72,-0.374387434857341,0.5410758552498575,Low-Amplitude Persistent Disturbance,continuous_full_curve,1.9773939896098394
4,night,7.54011708333329,0.0685743449594076,-0.134261361116032,0.2714100510348473,16.0,6.72,-0.374387434857341,0.5410758552498575,Low-Amplitude Persistent Disturbance,continuous_full_curve,1.9773939896098394
4,night,7.62483749999995,0.0670581732061163,-0.1366108210272523,0.270727167439485,16.0,6.72,-0.374387434857341,0.5410758552498575,Low-Amplitude Persistent Disturbance,continuous_full_curve,1.9773939896098394
4,night,7.70955791666662,0.0655494511260999,-0.1389200121262573,0.2700189143784571,16.0,6.72,-0.374387434857341,0.5410758552498575,Low-Amplitude Persistent Disturbance,continuous_full_curve,1.9773939896098394
4,night,7.79427833333328,0.0640504129356734,-0.1411885122775517,0.2692893381488985,16.0,6.72,-0.374387434857341,0.5410758552498575,Low-Amplitude Persistent Disturbance,continuous_full_curve,1.9773939896098394
4,night,7.87899874999995,0.0625632928511512,-0.1434159474229684,0.268542533125271,16.0,6.72,-0.374387434857341,0.5410758552498575,Low-Amplitude Persistent Disturbance,continuous_full_curve,1.9773939896098394
4,night,7.96371916666662,0.0610903250888483,-0.1456019886034649,0.2677826387811616,16.0,6.72,-0.374387434857341,0.5410758552498575,Low-Amplitude Persistent Disturbance,continuous_full_curve,1.9773939896098394
4,night,8.04843958333328,0.0596337438650797,-0.1477463491392118,0.2670138368693713,16.0,6.72,-0.374387434857341,0.5410758552498575,Low-Amplitude Persistent Disturbance,continuous_full_curve,1.9773939896098394
4,night,8.13315999999995,0.0581957833961597,-0.1498487819782127,0.2662403487705322,16.0,6.72,-0.374387434857341,0.5410758552498575,Low-Amplitude Persistent Disturbance,continuous_full_curve,1.9773939896098394
4,night,8.21788041666661,0.0567786778984036,-0.1519090772229315,0.2654664330197388,16.0,6.72,-0.374387434857341,0.5410758552498575,Low-Amplitude Persistent Disturbance,continuous_full_curve,1.9773939896098394
4,night,8.30260083333328,0.0553846615881257,-0.1539270598436982,0.2646963830199497,16.0,6.72,-0.374387434857341,0.5410758552498575,Low-Amplitude Persistent Disturbance,continuous_full_curve,1.9773939896098394
4,night,8.38732124999995,0.0540159686816409,-0.1559025875869712,0.2639345249502531,16.0,6.72,-0.374387434857341,0.5410758552498575,Low-Amplitude Persistent Disturbance,continuous_full_curve,1.9773939896098394
4,night,8.47204166666661,0.0526748333952643,-0.1578355490859251,0.2631852158764538,16.0,6.72,-0.374387434857341,0.5410758552498575,Low-Amplitude Persistent Disturbance,continuous_full_curve,1.9773939896098394
4,night,8.55676208333328,0.0513634899453102,-0.1597258621802476,0.2624528420708681,16.0,6.72,-0.374387434857341,0.5410758552498575,Low-Amplitude Persistent Disturbance,continuous_full_curve,1.9773939896098394
4,night,8.64148249999994,0.0500841725480939,-0.1615734724515098,0.2617418175476977,16.0,6.72,-0.374387434857341,0.5410758552498575,Low-Amplitude Persistent Disturbance,continuous_full_curve,1.9773939896098394
4,night,8.72620291666661,0.0488391154199296,-0.1633783519800244,0.2610565828198837,16.0,6.72,-0.374387434857341,0.5410758552498575,Low-Amplitude Persistent Disturbance,continuous_full_curve,1.9773939896098394
4,night,8.81092333333328,0.0476305527771324,-0.165140498328691,0.2604016038829559,16.0,6.72,-0.374387434857341,0.5410758552498575,Low-Amplitude Persistent Disturbance,continuous_full_curve,1.9773939896098394
4,night,8.89564374999994,0.0464607188360172,-0.1668599337590113,0.2597813714310458,16.0,6.72,-0.374387434857341,0.5410758552498575,Low-Amplitude Persistent Disturbance,continuous_full_curve,1.9773939896098394
4,night,8.98036416666661,0.0453318478128985,-0.1685367046841747,0.2592004003099717,16.0,6.72,-0.374387434857341,0.5410758552498575,Low-Amplitude Persistent Disturbance,continuous_full_curve,1.9773939896098394
4,night,9.06508458333327,0.0442461739240912,-0.1701708813639213,0.2586632292121039,16.0,6.72,-0.374387434857341,0.5410758552498575,Low-Amplitude Persistent Disturbance,continuous_full_curve,1.9773939896098394
4,night,9.14980499999994,0.0432059313859101,-0.1717625578457663,0.2581744206175865,16.0,6.72,-0.374387434857341,0.5410758552498575,Low-Amplitude Persistent Disturbance,continuous_full_curve,1.9773939896098394
4,night,9.23452541666661,0.0422133544146698,-0.1733118521571044,0.2577385609864442,16.0,6.72,-0.374387434857341,0.5410758552498575,Low-Amplitude Persistent Disturbance,continuous_full_curve,1.9773939896098394
4,night,9.31924583333327,0.0412706772266854,-0.1748189067527448,0.2573602612061157,16.0,6.72,-0.374387434857341,0.5410758552498575,Low-Amplitude Persistent Disturbance,continuous_full_curve,1.9773939896098394
4,night,9.40396624999994,0.0403801340382714,-0.1762838892225157,0.2570441572990586,16.0,6.72,-0.374387434857341,0.5410758552498575,Low-Amplitude Persistent Disturbance,continuous_full_curve,1.9773939896098394
4,night,9.4734,0.0396907155006157,-0.1774533000980513,0.2568347310992828,16.0,6.72,-0.374387434857341,0.5410758552498575,Low-Amplitude Persistent Disturbance,continuous_full_curve,1.9773939896098394
4,night,9.48868666666661,0.0395439561639848,-0.1777069936953032,0.256794906023273,16.0,6.72,-0.374387434857341,0.5410758552498575,Low-Amplitude Persistent Disturbance,continuous_full_curve,1.9773939896098394
4,night,9.57340708333327,0.0387635740409606,-0.1790885588398505,0.2566157069217718,16.0,6.72,-0.374387434857341,0.5410758552498575,Low-Amplitude Persistent Disturbance,continuous_full_curve,1.9773939896098394
4,night,9.65812749999994,0.0380385300739025,-0.1804292161791068,0.2565062763269118,16.0,6.72,-0.374387434857341,0.5410758552498575,Low-Amplitude Persistent Disturbance,continuous_full_curve,1.9773939896098394
4,night,9.7428479166666,0.037368094751592,-0.1817296392663283,0.2564658287695123,16.0,6.72,-0.374387434857341,0.5410758552498575,Low-Amplitude Persistent Disturbance,continuous_full_curve,1.9773939896098394
4,night,9.82756833333327,0.0367515385628101,-0.1829905025440762,0.2564935796696965,16.0,6.72,-0.374387434857341,0.5410758552498575,Low-Amplitude Persistent Disturbance,continuous_full_curve,1.9773939896098394
4,night,9.91228874999994,0.0361881319963382,-0.1842124812677266,0.2565887452604031,16.0,6.72,-0.374387434857341,0.5410758552498575,Low-Amplitude Persistent Disturbance,continuous_full_curve,1.9773939896098394
4,night,9.9970091666666,0.0356771455409576,-0.1853962514294135,0.2567505425113288,16.0,6.72,-0.374387434857341,0.5410758552498575,Low-Amplitude Persistent Disturbance,continuous_full_curve,1.9773939896098394
4,night,10.0817295833333,0.0352178496854493,-0.1865424896823696,0.2569781890532683,16.0,6.72,-0.374387434857341,0.5410758552498575,Low-Amplitude Persistent Disturbance,continuous_full_curve,1.9773939896098394
4,night,10.1664499999999,0.0348095149185952,-0.1876518732656261,0.2572709031028167,16.0,6.72,-0.374387434857341,0.5410758552498575,Low-Amplitude Persistent Disturbance,continuous_full_curve,1.9773939896098394
4,night,10.2511704166666,0.0344514117291757,-0.1887250799290594,0.257627903387411,16.0,6.72,-0.374387434857341,0.5410758552498575,Low-Amplitude Persistent Disturbance,continuous_full_curve,1.9773939896098394
4,night,10.3358908333333,0.0341428106059725,-0.1897627878587245,0.2580484090706697,16.0,6.72,-0.374387434857341,0.5410758552498575,Low-Amplitude Persistent Disturbance,continuous_full_curve,1.9773939896098394
4,night,10.4206112499999,0.0338829820377671,-0.1907656756024784,0.2585316396780128,16.0,6.72,-0.374387434857341,0.5410758552498575,Low-Amplitude Persistent Disturbance,continuous_full_curve,1.9773939896098394
4,night,10.5053316666666,0.0336711965133402,-0.1917344219958493,0.2590768150225298,16.0,6.72,-0.374387434857341,0.5410758552498575,Low-Amplitude Persistent Disturbance,continuous_full_curve,1.9773939896098394
4,night,10.5900520833333,0.0335067245214734,-0.1926697060881193,0.2596831551310661,16.0,6.72,-0.374387434857341,0.5410758552498575,Low-Amplitude Persistent Disturbance,continuous_full_curve,1.9773939896098394
4,night,10.6747724999999,0.0333888365509479,-0.1935722070686157,0.2603498801705116,16.0,6.72,-0.374387434857341,0.5410758552498575,Low-Amplitude Persistent Disturbance,continuous_full_curve,1.9773939896098394
4,night,10.7594929166666,0.0333168030905449,-0.1944426041931735,0.2610762103742634,16.0,6.72,-0.374387434857341,0.5410758552498575,Low-Amplitude Persistent Disturbance,continuous_full_curve,1.9773939896098394
4,night,10.8442133333333,0.0332898946290456,-0.1952815767107421,0.2618613659688334,16.0,6.72,-0.374387434857341,0.5410758552498575,Low-Amplitude Persistent Disturbance,continuous_full_curve,1.9773939896098394
4,night,10.9289337499999,0.0333073816552314,-0.1960898037901302,0.2627045671005931,16.0,6.72,-0.374387434857341,0.5410758552498575,Low-Amplitude Persistent Disturbance,continuous_full_curve,1.9773939896098394
4,night,11.0136541666666,0.0333685346578836,-0.1968679644468607,0.2636050337626279,16.0,6.72,-0.374387434857341,0.5410758552498575,Low-Amplitude Persistent Disturbance,continuous_full_curve,1.9773939896098394
4,night,11.0983745833333,0.0334726241257832,-0.1976167374701071,0.2645619857216737,16.0,6.72,-0.374387434857341,0.5410758552498575,Low-Amplitude Persistent Disturbance,continuous_full_curve,1.9773939896098394
4,night,11.1830949999999,0.0336189205477116,-0.1983368013497125,0.2655746424451358,16.0,6.72,-0.374387434857341,0.5410758552498575,Low-Amplitude Persistent Disturbance,continuous_full_curve,1.9773939896098394
4,night,11.2678154166666,0.0338066944124501,-0.1990288342032633,0.2666422230281636,16.0,6.72,-0.374387434857341,0.5410758552498575,Low-Amplitude Persistent Disturbance,continuous_full_curve,1.9773939896098394
4,night,11.3525358333333,0.03403521620878,-0.1996935137031962,0.2677639461207563,16.0,6.72,-0.374387434857341,0.5410758552498575,Low-Amplitude Persistent Disturbance,continuous_full_curve,1.9773939896098394
4,night,11.4372562499999,0.0343037564254822,-0.2003315170039387,0.2689390298549032,16.0,6.72,-0.374387434857341,0.5410758552498575,Low-Amplitude Persistent Disturbance,continuous_full_curve,1.9773939896098394
4,night,11.5219766666666,0.0346115855513384,-0.200943520669063,0.2701666917717399,16.0,6.72,-0.374387434857341,0.5410758552498575,Low-Amplitude Persistent Disturbance,continuous_full_curve,1.9773939896098394
4,night,11.6066970833333,0.0349579740751298,-0.2015302005984308,0.2714461487486906,16.0,6.72,-0.374387434857341,0.5410758552498575,Low-Amplitude Persistent Disturbance,continuous_full_curve,1.9773939896098394
4,night,11.6914174999999,0.0353421924856371,-0.2020922319553385,0.2727766169266127,16.0,6.72,-0.374387434857341,0.5410758552498575,Low-Amplitude Persistent Disturbance,continuous_full_curve,1.9773939896098394
4,night,11.7761379166666,0.0357635112716423,-0.2026302890936375,0.2741573116369222,16.0,6.72,-0.374387434857341,0.5410758552498575,Low-Amplitude Persistent Disturbance,continuous_full_curve,1.9773939896098394
4,night,11.8608583333333,0.0362212009219265,-0.2031450454848208,0.2755874473286738,16.0,6.72,-0.374387434857341,0.5410758552498575,Low-Amplitude Persistent Disturbance,continuous_full_curve,1.9773939896098394
4,night,11.9455787499999,0.0367145319252701,-0.2036371736450805,0.2770662374956207,16.0,6.72,-0.374387434857341,0.5410758552498575,Low-Amplitude Persistent Disturbance,continuous_full_curve,1.9773939896098394
4,night,12.0302991666666,0.0372427747704557,-0.2041073450623171,0.2785928946032285,16.0,6.72,-0.374387434857341,0.5410758552498575,Low-Amplitude Persistent Disturbance,continuous_full_curve,1.9773939896098394
4,night,12.1150195833333,0.0378051999462638,-0.2045562301230995,0.2801666300156272,16.0,6.72,-0.374387434857341,0.5410758552498575,Low-Amplitude Persistent Disturbance,continuous_full_curve,1.9773939896098394
4,night,12.1997399999999,0.0384010779414751,-0.2049844980395729,0.2817866539225233,16.0,6.72,-0.374387434857341,0.5410758552498575,Low-Amplitude Persistent Disturbance,continuous_full_curve,1.9773939896098394
4,night,12.2844604166666,0.0390296792448722,-0.205392816776313,0.2834521752660576,16.0,6.72,-0.374387434857341,0.5410758552498575,Low-Amplitude Persistent Disturbance,continuous_full_curve,1.9773939896098394
4,night,12.3691808333333,0.0396902743452357,-0.2057818529771169,0.2851624016675885,16.0,6.72,-0.374387434857341,0.5410758552498575,Low-Amplitude Persistent Disturbance,continuous_full_curve,1.9773939896098394
4,night,12.4539012499999,0.040382133731346,-0.2061522718917383,0.2869165393544305,16.0,6.72,-0.374387434857341,0.5410758552498575,Low-Amplitude Persistent Disturbance,continuous_full_curve,1.9773939896098394
4,night,12.5112,0.0408674112432628,-0.2063925785051117,0.2881274009916375,16.0,6.72,-0.374387434857341,0.5410758552498575,Low-Amplitude Persistent Disturbance,continuous_full_curve,1.9773939896098394
4,night,12.5386216666666,0.041104527891986,-0.2065047373025655,0.2887137930865376,16.0,6.72,-0.374387434857341,0.5410758552498575,Low-Amplitude Persistent Disturbance,continuous_full_curve,1.9773939896098394
4,night,12.6233420833333,0.0418567273159361,-0.2068399114512384,0.2905533660831106,16.0,6.72,-0.374387434857341,0.5410758552498575,Low-Amplitude Persistent Disturbance,continuous_full_curve,1.9773939896098394
4,night,12.7080624999999,0.0426380024919766,-0.2071584549652141,0.2924344599491674,16.0,6.72,-0.374387434857341,0.5410758552498575,Low-Amplitude Persistent Disturbance,continuous_full_curve,1.9773939896098394
4,night,12.7927829166666,0.0434476239088907,-0.2074610267842839,0.2943562746020653,16.0,6.72,-0.374387434857341,0.5410758552498575,Low-Amplitude Persistent Disturbance,continuous_full_curve,1.9773939896098394
4,night,12.8775033333333,0.0442848620554587,-0.2077482840870401,0.2963180081979576,16.0,6.72,-0.374387434857341,0.5410758552498575,Low-Amplitude Persistent Disturbance,continuous_full_curve,1.9773939896098394
4,night,12.9622237499999,0.0451489874204608,-0.2080208822173098,0.2983188570582314,16.0,6.72,-0.374387434857341,0.5410758552498575,Low-Amplitude Persistent Disturbance,continuous_full_curve,1.9773939896098394
4,night,13.0469441666666,0.0460392704926802,-0.2082794746105543,0.3003580155959149,16.0,6.72,-0.374387434857341,0.5410758552498575,Low-Amplitude Persistent Disturbance,continuous_full_curve,1.9773939896098394
4,night,13.1316645833333,0.0469549817608974,-0.2085247127202462,0.3024346762420411,16.0,6.72,-0.374387434857341,0.5410758552498575,Low-Amplitude Persistent Disturbance,continuous_full_curve,1.9773939896098394
4,night,13.2163849999999,0.0478953917138923,-0.2087572459442365,0.3045480293720212,16.0,6.72,-0.374387434857341,0.5410758552498575,Low-Amplitude Persistent Disturbance,continuous_full_curve,1.9773939896098394
4,night,13.3011054166666,0.0488597708404485,-0.2089777215511196,0.3066972632320166,16.0,6.72,-0.374387434857341,0.5410758552498575,Low-Amplitude Persistent Disturbance,continuous_full_curve,1.9773939896098394
4,night,13.3858258333332,0.0498473896293449,-0.2091867846066072,0.3088815638652971,16.0,6.72,-0.374387434857341,0.5410758552498575,Low-Amplitude Persistent Disturbance,continuous_full_curve,1.9773939896098394
4,night,13.4705462499999,0.0508575185693651,-0.209385077899933,0.3111001150386633,16.0,6.72,-0.374387434857341,0.5410758552498575,Low-Amplitude Persistent Disturbance,continuous_full_curve,1.9773939896098394
4,night,13.5552666666666,0.0518894281492892,-0.2095732418702925,0.313352098168871,16.0,6.72,-0.374387434857341,0.5410758552498575,Low-Amplitude Persistent Disturbance,continuous_full_curve,1.9773939896098394
4,night,13.6399870833332,0.0529423888578973,-0.2097519145333417,0.3156366922491364,16.0,6.72,-0.374387434857341,0.5410758552498575,Low-Amplitude Persistent Disturbance,continuous_full_curve,1.9773939896098394
4,night,13.7247074999999,0.054015671183973,-0.209921731407772,0.317953073775718,16.0,6.72,-0.374387434857341,0.5410758552498575,Low-Amplitude Persistent Disturbance,continuous_full_curve,1.9773939896098394
4,night,13.8094279166666,0.0551085456162964,-0.210083325441973,0.3203004166745659,16.0,6.72,-0.374387434857341,0.5410758552498575,Low-Amplitude Persistent Disturbance,continuous_full_curve,1.9773939896098394
4,night,13.8941483333332,0.0562202826436473,-0.2102373269408129,0.3226778922281076,16.0,6.72,-0.374387434857341,0.5410758552498575,Low-Amplitude Persistent Disturbance,continuous_full_curve,1.9773939896098394
4,night,13.9788687499999,0.0573501527548098,-0.2103843634925532,0.325084669002173,16.0,6.72,-0.374387434857341,0.5410758552498575,Low-Amplitude Persistent Disturbance,continuous_full_curve,1.9773939896098394
4,night,14.0635891666666,0.0584974264385637,-0.2105250598959175,0.3275199127730451,16.0,6.72,-0.374387434857341,0.5410758552498575,Low-Amplitude Persistent Disturbance,continuous_full_curve,1.9773939896098394
4,night,14.1483095833332,0.0596613741836889,-0.2106600380873456,0.3299827864547235,16.0,6.72,-0.374387434857341,0.5410758552498575,Low-Amplitude Persistent Disturbance,continuous_full_curve,1.9773939896098394
4,night,14.2330299999999,0.0608412664789694,-0.2107899170684529,0.3324724500263919,16.0,6.72,-0.374387434857341,0.5410758552498575,Low-Amplitude Persistent Disturbance,continuous_full_curve,1.9773939896098394
4,night,14.3177504166666,0.0620363738131851,-0.2109153128337226,0.334988060460093,16.0,6.72,-0.374387434857341,0.5410758552498575,Low-Amplitude Persistent Disturbance,continuous_full_curve,1.9773939896098394
4,night,14.4024708333332,0.0632459666751159,-0.2110368382984609,0.3375287716486927,16.0,6.72,-0.374387434857341,0.5410758552498575,Low-Amplitude Persistent Disturbance,continuous_full_curve,1.9773939896098394
4,night,14.4871912499999,0.0644693155535457,-0.2111551032270427,0.3400937343341342,16.0,6.72,-0.374387434857341,0.5410758552498575,Low-Amplitude Persistent Disturbance,continuous_full_curve,1.9773939896098394
4,night,14.5719116666666,0.0657056909372545,-0.211270714161479,0.3426820960359881,16.0,6.72,-0.374387434857341,0.5410758552498575,Low-Amplitude Persistent Disturbance,continuous_full_curve,1.9773939896098394
4,night,14.6566320833332,0.066954363315022,-0.2113842743503378,0.345293000980382,16.0,6.72,-0.374387434857341,0.5410758552498575,Low-Amplitude Persistent Disturbance,continuous_full_curve,1.9773939896098394
4,night,14.7413524999999,0.0682146031756325,-0.2114963836780534,0.3479255900293185,16.0,6.72,-0.374387434857341,0.5410758552498575,Low-Amplitude Persistent Disturbance,continuous_full_curve,1.9773939896098394
4,night,14.8260729166666,0.0694856810078657,-0.2116076385946565,0.3505790006103879,16.0,6.72,-0.374387434857341,0.5410758552498575,Low-Amplitude Persistent Disturbance,continuous_full_curve,1.9773939896098394
4,night,14.9107933333332,0.0707668673005012,-0.2117186320459629,0.3532523666469656,16.0,6.72,-0.374387434857341,0.5410758552498575,Low-Amplitude Persistent Disturbance,continuous_full_curve,1.9773939896098394
4,night,14.9955137499999,0.0720574325423236,-0.2118299534042591,0.3559448184889064,16.0,6.72,-0.374387434857341,0.5410758552498575,Low-Amplitude Persistent Disturbance,continuous_full_curve,1.9773939896098394
4,night,15.0802341666666,0.0733566472221124,-0.2119421883995191,0.358655482843744,16.0,6.72,-0.374387434857341,0.5410758552498575,Low-Amplitude Persistent Disturbance,continuous_full_curve,1.9773939896098394
4,night,15.1649545833332,0.0746637818286474,-0.2120559190511998,0.3613834827084947,16.0,6.72,-0.374387434857341,0.5410758552498575,Low-Amplitude Persistent Disturbance,continuous_full_curve,1.9773939896098394
4,night,15.2496749999999,0.0759781068507129,-0.21217172360065,0.3641279373020759,16.0,6.72,-0.374387434857341,0.5410758552498575,Low-Amplitude Persistent Disturbance,continuous_full_curve,1.9773939896098394
4,night,15.3343954166666,0.0772988927770887,-0.2122901764441795,0.3668879619983569,16.0,6.72,-0.374387434857341,0.5410758552498575,Low-Amplitude Persistent Disturbance,continuous_full_curve,1.9773939896098394
4,night,15.4191158333332,0.0786254100965543,-0.2124118480668312,0.3696626682599399,16.0,6.72,-0.374387434857341,0.5410758552498575,Low-Amplitude Persistent Disturbance,continuous_full_curve,1.9773939896098394
4,night,15.5038362499999,0.0799569292978943,-0.2125373049769019,0.3724511635726906,16.0,6.72,-0.374387434857341,0.5410758552498575,Low-Amplitude Persistent Disturbance,continuous_full_curve,1.9773939896098394
4,night,15.5885566666666,0.0812927208698882,-0.2126671096412598,0.3752525513810363,16.0,6.72,-0.374387434857341,0.5410758552498575,Low-Amplitude Persistent Disturbance,continuous_full_curve,1.9773939896098394
4,night,15.6732770833332,0.0826320553013158,-0.2128018204215036,0.3780659310241354,16.0,6.72,-0.374387434857341,0.5410758552498575,Low-Amplitude Persistent Disturbance,continuous_full_curve,1.9773939896098394
4,night,15.7579974999999,0.0839742030809615,-0.2129419915110198,0.3808903976729429,16.0,6.72,-0.374387434857341,0.5410758552498575,Low-Amplitude Persistent Disturbance,continuous_full_curve,1.9773939896098394
4,night,15.8427179166666,0.085318434697605,-0.213088172872978,0.383725042268188,16.0,6.72,-0.374387434857341,0.5410758552498575,Low-Amplitude Persistent Disturbance,continuous_full_curve,1.9773939896098394
4,night,15.9274383333332,0.0866640206400258,-0.2132409101793277,0.3865689514593794,16.0,6.72,-0.374387434857341,0.5410758552498575,Low-Amplitude Persistent Disturbance,continuous_full_curve,1.9773939896098394
