"cluster","heatwave_type","exposure","log_rr","ci_low","ci_high"
"1","compound","0.0","0.0","0.0","0.0"
"1","compound","0.215958333333333","-0.003766806697652524","-0.021402934224613673","0.013869320829308626"
"1","compound","0.431916666666667","-0.0075315243103573175","-0.025698285597732747","0.010635236977018112"
"1","compound","0.647875","-0.01129206375316661","-0.030004947352522515","0.007420819846189294"
"1","compound","0.863833333333333","-0.015046335941132671","-0.0343210220418602","0.004228350159594862"
"1","compound","1.07979166666667","-0.01879225178930783","-0.038644594649284825","0.0010600910706691676"
"1","compound","1.29575","-0.02252772221274415","-0.04297373080655882","-0.0020817136189294726"
"1","compound","1.51170833333333","-0.026250658126494006","-0.04730647494155704","-0.00519484131143097"
"1","compound","1.72766666666667","-0.02995897044560982","-0.05164084835897648","-0.008277092532243163"
"1","compound","1.943625","-0.033650570085143536","-0.055974847256980875","-0.011326292913306196"
"1","compound","2.15958333333333","-0.03732336796014755","-0.060306440683552634","-0.014340295236742465"
"1","compound","2.37554166666667","-0.0409752749856743","-0.06463356843701698","-0.017316981534331612"
"1","compound","2.5915","-0.04460420207677569","-0.0689541389159425","-0.020254265237608884"
"1","compound","2.80745833333333","-0.048208060148504164","-0.07326602692439567","-0.023150093372612663"
"1","compound","3.02341666666667","-0.05178476011591215","-0.07756707143932585","-0.02600244879249844"
"1","compound","3.115875","-0.053307234694282474","-0.07940462172475038","-0.027209847663814568"
"1","compound","3.239375","-0.05533221289405156","-0.08185507334770123","-0.02880935244040189"
"1","compound","3.45533333333333","-0.058848329397974804","-0.08612779316187963","-0.03156886563406998"
"1","compound","3.67129166666667","-0.06233102054273434","-0.09038294872258205","-0.03427909236288662"
"1","compound","3.88725","-0.06577819724338205","-0.0946182128997482","-0.036938181587015895"
"1","compound","4.10320833333333","-0.0691877704149704","-0.09883121130247416","-0.039544329527466636"
"1","compound","4.31916666666667","-0.07255765097255176","-0.10301952001015413","-0.042095781934949394"
"1","compound","4.535125","-0.0758857498311781","-0.10718066333788","-0.044590836324476205"
"1","compound","4.75108333333333","-0.07916997790590183","-0.11131211165007307","-0.04702784416173058"
"1","compound","4.96704166666667","-0.08240824611177536","-0.11541127923721917","-0.04940521298633154"
"1","compound","5.183","-0.08559846536385061","-0.11947552227146344","-0.05172140845623779"
"1","compound","5.39895833333333","-0.08873854657718006","-0.12350213685766226","-0.05397495629669786"
"1","compound","5.61491666666667","-0.09182640066681605","-0.12748835719728388","-0.05616444413634821"
"1","compound","5.830875","-0.09485993854781055","-0.1314313538832941","-0.05828852321232699"
"1","compound","6.04683333333333","-0.09783707113521599","-0.13532823234483624","-0.060345909925595735"
"1","compound","6.26279166666667","-0.10075570934408475","-0.13917603146110002","-0.06233538722706948"
"1","compound","6.47875","-0.10361376408946879","-0.1429717223642784","-0.06425580581465919"
"1","compound","6.69470833333333","-0.10640914628642056","-0.14671220745190222","-0.0661060851209389"
"1","compound","6.72","-0.10673232753241663","-0.14714651251904326","-0.06631814254579"
"1","compound","6.91066666666667","-0.1091397668499924","-0.15039431962910838","-0.0678852140708764"
"1","compound","7.09","-0.11135657732779074","-0.15340528985329657","-0.0693078648022849"
"1","compound","7.126625","-0.11180353888003036","-0.15401482458161073","-0.06959225317845"
"1","compound","7.34258333333333","-0.11439908336173948","-0.15757132296145393","-0.07122684376202505"
"1","compound","7.55854166666667","-0.11692674216579976","-0.1610635740580899","-0.07278991027350962"
"1","compound","7.7745","-0.11938711364711913","-0.1644916592133486","-0.07428256808088965"
"1","compound","7.99045833333333","-0.12178079616060594","-0.16785565793114315","-0.07570593439006874"
"1","compound","8.20641666666666","-0.12410838806116828","-0.17115564876906453","-0.07706112735327203"
"1","compound","8.422375","-0.12637048770371453","-0.1743917102271483","-0.07834926518028076"
"1","compound","8.63833333333333","-0.1285676934431527","-0.17756392163154866","-0.07957146525475672"
"1","compound","8.85429166666667","-0.13070060363439107","-0.18067236401091827","-0.08072884325786386"
"1","compound","9.07025","-0.13276981663233764","-0.18371712096334122","-0.08182251230133405"
"1","compound","9.28620833333333","-0.13477593079190076","-0.18669827951174373","-0.0828535820720578"
"1","compound","9.50216666666666","-0.13671954446798862","-0.1896159309457714","-0.08382315799020583"
"1","compound","9.718125","-0.13860125601550943","-0.19247017164821037","-0.0847323403828085"
"1","compound","9.93408333333333","-0.14042166378937126","-0.19526110390410578","-0.08558222367463675"
"1","compound","10.1500416666667","-0.14218136614448265","-0.19798883669083114","-0.08637389559813416"
"1","compound","10.366","-0.14388096143575096","-0.20065348644744363","-0.08710843642405831"
"1","compound","10.5819583333333","-0.1455210480180849","-0.20325517782177882","-0.087786918214391"
"1","compound","10.7979166666667","-0.1471022242463934","-0.20579404439381604","-0.08841040409897077"
"1","compound","11.013875","-0.14862508847558323","-0.20827022937396725","-0.08897994757719921"
"1","compound","11.2298333333333","-0.1500902390605632","-0.2106838862750592","-0.0894965918460672"
"1","compound","11.4457916666667","-0.1514982743562423","-0.21303517955685505","-0.08996136915562955"
"1","compound","11.66175","-0.1528497927175273","-0.2153242852421029","-0.0903753001929517"
"1","compound","11.8777083333333","-0.15414539249932707","-0.21755139150321268","-0.09073939349544148"
"1","compound","12.0936666666667","-0.15538567205655032","-0.21971669921874254","-0.09105464489435809"
"1","compound","12.309625","-0.1565712297441042","-0.2218204224990223","-0.09132203698918609"
"1","compound","12.5255833333333","-0.15770266391689733","-0.22386278918034835","-0.09154253865344629"
"1","compound","12.7415416666667","-0.15878057292983855","-0.22584404128727234","-0.09171710457240476"
"1","compound","12.9575","-0.1598055551378349","-0.22776443546264064","-0.09184667481302915"
"1","compound","13.1734583333333","-0.1607782088957952","-0.2296242433651513","-0.0919321744264391"
"1","compound","13.3894166666667","-0.16169913255862794","-0.23142375203427273","-0.09197451308298317"
"1","compound","13.605375","-0.16256892448124052","-0.23316326422250228","-0.09197458473997876"
"1","compound","13.8213333333333","-0.16338818301854158","-0.23484309869503855","-0.0919332673420446"
"1","compound","14.0372916666667","-0.1641575065254396","-0.2364635904970181","-0.09185142255386107"
"1","compound","14.25325","-0.16487749335684204","-0.238025091188586","-0.0917298955250981"
"1","compound","14.4692083333333","-0.16554874186765756","-0.23952796904815732","-0.09156951468715778"
"1","compound","14.6851666666667","-0.16617185041279453","-0.24097260924429464","-0.09137109158129442"
"1","compound","14.901125","-0.16674741734716053","-0.24235941397673078","-0.09113542071759027"
"1","compound","15.1170833333333","-0.16727604102566418","-0.24368880258714348","-0.09086327946418488"
"1","compound","15.3330416666667","-0.16775831980321376","-0.24496121164034418","-0.09055542796608336"
"1","compound","15.549","-0.16819485203471707","-0.24617709497663426","-0.09021260909279986"
"1","compound","15.71","-0.16849088418175895","-0.24704705452005965","-0.08993471384345823"
"1","compound","15.7649583333333","-0.16858623607508247","-0.24733692373614422","-0.08983554841402072"
"1","compound","15.9809166666667","-0.16893307027921833","-0.24844118635601714","-0.08942495420241951"
"1","compound","16.196875","-0.16923595300203256","-0.24949038854137143","-0.0889815174626937"
"1","compound","16.4128333333333","-0.16949548259843344","-0.25048505321102643","-0.08850591198584043"
"1","compound","16.6287916666667","-0.1697122574233293","-0.2514257204190106","-0.08799879442764796"
"1","compound","16.84475","-0.16988687583162812","-0.2523129472529252","-0.08746080441033105"
"1","compound","17.0607083333333","-0.17001993617823816","-0.253147307710275","-0.0868925646462013"
"1","compound","17.2766666666667","-0.17011203681806764","-0.2539293925539003","-0.08629468108223497"
"1","compound","17.492625","-0.1701637761060247","-0.25465980914768127","-0.08566774306436814"
"1","compound","17.7085833333333","-0.17017575239701763","-0.25533918127371336","-0.08501232352032188"
"1","compound","17.9245416666667","-0.17014856404595446","-0.2559681489321602","-0.08432897915974875"
"1","compound","18.1405","-0.17008280940774348","-0.25654736812501766","-0.08361825069046931"
"1","compound","18.3564583333333","-0.16997908683729285","-0.25707751062503226","-0.08288066304955347"
"1","compound","18.5724166666667","-0.16983799468951072","-0.25755926373101984","-0.08211672564800161"
"1","compound","18.788375","-0.16966013131930535","-0.25799333001084024","-0.08132693262777044"
"1","compound","19.0043333333333","-0.16944609508158495","-0.2583804270332863","-0.08051176312988363"
"1","compound","19.2202916666667","-0.16919648433125747","-0.2587212870901334","-0.07967168157238153"
"1","compound","19.43625","-0.16891189742323143","-0.2590166569096031","-0.07880713793685973"
"1","compound","19.6522083333333","-0.16859293271241488","-0.25926729736247567","-0.07791856806235406"
"1","compound","19.8681666666667","-0.16824018855371578","-0.25947398316208015","-0.07700639394535141"
"1","compound","20.084125","-0.16785426330204273","-0.259637502559375","-0.07607102404471043"
"1","compound","20.3000833333333","-0.16743575531230367","-0.259758657034318","-0.07511285359028937"
"1","compound","20.5160416666667","-0.16698526293940666","-0.25983826098470286","-0.07413226489411043"
"1","compound","20.732","-0.16650338453826025","-0.25987714141362284","-0.07312962766289764"
"1","compound","20.9479583333333","-0.1659907184637724","-0.25987613761669726","-0.07210529931084754"
"1","compound","21.1639166666667","-0.1654478630708511","-0.2598361008701758","-0.07105962527152641"
"1","compound","21.379875","-0.16487541671440503","-0.25975789412100875","-0.0699929393078013"
"1","compound","21.5958333333333","-0.1642739777493421","-0.25964239167994596","-0.06890556381873823"
"1","compound","21.8117916666667","-0.16364414453057022","-0.25949047891870175","-0.06779781014243869"
"1","compound","22.02775","-0.16298651541299813","-0.2593030519721941","-0.06666997885380214"
"1","compound","22.2437083333333","-0.16230168875153378","-0.25908101744683953","-0.06552236005622804"
"1","compound","22.4596666666667","-0.16159026290108497","-0.25882529213585637","-0.06435523366631354"
"1","compound","22.675625","-0.16085283621656055","-0.258536802742502","-0.06316886969061906"
"1","compound","22.8915833333333","-0.16009000705286844","-0.25821648561213767","-0.06196352849359921"
"1","compound","23.1075416666667","-0.1593023737649164","-0.2578652864739924","-0.06073946105584038"
"1","compound","23.3235","-0.15849053470761337","-0.25748416019346626","-0.059496909221760486"
"1","compound","23.5394583333333","-0.15765508823586716","-0.25707407053578285","-0.05823610593595148"
"1","compound","23.7554166666667","-0.15679663270458555","-0.25663598994178405","-0.056957275467387034"
"1","compound","23.971375","-0.15591576646867758","-0.2561708993166258","-0.05566063362072937"
"1","compound","24.1873333333333","-0.15501308788305096","-0.25567978783211165","-0.0543463879339903"
"1","compound","24.4032916666667","-0.15408919530261353","-0.25516365274338115","-0.053014737861845934"
"1","compound","24.61925","-0.15314468708227424","-0.25462349922064587","-0.05166587494390262"
"1","compound","24.8352083333333","-0.15218016157694092","-0.25406034019664114","-0.050299982957240724"
"1","compound","25.0511666666667","-0.15119621714152126","-0.25347519623045234","-0.048917238052590184"
"1","compound","25.267125","-0.15019345213092436","-0.2528690953883509","-0.04751780887349785"
"1","compound","25.4830833333333","-0.14917246490005795","-0.2522430731422568","-0.04610185665785908"
"1","compound","25.6990416666667","-0.1481338538038298","-0.25159817228644293","-0.04466953532121665"
"1","compound","25.915","-0.14707821719714897","-0.25093544287307346","-0.04322099152122447"
"1","compound","26.1309583333333","-0.14600615343492324","-0.2502559421671642","-0.04175636470268229"
"1","compound","26.3469166666667","-0.14491826087206017","-0.2495607346215476","-0.04027578712257274"
"1","compound","26.562875","-0.1438151378634691","-0.2488508918724222","-0.038779383854516014"
"1","compound","26.7788333333333","-0.14269738276405766","-0.24812749275605245","-0.03726727277206289"
"1","compound","26.9947916666667","-0.1415655939287335","-0.24739162334720627","-0.03573956451026074"
"1","compound","27.21075","-0.14042036971240582","-0.24664437701990347","-0.03419636240490817"
"1","compound","27.4267083333333","-0.13926230846998236","-0.24588685453106043","-0.032637762408904286"
"1","compound","27.6426666666667","-0.1380920085563707","-0.24512016412762955","-0.03106385298511183"
"1","compound","27.858625","-0.13691006832648014","-0.24434542167784126","-0.029474714975119026"
"1","compound","28.0745833333333","-0.13571708613521827","-0.24356375082716686","-0.027870421443269677"
"1","compound","28.2905416666667","-0.13451366033749285","-0.2427762831796506","-0.02625103749533507"
"1","compound","28.5065","-0.13330038928821306","-0.24198415850527188","-0.024616620071154213"
"1","compound","28.7224583333333","-0.1320778713422866","-0.24118852497402588","-0.022967217710547327"
"1","compound","28.9384166666667","-0.130846704854621","-0.2403905394174452","-0.021302870291796783"
"1","compound","29.154375","-0.12960748818012563","-0.23959136761831534","-0.019623608741935902"
"1","compound","29.3703333333333","-0.1283608196737082","-0.23879218462936644","-0.017929454718049936"
"1","compound","29.48","-0.12772508254460269","-0.23838672277557826","-0.01706344231362711"
"1","compound","29.5862916666667","-0.12710728705751456","-0.23799415311351546","-0.01622042100151365"
"1","compound","29.80225","-0.12584722428777287","-0.23719791914648203","-0.014496529429063695"
"1","compound","30.0182083333333","-0.12458070632875647","-0.2364035959664941","-0.01275781669101883"
"1","compound","30.2341666666667","-0.12330779646663402","-0.23561127345256772","-0.01100431948070034"
"1","compound","30.450125","-0.12202855798757611","-0.23482104222609748","-0.009236073749054746"
"1","compound","30.6660833333333","-0.12074305417775147","-0.23403299363177094","-0.007453114723732002"
"1","compound","30.8820416666667","-0.11945134832332892","-0.23324721971845042","-0.00565547692820742"
"1","compound","31.098","-0.11815350371047906","-0.23246381322000886","-0.0038431942009492515"
"1","compound","31.3139583333333","-0.11684958362537053","-0.23168286753610126","-0.002016299714639791"
"1","compound","31.5299166666667","-0.11553965135417212","-0.23090447671286865","-0.00017482599547558042"
"1","compound","31.745875","-0.11422377018305443","-0.2301287354235562","0.0016811950574473211"
"1","compound","31.9618333333333","-0.11290200339818626","-0.22935573894903283","0.003551732152660317"
"1","compound","32.1777916666667","-0.11157441428573628","-0.22858558315820454","0.005436754586731998"
"1","compound","32.39375","-0.11024106613187512","-0.22781836448830917","0.007336232224558939"
"1","compound","32.6097083333333","-0.10890202222277147","-0.2270541799250746","0.009250135479531643"
"1","compound","32.8256666666667","-0.10755734584459414","-0.22629312698273787","0.011178435293549588"
"1","compound","33.041625","-0.10620710028351368","-0.22553530368390948","0.01312110311688211"
"1","compound","33.2575833333333","-0.10485134882569888","-0.22478080853926824","0.015078110887870463"
"1","compound","33.4735416666667","-0.10349015475731847","-0.22402974052708235","0.017049431012445396"
"1","compound","33.6895","-0.10212358136454297","-0.22328219907254301","0.019035036343457074"
"1","compound","33.9054583333333","-0.10075169193354122","-0.22253828402689507","0.021034900159812617"
"1","compound","34.1214166666667","-0.09937454975048193","-0.22179809564636188","0.023048996145398"
"1","compound","34.337375","-0.09799221810153566","-0.22106173457084904","0.025077298367777737"
"1","compound","34.5533333333333","-0.09660476027287125","-0.2203293018024155","0.027119781256672984"
"1","compound","34.7692916666667","-0.09521223955065727","-0.21960089868350452","0.029176419582189972"
"1","compound","34.98525","-0.09381471922106452","-0.21887662687492546","0.03124718843279642"
"1","compound","35.2012083333333","-0.09241226257026164","-0.21815658833356905","0.03333206319304577"
"1","compound","35.4171666666667","-0.09100493288441733","-0.21744088528985545","0.03543101952102079"
"1","compound","35.633125","-0.08959279344970228","-0.2167296202248991","0.03754403332549455"
"1","compound","35.8490833333333","-0.08817590755228519","-0.2160228958473816","0.03967108074281123"
"1","compound","36.0650416666667","-0.08675433847833472","-0.21532081507012457","0.04181213811345513"
"1","compound","36.281","-0.08532814951402164","-0.2146234809863533","0.04396718195831005"
"1","compound","36.4969583333333","-0.08389740394551455","-0.21393099684563738","0.04613618895460826"
"1","compound","36.7129166666667","-0.08246216505898225","-0.21324346602950517","0.04831913591154065"
"1","compound","36.928875","-0.08102249614059537","-0.21256099202672055","0.05051599974552981"
"1","compound","37.1448333333333","-0.07957846047652256","-0.21188367840820962","0.0527267574551645"
"1","compound","37.3607916666667","-0.07813012135293262","-0.21121162880163435","0.054951386095769106"
"1","compound","37.57675","-0.0766775420559962","-0.21054494686560205","0.057189862753609655"
"1","compound","37.7927083333333","-0.07522078587188193","-0.20988373626349904","0.059442164519735205"
"1","compound","38.0086666666667","-0.0737599160867586","-0.20922810063694602","0.06170826846342882"
"1","compound","38.224625","-0.0722949959867968","-0.20857814357886362","0.06398815160527001"
"1","compound","38.4405833333333","-0.07082608885816535","-0.20793396860613875","0.06628179088980804"
"1","compound","38.6565416666667","-0.06935325798703287","-0.2072956791318873","0.06858916315782154"
"1","compound","38.8725","-0.06787656665957001","-0.2066633784373045","0.07091024511816449"
"1","compound","39.0884583333333","-0.0663960781619456","-0.20603716964309324","0.07324501331920205"
"1","compound","39.3044166666667","-0.06491185578032824","-0.20541715568046517","0.0755934441198087"
"1","compound","39.520375","-0.06342396280088855","-0.20480343926170982","0.07795551365993272"
"1","compound","39.7363333333333","-0.061932462509795394","-0.20419612285031755","0.08033119783072676"
"1","compound","39.9522916666667","-0.060437418193217296","-0.20359530863065775","0.08272047224422316"
"1","compound","40.16825","-0.0589388931373251","-0.20300109847720205","0.08512331220255183"
"1","compound","40.3842083333333","-0.05743695062828746","-0.20241359392328423","0.0875396926667093"
"1","compound","40.475","-0.05680450950241403","-0.20216862597730775","0.08855960697247969"
"1","compound","40.6001666666667","-0.05593165395227294","-0.20183289612939576","0.08996958822484986"
"1","compound","40.816125","-0.05442306639545244","-0.2012591058510083","0.09241297306010343"
"1","compound","41.0320833333333","-0.052911251243994525","-0.2006923234059153","0.09486982091792627"
"1","compound","41.2480416666667","-0.051396271784067846","-0.20013264864109404","0.09734010507295833"
"1","compound","41.464","-0.04987819130184326","-0.1995801808990761","0.09982379829538957"
"1","compound","41.6799583333333","-0.048357073083489306","-0.1990350189838249","0.10232087281684629"
"1","compound","41.8959166666667","-0.04683298041517476","-0.19849726112611663","0.10483130029576712"
"1","compound","42.111875","-0.04530597658307034","-0.19796700494841873","0.10735505178227805"
"1","compound","42.3278333333333","-0.04377612487334462","-0.19744434742926048","0.10989209768257124"
"1","compound","42.5437916666667","-0.04224348857216641","-0.19692938486709677","0.11244240772276397"
"1","compound","42.75975","-0.04070813096570637","-0.19642221284365724","0.11500595091224451"
"1","compound","42.9757083333333","-0.03917011534013316","-0.1959229261867798","0.11758269550651347"
"1","compound","43.1916666666667","-0.0376295049816155","-0.19543161893272543","0.12017260896949444"
"1","compound","43.407625","-0.03608636317632408","-0.19494838428797306","0.12277565793532491"
"1","compound","43.6235833333333","-0.034540753210427634","-0.19447331459048983","0.12539180816963458"
"1","compound","43.8395416666667","-0.03299273837009481","-0.19400650127047828","0.12802102453028866"
"1","compound","44.0555","-0.03144238194149628","-0.19354803481059735","0.13066327092760477"
"1","compound","44.2714583333333","-0.029889747210800816","-0.1930980047056565","0.13331851028405486"
"1","compound","44.4874166666667","-0.028334897464177028","-0.19265649942178265","0.1359867044934286"
"1","compound","44.703375","-0.026777895987795668","-0.19222360635506108","0.13866781437946973"
"1","compound","44.9193333333333","-0.025218806067825422","-0.19179941178964727","0.14136179965399642"
"1","compound","45.1352916666667","-0.023657690990434882","-0.19138400085535456","0.1440686188744848"
"1","compound","45.35125","-0.02209461404179494","-0.190977457484717","0.14678822940112712"
"1","compound","45.5672083333333","-0.02052963850807419","-0.19057986436952654","0.14952058735337817"
"1","compound","45.7831666666667","-0.01896282767544121","-0.19019130291685193","0.1522656475659695"
"1","compound","45.999125","-0.017394244830066893","-0.18981185320453786","0.15502336354440405"
"1","compound","46.2150833333333","-0.015823953258119847","-0.1894415939361871","0.15779368741994737"
"1","compound","46.4310416666667","-0.014252016245768648","-0.1890806023956333","0.16057656990409597"
"1","compound","46.647","-0.012678497079184212","-0.18872895440090415","0.16337196024253575"
"1","compound","46.8629583333333","-0.01110345904453508","-0.18838672425768083","0.16617980616861067"
"1","compound","47.0789166666667","-0.009526965427989975","-0.18805398471225987","0.16900005385627992"
"1","compound","47.294875","-0.00794907951571966","-0.18773080690402316","0.17183264787258384"
"1","compound","47.5108333333333","-0.0063698645938927295","-0.18741726031741895","0.17467753112963352"
"1","compound","47.7267916666667","-0.004789383948677908","-0.18711341273346538","0.1775346448361096"
"1","compound","47.94275","-0.0032077008662459577","-0.18681933018078112","0.18040392844828917"
"1","compound","48.1587083333333","-0.0016248786327654752","-0.18653507688614998","0.18328531962061903"
"1","compound","48.3746666666667","-4.098053440519667e-05","-0.18626071522463217","0.1861787541558218"
"1","compound","48.590625","0.0015439301426641988","-0.18599630566922637","0.1890841659545548"
"1","compound","48.8065833333333","0.0031297901122739197","-0.18574190674009605","0.19200148696464386"
"1","compound","49.0225416666667","0.004716536088255452","-0.18549757495336844","0.19493064712987934"
"1","compound","49.2385","0.006304104784437964","-0.18526336476951863","0.19787157433839456"
"1","compound","49.4544583333333","0.007892432914652775","-0.18503932854134916","0.2008241943706547"
"1","compound","49.6704166666667","0.00948145719273133","-0.18482551646157827","0.20378843084704093"
"1","compound","49.7215071428571","0.009857476518981403","-0.18477643452039183","0.20449138755835466"
"1","compound","49.886375","0.011071114332502713","-0.1846219765100505","0.20676420517505592"
"1","compound","50.1023333333333","0.012661341047798313","-0.18442875440058112","0.20975143649617775"
"1","compound","50.3182916666667","0.014252074052449597","-0.18424589352745235","0.21275004163235156"
"1","compound","50.53425","0.01584325006028562","-0.1840734349115733","0.21575993503214452"
"1","compound","50.7502083333333","0.017434805785137814","-0.18391141714632198","0.2187810287165976"
"1","compound","50.9661666666667","0.01902667794083758","-0.18375987634308388","0.22181323222475902"
"1","compound","51.182125","0.020618803241214026","-0.18361884607650786","0.22485645255893588"
"1","compound","51.3980833333333","0.022211118400098526","-0.18348835732949315","0.22791059412969017"
"1","compound","51.6140416666667","0.023803560131322565","-0.1833684384379301","0.23097555870057523"
"1","compound","51.83","0.025396065148715154","-0.18325911503521392","0.2340512453326442"
"1","day","0.0","0.0","0.0","0.0"
"1","day","0.210230833333333","-0.00522905702000688","-0.036786834629905125","0.026328720589891365"
"1","day","0.420461666666667","-0.010452088459153585","-0.04344113189362257","0.0225369549753154"
"1","day","0.6306925","-0.015663068736579865","-0.050145430273517005","0.01881929280035727"
"1","day","0.840923333333333","-0.020855972271425546","-0.05689476462931553","0.015182820086464443"
"1","day","1.05115416666667","-0.026024773482830544","-0.06368399966019457","0.01163445269453348"
"1","day","1.261385","-0.03116344678993437","-0.07050780553889549","0.00818091195902675"
"1","day","1.47161583333333","-0.03626596661187703","-0.07736063227920958","0.004828699055455514"
"1","day","1.68184666666667","-0.04132630736779854","-0.08423668294121224","0.0015840682056151578"
"1","day","1.8920775","-0.046338443476838236","-0.09112988580834748","-0.0015470011453289911"
"1","day","1.964615625","-0.04805555410333157","-0.09351115242663707","-0.0025999557800260656"
"1","day","2.10230833333333","-0.05129634935813615","-0.09803386570255362","-0.004558833013718677"
"1","day","2.31253916666667","-0.05619399943083231","-0.10494191463787347","-0.007446084223791137"
"1","day","2.52277","-0.061025368114066086","-0.11184696204916322","-0.01020377417896895"
"1","day","2.73300083333333","-0.06578442982697746","-0.11874154487021416","-0.01282731478374078"
"1","day","2.94323166666667","-0.07046515898870653","-0.12561777777438063","-0.01531254020303243"
"1","day","3.1534625","-0.0750615300183926","-0.13246732393014096","-0.01765573610664422"
"1","day","3.36369333333333","-0.07956751733517568","-0.13928136666323576","-0.019853668007115598"
"1","day","3.57392416666667","-0.08397709535819584","-0.1460505824553716","-0.021903608261020065"
"1","day","3.784155","-0.08828423850659242","-0.15276511574613177","-0.023803361267053083"
"1","day","3.99438583333333","-0.09248292119950545","-0.1594145560387195","-0.025551286360291386"
"1","day","4.20461666666667","-0.09656711785607491","-0.16598791784044076","-0.027146317871709083"
"1","day","4.4148475","-0.10053080289544022","-0.17247362399431876","-0.02858798179656169"
"1","day","4.62507833333333","-0.1043679507367414","-0.1788594929777278","-0.029876408495755"
"1","day","4.64","-0.10463533455628671","-0.1793086197132171","-0.02996204939935633"
"1","day","4.83530916666667","-0.10807360874969822","-0.18513434815059782","-0.031012869348798613"
"1","day","5.04554","-0.11164813784582615","-0.19129457053778337","-0.03200170515386894"
"1","day","5.25577083333333","-0.11509354079691647","-0.19733889577471872","-0.03284818581911422"
"1","day","5.46600166666667","-0.11841182085324044","-0.20326600599193523","-0.03355763571454563"
"1","day","5.6762325","-0.12160498126506869","-0.20907454011507717","-0.03413542241506021"
"1","day","5.88646333333333","-0.12467502528267252","-0.214763105039863","-0.03458694552548201"
"1","day","6.09669416666667","-0.1276239561563232","-0.22033028690777073","-0.03491762540487563"
"1","day","6.306925","-0.13045377713629147","-0.22577466242160377","-0.03513289185097916"
"1","day","6.51715583333333","-0.13316649147284856","-0.23109481014073668","-0.03523817280496046"
"1","day","6.72738666666667","-0.1357641024162657","-0.23628932169691605","-0.03523888313561532"
"1","day","6.9376175","-0.13824861321681364","-0.2413568128730009","-0.03514041356062639"
"1","day","7.14784833333333","-0.14062202712476363","-0.2462959344889264","-0.034948119760600846"
"1","day","7.35807916666667","-0.14288634739038686","-0.2511053830414328","-0.03466731173934093"
"1","day","7.56831","-0.14504357726395417","-0.2557839110467156","-0.034303243481192736"
"1","day","7.77854083333333","-0.14709571999573684","-0.26033033703806674","-0.03386110295340694"
"1","day","7.94000000000001","-0.1486016927928269","-0.2637316501295673","-0.03347173545608649"
"1","day","7.98877166666667","-0.14904477883600586","-0.26474355517375564","-0.0333460024982561"
"1","day","8.1990025","-0.15089275703503227","-0.2690225444138343","-0.03276296965623027"
"1","day","8.40923333333333","-0.15264165784308714","-0.27316637722817694","-0.03211693845799732"
"1","day","8.61946416666667","-0.15429348451044173","-0.27717422780185486","-0.03141274121902861"
"1","day","8.829695","-0.15585024028736688","-0.28104537970787646","-0.0306551008668573"
"1","day","9.03992583333333","-0.15731392842413378","-0.2847792330213401","-0.029848623826927434"
"1","day","9.25015666666666","-0.1586865521710135","-0.28837531085311185","-0.028997793488915097"
"1","day","9.4603875","-0.15997011477827716","-0.2918332652852451","-0.02810696427130918"
"1","day","9.67061833333333","-0.16116661949619568","-0.2951528826944325","-0.02718035629795884"
"1","day","9.88084916666666","-0.1622780695750403","-0.29833408845382603","-0.02622205069625455"
"1","day","10.09108","-0.1633064682650821","-0.3013769510075131","-0.025235985522651105"
"1","day","10.3013108333333","-0.16425381881659187","-0.304281685315806","-0.024225952317377702"
"1","day","10.36","-0.16450408692178092","-0.30506796954165805","-0.0239402043019038"
"1","day","10.5115416666667","-0.16512212447984134","-0.30704865567322714","-0.02319559328645554"
"1","day","10.7217725","-0.16591338850510076","-0.3096783779046362","-0.02214839910556532"
"1","day","10.9320033333333","-0.16662961414264163","-0.3121715209483803","-0.021087707336902933"
"1","day","11.1422341666667","-0.16727280464273536","-0.31452890783850895","-0.0200167014469618"
"1","day","11.352465","-0.1678449632556523","-0.3167515161011276","-0.018938410410176992"
"1","day","11.5626958333333","-0.16834809323166394","-0.31884047758274214","-0.01785570888058574"
"1","day","11.7729266666667","-0.16878419782104154","-0.32079707773095156","-0.01677131791113151"
"1","day","11.9831575","-0.16915528027405574","-0.32262275435018306","-0.015687806197928422"
"1","day","12.1933883333333","-0.16946334384097783","-0.3243190958572084","-0.014607591824747218"
"1","day","12.4036191666667","-0.16971039177207903","-0.3258878390629594","-0.013532944481198711"
"1","day","12.61385","-0.16989842731763014","-0.32733086650873355","-0.012465988126526717"
"1","day","12.8240808333333","-0.17002945372790237","-0.32865020338618317","-0.011408704069621578"
"1","day","13.0343116666667","-0.17010547425316683","-0.32984801407150316","-0.010362934434830495"
"1","day","13.2445425","-0.17012849214369455","-0.33092659830507914","-0.009330385982309952"
"1","day","13.4547733333333","-0.17010051064975662","-0.33188838704841495","-0.008312634251098266"
"1","day","13.6650041666667","-0.1700235330216241","-0.3327359380505083","-0.007311127992739919"
"1","day","13.875235","-0.1698995625095681","-0.33347193115598367","-0.006327193863152503"
"1","day","14.0854658333333","-0.16973060236385967","-0.33409916338722284","-0.005362041340496504"
"1","day","14.2956966666667","-0.1695186558347698","-0.3346205438324579","-0.004416767837081753"
"1","day","14.5059275","-0.16926572617256977","-0.3350390883713632","-0.0034923639737763357"
"1","day","14.7161583333333","-0.16897381662753055","-0.3353579142690688","-0.0025897189859922787"
"1","day","14.9263891666667","-0.16864493044992307","-0.33558023466874976","-0.0017096262310963561"
"1","day","15.13662","-0.1682810708900187","-0.33570935301206434","-0.0008527887679730672"
"1","day","15.3468508333333","-0.1678842411980884","-0.33574865741568216","-1.9824980494659306e-05"
"1","day","15.5570816666667","-0.16745644462440296","-0.335701615031021","0.0007887257822150606"
"1","day","15.7673125","-0.16699968441923396","-0.3355717664130941","0.0015723975746261831"
"1","day","15.9775433333333","-0.1665159638328522","-0.33536271992306776","0.002330792257363351"
"1","day","16.1877741666667","-0.1660072861155285","-0.33507814618777243","0.003063573956715415"
"1","day","16.398005","-0.16547565451753454","-0.33472177263799585","0.003770463602926738"
"1","day","16.6082358333333","-0.16492307228914108","-0.3342973781459385","0.004451233567656393"
"1","day","16.8184666666667","-0.16435154268061888","-0.3338087877807433","0.005105702419505559"
"1","day","17.0286975","-0.1637630689422396","-0.33325986769952043","0.00573372981504125"
"1","day","17.2389283333333","-0.1631596543242741","-0.332654520189806","0.006335211541257851"
"1","day","17.4491591666667","-0.16254330207699305","-0.33199667887791856","0.006910074723932458"
"1","day","17.65939","-0.16191601545066817","-0.33129030411621896","0.007458273214882655"
"1","day","17.8696208333333","-0.16127979769557027","-0.3305393785608476","0.007979783169707072"
"1","day","18.0798516666667","-0.16063665206197011","-0.3297479029501291","0.008474598826188923"
"1","day","18.2900825","-0.15998858180013933","-0.3289198920924835","0.008942728492204816"
"1","day","18.5003133333333","-0.15933759016034874","-0.32805937107137884","0.009384190750681393"
"1","day","18.7105441666667","-0.1586856803928691","-0.3271703716736345","0.009799010887896337"
"1","day","18.920775","-0.1580348557479721","-0.3262569290461937","0.010187217550249483"
"1","day","19.1310058333333","-0.1573871194759285","-0.3253230785853678","0.010548839633510804"
"1","day","19.3412366666667","-0.15674447482700912","-0.3243728530615274","0.010883903407509193"
"1","day","19.5514675","-0.1561089250514856","-0.3234102799812242","0.011192429878253002"
"1","day","19.7616983333333","-0.15548247339962873","-0.32243937918783616","0.011474432388578676"
"1","day","19.9719291666667","-0.15486712312170925","-0.32146416070101586","0.011729914457597357"
"1","day","20.1474","-0.15436346522808428","-0.3206497739568174","0.011922843500648844"
"1","day","20.18216","-0.15426487588162607","-0.3204886198485393","0.011958868085287178"
"1","day","20.3923908333333","-0.15367718427650734","-0.3195157200021025","0.012161351449087782"
"1","day","20.6026216666667","-0.15310414987915263","-0.3185459107030759","0.01233761094477065"
"1","day","20.8128525","-0.15254567019160606","-0.31757926372310075","0.012487923339888629"
"1","day","21.0230833333333","-0.15200164271591096","-0.31661585232796924","0.012612566896147315"
"1","day","21.2333141666667","-0.15147196495411072","-0.3156557511859469","0.012711821277725438"
"1","day","21.443545","-0.15095653440824947","-0.31469903627673146","0.0127859674602325"
"1","day","21.6537758333333","-0.15045524858037052","-0.31374578480109583","0.012835287640354826"
"1","day","21.8640066666667","-0.1499680049725172","-0.3127960750912689","0.0128600651462345"
"1","day","22.0742375","-0.14949470108673368","-0.31184998652209867","0.012860584348631299"
"1","day","22.2844683333333","-0.1490352344250633","-0.3109075994230368","0.012837130572910194"
"1","day","22.4946991666667","-0.14858950248954944","-0.30996899499099795","0.012789990011899066"
"1","day","22.70493","-0.1481574027822361","-0.3090342552041301","0.012719449639657876"
"1","day","22.9151608333333","-0.14773883280516675","-0.3081034627365333","0.012625797126199767"
"1","day","23.1253916666667","-0.14733369006038471","-0.3071767008739732","0.01250932075320374"
"1","day","23.3356225","-0.14694187204993409","-0.30625405343062306","0.012370309330754864"
"1","day","23.5458533333333","-0.1465632762758582","-0.3053356046668656","0.012209052115149194"
"1","day","23.7560841666667","-0.14619780024020052","-0.30442143920819675","0.012025838727795696"
"1","day","23.966315","-0.145845341445005","-0.30351164196526126","0.01182095907525127"
"1","day","24.1765458333333","-0.14550579739231503","-0.30260629805504513","0.011594703270415035"
"1","day","24.3867766666667","-0.14517906558417415","-0.3017054927232647","0.011347361554916391"
"1","day","24.5970075","-0.1448650435226262","-0.3008093112679747","0.011079224222722311"
"1","day","24.8072383333333","-0.14456362870971468","-0.2999178389644195","0.01079058154499013"
"1","day","25.0174691666667","-0.144274718647483","-0.2990311609911591","0.010481723696193074"
"1","day","25.2277","-0.14399821083797512","-0.2981493623574898","0.010152940681539574"
"1","day","25.4379308333333","-0.14373400278323445","-0.2972725278321794","0.009804522265710464"
"1","day","25.6481616666667","-0.14348199198530448","-0.29640074187354193","0.009436757902932996"
"1","day","25.8583925","-0.14324207594622906","-0.2955340885608713","0.009049936668413194"
"1","day","26.0686233333333","-0.14301415216805172","-0.2946726515272443","0.00864434719114085"
"1","day","26.2788541666667","-0.1427981181528159","-0.29381651389371877","0.008220277588086994"
"1","day","26.489085","-0.14259387140256544","-0.2929657582049376","0.007778015399806715"
"1","day","26.6993158333333","-0.14240130941934387","-0.2921204663661483","0.007317847527460536"
"1","day","26.9095466666667","-0.14222032970519466","-0.2912807195816578","0.0068400601712684805"
"1","day","27.1197775","-0.14205082976216166","-0.2904465982947291","0.006344938770405789"
"1","day","27.3300083333333","-0.1418927070922883","-0.28961818212892676","0.005832767944350198"
"1","day","27.5402391666667","-0.14174585919761815","-0.28879554983092554","0.0053038314356892435"
"1","day","27.75047","-0.141610183580195","-0.28797877921478576","0.0047584120543957276"
"1","day","27.9607008333333","-0.14148557774206236","-0.28716794710769766","0.004196791623572976"
"1","day","28.1709316666667","-0.14137193918526378","-0.2863631292972072","0.003619250926679668"
"1","day","28.3811625","-0.14126916541184292","-0.2855644004799204","0.0030260696562345313"
"1","day","28.5913933333333","-0.14117715392384342","-0.2847718342116877","0.0024175263640008604"
"1","day","28.8016241666667","-0.1410958022233088","-0.2839855028592747","0.001793898412657119"
"1","day","29.011855","-0.14102500781228275","-0.2832054775535151","0.0011554619289495804"
"1","day","29.2220858333333","-0.14096466819280887","-0.2824318281439426","0.0005024917583248412"
"1","day","29.4323166666667","-0.14091468086693068","-0.28166462315490526","-0.00016473857895613064"
"1","day","29.6425475","-0.1408749433366919","-0.28090392974315537","-0.0008459569302284031"
"1","day","29.8527783333333","-0.14084535310413607","-0.2801498136569074","-0.0015408925513647753"
"1","day","30.0630091666667","-0.1408258076713068","-0.279402339196365","-0.0022492761462486466"
"1","day","30.27324","-0.14081620454024768","-0.27866156917570817","-0.0029708399047871925"
"1","day","30.4834708333333","-0.14081644121300238","-0.2779275648865287","-0.0037053175394760607"
"1","day","30.6937016666667","-0.14082641519161448","-0.277200386062713","-0.004452444320515975"
"1","day","30.9039325","-0.14084602397812757","-0.27648009084676","-0.0052119571094951245"
"1","day","31.1141633333333","-0.14087516507458522","-0.2757667357575209","-0.005983594391649527"
"1","day","31.3243941666667","-0.1409137359830311","-0.2750603756593564","-0.0067670963067058"
"1","day","31.534625","-0.1409616342055088","-0.2743610637326966","-0.007562204678321027"
"1","day","31.7448558333333","-0.14101875724406193","-0.2736688514459885","-0.008368663042135377"
"1","day","31.9550866666667","-0.14108500260073412","-0.27298378852902416","-0.009186216672444097"
"1","day","32.0085775","-0.14110330150206532","-0.27281062884910845","-0.009395974155022191"
"1","day","32.1653175","-0.14116026777756888","-0.2723059229476329","-0.010014612607504886"
"1","day","32.3755483333333","-0.1412444502766099","-0.27163530087971977","-0.010853599673500053"
"1","day","32.5857791666667","-0.1413374475999008","-0.27097196669264245","-0.01170292850715915"
"1","day","32.79601","-0.1414391572494851","-0.27031596292190624","-0.01256235157706398"
"1","day","33.0062408333333","-0.14154947672740648","-0.2696673302511603","-0.013431623203652682"
"1","day","33.2164716666667","-0.14166830353570858","-0.26902610749348177","-0.01431049957793537"
"1","day","33.4267025","-0.14179553517643487","-0.26839233157393083","-0.01519873877893893"
"1","day","33.6369333333333","-0.14193106915162906","-0.26776603751335193","-0.016096100789906198"
"1","day","33.8471641666667","-0.1420748029633348","-0.26714725841341413","-0.017002347513255467"
"1","day","34.057395","-0.14222663411359554","-0.2665360254428633","-0.017917242784327783"
"1","day","34.2676258333333","-0.142386460104455","-0.2659323678249695","-0.0188405523839405"
"1","day","34.4778566666667","-0.14255417843795684","-0.2653363128261519","-0.01977204404976178"
"1","day","34.6880875","-0.14272968661614452","-0.2647478857457615","-0.020711487486527513"
"1","day","34.8983183333333","-0.1429128821410617","-0.2641671099069972","-0.021658654375126235"
"1","day","35.1085491666667","-0.1431036625147521","-0.26359400664894034","-0.02261331838056385"
"1","day","35.31878","-0.1433019252392591","-0.26302859531968625","-0.023575255158831937"
"1","day","35.5290108333333","-0.1435075678166265","-0.26247089327054635","-0.02454424236270665"
"1","day","35.7392416666667","-0.14372048774889792","-0.2619209158513068","-0.02552005964648907"
"1","day","35.9494725","-0.1439405825381168","-0.2613786764065202","-0.026502488669713456"
"1","day","36.1597033333333","-0.1441677496863268","-0.26084418627280426","-0.02749131309984934"
"1","day","36.3699341666667","-0.14440188669557172","-0.2603174547771334","-0.028486318614010034"
"1","day","36.580165","-0.14464289106789485","-0.25979848923609583","-0.0294872928996939"
"1","day","36.7903958333333","-0.14489066030533998","-0.2592872949560952","-0.030494025654584755"
"1","day","37.0006266666667","-0.1451450919099508","-0.25878387523447666","-0.031506308585424955"
"1","day","37.2108575","-0.1454060833837707","-0.25828823136155465","-0.032523935405986734"
"1","day","37.4210883333333","-0.14567353222884338","-0.25780036262351747","-0.0335467018341693"
"1","day","37.6313191666667","-0.1459473359472126","-0.2573202663061901","-0.03457440558823509"
"1","day","37.84155","-0.1462273920409217","-0.25684793769963266","-0.03560684638221076"
"1","day","38.0517808333333","-0.14651359801201438","-0.25638337010354806","-0.03664382592048068"
"1","day","38.2620116666667","-0.14680585136253446","-0.2559265548334828","-0.03768514789158613"
"1","day","38.4722425","-0.14710404959452522","-0.25547748122779484","-0.038730617961255584"
"1","day","38.6824733333333","-0.14740809021003043","-0.25503613665536595","-0.03978004376469489"
"1","day","38.8927041666667","-0.14771787071109377","-0.2546025065240397","-0.040833234898147816"
"1","day","39.102935","-0.14803328859975862","-0.25417657428976137","-0.041890002909755836"
"1","day","39.3131658333333","-0.14835424137806874","-0.25375832146639576","-0.04295016128974169"
"1","day","39.5233966666667","-0.14868062654806788","-0.2533477276362056","-0.04401352545993013"
"1","day","39.7336275","-0.14901234161179933","-0.252944770460966","-0.045079912762632665"
"1","day","39.9438583333333","-0.14934928407130688","-0.25254942569369276","-0.04614914244892096"
"1","day","40.1540891666667","-0.1496913514286342","-0.25216166719096655","-0.04722103566630187"
"1","day","40.36432","-0.15003844118582468","-0.25178146692582926","-0.048295415445820125"
"1","day","40.5745508333333","-0.15039045084492206","-0.2514087950012309","-0.049372106688613165"
"1","day","40.7847816666667","-0.1507472779079701","-0.2510436196640089","-0.05045093615193129"
"1","day","40.9950125","-0.15110881987701208","-0.2506859073193782","-0.05153173243464597"
"1","day","41.2052433333333","-0.15147497425409173","-0.25033562254590946","-0.052614325962274014"
"1","day","41.4154741666667","-0.15184563854125294","-0.24999272811097933","-0.05369854897152655"
"1","day","41.625705","-0.15222071024053885","-0.2496571849866701","-0.054784235494407585"
"1","day","41.8359358333333","-0.1526000868539933","-0.2493289523660992","-0.05587122134188739"
"1","day","42.0461666666667","-0.15298366588366002","-0.24900798768015994","-0.05695934408716011"
"1","day","42.2563975","-0.15337134483158238","-0.2486942466146555","-0.05804844304850926"
"1","day","42.4666283333333","-0.15376302119980403","-0.2483876831278034","-0.05913835927180465"
"1","day","42.6768591666667","-0.15415859249036887","-0.24808824946809638","-0.06022893551264136"
"1","day","42.88709","-0.15455795620532004","-0.2477958961924988","-0.061320016218141274"
"1","day","43.0973208333333","-0.15496100984670141","-0.2475105721849602","-0.06241144750844263"
"1","day","43.3075516666667","-0.15536765091655672","-0.24723222467522993","-0.06350307715788349"
"1","day","43.5177825","-0.15577777691692923","-0.24696079925795505","-0.06459475457590343"
"1","day","43.7280133333333","-0.15619128534986276","-0.24669623991204187","-0.06568633078768367"
"1","day","43.9382441666667","-0.15660807371740104","-0.24643848902026824","-0.06677765841453384"
"1","day","44.148475","-0.15702803952158734","-0.24618748738912713","-0.06786859165404754"
"1","day","44.3587058333333","-0.15745108026446542","-0.24594317426888607","-0.06895898626004478"
"1","day","44.5689366666667","-0.15787709344807915","-0.24570548737384673","-0.07004869952231159"
"1","day","44.7791675","-0.15830597657447168","-0.24547436290278934","-0.07113759024615403"
"1","day","44.9893983333333","-0.15873762714568684","-0.2452497355595854","-0.0722255187317883"
"1","day","45.1996291666667","-0.15917194266376844","-0.2450315385739651","-0.0733123467535718"
"1","day","45.40986","-0.15960882063075968","-0.24481970372242484","-0.07439793753909453"
"1","day","45.6200908333333","-0.16004815854870433","-0.24461416134925815","-0.07548215574815051"
"1","day","45.8303216666667","-0.16048985391964626","-0.2444148403876999","-0.07656486745159265"
"1","day","46.0405525","-0.16093380424562867","-0.24422166838116682","-0.0776459401100905"
"1","day","46.09","-0.16103854038297738","-0.244177118473321","-0.07789996229263377"
"1","day","46.2507833333333","-0.1613799070286953","-0.24403457150458263","-0.078725242552808"
"1","day","46.4610141666667","-0.16182805977089004","-0.24385347458577447","-0.07980264495600561"
"1","day","46.671245","-0.16227815997425604","-0.2436783011269278","-0.0808780188215843"
"1","day","46.8814758333333","-0.1627301051408371","-0.2435089733260873","-0.0819512369555869"
"1","day","47.0917066666667","-0.16318379277267714","-0.2433454120986926","-0.0830221734466617"
"1","day","47.3019375","-0.1636391203718192","-0.2431875370991359","-0.08409070364450252"
"1","day","47.5121683333333","-0.16409598544030715","-0.24303526674233084","-0.08515670413828347"
"1","day","47.7223991666667","-0.16455428548018486","-0.2428885182252819","-0.08622005273508782"
"1","day","47.93263","-0.1650139179934955","-0.24274720754864268","-0.0872806284383483"
"1","day","48.1428608333333","-0.16547478048228276","-0.24261124953825322","-0.0883383114263123"
"1","day","48.3530916666667","-0.16593677044859065","-0.24248055786664663","-0.08939298303053465"
"1","day","48.5633225","-0.16639978539446226","-0.24235504507451436","-0.09044452571441017"
"1","day","48.7735533333333","-0.16686372282194137","-0.24223462259212114","-0.09149282305176161"
"1","day","48.9837841666667","-0.16732848023307187","-0.24211920076066118","-0.09253775970548256"
"1","day","49.194015","-0.1677939551298969","-0.24200868885354504","-0.09357922140624875"
"1","day","49.4042458333333","-0.1682600450144603","-0.24190299509761026","-0.09461709493131033"
"1","day","49.6144766666667","-0.16872664738880586","-0.24180202669424683","-0.09565126808336487"
"1","day","49.8247075","-0.1691936597549768","-0.2417056898404299","-0.09668162966952369"
"1","day","50.0349383333333","-0.16966097961501692","-0.24161388974965117","-0.09770806948038266"
"1","day","50.2451691666667","-0.17012850447097005","-0.24152653067274288","-0.09873047826919723"
"1","day","50.4554","-0.17059613182487934","-0.24144351591858693","-0.09974874773117175"
"1","night","0.0","0.0","0.0","0.0"
"1","night","0.2096725","-0.0030032197866719304","-0.01401830135810959","0.008011861784765728"
"1","night","0.419345","-0.006004817011094872","-0.01802459998167605","0.006014965959486305"
"1","night","0.6290175","-0.009003169111019844","-0.022116755207004218","0.004110416984964529"
"1","night","0.83869","-0.011996653524197865","-0.026299425790864406","0.002306118742468676"
"1","night","1.0483625","-0.014983647688379943","-0.030577407845712935","0.0006101124689530495"
"1","night","1.258035","-0.01796252904131709","-0.0349555784436039","-0.0009694796390302823"
"1","night","1.4677075","-0.020931675020760324","-0.03943882744458675","-0.0024245225969338965"
"1","night","1.67738","-0.023889463064460666","-0.04403197660548725","-0.0037469495234340802"
"1","night","1.7725","-0.025227110143677435","-0.04615320702494851","-0.00430101326240636"
"1","night","1.8870525","-0.026834270610169117","-0.048739685143268666","-0.004928856077069568"
"1","night","2.096725","-0.0297644750956367","-0.05356634109677216","-0.005962609094501234"
"1","night","2.3063975","-0.03267845395861443","-0.0585159380578507","-0.006840969859378158"
"1","night","2.51607","-0.03557458463685331","-0.06359193713334277","-0.0075572321403638565"
"1","night","2.7257425","-0.03845124456810438","-0.06879711435741015","-0.008105374778798614"
"1","night","2.935415","-0.04130681119011863","-0.0741333942022631","-0.008480228177974156"
"1","night","3.1450875","-0.04413966194064708","-0.07960167033477014","-0.008677653546524007"
"1","night","3.35476","-0.04694817425744076","-0.08520161533465351","-0.008694733180228002"
"1","night","3.5644325","-0.049730725578250666","-0.09093148172126256","-0.008529969435238781"
"1","night","3.774105","-0.05248569334082781","-0.09678789732069193","-0.008183489360963699"
"1","night","3.9837775","-0.05521145498292322","-0.10276565872918944","-0.00765725123665701"
"1","night","4.19345","-0.05790638794228792","-0.10885752737344033","-0.006955248511135506"
"1","night","4.249","-0.05861500430264442","-0.11048946569472821","-0.006740542910560629"
"1","night","4.4031225","-0.06056897458979097","-0.11505458067467902","-0.006083368504902924"
"1","night","4.612795","-0.06319865758141407","-0.12135088188447911","-0.005046433278349041"
"1","night","4.8224675","-0.06579539466376688","-0.1277421554738259","-0.0038486338537078654"
"1","night","5.03214","-0.0683591484966838","-0.13422341076814748","-0.002494886225220108"
"1","night","5.2418125","-0.07088988173999926","-0.14078892836033535","-0.0009908351196631499"
"1","night","5.451485","-0.07338755705354766","-0.147432277171903","0.0006571630648076615"
"1","night","5.6611575","-0.07585213709716346","-0.15414633779893333","0.0024420636046064287"
"1","night","5.87083","-0.07828358453068102","-0.16092333198206507","0.004356162920703038"
"1","night","6.0805025","-0.08068186201393479","-0.16775485796379358","0.006391133935923984"
"1","night","6.290175","-0.0830469322067592","-0.1746319314238785","0.008538067010360126"
"1","night","6.4998475","-0.08537875776898864","-0.18154503161583924","0.010787516077861978"
"1","night","6.70952","-0.08767730136045757","-0.18848415226541476","0.013129549544499616"
"1","night","6.72","-0.08779131479601196","-0.18883148566282465","0.013248856070800716"
"1","night","6.9191925","-0.08994252564100036","-0.19543885673641176","0.015553805454411027"
"1","night","7.128865","-0.09217439327045145","-0.2023983369213557","0.018049550380452806"
"1","night","7.3385375","-0.09437286690864523","-0.209351475274426","0.02060574145713555"
"1","night","7.54821","-0.09653790921541616","-0.2162869093727951","0.023211090941962775"
"1","night","7.7578825","-0.09866948285059865","-0.223193098370005","0.02585413266880772"
"1","night","7.967555","-0.10076755047402709","-0.23005839069156414","0.02852328974350994"
"1","night","8.1772275","-0.10283207474553596","-0.23687109231850784","0.031206942827435913"
"1","night","8.3869","-0.10486301832495959","-0.24361953500908196","0.03389349835916278"
"1","night","8.5965725","-0.10686034387213246","-0.2502921438216401","0.036571456077375206"
"1","night","8.806245","-0.10882401404688898","-0.2568775033228588","0.039229475229080865"
"1","night","9.0159175","-0.11075399150906357","-0.263364421893875","0.04185643887574783"
"1","night","9.22559","-0.11265023891849062","-0.2697419935822622","0.04444151574528095"
"1","night","9.4352625","-0.11451271893500456","-0.27599965698911677","0.04697421911910768"
"1","night","9.64493499999999","-0.11634139421843973","-0.28212725072707856","0.04944446229019908"
"1","night","9.85460749999999","-0.1181362274286307","-0.2881150650359713","0.05184261017870992"
"1","night","10.06428","-0.11989718122541194","-0.2939538891970049","0.05415952674618098"
"1","night","10.2739525","-0.12162421826861766","-0.2996350544431949","0.05638661790595956"
"1","night","10.483625","-0.12331730121808235","-0.30515047212189894","0.05851586968573422"
"1","night","10.6932975","-0.12497639273364045","-0.3104926669242388","0.060539881456957906"
"1","night","10.735","-0.125302319344522","-0.31153393343203883","0.060929294742994855"
"1","night","10.90297","-0.12660145547512638","-0.3156548050548146","0.06245189410456181"
"1","night","11.1126425","-0.1281924521023745","-0.3206307172726969","0.06424581306794783"
"1","night","11.322315","-0.12974934527521936","-0.32541491679045986","0.06591622624002111"
"1","night","11.5319875","-0.13127209765349523","-0.3300026120713021","0.06745841676431164"
"1","night","11.74166","-0.13276067189703664","-0.33438971461450684","0.06886837082043354"
"1","night","11.9513325","-0.13421503066567791","-0.338572841866093","0.07014278053473716"
"1","night","12.161005","-0.13563513661925358","-0.3425493154340742","0.071279042195567"
"1","night","12.3706775","-0.13702095241759799","-0.3463171548259425","0.0722752499907465"
"1","night","12.58035","-0.1383724407205455","-0.34987506695958537","0.07313018551849435"
"1","night","12.7900225","-0.13968956418793063","-0.3532224317276357","0.07384330335177441"
"1","night","12.999695","-0.1409722854795878","-0.35635928391922","0.0744147129600444"
"1","night","13.2093675","-0.14222056725535132","-0.35928629182215","0.07484515731144739"
"1","night","13.41904","-0.1434343721750557","-0.36200473284292184","0.07513598849281045"
"1","night","13.6287125","-0.14461366289853536","-0.3645164664915487","0.07528914069447795"
"1","night","13.838385","-0.14575840208562468","-0.36682390508347285","0.07530710091222348"
"1","night","14.0480575","-0.14686855239615806","-0.3689299825118276","0.07519287771951152"
"1","night","14.25773","-0.14794407648997004","-0.3708381214404206","0.07494996846048049"
"1","night","14.4674025","-0.1489849370268949","-0.3725521992613403","0.07458232520755056"
"1","night","14.677075","-0.14999109666676708","-0.37407651315137247","0.07409431981783832"
"1","night","14.8867475","-0.15096251806942104","-0.37541574454882765","0.07349070840998553"
"1","night","15.09642","-0.15189916389469119","-0.37657492335731235","0.07277659556793001"
"1","night","15.3060925","-0.15280099680241196","-0.37755939216579326","0.07195739856096933"
"1","night","15.515765","-0.15366797945241772","-0.37837477075538894","0.0710388118505535"
"1","night","15.7254375","-0.15450007450454295","-0.37902692114306885","0.07002677213398295"
"1","night","15.93511","-0.15529724461862196","-0.3795219133911635","0.06892742415391959"
"1","night","16.1447825","-0.15605945245448935","-0.379865992389673","0.06774708748069427"
"1","night","16.354455","-0.15678666067197933","-0.3800655457961042","0.06649222445214553"
"1","night","16.5641275","-0.1574788319309265","-0.3801270732952696","0.06516940943341662"
"1","night","16.7738","-0.15813592889116515","-0.3800571573194067","0.06378529953707643"
"1","night","16.9834725","-0.15875791421252977","-0.3798624353473999","0.06234660692234034"
"1","night","17.193145","-0.1593447505548547","-0.37954957388096483","0.060860072771255436"
"1","night","17.4028175","-0.15989640057797447","-0.379125244175646","0.05933244301969709"
"1","night","17.61249","-0.1604128269417234","-0.3785960997854786","0.057770445902031814"
"1","night","17.8221625","-0.16089399230593598","-0.37796875596234414","0.05618077135047217"
"1","night","18.031835","-0.16133985933044656","-0.37724977093449413","0.05457005227360101"
"1","night","18.2415075","-0.16175039067508964","-0.3764456290735192","0.052944847723339905"
"1","night","18.45118","-0.16212554899969955","-0.3755627259452349","0.05131162794583577"
"1","night","18.6608525","-0.16246529696411077","-0.37460735522760835","0.049676761299386835"
"1","night","18.870525","-0.1627695972281577","-0.3735856974679458","0.048046503011630354"
"1","night","19.0801975","-0.16303841245167475","-0.37250381064210936","0.04642698573875989"
"1","night","19.28987","-0.16327170529449636","-0.3713676224705263","0.04482421188153357"
"1","night","19.4995425","-0.1634694384164569","-0.37018292443913126","0.04324404760621747"
"1","night","19.709215","-0.16363157447739085","-0.3689553674681401","0.041692218513358414"
"1","night","19.9188875","-0.16375807613713259","-0.3676904591676058","0.040174306893340644"
"1","night","20.12856","-0.16384890605551652","-0.3663935626160138","0.03869575050498075"
"1","night","20.3382325","-0.16390402689237707","-0.3650698965966747","0.037261842811920576"
"1","night","20.547905","-0.16392340130754873","-0.36372453722627895","0.03587773461118149"
"1","night","20.7575775","-0.16390699196086583","-0.36236242091064846","0.0345484369889168"
"1","night","20.96725","-0.16385476151216283","-0.3609883485643778","0.033278825540052154"
"1","night","21.1769225","-0.16376667262127412","-0.3596069910336186","0.03207364579107036"
"1","night","21.386595","-0.16364268794803413","-0.3582228956646959","0.03093751976862763"
"1","night","21.5962675","-0.16348277015227727","-0.3568404939654637","0.02987495366090917"
"1","night","21.80594","-0.163286881893838","-0.355464110311278","0.028890346523602006"
"1","night","21.9045","-0.16318236246659545","-0.3548204037922587","0.0284556788590678"
"1","night","22.0156125","-0.16305499335176418","-0.3540978490470693","0.027987862343540976"
"1","night","22.225285","-0.16278722556459496","-0.3527432856859509","0.027168834556760973"
"1","night","22.4349575","-0.1624838390954873","-0.3513997315228986","0.02643205333192397"
"1","night","22.64463","-0.16214509975550057","-0.35006645250924706","0.02577625299824593"
"1","night","22.8543025","-0.16177127335569383","-0.34874275384727915","0.025200207135891523"
"1","night","23.063975","-0.1613626257071264","-0.3474279785402028","0.024702727125950036"
"1","night","23.2736475","-0.16091942262085754","-0.3461215060043955","0.024282660762680458"
"1","night","23.48332","-0.16044192990794645","-0.3448227507409698","0.023938890925076867"
"1","night","23.6929925","-0.15993041337945244","-0.34353116106385784","0.023670334304952995"
"1","night","23.902665","-0.15938513884643465","-0.3422462178817526","0.02347594018888327"
"1","night","24.1123375","-0.15880637211995244","-0.34096743353137493","0.023354689291470027"
"1","night","24.32201","-0.15819437901106495","-0.3396943506596597","0.02330559263752982"
"1","night","24.5316825","-0.1575494253308314","-0.33842654115257226","0.023327690490909436"
"1","night","24.741355","-0.15687177689031123","-0.3371636051083766","0.023420051327754127"
"1","night","24.9510275","-0.15616169950056347","-0.33590516985328256","0.023581770852155653"
"1","night","25.1607","-0.15541945897264742","-0.3346508889975019","0.02381197105220706"
"1","night","25.3703725","-0.15464532111762233","-0.3334004415298291","0.024109799294584455"
"1","night","25.580045","-0.15383955174654754","-0.3321535309489657","0.024474427455870612"
"1","night","25.7897175","-0.15300241667048212","-0.3309098844298751","0.024905051088910918"
"1","night","25.99939","-0.15213418170048545","-0.3296692520235526","0.02540088862258169"
"1","night","26.2090625","-0.15123511264761663","-0.32843140588865394","0.025961180593420646"
"1","night","26.418735","-0.1503054753229351","-0.3271961395535138","0.02658518890764358"
"1","night","26.6284075","-0.14934553553749993","-0.32596326720714053","0.027272196132140658"
"1","night","26.83808","-0.14835555910237042","-0.324732623017847","0.028021504813106196"
"1","night","27.0477525","-0.14733581182860583","-0.323504060478235","0.028832436821023294"
"1","night","27.257425","-0.14628655952726538","-0.32227745177530753","0.029704332720776744"
"1","night","27.4670975","-0.14520806800940833","-0.3210526871845439","0.03063655116572722"
"1","night","27.67677","-0.14410060308609393","-0.3198296744868167","0.031628468314628844"
"1","night","27.8864425","-0.14296443056838135","-0.31860833840708647","0.0326794772703238"
"1","night","28.096115","-0.1417998162673299","-0.31738862007385304","0.03378898753919321"
"1","night","28.3057875","-0.1406070259939988","-0.31617047649838786","0.03495642451039027"
"1","night","28.51546","-0.13938632555944738","-0.31495388007281466","0.0361812289539199"
"1","night","28.7251325","-0.13813798077473474","-0.3137388180861441","0.03746285653667461"
"1","night","28.934805","-0.13686225745092015","-0.3125252922574082","0.03880077735556792"
"1","night","29.1444775","-0.1355594213990629","-0.31131331828507625","0.040194475486950404"
"1","night","29.35415","-0.13422973843022226","-0.3101029254119643","0.0416434485515198"
"1","night","29.5638225","-0.13287347435545738","-0.30889415600489056","0.04314720729397578"
"1","night","29.773495","-0.13149089498582756","-0.30768706514835076","0.04470527517669562"
"1","night","29.9831675","-0.1300822661323921","-0.3064817202515246","0.046317187986740394"
"1","night","30.19284","-0.12864785360621006","-0.3052782006679471","0.04798249345552699"
"1","night","30.4025125","-0.12718792321834088","-0.30407659732720904","0.04970075089052731"
"1","night","30.612185","-0.1257027407798437","-0.30287701237806985","0.05147153081838246"
"1","night","30.8218575","-0.12419257210177778","-0.30167955884239905","0.05329441463884352"
"1","night","31.03153","-0.12265768299520236","-0.3004843602793755","0.05516899428897076"
"1","night","31.2412025","-0.12109833927117666","-0.2992915504594026","0.057094871917049234"
"1","night","31.450875","-0.11951480674075997","-0.2981012730472124","0.05907165956569245"
"1","night","31.6605475","-0.1179073512150115","-0.29691368129365675","0.061098978863633746"
"1","night","31.87022","-0.11627623850499053","-0.29572893773569553","0.06317646072571448"
"1","night","32.0798925","-0.11462173442175619","-0.2945472139041154","0.06530374506060302"
"1","night","32.289565","-0.11294410477636782","-0.2933686900385259","0.06748048048579025"
"1","night","32.4992375","-0.11124361537988475","-0.2921935548091961","0.06970632404942662"
"1","night","32.66507","-0.1098826631233712","-0.2912666555675858","0.07150132932084341"
"1","night","32.70891","-0.10952053204336598","-0.29102200504531045","0.07198094095857849"
"1","night","32.9185825","-0.10777512057787098","-0.2898542454692379","0.0743040043134959"
"1","night","33.128255","-0.10600764679445887","-0.2886904884364184","0.07667519484750066"
"1","night","33.3379275","-0.10421837650418897","-0.28753095368048986","0.07909420067211193"
"1","night","33.5476","-0.10240757551812037","-0.2863758680632844","0.08156071702704366"
"1","night","33.7572725","-0.1005755096473125","-0.28522546532933996","0.08407444603471496"
"1","night","33.966945","-0.09872244470282449","-0.28407998586458094","0.08663509645893197"
"1","night","34.1766175","-0.09684864649571566","-0.2829396764588348","0.08924238346740344"
"1","night","34.38629","-0.09495438083704513","-0.28180479007186016","0.09189602839776989"
"1","night","34.5959625","-0.09303991353787226","-0.28067558560257333","0.09459575852682882"
"1","night","34.805635","-0.09110551040925621","-0.279552327661167","0.09734130684265457"
"1","night","35.0153075","-0.08915143726225629","-0.27843528634382686","0.1001324118193143"
"1","night","35.22498","-0.08717795990793166","-0.27732473700975874","0.1029688171938954"
"1","night","35.4346525","-0.08518534415734169","-0.27622096006024777","0.10585027174556438"
"1","night","35.644325","-0.08317385582154549","-0.27512424071947744","0.10877652907638646"
"1","night","35.8539975","-0.08114376071160238","-0.2740348688168474","0.11174734739364263"
"1","night","36.06367","-0.07909532463857157","-0.2729531385705327","0.1147624892933896"
"1","night","36.2733425","-0.0770288134135123","-0.2718793483720357","0.11782172154501112"
"1","night","36.483015","-0.07494449284748379","-0.2708138005714894","0.1209248148765218"
"1","night","36.6926875","-0.0728426287515454","-0.269756801263477","0.12407154376038623"
"1","night","36.90236","-0.0707234869367562","-0.2687086600731373","0.12726168619962494"
"1","night","37.1120325","-0.06858733321417562","-0.26766968994233564","0.1304950235139844"
"1","night","37.321705","-0.06643443339486269","-0.26664020691568047","0.13377134012595512"
"1","night","37.5313775","-0.0642650532898768","-0.2656205299261797","0.13709042334642607"
"1","night","37.74105","-0.06207945871027713","-0.2646109805803262","0.140452063159772"
"1","night","37.9507225","-0.05987791546712304","-0.26361188294241866","0.14385605200817259"
"1","night","38.160395","-0.05766068937147356","-0.26262356331791903","0.1473021845749719"
"1","night","38.3700675","-0.05542804623438814","-0.2616463500356641","0.1507902575668878"
"1","night","38.57974","-0.05318025186692586","-0.2606805732287426","0.15432006949489085"
"1","night","38.7894125","-0.05091757208014608","-0.2597265646138657","0.1578914204535735"
"1","night","38.999085","-0.04864027268510794","-0.25878465726905475","0.16150411189883884"
"1","night","39.2087575","-0.04634861949287081","-0.2578551854094831","0.1651579464237415"
"1","night","39.41843","-0.044042878314493786","-0.25693848416130743","0.1688527275323199"
"1","night","39.6281025","-0.04172331496103625","-0.25603488933333585","0.17258825941126338"
"1","night","39.837775","-0.039390195243557316","-0.2551447371863784","0.17636434669926382"
"1","night","40.0474475","-0.037043784973116334","-0.254268364200139","0.18018079425390635"
"1","night","40.25712","-0.03468434996077245","-0.25340610683750403","0.1840374069159591"
"1","night","40.4667925","-0.03231215601758501","-0.2525583013060975","0.18793398927092753"
"1","night","40.676465","-0.02992746895461315","-0.25172528331697147","0.19187034540774517"
"1","night","40.8861375","-0.0275305545829162","-0.2509073878403084","0.19584627867447604"
"1","night","41.09581","-0.025121678713553322","-0.250104948858019","0.19986159143091237"
"1","night","41.3054825","-0.022701107157583875","-0.24931829911312348","0.20391608479795575"
"1","night","41.515155","-0.02026910572606694","-0.24854776985580906","0.2080095584036752"
"1","night","41.7248275","-0.0178259402300618","-0.2477936905860666","0.21214181012594302"
"1","night","41.9345","-0.015371876480627863","-0.24705638879281056","0.2163126358315548"
"1","night","42.1441725","-0.012907180288824191","-0.24633618968939475","0.2205218291117464"
"1","night","42.353845","-0.010432117465710142","-0.2456334159454458","0.2247691810140255"
"1","night","42.5635175","-0.007946953822344796","-0.24494838741493785","0.22905447977024823"
"1","night","42.77319","-0.005451955169787623","-0.24428142086044324","0.23337751052086797"
"1","night","42.9828625","-0.002947387319097619","-0.24363282967349548","0.2377380550353002"
"1","night","43.192535","-0.0004335160813342537","-0.24300292359101677","0.2421358914283483"
"1","night","43.4022075","0.002089392732443421","-0.24239200840776076","0.24657079387264763"
"1","night","43.61188","0.004621073311175991","-0.2418003856847336","0.2510425323070856"
"1","night","43.8215525","0.0071612598438044045","-0.24122835245356417","0.255550872141173"
"1","night","44.031225","0.00970968651926922","-0.24067620091680186","0.26009557395534033"
"1","night","44.2408975","0.012266087526511371","-0.2401442181441258","0.26467639319714853"
"1","night","44.45057","0.014830197054471472","-0.239632685764465","0.26929307987340795"
"1","night","44.6602425","0.017401749292090415","-0.23914187965402955","0.2739453782382104"
"1","night","44.869915","0.019980478428308787","-0.238672069620268","0.2786330264768856"
"1","night","45.0795875","0.022566118652067577","-0.23822351908177208","0.28335575638590726"
"1","night","45.28926","0.02515840415230733","-0.23779648474416212","0.28811329304877675"
"1","night","45.4989325","0.02775706911796895","-0.23739121627199544","0.2929053545079333"
"1","night","45.708605","0.030361847737993053","-0.23700795595674645","0.29773165143273256"
"1","night","45.9182775","0.032972474201320545","-0.23664693838092504","0.30259188678356613"
"1","night","46.12795","0.035588682696892054","-0.23630839007840623","0.30748575547219037"
"1","night","46.3376225","0.038210207413648486","-0.23599252919105096","0.31241294401834796"
"1","night","46.547295","0.04083678254053043","-0.2356995651217193","0.31737313020278013"
"1","night","46.705","0.042815526110203145","-0.23549442147698293","0.3211254736973892"
"1","night","46.7569675","0.04346814226647881","-0.23542969818378012","0.3223659827167378"
"1","night","46.96664","0.04610402078043421","-0.2351831192472376","0.32739116080810604"
"1","night","47.1763125","0.04874415227133758","-0.23496000938160314","0.3324483139242783"
"1","night","47.385985","0.05138827092812951","-0.23476053949566147","0.3375370813519205"
"1","night","47.5956575","0.05403611093975087","-0.2345848699742813","0.342657091853783"
"1","night","47.80533","0.05668740649514231","-0.23443315031244472","0.34780796330272934"
"1","night","48.0150025","0.059341891783244734","-0.23430551874667604","0.3529893023131655"
"1","night","48.224675","0.061999300992998746","-0.23420210188406562","0.3582007038700631"
"1","night","48.4343475","0.06465936831334526","-0.2341230143290999","0.36344175095579045"
"1","night","48.64402","0.06732182793322487","-0.2340683583085214","0.3687120141749712"
"1","night","48.8536925","0.06998641404157846","-0.23403822329445706","0.374011051377614"
"1","night","49.063365","0.07265286082734669","-0.23403268562606766","0.379338407280761"
"1","night","49.2730375","0.07532090247947047","-0.23405180812998505","0.384693613088926"
"1","night","49.48271","0.07799027318689036","-0.23409563973982353","0.3900761861136043"
"1","night","49.6923825","0.08066070713854731","-0.23416421511505883","0.3954856293921535"
"1","night","49.902055","0.08333193852338189","-0.23425755425958983","0.4009214313063536"
"1","night","50.1117275","0.08600370153033504","-0.23437566214031325","0.40638306520098333"
"1","night","50.3214","0.08867573034834733","-0.23451852830605416","0.41186998900274885"
"2","compound","0.0","0.0","0.0","0.0"
"2","compound","0.296852326388889","-0.001081158812973985","-0.028182691938208305","0.026020374312260335"
"2","compound","0.593704652777778","-0.0021608841617788213","-0.03059480763701674","0.026273039313459097"
"2","compound","0.890556979166666","-0.0032377425822453666","-0.03306535391935404","0.026589868754863306"
"2","compound","1.18740930555556","-0.00431030061020449","-0.035593293235951305","0.026972692015542327"
"2","compound","1.48426163194444","-0.005377124781486984","-0.03817725878229905","0.027423009219325084"
"2","compound","1.78111395833333","-0.0064367816319237815","-0.04081551167205346","0.0279419484082059"
"2","compound","2.07796628472222","-0.007487837697345704","-0.04350589665734287","0.028530221262651458"
"2","compound","2.37481861111111","-0.008528859513583597","-0.046245796838726164","0.029188077811558966"
"2","compound","2.475","-0.008877665732721012","-0.0471810963986716","0.029425764933229574"
"2","compound","2.6716709375","-0.009558413616468331","-0.049032087899184285","0.029915260666247626"
"2","compound","2.96852326388889","-0.010575066541830746","-0.051861092492337786","0.03071095940867629"
"2","compound","3.26537559027778","-0.011577384825501701","-0.05472853551338361","0.03157376586238021"
"2","compound","3.56222791666667","-0.012563935003312047","-0.057629501079943316","0.032501631073319215"
"2","compound","3.85908024305555","-0.013533283611092607","-0.06055839214660091","0.03349182492441569"
"2","compound","4.15593256944444","-0.014483997184674307","-0.0635088937684564","0.03454089939910779"
"2","compound","4.45278489583333","-0.015414642259887956","-0.06647394111219065","0.035644656592414746"
"2","compound","4.74963722222222","-0.016323785372564414","-0.0694456933842406","0.036798122639111766"
"2","compound","5.04648954861111","-0.01720999305853453","-0.07241551490069573","0.037995528783626664"
"2","compound","5.343341875","-0.018071831853629185","-0.07537396455821838","0.03923030085096001"
"2","compound","5.64019420138889","-0.018907868293679193","-0.07831079497528198","0.040495058387923596"
"2","compound","5.93704652777778","-0.019716668914515425","-0.08121496255396268","0.041781624724931826"
"2","compound","5.99000000000001","-0.019857973434763296","-0.08172869430772005","0.04201274743819346"
"2","compound","6.23389885416666","-0.020496959498026185","-0.08407536104490058","0.043081442048848215"
"2","compound","6.53075118055555","-0.021248564370721524","-0.08688524753413146","0.04438811879268842"
"2","compound","6.72","-0.021712884993587984","-0.0886480719564513","0.04522230196927534"
"2","compound","6.82760350694444","-0.02197177114810074","-0.08963991598875615","0.045696373692554665"
"2","compound","7.12445583333333","-0.022666869075419732","-0.09233476810043431","0.04700102994959485"
"2","compound","7.42130815972222","-0.02333414739793435","-0.09496533227318447","0.04829703747731577"
"2","compound","7.71816048611111","-0.023973895360900475","-0.09752728847928978","0.049579497757488836"
"2","compound","8.0150128125","-0.024586402209573983","-0.10001649169763183","0.05084368727848385"
"2","compound","8.31186513888889","-0.025171957189210736","-0.10242899376431136","0.05208507938588988"
"2","compound","8.60871746527777","-0.025730849545066586","-0.10476106348673087","0.05329936439659769"
"2","compound","8.90556979166666","-0.02626336852239745","-0.10700920489467135","0.05448246784987644"
"2","compound","9.20242211805555","-0.02676980336645917","-0.10917017352492625","0.0556305667920079"
"2","compound","9.49927444444444","-0.027250443322507645","-0.11124099065943768","0.05674010401442239"
"2","compound","9.79612677083333","-0.02770557763579873","-0.11321895546025065","0.0578078001886532"
"2","compound","10.0929790972222","-0.02813549555158826","-0.11510165496767485","0.05883066386449834"
"2","compound","10.3898314236111","-0.028540486315132195","-0.11688697195049824","0.05980599932023386"
"2","compound","10.68668375","-0.028920839171686367","-0.1185730906186817","0.06073141227530897"
"2","compound","10.9835360763889","-0.029276843366506645","-0.12015850022943064","0.06160481349641736"
"2","compound","11.2803884027778","-0.029608788144848873","-0.12164199663667469","0.06242442034697695"
"2","compound","11.5772407291667","-0.029916962751968947","-0.12302268185161884","0.06318875634768094"
"2","compound","11.8740930555556","-0.03020165643312275","-0.12429996169800918","0.06389664883176367"
"2","compound","12.1709453819444","-0.03046315843356606","-0.12547354165997177","0.06454722479283964"
"2","compound","12.4677977083333","-0.030701757998554915","-0.1265434210326616","0.06513990503555178"
"2","compound","12.48609375","-0.030715720944960074","-0.12660597368329338","0.06517453179337324"
"2","compound","12.7646500347222","-0.030917744373345116","-0.1275098854964335","0.06567439674974325"
"2","compound","13.0615023611111","-0.03111140680319252","-0.1283734982438416","0.06615068463745656"
"2","compound","13.3583546875","-0.031283034533353","-0.12913508979544602","0.06656902072874002"
"2","compound","13.6552070138889","-0.03143291680908243","-0.12979574664524196","0.06692991302707711"
"2","compound","13.9520593402778","-0.03156134287563671","-0.13035679887956048","0.06723411312828705"
"2","compound","14.2489116666667","-0.03166860197827168","-0.13081980691461395","0.0674826029580706"
"2","compound","14.5457639930556","-0.03175498336224321","-0.13118654749757142","0.067676580773085"
"2","compound","14.8426163194444","-0.03182077627280716","-0.13145899911426645","0.06781744656865214"
"2","compound","15.1394686458333","-0.03186626995521946","-0.13163932694348665","0.06790678703304773"
"2","compound","15.4363209722222","-0.03189175365473594","-0.13172986749340992","0.06794636018393804"
"2","compound","15.7331732986111","-0.03189751661661249","-0.13173311305028007","0.0679380798170551"
"2","compound","16.030025625","-0.03188384808610499","-0.13165169606299348","0.06788399989078349"
"2","compound","16.3268779513889","-0.03185103730846928","-0.13148837358005455","0.067786298963116"
"2","compound","16.6237302777778","-0.03179937352896123","-0.1312460118474951","0.06764726478957264"
"2","compound","16.9205826041667","-0.03172914599283675","-0.1309275711679724","0.06746927918229892"
"2","compound","17.2174349305555","-0.031640643945351724","-0.13053609111252162","0.06725480322181816"
"2","compound","17.5142872569444","-0.03153415663176198","-0.13007467616744725","0.06700636290392328"
"2","compound","17.8111395833333","-0.03140997329732337","-0.1295464818897386","0.06672653529509186"
"2","compound","18.1079919097222","-0.03126838318729183","-0.1289547016352788","0.06641793526069514"
"2","compound","18.4048442361111","-0.03110967554692321","-0.12830255391511539","0.06608320282126898"
"2","compound","18.7016965625","-0.030934139621473362","-0.12759327042623775","0.06572499118329102"
"2","compound","18.9985488888889","-0.030742064656198175","-0.1268300847947668","0.06534595548237043"
"2","compound","19.2954012152778","-0.03053373989635353","-0.12601622206126958","0.06494874226856251"
"2","compound","19.5922535416667","-0.03030945458719528","-0.12515488893012164","0.06453597975573108"
"2","compound","19.8891058680556","-0.030069497973979297","-0.12424926479751705","0.06411026884955845"
"2","compound","20.1859581944444","-0.029814159301961574","-0.12330249356589416","0.06367417496197102"
"2","compound","20.4828105208333","-0.02954372781639778","-0.12231767624624712","0.06323022061345154"
"2","compound","20.7796628472222","-0.02925849276254388","-0.12129786434405199","0.06278087881896424"
"2","compound","21.0765151736111","-0.02895874338565574","-0.12024605401934302","0.06232856724803154"
"2","compound","21.3733675","-0.028644768930989245","-0.11916518100687386","0.06187564314489537"
"2","compound","21.6702198263889","-0.028316858643800263","-0.118058116278246","0.061424398990645473"
"2","compound","21.9670721527778","-0.027975301769344665","-0.11692766242440934","0.06097705888572001"
"2","compound","22.2639244791667","-0.027620387552878326","-0.11577655073399835","0.06053577562824171"
"2","compound","22.5607768055555","-0.027252405239657246","-0.11460743894056744","0.060102628461252944"
"2","compound","22.8576291319444","-0.02687164407493704","-0.11342290960988381","0.05967962146000973"
"2","compound","23.1544814583333","-0.026478393303973707","-0.1122254691370331","0.05926868252908568"
"2","compound","23.4513337847222","-0.02607294217202313","-0.11101754732212062","0.05887166297807435"
"2","compound","23.7481861111111","-0.025655579924341167","-0.1098014974928366","0.05849033764415426"
"2","compound","24.0450384375","-0.0252265958061837","-0.10857959714201282","0.05812640552964541"
"2","compound","24.3418907638889","-0.024786279062806598","-0.1073540490485391","0.05778149092292589"
"2","compound","24.6387430902778","-0.02433491893946574","-0.10612698285058272","0.05745714497165125"
"2","compound","24.9355954166667","-0.023872804681416983","-0.10490045704093567","0.057154847678101715"
"2","compound","25.2324477430556","-0.02340022553391621","-0.10367646135547931","0.05687601028764688"
"2","compound","25.5293000694444","-0.022917470742219455","-0.1024569195271699","0.05662197804273098"
"2","compound","25.8261523958333","-0.022424829551582273","-0.10124369237958696","0.05639403327642241"
"2","compound","26.1230047222222","-0.021922591207260693","-0.10003858123594037","0.05619339882141897"
"2","compound","26.4198570486111","-0.021411044954510582","-0.09884333162143945","0.05602124171241828"
"2","compound","26.716709375","-0.020890480038587816","-0.0976596372391317","0.05587867716195606"
"2","compound","27.0135617013889","-0.020361185704748267","-0.0964891442016375","0.05576677279214097"
"2","compound","27.3104140277778","-0.019823451198247813","-0.09533345550367509","0.05568655310717946"
"2","compound","27.6072663541667","-0.019277565764342315","-0.09419413572284849","0.05563900419416385"
"2","compound","27.9041186805555","-0.018723818648287854","-0.0930727159388669","0.05562507864229119"
"2","compound","28.2009710069444","-0.01816249909533991","-0.09197069886415864","0.05564570067347881"
"2","compound","28.4978233333333","-0.01759389635075454","-0.090889564181755","0.05570177148024592"
"2","compound","28.7946756597222","-0.017018299659787635","-0.08983077408931567","0.05579417476974039"
"2","compound","29.0915279861111","-0.016435998267695054","-0.08879577905129792","0.05592378251590781"
"2","compound","29.3883803125","-0.015847281419732667","-0.08778602376450331","0.05609146092503797"
"2","compound","29.6852326388889","-0.015252438361156355","-0.08680295334560575","0.05629807662329305"
"2","compound","29.9820849652778","-0.01465175833722198","-0.08584801975277592","0.05654450307833197"
"2","compound","30.2789372916667","-0.014045530593185434","-0.08492268845719902","0.05683162727082816"
"2","compound","30.5757896180555","-0.013434044374302772","-0.08402844538415011","0.05716035663554456"
"2","compound","30.8726419444444","-0.012817588925829472","-0.08316680414737625","0.0575316262957173"
"2","compound","31.1694942708333","-0.012196453493021602","-0.08233931360488136","0.05794640661883815"
"2","compound","31.4663465972222","-0.011570927321135049","-0.08154756576882648","0.05840571112655638"
"2","compound","31.7631989236111","-0.010941299655425667","-0.0807932041072369","0.05891060479638555"
"2","compound","31.7807576271187","-0.010903935158768795","-0.08074979128563922","0.058941920968101635"
"2","compound","32.06005125","-0.010307823554564804","-0.08007762445360181","0.0594619773444722"
"2","compound","32.3569035763889","-0.009670579163896633","-0.07940082245516442","0.060059664127371154"
"2","compound","32.6537559027778","-0.009029595039994799","-0.07876243273735449","0.06070324265736489"
"2","compound","32.9506082291667","-0.00838489973044125","-0.0781621666501005","0.061392367189218006"
"2","compound","33.2474605555555","-0.007736521782818105","-0.07759981041949143","0.062126766853855216"
"2","compound","33.5443128819444","-0.0070844897447068815","-0.07707522345984359","0.06290624397042983"
"2","compound","33.8411652083333","-0.006428832163689736","-0.07658833691170772","0.06373067258432824"
"2","compound","34.1380175347222","-0.005769577587348607","-0.07613915239586085","0.06459999722116362"
"2","compound","34.4348698611111","-0.005106754563265427","-0.07572774097434229","0.06551423184781144"
"2","compound","34.7317221875","-0.004440391639022155","-0.07535424231053632","0.06647345903249201"
"2","compound","35.0285745138889","-0.0037705173622006836","-0.07501886402118148","0.0674778292967801"
"2","compound","35.3254268402778","-0.0030971602803829667","-0.07472188121401695","0.06852756065325101"
"2","compound","35.6222791666667","-0.002420348941150955","-0.07446363620554741","0.06962293832324551"
"2","compound","35.9191314930555","-0.0017401118920867976","-0.07424453841414036","0.07076431462996677"
"2","compound","36.2159838194444","-0.0010564776807719736","-0.07406506442435451","0.07195210906281055"
"2","compound","36.5128361458333","-0.00036947485478868933","-0.07392575821905309","0.0731868085094757"
"2","compound","36.8096884722222","0.00032086803828118224","-0.07382723157646831","0.07446896765303068"
"2","compound","37.1065407986111","0.0010145224508556795","-0.07377016462997385","0.0757992095316852"
"2","compound","37.403393125","0.001711459835352848","-0.07375530658888016","0.07717822625958587"
"2","compound","37.7002454513889","0.002411651644190778","-0.07378347661910434","0.07860677990748588"
"2","compound","37.9970977777778","0.0031150693297875218","-0.0738555648830794","0.08008570354265446"
"2","compound","38.2939501041666","0.003821684344560882","-0.07397253373876479","0.08161590242788656"
"2","compound","38.5908024305555","0.004531468140929432","-0.07413541909809637","0.08319835537995524"
"2","compound","38.8876547569444","0.005244392171311001","-0.0743453319456803","0.08483411628830231"
"2","compound","39.1845070833333","0.0059604278881236275","-0.0746034600189836","0.08652431579523087"
"2","compound","39.4813594097222","0.006679546743785382","-0.07491106965171804","0.08827016313928882"
"2","compound","39.7782117361111","0.007401720190714341","-0.07526950778254132","0.09007294816396999"
"2","compound","40.0750640625","0.008126919681328532","-0.07568020413162553","0.0919340434942826"
"2","compound","40.3719163888889","0.00885511666804607","-0.07614467354805902","0.09385490688415117"
"2","compound","40.6687687152778","0.009586282603284993","-0.07666451853146024","0.09583708373803022"
"2","compound","40.9656210416667","0.010320388939463361","-0.07724143193158989","0.0978822098105166"
"2","compound","41.2624733680555","0.011057407128998997","-0.0778771998301566","0.0999920140881546"
"2","compound","41.5593256944444","0.011797308624310436","-0.07857370460941374","0.10216832185803462"
"2","compound","41.8561780208333","0.012540064877815539","-0.0793329282125475","0.10441305796817857"
"2","compound","42.1530303472222","0.01328564734193233","-0.08015695560126926","0.10672825028513391"
"2","compound","42.4498826736111","0.014034027469078898","-0.0810479784164217","0.1091160333545795"
"2","compound","42.746735","0.0147851767116733","-0.08200829884782433","0.11157865227117093"
"2","compound","43.0435873263889","0.015539066522133597","-0.08304033371999248","0.11411846676425966"
"2","compound","43.3404396527778","0.01629566835287785","-0.08414661880077892","0.11673795550653462"
"2","compound","43.6372919791666","0.017054953656323854","-0.08532981334040891","0.11943972065305662"
"2","compound","43.9341443055555","0.01781689388489021","-0.08659270484880424","0.12222649261858465"
"2","compound","44.2309966319444","0.018581460490994704","-0.08793821411951414","0.12510113510150353"
"2","compound","44.5278489583333","0.019348624927055427","-0.0893694005090212","0.12806665036313206"
"2","compound","44.8247012847222","0.020118358645490428","-0.09088946748061717","0.13112618477159804"
"2","compound","45.1215536111111","0.020890633098717762","-0.09250176842250184","0.13428303461993735"
"2","compound","45.4184059375","0.02166541973915548","-0.09420981275020723","0.1375406522285182"
"2","compound","45.7152582638889","0.02244269001922168","-0.09601727230391792","0.14090265234236127"
"2","compound","46.0121105902778","0.02322241539133442","-0.09792798805172068","0.14437281883438952"
"2","compound","46.3089629166667","0.02400456730791175","-0.09994597711029812","0.1479551117261216"
"2","compound","46.6058152430555","0.02478911722137147","-0.102075440095064","0.15165367453780695"
"2","compound","46.9026675694444","0.025576036584132163","-0.10432076881223068","0.155472841980495"
"2","compound","47.1995198958333","0.02636529684861165","-0.10668655430578779","0.1594171480030111"
"2","compound","47.4963722222222","0.02715686946722799","-0.10917759527289679","0.16349133420735276"
"2","compound","47.7932245486111","0.02795072589239924","-0.11179890686169555","0.16770035864649405"
"2","compound","48.090076875","0.028746837576543477","-0.1145557298660411","0.17204940501912805"
"2","compound","48.3869292013889","0.029545175972078744","-0.11745354033223622","0.17654389227639372"
"2","compound","48.4850000000001","0.02980940666971436","-0.11844283933949047","0.17806165267891919"
"2","compound","48.6837815277778","0.03034571253142311","-0.1204980595933162","0.18118948465616241"
"2","compound","48.9806338541667","0.031148418706994627","-0.12369526474700711","0.18599210216099638"
"2","compound","49.2774861805555","0.031953265951211125","-0.1270513995940026","0.19095793149642484"
"2","compound","49.5743385069444","0.032760225716491176","-0.13057298605375606","0.1960934374867384"
"2","compound","49.8711908333333","0.0335692694552526","-0.13426683607550347","0.20140537498600866"
"2","compound","50.1680431597222","0.03438036861991343","-0.1381400640628161","0.20690080130264293"
"2","compound","50.4648954861111","0.03519349466289173","-0.14220009983048454","0.212587089156268"
"2","compound","50.7617478125","0.036008619036605606","-0.14645470211310313","0.21847194018631433"
"2","compound","51.0586001388889","0.03682571319347309","-0.1509119726452496","0.22456339903219577"
"2","compound","51.3554524652778","0.03764474858591224","-0.1555803708336925","0.23086986800551698"
"2","compound","51.6523047916667","0.03846569666634115","-0.1604687290425821","0.2374001223752644"
"2","compound","51.9491571180555","0.03928852888717757","-0.16558626851309122","0.24416332628744636"
"2","compound","52.2460094444444","0.040113216700840094","-0.1709426159394966","0.2511690493411768"
"2","compound","52.5428617708333","0.040939731559746596","-0.17654782072413516","0.25842728384362834"
"2","compound","52.8397140972222","0.04176804491631507","-0.18241237293420792","0.26594846276683803"
"2","compound","53.1365664236111","0.04259812822296362","-0.1885472219837966","0.27374347842972385"
"2","compound","53.43341875","0.043429952932110286","-0.19496379606492015","0.2818237019291407"
"2","compound","53.7302710763889","0.04426349049617314","-0.2016740223518482","0.29020100334419446"
"2","compound","54.0271234027778","0.0450987123675702","-0.20869034800326566","0.29888777273840605"
"2","compound","54.3239757291666","0.04593558999871932","-0.2160257619872119","0.30789694198465056"
"2","compound","54.6208280555555","0.046774094842039114","-0.22369381775403283","0.31724200743811104"
"2","compound","54.9176803819444","0.047614198349947325","-0.23170865678278854","0.3269370534826832"
"2","compound","55.2145327083333","0.04845587197486204","-0.24008503302684706","0.33699677697657116"
"2","compound","55.5113850347222","0.04929908716920134","-0.24883833828445923","0.3474365126228619"
"2","compound","55.8082373611111","0.050143815385383234","-0.25798462852024795","0.35827225929101447"
"2","compound","56.1050896875","0.05099002807582583","-0.26754065116355835","0.36952070731521"
"2","compound","56.4019420138889","0.05183769669294721","-0.2775238734095601","0.38119926679545446"
"2","compound","56.6987943402778","0.052686792689165395","-0.28795251154886836","0.3933260969271991"
"2","compound","56.9956466666667","0.05353728751689845","-0.29884556135123547","0.4059201363850324"
"2","compound","57.2924989930555","0.05438915262856418","-0.3102228295285478","0.4190011347856762"
"2","compound","57.5893513194444","0.055242359476581196","-0.32210496630197183","0.4325896852551342"
"2","compound","57.8862036458333","0.056096879513367295","-0.3345134990975021","0.4467072581242367"
"2","compound","58.1830559722222","0.05695268419134053","-0.34747086739363237","0.4613762357763134"
"2","compound","58.4799082986111","0.05780974496291898","-0.3610004587439765","0.47661994866981444"
"2","compound","58.776760625","0.05866803328052068","-0.37512664599682993","0.4924627125578713"
"2","compound","59.0736129513889","0.0595275205965637","-0.3898748257325534","0.5089298669256808"
"2","compound","59.3704652777778","0.06038817836346611","-0.4052714579384635","0.5260478146653957"
"2","compound","59.6673176041666","0.06124997803364571","-0.4213441069394812","0.5438440630067727"
"2","compound","59.9641699305555","0.062112891059521114","-0.4381214836012596","0.5623472657203018"
"2","compound","60.2610222569444","0.06297688889351011","-0.45563348882061266","0.5815872666076329"
"2","compound","60.5578745833333","0.06384194298803073","-0.47391125831625647","0.6015951442923179"
"2","compound","60.8547269097222","0.06470802479550106","-0.49298720873047996","0.6224032583214821"
"2","compound","61.1515792361111","0.06557510576833916","-0.5128950850500049","0.6440452965866832"
"2","compound","61.4484315625","0.06644315735896311","-0.5336700093515807","0.6665563240695069"
"2","compound","61.7452838888889","0.06731215101979098","-0.5553485308748582","0.6899728329144401"
"2","compound","62.0421362152778","0.06818205820324079","-0.5779686774218652","0.7143327938283467"
"2","compound","62.135","0.06845437278640959","-0.5852444753992376","0.7221532209720567"
"2","compound","62.3389885416666","0.06905285036173035","-0.6015700080788327","0.7396757088022934"
"2","compound","62.6358408680555","0.0699244989476783","-0.6261936672523212","0.7660426651476777"
"2","compound","62.9326931944444","0.07079697541350236","-0.6518824400072375","0.7934763908342423"
"2","compound","63.2295455208333","0.07167025121162068","-0.6786808086900848","0.8220213111133263"
"2","compound","63.5263978472222","0.07254429779445126","-0.7066350108155921","0.8517236064044946"
"2","compound","63.8232501736111","0.07341908661441221","-0.735793098189801","0.8826312714186254"
"2","compound","64.1201025","0.07429458912392158","-0.7662049972369276","0.9147941754847708"
"2","compound","64.4169548263889","0.0751707767753974","-0.7979225704912679","0.9482641240420627"
"2","compound","64.7138071527778","0.07604762102125776","-0.8309996792088992","0.9830949212514146"
"2","compound","65.0106594791666","0.07692509331392042","-0.8654922470469706","1.0193424336748114"
"2","compound","65.3075118055555","0.07780316510580405","-0.9014583247510479","1.0570646549626561"
"2","compound","65.6043641319444","0.07868180784932638","-0.9389581557828324","1.096321771481485"
"2","compound","65.9012164583333","0.07956099299690553","-0.9780542428126232","1.1371762288064342"
"2","compound","66.1980687847222","0.08044069200095953","-1.0188114149915608","1.1796927989934798"
"2","compound","66.4949211111111","0.08132087631390644","-1.0612968959095728","1.2239386485373855"
"2","compound","66.7917734375","0.08220151738816435","-1.1055803721348767","1.2699834069112053"
"2","compound","67.0886257638889","0.08308258667615132","-1.1517340622204422","1.3178992355727448"
"2","compound","67.3854780902778","0.08396405563028535","-1.1998327860517553","1.367760897312326"
"2","compound","67.6823304166666","0.0848458957029843","-1.24995403439861","1.4196458258045785"
"2","compound","67.9791827430555","0.08572807834666678","-1.3021780385215667","1.4736341952149001"
"2","compound","68.2760350694444","0.08661057501375055","-1.356587839670616","1.5298089896981169"
"2","compound","68.5728873958333","0.0874933571566537","-1.4132693583007978","1.588256072614105"
"2","compound","68.8697397222222","0.08837639622779425","-1.4723114628150178","1.6490642552706065"
"2","compound","69.1665920486111","0.08925966367959023","-1.5338060376301033","1.7123253649892836"
"2","compound","69.463444375","0.09014313096445986","-1.5978480503469603","1.77813431227588"
"2","compound","69.7602967013889","0.09102676953482108","-1.6645356177899389","1.846589156859581"
"2","compound","70.0571490277778","0.091910550843092","-1.7339700706643555","1.9177911723505394"
"2","compound","70.3540013541667","0.09279444634169066","-1.8062560165642456","1.9918449092476271"
"2","compound","70.6508536805555","0.09367842748303482","-1.881501401045064","2.0688582560111337"
"2","compound","70.9477060069444","0.09456246571954316","-1.9598175664583577","2.148942497897444"
"2","compound","71.2445583333333","0.09544653250363344","-2.0413193082265604","2.2322123732338275"
"2","day","0.0","0.0","0.0","0.0"
"2","day","0.237208333333333","-0.0013593815042670264","-0.03781691337626854","0.03509815036773449"
"2","day","0.474416666666667","-0.0027196064152841632","-0.04031685562875946","0.03487764279819114"
"2","day","0.711625","-0.0040815181398015064","-0.042851857487992","0.034688821208388995"
"2","day","0.948833333333334","-0.0054459600845691725","-0.045422501640536135","0.034530581471397793"
"2","day","1.18604166666667","-0.006813775656337295","-0.04802924840881374","0.03440169709613916"
"2","day","1.42325","-0.008185808261855918","-0.050672426272966364","0.034300809749254535"
"2","day","1.66045833333333","-0.00956290130787519","-0.05335222230957829","0.03422641969382791"
"2","day","1.67550000000001","-0.009650414616660219","-0.05352338772046673","0.03422255848714629"
"2","day","1.89766666666667","-0.01094589820114527","-0.056068672612841694","0.034176876210551155"
"2","day","2.134875","-0.012335642348416168","-0.058821652771723895","0.03415036807489155"
"2","day","2.37208333333333","-0.013732977156438012","-0.061610868484803905","0.03414491417192789"
"2","day","2.60929166666667","-0.015138746031961005","-0.06443584640259006","0.03415835433866805"
"2","day","2.8465","-0.016553792381735113","-0.06729592529521698","0.034188340531746755"
"2","day","3.08370833333333","-0.017978959612510524","-0.07019024765132334","0.0342323284263023"
"2","day","3.32091666666667","-0.01941509113103739","-0.07311775182149509","0.034287569559420306"
"2","day","3.558125","-0.020863030344065725","-0.07607716482678997","0.03435110413865853"
"2","day","3.79533333333333","-0.022323620658345644","-0.07906699595936603","0.034419754642674744"
"2","day","4.03254166666667","-0.02379770548062736","-0.08208553130795262","0.034490120346697906"
"2","day","4.2410784671533","-0.02510543169885896","-0.08476139031261914","0.034550526914901215"
"2","day","4.26975","-0.025286127794797032","-0.08513082955282969","0.03455857396323563"
"2","day","4.50695833333333","-0.026789395063314854","-0.08820089608404602","0.03462210595741632"
"2","day","4.74416666666667","-0.028307076620682783","-0.09129408923251056","0.034679935991144994"
"2","day","4.981375","-0.029838579098268043","-0.09440883373182071","0.03473167553528462"
"2","day","5.21858333333333","-0.03138330912743807","-0.09754354949129254","0.0347769312364164"
"2","day","5.45579166666667","-0.03294067333956036","-0.10069665377655046","0.03481530709742974"
"2","day","5.693","-0.03451007836600214","-0.10386656338437947","0.0348464066523752"
"2","day","5.93020833333334","-0.03609093083813094","-0.10705169680499241","0.03486983512873052"
"2","day","6.16741666666667","-0.037682637387314","-0.11025047636504234","0.03488520159041434"
"2","day","6.404625","-0.039284604644918786","-0.11346133034493203","0.034892121055094455"
"2","day","6.64183333333333","-0.04089623924231267","-0.11668269506419975","0.034890216579574404"
"2","day","6.87904166666667","-0.04251694781086307","-0.11991301692903235","0.03487912130730621"
"2","day","7.11625","-0.044146136981937305","-0.12315075443623225","0.03485848047235763"
"2","day","7.35345833333334","-0.04578321338690286","-0.12639438012827559","0.03482795335446988"
"2","day","7.59066666666667","-0.04742758365712697","-0.12964238249441368","0.03478721518015973"
"2","day","7.827875","-0.04907865442397712","-0.13289326781311328","0.03473595896515903"
"2","day","7.94000000000001","-0.0498612539961745","-0.13443049473904456","0.03470798674669555"
"2","day","8.06508333333334","-0.05073583231882074","-0.13614556193147506","0.03467389729383358"
"2","day","8.30229166666667","-0.05239852397302511","-0.13939781197763534","0.03460076403158513"
"2","day","8.5395","-0.05406613601795762","-0.14264858800252372","0.03451631596660848"
"2","day","8.77670833333334","-0.055738075084985794","-0.14589648454772708","0.03442033437775548"
"2","day","9.01391666666667","-0.05741374780547682","-0.1491401221365879","0.034312626525634264"
"2","day","9.05168750000004","-0.05768087140792799","-0.1496561253277185","0.034294382511862495"
"2","day","9.251125","-0.0590925608107982","-0.15237814868605581","0.03419302706445942"
"2","day","9.48833333333334","-0.06077392073231739","-0.15560924083718486","0.03406139937255007"
"2","day","9.72554166666667","-0.06245723420140155","-0.15883210520255847","0.03391763679975536"
"2","day","9.96275","-0.06414190784941823","-0.16204547952930418","0.03376166383046772"
"2","day","10.1999583333333","-0.0658273483077346","-0.16524813377672215","0.033593437161252945"
"2","day","10.4371666666667","-0.06751296220771891","-0.16843887110793765","0.033412946692499834"
"2","day","10.674375","-0.06919815618073716","-0.17161652879531764","0.03322021643384333"
"2","day","10.9115833333333","-0.07088233685815744","-0.17477997903978396","0.03301530532346908"
"2","day","11.1487916666667","-0.07256491087134784","-0.17792812970443764","0.03279830796174196"
"2","day","11.386","-0.07424528485167431","-0.18105992496327655","0.032569355259927935"
"2","day","11.6232083333333","-0.07592286543050503","-0.18417434586609743","0.032328615005087366"
"2","day","11.8604166666667","-0.07759705923920793","-0.187270410820937","0.03207629234252116"
"2","day","12.097625","-0.07926727290914914","-0.19034717599572626","0.031812630177427956"
"2","day","12.3348333333333","-0.0809329130716967","-0.19340373564109248","0.03153790949769909"
"2","day","12.5720416666667","-0.08259338635821861","-0.19643922233646866","0.03125244962003142"
"2","day","12.80925","-0.084248099400081","-0.19945280716192929","0.03095660836176728"
"2","day","13.0464583333333","-0.08589645882865185","-0.20244369979839372","0.030650782141090016"
"2","day","13.2836666666667","-0.0875378712752993","-0.20541114855900172","0.030335406008403135"
"2","day","13.520875","-0.0891717433713893","-0.20835444035468142","0.0300109536119028"
"2","day","13.7580833333333","-0.09079748174828998","-0.2112729005970953","0.029677937100515334"
"2","day","13.9952916666667","-0.09241449303736933","-0.21416589304226485","0.029336906967526208"
"2","day","14.2325","-0.09402218386999343","-0.21703281957833553","0.02898845183834868"
"2","day","14.4697083333333","-0.09561996087753033","-0.21987311996106065","0.028633198205999993"
"2","day","14.7069166666667","-0.09720723069134812","-0.22268627150064704","0.028271810117950796"
"2","day","14.944125","-0.09878339994281277","-0.22547178870371773","0.027904988818092197"
"2","day","15.1813333333333","-0.1003478752632924","-0.2282292228742176","0.0275334723476328"
"2","day","15.4185416666667","-0.10190006328415503","-0.23095816167710276","0.02715803510879268"
"2","day","15.65575","-0.10343937063676675","-0.23365822866873023","0.026779487395196727"
"2","day","15.8929583333333","-0.10496520395249556","-0.23632908279788434","0.026398674892893215"
"2","day","16.1301666666667","-0.1064769698627095","-0.2389704178813601","0.02601647815594106"
"2","day","16.367375","-0.1079740749987747","-0.24158196205805613","0.025633812060506717"
"2","day","16.6045833333333","-0.1094559259920592","-0.24416347722551668","0.02525162524139829"
"2","day","16.8417916666667","-0.11092192947393094","-0.2467147584628151","0.024870899514953207"
"2","day","17.079","-0.11237149207575609","-0.24923563344367175","0.02449264929215958"
"2","day","17.3162083333333","-0.11380402042890267","-0.2517259618436594","0.02411792098585408"
"2","day","17.5534166666667","-0.11521892116473864","-0.25418563474527955","0.02374779241580227"
"2","day","17.790625","-0.11661560091463022","-0.2566145740446679","0.02338337221540751"
"2","day","18.0278333333333","-0.1179934663099454","-0.2590127318636346","0.023025799243743844"
"2","day","18.2650416666667","-0.11935192398205212","-0.2613800899706519","0.022676242006547623"
"2","day","18.50225","-0.12069038056231658","-0.2637166592143711","0.02233589808973792"
"2","day","18.7394583333333","-0.12200824268210679","-0.2660224789731813","0.022005993608967725"
"2","day","18.758125","-0.12211105784160742","-0.2662026278491981","0.02198051216598329"
"2","day","18.9766666666667","-0.12330501150810431","-0.2682975982476409","0.021687575231432263"
"2","day","19.213875","-0.12458066744178732","-0.2705419935259893","0.021380658642414632"
"2","day","19.4510833333333","-0.12583534238019106","-0.2727556183353987","0.021084933575016562"
"2","day","19.6882916666667","-0.12706916827926115","-0.2749384302900596","0.020800093731537295"
"2","day","19.9255","-0.12828227709494183","-0.2770903911648867","0.020525836975003042"
"2","day","20.1627083333333","-0.12947480078317866","-0.27921146695516885","0.02026186538881153"
"2","day","20.3999166666667","-0.1306468712999174","-0.2813016279331053","0.020007885333270553"
"2","day","20.637125","-0.13179862060110212","-0.2833608487012246","0.01976360749902037"
"2","day","20.8743333333333","-0.13293018064267847","-0.2853891082426857","0.01952874695732873"
"2","day","21.1115416666667","-0.1340416833805921","-0.2873863899684387","0.019303023207254494"
"2","day","21.34875","-0.13513326077078727","-0.2893526817612499","0.019086160219675352"
"2","day","21.5859583333333","-0.13620504476920953","-0.2912879760165984","0.018877886478179312"
"2","day","21.8231666666667","-0.13725716733180454","-0.29319226968043366","0.01867793501682455"
"2","day","22.060375","-0.13828976041451646","-0.2950655642838051","0.018486043454772172"
"2","day","22.2975833333333","-0.13930295597329104","-0.29690786597438135","0.018301954027799244"
"2","day","22.5347916666667","-0.1402968859640737","-0.2987191855448543","0.018125413616706942"
"2","day","22.772","-0.14127168234280882","-0.3004995384582525","0.017956173772634837"
"2","day","23.0092083333333","-0.14222747706544203","-0.30224894487018295","0.01779399073929888"
"2","day","23.2464166666667","-0.14316440208791872","-0.3039674296480117","0.01763862547217429"
"2","day","23.483625","-0.14408258936618343","-0.30565502238701014","0.01748984365464326"
"2","day","23.7208333333333","-0.1449821708561816","-0.30731175742349626","0.017347415711133074"
"2","day","23.9580416666667","-0.14586327851385877","-0.30893767384498894","0.017211116817271416"
"2","day","24.19525","-0.14672604429515945","-0.31053281549740785","0.017080726907088922"
"2","day","24.4324583333333","-0.147570600156029","-0.31209723098935704","0.01695603067729906"
"2","day","24.6696666666667","-0.14839707805241303","-0.3136309736935171","0.016836817588691017"
"2","day","24.906875","-0.14920560994025595","-0.31513410174518264","0.01672288186467072"
"2","day","25.1440833333333","-0.14999632777550326","-0.31660667803799436","0.016614022486987845"
"2","day","25.3812916666667","-0.15076936351410045","-0.31804877021689065","0.01651004318868976"
"2","day","25.6185","-0.15152484911199204","-0.3194604506683286","0.016410752444344534"
"2","day","25.8557083333333","-0.15226291652512347","-0.3208417965078224","0.016315963457575466"
"2","day","26.0929166666667","-0.15298369770944026","-0.32219288956483527","0.016225494145954727"
"2","day","26.330125","-0.15368732462088688","-0.32351381636507626","0.01613916712330249"
"2","day","26.5673333333333","-0.15437392921540882","-0.3248046681102582","0.016056809679440565"
"2","day","26.8045416666667","-0.15504364344895158","-0.3260655406553545","0.01597825375745132"
"2","day","27.04175","-0.1556965992774596","-0.32729653448341356","0.015903335928494355"
"2","day","27.2789583333333","-0.15633292865687842","-0.3284977546779895","0.015831897364232628"
"2","day","27.5161666666667","-0.15695276354315343","-0.3296693108932319","0.015763783806925058"
"2","day","27.753375","-0.1575562358922293","-0.33081131732169844","0.015698845537239825"
"2","day","27.9905833333333","-0.15814347766005138","-0.3319238926599487","0.01563693733984592"
"2","day","28.2277916666667","-0.1587146208025651","-0.3330071600719702","0.015577918466840007"
"2","day","28.465","-0.1592697972757151","-0.33406124715050156","0.015521652599071345"
"2","day","28.7022083333333","-0.1598091390354468","-0.33508628587631184","0.01546800780541821"
"2","day","28.9394166666667","-0.16033277803770554","-0.3360824125754945","0.015416856500083398"
"2","day","29.176625","-0.16084084623843614","-0.33704976787483776","0.015368075397965447"
"2","day","29.4138333333333","-0.1613334755935838","-0.33798849665533826","0.015321545468170633"
"2","day","29.6510416666667","-0.161810798059094","-0.3388987480039143","0.015277151885726231"
"2","day","29.88825","-0.16227294559091146","-0.33978067516338384","0.015234783981560918"
"2","day","30.1254583333333","-0.1627200501449815","-0.3406344354807756","0.015194335190812591"
"2","day","30.3626666666667","-0.16315224367724956","-0.3414601903540303","0.015155702999531173"
"2","day","30.599875","-0.16356965814366028","-0.34225810517715916","0.015118788889838614"
"2","day","30.8370833333333","-0.16397242550015906","-0.34302834928392834","0.01508349828361022"
"2","day","31.0742916666667","-0.16436067770269125","-0.3437710958901269","0.015049740484744362"
"2","day","31.3115","-0.16473454670720164","-0.3444865220344862","0.015017428620082929"
"2","day","31.41","-0.16488559949371304","-0.34477561529055945","0.015004416303133344"
"2","day","31.5487083333333","-0.16509416446963557","-0.3451748085183196","0.0149864795790485"
"2","day","31.7859166666667","-0.16543966294593832","-0.3458361398439389","0.014956813952062248"
"2","day","32.023125","-0.16577117409205475","-0.34647070415191794","0.014928355967808477"
"2","day","32.2603333333333","-0.16608882986393014","-0.3470786931572694","0.014901033429409127"
"2","day","32.4975416666667","-0.16639276221750982","-0.34766030208459137","0.014874777649571735"
"2","day","32.73475","-0.16668310310873863","-0.34821572960225444","0.014849523384777158"
"2","day","32.9719583333333","-0.16695998449356192","-0.34874517775569164","0.014825208768567799"
"2","day","33.2091666666667","-0.16722353832792486","-0.34924885189985166","0.014801775244001947"
"2","day","33.446375","-0.16747389656777248","-0.3497269606308792","0.014779167495334256"
"2","day","33.6835833333333","-0.16771119116904998","-0.35017971571708734","0.01475733337898738"
"2","day","33.9207916666667","-0.1679355540877026","-0.3506073320292792","0.014736223853873937"
"2","day","34.158","-0.16814711727967535","-0.3510100274704815","0.014715792911130787"
"2","day","34.3952083333333","-0.16834601270091348","-0.35138802290515275","0.014695997503325786"
"2","day","34.6324166666667","-0.16853237230736215","-0.3517415420879216","0.014676797473197278"
"2","day","34.869625","-0.16870632805496644","-0.35207081159191544","0.014658155481982599"
"2","day","35.1068333333333","-0.16886801189967152","-0.35237606073674055","0.014640036937397488"
"2","day","35.3440416666667","-0.16901755579742261","-0.35265752151616503","0.014622409921319801"
"2","day","35.58125","-0.16915509170416482","-0.3529154285255668","0.014605245117237153"
"2","day","35.8184583333333","-0.1692807515758432","-0.35315001888919695","0.014588515737510521"
"2","day","36.0556666666667","-0.16939466736840314","-0.35336153218731786","0.014572197450511581"
"2","day","36.292875","-0.16949697103778957","-0.3535502103832636","0.014556268307684445"
"2","day","36.5300833333333","-0.16958779453994774","-0.3537162977504821","0.014540708670586627"
"2","day","36.7672916666667","-0.16966726983082278","-0.35386004079960476","0.014525501137959224"
"2","day","37.0045","-0.16973552886635987","-0.3539816882055962","0.014510630472876485"
"2","day","37.2417083333333","-0.1697927036025041","-0.3540814907350347","0.014496083530026516"
"2","day","37.4789166666667","-0.16983892599520076","-0.3541597011735688","0.014481849183167306"
"2","day","37.716125","-0.16987432800039484","-0.35421657425359965","0.014467918252809936"
"2","day","37.9533333333333","-0.16989904157403157","-0.354252366582233","0.014454283434169907"
"2","day","38.1905416666667","-0.16991319867205606","-0.35426733656954884","0.01444093922543671"
"2","day","38.42775","-0.16991693125041354","-0.35426174435722774","0.014427881856400648"
"2","day","38.6649583333333","-0.16991037126504915","-0.3542358517475802","0.01441510921748193"
"2","day","38.9021666666667","-0.16989365067190795","-0.35418992213301914","0.014402620789203235"
"2","day","39.139375","-0.1698669014269352","-0.3541242204260149","0.01439041757214446"
"2","day","39.3765833333333","-0.16983025548607594","-0.35403901298957174","0.01437850201741983"
"2","day","39.6137916666667","-0.16978384480527547","-0.3539345675682656","0.014366877957714602"
"2","day","39.851","-0.16972780134047882","-0.3538111532198751","0.014355550538917461"
"2","day","40.0882083333333","-0.16966225704763122","-0.35366904024764617","0.01434452615238374"
"2","day","40.3254166666667","-0.16958734388267774","-0.3535085001332203","0.014333812367864823"
"2","day","40.562625","-0.1695031938015636","-0.3533298054702608","0.014323417867133648"
"2","day","40.7998333333333","-0.16940993876023394","-0.3531332298988092","0.014313352378341304"
"2","day","41.0370416666667","-0.16930771071463385","-0.35291904804039875","0.014303626611131076"
"2","day","41.27425","-0.16919664162070863","-0.35268753543396025","0.014294252192542989"
"2","day","41.5114583333333","-0.16907686343440329","-0.35243896847253997","0.014285241603733373"
"2","day","41.7486666666667","-0.168948508111663","-0.3521736243408642","0.014276608117538142"
"2","day","41.985875","-0.168811707608433","-0.3518917809537694","0.014268365736903404"
"2","day","42.2230833333333","-0.16866659388065838","-0.3515937168955263","0.014260529134209554"
"2","day","42.4602916666667","-0.16851329888428423","-0.35127971136007863","0.01425311359151013"
"2","day","42.6975","-0.16835195457525587","-0.35095004409221986","0.01424613494170815"
"2","day","42.9347083333333","-0.16818269290951834","-0.350604995329727","0.01423960951069031"
"2","day","43.1719166666667","-0.16800564584301675","-0.35024484574647163","0.014233554060438164"
"2","day","43.409125","-0.16782094533169636","-0.3498698763965282","0.014227985733135523"
"2","day","43.6463333333333","-0.16762872333150228","-0.349480368659293","0.014222921996288468"
"2","day","43.8835416666667","-0.16742911179837958","-0.34907660418563236","0.014218380588873175"
"2","day","44.12075","-0.16722224268827357","-0.348658864845077","0.01421437946852988"
"2","day","44.3579583333333","-0.16700824795712932","-0.3482274326740709","0.014210936759812276"
"2","day","44.5951666666667","-0.16678725956089188","-0.3477825898252925","0.014208070703508713"
"2","day","44.832375","-0.16655940945550662","-0.3473246185180589","0.014205799607045655"
"2","day","45.0695833333333","-0.16632482959691858","-0.34685380098982044","0.014204141795983255"
"2","day","45.3067916666667","-0.16608365194107283","-0.3463704194487611","0.014203115566615465"
"2","day","45.544","-0.16583600844391466","-0.34587475602750906","0.014202739139679704"
"2","day","45.7812083333334","-0.16558203106138908","-0.3453670927379652","0.01420303061518699"
"2","day","46.0184166666667","-0.16532185174944145","-0.3448477114272607","0.014204007928377754"
"2","day","46.255625","-0.1650556024640168","-0.3443168937348435","0.01420568880680989"
"2","day","46.4928333333334","-0.16478341516106015","-0.3437749210507037","0.014208090728583367"
"2","day","46.7300416666667","-0.16450542179651692","-0.3432220744747399","0.01421123088170606"
"2","day","46.96725","-0.16422175432633213","-0.34265863477726805","0.014215126124603794"
"2","day","47.2044583333334","-0.1639325447064508","-0.3420848823606784","0.01421979294777681"
"2","day","47.4416666666667","-0.16363792489281834","-0.34150109722224165","0.014225247436604999"
"2","day","47.678875","-0.16333802684137977","-0.3409075589180605","0.014231505235300979"
"2","day","47.9160833333333","-0.16303298250808027","-0.3403045465281742","0.014238581512013654"
"2","day","48.1532916666667","-0.16272292384886483","-0.3396923386228081","0.014246490925078459"
"2","day","48.3905","-0.1624079828196789","-0.3390712132297732","0.014255247590415382"
"2","day","48.4850000000001","-0.16228118477487666","-0.33882134469040565","0.01425897514065233"
"2","day","48.6277083333334","-0.16208829137646727","-0.3384414478030055","0.014264865050070963"
"2","day","48.8649166666667","-0.1617639814751755","-0.3378033191922536","0.014275356241902598"
"2","day","49.102125","-0.16143518507174853","-0.33715710361389695","0.014286733470399854"
"2","day","49.3393333333334","-0.16110203412213137","-0.33650307662290446","0.014299008378641731"
"2","day","49.5765416666667","-0.16076466058226951","-0.33584151308592025","0.014312191921381251"
"2","day","49.81375","-0.16042319640810787","-0.3351726871554717","0.014326294339255974"
"2","day","50.0509583333334","-0.16007777355559155","-0.3344968722452978","0.014341325134114707"
"2","day","50.2881666666667","-0.15972852398066595","-0.33381434100678997","0.014357293045458047"
"2","day","50.525375","-0.15937557963927607","-0.33312536530653436","0.0143742060279822"
"2","day","50.7625833333334","-0.15901907248736688","-0.33243021620495494","0.014392071230221182"
"2","day","50.9997916666667","-0.15865913448088392","-0.3317291639360457","0.01441089497427786"
"2","day","51.237","-0.15829589757577212","-0.33102247788818157","0.014430682736637335"
"2","day","51.4742083333334","-0.1579294937279765","-0.33031042658600507","0.014451439130052063"
"2","day","51.7114166666667","-0.15756005489344255","-0.3295932776733761","0.014473167886491028"
"2","day","51.948625","-0.15718771302811524","-0.3288712978973731","0.014495871841142677"
"2","day","52.1858333333334","-0.15681260008793957","-0.3281447530933414","0.014519552917462264"
"2","day","52.4230416666667","-0.15643484802886098","-0.3274139081709754","0.014544212113253435"
"2","day","52.66025","-0.15605458880682455","-0.3266790271014222","0.014569849487773123"
"2","day","52.8974583333334","-0.15567195437777515","-0.32594037290540046","0.014596464149850163"
"2","day","53.1346666666667","-0.15528707669765834","-0.32519820764232144","0.014624054247004747"
"2","day","53.371875","-0.1549000877224191","-0.32445279240039837","0.014652616955560194"
"2","day","53.6090833333333","-0.15451111940800255","-0.32370438728773765","0.01468214847173252"
"2","day","53.8462916666667","-0.15412030371035373","-0.32295325142439646","0.01471264400368899"
"2","day","54.0835","-0.1537277725854181","-0.3221996429353985","0.014744097764562314"
"2","day","54.3207083333333","-0.1533336579891406","-0.32144381894468965","0.014776502966408506"
"2","day","54.5579166666667","-0.15293809187746624","-0.32068603557002956","0.014809851815097086"
"2","day","54.795125","-0.15254120620634054","-0.3199265479188018","0.014844135506120737"
"2","day","55.0323333333334","-0.15214313293170834","-0.31916561008473","0.014879344221313318"
"2","day","55.2695416666667","-0.15174400400951504","-0.3184034751454917","0.014915467126461607"
"2","day","55.50675","-0.15134395139570567","-0.3176403951612119","0.014952492369800535"
"2","day","55.7439583333334","-0.15094310704622527","-0.31687662117382964","0.014990407081379137"
"2","day","55.9811666666667","-0.15054160291701923","-0.3161124032073215","0.015029197373282982"
"2","day","56.218375","-0.15013957096403258","-0.31534799026876836","0.01506884834070324"
"2","day","56.4555833333334","-0.1497371431432103","-0.3145836303502578","0.015109344063837238"
"2","day","56.6927916666667","-0.14933445141049792","-0.31381957043160574","0.015150667610609903"
"2","day","56.93","-0.14893162772184038","-0.3130560564838847","0.015192801040203902"
"2","night","0.0","0.0","0.0","0.0"
"2","night","0.269741666666667","0.0021424771954997694","-0.015669190039933157","0.019954144430932696"
"2","night","0.539483333333333","0.004273667204134017","-0.015354249737443468","0.023901584145711502"
"2","night","0.809225","0.00638228283903728","-0.015237623804666145","0.028002189482740705"
"2","night","1.07896666666667","0.008457036913344027","-0.01534139615454707","0.03225546998123512"
"2","night","1.315","0.010235866305616043","-0.015629819265674832","0.03610155187690692"
"2","night","1.34870833333333","0.010486642240188665","-0.015686920361735388","0.036660204842112715"
"2","night","1.61845","0.012459811632705875","-0.016294450523197182","0.04121407378860893"
"2","night","1.88819166666667","0.014365257904030024","-0.017182718532310085","0.04591323434037013"
"2","night","2.15793333333333","0.016191693867295548","-0.018368459575645917","0.05075184731023701"
"2","night","2.427675","0.017927832335637106","-0.0198658904089554","0.055721555080229614"
"2","night","2.69741666666667","0.019562386122189135","-0.021686148254237633","0.0608109204986159"
"2","night","2.96715833333333","0.021084068040086","-0.0238367019434899","0.0660048380236619"
"2","night","3.2369","0.02248159090246235","-0.026320751129624828","0.07128393293454953"
"2","night","3.50664166666667","0.02374366752245269","-0.02913663384787598","0.07662396889278136"
"2","night","3.575","0.024040646478896033","-0.029902224756941334","0.0779835177147334"
"2","night","3.77638333333333","0.024860079074467134","-0.032277276607696255","0.08199743475663052"
"2","night","4.046125","0.02583001234024196","-0.03573083717817233","0.08739086185865624"
"2","night","4.31586666666666","0.02665754268163195","-0.039483357119755536","0.09279844248301944"
"2","night","4.58560833333333","0.027346787245641657","-0.04351950615051968","0.098213080641803"
"2","night","4.85535","0.027901863179275233","-0.04782266190367876","0.10362638826222922"
"2","night","5.12509166666666","0.028326887629537195","-0.05237500440265834","0.10902877966173273"
"2","night","5.39483333333333","0.028625977743432007","-0.057157626657443714","0.11440958214430773"
"2","night","5.664575","0.028803250667963798","-0.06215065971986608","0.11975716105579368"
"2","night","5.93431666666666","0.028862823550137195","-0.06733341028307144","0.12505905738334583"
"2","night","6.20405833333333","0.0288088135369563","-0.07268450870333971","0.1303021357772523"
"2","night","6.4738","0.02864533777542566","-0.07818206516462765","0.135472740715479"
"2","night","6.72","0.02840406639832216","-0.08330881475938279","0.1401169475560271"
"2","night","6.74354166666666","0.028376513412549653","-0.08380383160014811","0.1405568584252474"
"2","night","7.01328333333333","0.02800645759533249","-0.08952736693185824","0.14554028212252323"
"2","night","7.283025","0.027539287470778773","-0.09533020318738837","0.15040877812894593"
"2","night","7.55276666666666","0.02697912018589277","-0.10119001010278417","0.1551482504745697"
"2","night","7.82250833333333","0.02633007288767869","-0.1070847559152254","0.15974490169058278"
"2","night","8.09225","0.025596262723141194","-0.11299286218842414","0.16418538763470653"
"2","night","8.36199166666666","0.024781806839284548","-0.1188933506894714","0.1684569643680405"
"2","night","8.63173333333333","0.02389082238311302","-0.12476598054365579","0.17254762530988182"
"2","night","8.901475","0.022927426501631043","-0.1305913741268718","0.1764462271301339"
"2","night","9.17121666666666","0.021895736341843053","-0.13635113040707705","0.18014260309076316"
"2","night","9.17333333333336","0.021887381495071634","-0.13639602115400976","0.18017078414415302"
"2","night","9.44095833333333","0.02079986905075326","-0.14202792471015313","0.18362766281165965"
"2","night","9.7107","0.01964394177536627","-0.14760559415497607","0.1868934777057086"
"2","night","9.98044166666666","0.018432071662686234","-0.15306920827129086","0.18993335159666333"
"2","night","10.2501833333333","0.017168375859717866","-0.15840512457630504","0.19274187629574077"
"2","night","10.519925","0.01585697151346488","-0.16360102913667313","0.19531497216360288"
"2","night","10.7896666666667","0.014501975770931985","-0.1686459623771364","0.19764991391900036"
"2","night","11.0594083333333","0.013107505779124173","-0.17353033061186218","0.19974534217011053"
"2","night","11.32915","0.011677678685044823","-0.17824590396640813","0.20160126133649778"
"2","night","11.5988916666667","0.010216611635698758","-0.18278580152507914","0.20321902479647666"
"2","night","11.8686333333333","0.008728421778090745","-0.18714446467891355","0.20460130823509504"
"2","night","12.138375","0.007217226259224274","-0.19131761976276843","0.20575207228121697"
"2","night","12.4081166666667","0.005687142226104114","-0.1953022311561738","0.20667651560838202"
"2","night","12.6778583333333","0.004142286825735447","-0.19909644608239105","0.20738101973386194"
"2","night","12.9476","0.00258677720512121","-0.20269953237451957","0.207873086784762"
"2","night","13.2173416666667","0.0010247305112664473","-0.20611181048832267","0.20816127151085556"
"2","night","13.4870833333333","-0.0005397361088238239","-0.20933458103068728","0.20825510881303963"
"2","night","13.756825","-0.002102505508146335","-0.21237004904248227","0.2081650380261896"
"2","night","14.0265666666667","-0.0036594605396964297","-0.21522124622766403","0.20790232514827117"
"2","night","14.2963083333333","-0.005206484056468841","-0.2178919522593765","0.2074789841464388"
"2","night","14.56605","-0.006739458911460494","-0.2203866162210767","0.2069076983981557"
"2","night","14.8357916666667","-0.008254267957666372","-0.22271027915912164","0.2062017432437889"
"2","night","15.1055333333333","-0.00974679404808168","-0.22486849863529537","0.205374910539132"
"2","night","15.375275","-0.011212920035703039","-0.22686727607579077","0.2044414360043847"
"2","night","15.6450166666667","-0.01264852877352557","-0.2287129876195037","0.20341593007245257"
"2","night","15.9147583333333","-0.01404950311454431","-0.2304123190751965","0.20231331284610787"
"2","night","16.1845","-0.015411725911756019","-0.23197220550589928","0.20114875368238724"
"2","night","16.4542416666667","-0.01673108001815579","-0.2333997758715242","0.1999376158352126"
"2","night","16.7239833333333","-0.018003448286738735","-0.23470230307841006","0.19869540650493256"
"2","night","16.993725","-0.019224713570501414","-0.23588715970851576","0.19743773256751296"
"2","night","17.2634666666667","-0.020390758722439103","-0.23696177963217774","0.19618026218729956"
"2","night","17.5332083333333","-0.021497466595546882","-0.2379336256474987","0.19493869245640494"
"2","night","17.80295","-0.022540720042821205","-0.23881016323699114","0.19372872315134873"
"2","night","18.0726916666667","-0.02351640191725743","-0.23959884048852018","0.19256603665400532"
"2","night","18.3424333333333","-0.024420395071850717","-0.24030707419305603","0.19146628404935462"
"2","night","18.612175","-0.025248582359597413","-0.24094224210639376","0.1904450773871989"
"2","night","18.8819166666667","-0.025996846633492818","-0.24151168134583667","0.18951798807885106"
"2","night","19.1516583333333","-0.026661070746532282","-0.24202269288589495","0.18870055139283037"
"2","night","19.4214","-0.027237137551711928","-0.24248255211917502","0.18800827701575118"
"2","night","19.6911416666667","-0.0277209299020272","-0.2428985254598332","0.1874566656557788"
"2","night","19.9608833333333","-0.02810833065047348","-0.2432778929871493","0.1870612316862023"
"2","night","20.18","-0.028349230055241963","-0.24356416632112945","0.18686570621064555"
"2","night","20.230625","-0.028395227878982694","-0.24362796923593238","0.186837513477967"
"2","night","20.5003666666667","-0.028578813888890144","-0.2439541682892931","0.18679654051151282"
"2","night","20.7701083333333","-0.02865929339926876","-0.24425743234747269","0.18693884554893517"
"2","night","21.03985","-0.02863729510828682","-0.24453814962620316","0.1872635594096295"
"2","night","21.3095916666667","-0.028513447714111823","-0.24479679487141803","0.1877698994431944"
"2","night","21.5793333333333","-0.028288379914911732","-0.24503392816715408","0.18845716833733062"
"2","night","21.849075","-0.027962720408854523","-0.24525019390084396","0.1893247530831349"
"2","night","22.1188166666667","-0.027537097894107895","-0.2454463198811162","0.19037212409290039"
"2","night","22.3885583333333","-0.027012141068839812","-0.2456231166036508","0.19159883446597117"
"2","night","22.6583","-0.026388478631217932","-0.24578147666103492","0.19300451939859906"
"2","night","22.9280416666667","-0.02566673927941031","-0.2459223742929511","0.19458889573413052"
"2","night","23.1977833333333","-0.02484755171158501","-0.2460468650734018","0.19635176165023177"
"2","night","23.467525","-0.023931544625909365","-0.24615608573201092","0.19829299648019222"
"2","night","23.7372666666667","-0.022919346720551487","-0.24625125410678764","0.20041256066568466"
"2","night","24.0070083333333","-0.021811586693679594","-0.24633366922605104","0.20271049583869188"
"2","night","24.27675","-0.020608893243460852","-0.24640471151751764","0.20518692503059593"
"2","night","24.5464916666667","-0.0193118950680633","-0.24646584314285214","0.20784205300672554"
"2","night","24.8162333333333","-0.01792122086565559","-0.2465186084562571","0.2106761667249459"
"2","night","25.085975","-0.016437499334404443","-0.2465646345859547","0.21368963591714582"
"2","night","25.3557166666667","-0.014861359172478078","-0.24660563213766923","0.21688291379271307"
"2","night","25.6254583333333","-0.013193429078045354","-0.24664339601947757","0.22025653786338686"
"2","night","25.8952","-0.011434337749272522","-0.24667980638763526","0.22381113088909022"
"2","night","26.1649416666667","-0.009584713884328105","-0.2467168297132295","0.2275474019445733"
"2","night","26.4346833333333","-0.007645186181380714","-0.24675651996973588","0.23146614760697445"
"2","night","26.704425","-0.005616383338596931","-0.2468010199417862","0.23556825326459233"
"2","night","26.9741666666667","-0.003498934054145253","-0.2468525626556737","0.2398546945473832"
"2","night","27.2439083333333","-0.001293467026194206","-0.24691347293233817","0.24432653887994976"
"2","night","27.51365","0.0009993890470896827","-0.24698616906378482","0.24898494715796418"
"2","night","27.7833916666667","0.00337900546753811","-0.24707316461410295","0.25383117554917917"
"2","night","28.0531333333333","0.0058447535369821335","-0.24717707034644884","0.2588665774204131"
"2","night","28.322875","0.008396004557255643","-0.24730059627756823","0.2640926053920795"
"2","night","28.5926166666667","0.011032129830190057","-0.24744655386162892","0.269510813522009"
"2","night","28.8623583333333","0.013752500657616185","-0.24761785830533517","0.27512285962056754"
"2","night","29.1321","0.016556488341368636","-0.24781753101649284","0.2809305076992301"
"2","night","29.4018416666667","0.019443464183278192","-0.24804870218839176","0.28693563055494814"
"2","night","29.6715833333333","0.02241279948517602","-0.2483146135225631","0.2931402124929151"
"2","night","29.941325","0.02546386554889629","-0.2486186210926754","0.299546352190468"
"2","night","30.2110666666667","0.028596033676270394","-0.24896419835251465","0.30615626570505544"
"2","night","30.4808083333333","0.03180867516912911","-0.24935493929120262","0.31297228962946083"
"2","night","30.75055","0.03510116132930691","-0.24979456173899556","0.31999688439760937"
"2","night","31.0202916666667","0.0384728634586346","-0.25028691082720717","0.32723263774447636"
"2","night","31.2900333333333","0.041923152858943324","-0.25083596260599306","0.3346822683238797"
"2","night","31.559775","0.04545140083206772","-0.25144582782394453","0.34234862948808"
"2","night","31.8295166666667","0.049056978679838714","-0.25212075587362454","0.35023471323330196"
"2","night","32.0992583333333","0.05273925770408683","-0.252865138907395","0.35834365431556864"
"2","night","32.369","0.05649760920664715","-0.2536835161280878","0.3666787345413821"
"2","night","32.6387416666667","0.06033140448935037","-0.2545805782592667","0.37524338723796746"
"2","night","32.9084833333333","0.06424001485402736","-0.25556117220005614","0.38404120190811086"
"2","night","33.178225","0.06822281160251276","-0.2566303058697099","0.39307592907473543"
"2","night","33.4479666666667","0.07227916603663759","-0.2577931532473088","0.40235148532058396"
"2","night","33.7177083333333","0.07640844945823233","-0.25905505961220077","0.4118719585286654"
"2","night","33.98745","0.08061003316913251","-0.26042154699101616","0.4216416133292812"
"2","night","34.2571916666667","0.08488328847116816","-0.2618983198172941","0.43166489675963043"
"2","night","34.5269333333333","0.08922758666617031","-0.26349127081001994","0.44194644414236056"
"2","night","34.796675","0.09364229905597404","-0.2652064870775652","0.4524910851895133"
"2","night","35.0664166666667","0.09812679694240978","-0.26705025645377134","0.4633038503385909"
"2","night","35.3361583333333","0.10268045162730854","-0.26902907407315857","0.47438997732777566"
"2","night","35.6059","0.10730263441250532","-0.27114964919247414","0.48575491801748477"
"2","night","35.8756416666667","0.11199271659983079","-0.27341891226602094","0.4974043454656825"
"2","night","36.1453833333333","0.11675006949111516","-0.2758440222824884","0.5093441612647187"
"2","night","36.415125","0.12157406438819435","-0.2784323743712292","0.521580503147618"
"2","night","36.6848666666667","0.12646407259289844","-0.281191607686172","0.5341197528719689"
"2","night","36.9546083333333","0.1314194654070579","-0.284129613575848","0.5469685443899638"
"2","night","37.22435","0.1364396141325086","-0.2872545440482398","0.560133772313257"
"2","night","37.4940916666667","0.14152389007108085","-0.29057482053941974","0.5736226006815814"
"2","night","37.7638333333333","0.14667166452460484","-0.29409914299524414","0.5874424720444538"
"2","night","37.948","0.15022247174129505","-0.2966272007718079","0.597072144254398"
"2","night","38.033575","0.15188230879491632","-0.29783649927559636","0.6016011168654289"
"2","night","38.3033166666666","0.15715519418384388","-0.30179617489095917","0.6161065632586469"
"2","night","38.5730583333333","0.16248969199322344","-0.3059877630813908","0.6309671470678377"
"2","night","38.8428","0.16788517352488497","-0.3104211752482013","0.6461915222979713"
"2","night","39.1125416666667","0.17334101008066127","-0.3151066517489694","0.6617886719102919"
"2","night","39.3822833333333","0.17885657296238172","-0.32005477306676006","0.6777679189915236"
"2","night","39.652025","0.18443123347188306","-0.3252764713647305","0.6941389383084966"
"2","night","39.9217666666667","0.19006436291099493","-0.3307830424375464","0.7109117682595363"
"2","night","40.1915083333333","0.19575533258154765","-0.33658615807137027","0.7280968232344656"
"2","night","40.46125","0.2015035137853775","-0.342697878824424","0.7457049063951791"
"2","night","40.7309916666666","0.20730827782431244","-0.3491306672404069","0.7637472228890319"
"2","night","41.0007333333333","0.2131689960001889","-0.35589740150739846","0.7822353935077763"
"2","night","41.270475","0.21908503961483672","-0.36301138957504653","0.80118146880472"
"2","night","41.5402166666667","0.2250557799700883","-0.37048638374325393","0.8205979436834305"
"2","night","41.8099583333333","0.23108058836777332","-0.3783365957357374","0.8404977724712841"
"2","night","42.0797","0.23715883610972877","-0.38657671227220525","0.8608943844916628"
"2","night","42.3494416666667","0.24328989449778382","-0.39522191115306726","0.8818017001486349"
"2","night","42.6191833333333","0.24947313483376887","-0.4042878778710015","0.9032341475385393"
"2","night","42.888925","0.2557079284195207","-0.41379082276383694","0.9252066796028784"
"2","night","43.1586666666666","0.26199364655686663","-0.42374749872350903","0.9477347918372423"
"2","night","43.4284083333333","0.26832966054764357","-0.43417521947618104","0.9708345405714682"
"2","night","43.69815","0.274715341693681","-0.44509187844870296","0.9945225618360649"
"2","night","43.9678916666666","0.28115006129680925","-0.45651596823699453","1.018816090830613"
"2","night","44.2376333333333","0.2876331906588648","-0.4684666006920583","1.0437329820097878"
"2","night","44.507375","0.29416410108167756","-0.48096352763952677","1.069291729802882"
"2","night","44.7771166666666","0.3007421638670771","-0.49402716224897236","1.0955114899831266"
"2","night","45.0468583333333","0.3073667503169005","-0.5076786010692953","1.1224121017030964"
"2","night","45.3166","0.31403723173297776","-0.5219396467466626","1.150014110212618"
"2","night","45.5863416666667","0.32075297941714065","-0.5368328314417676","1.178338790276049"
"2","night","45.8560833333333","0.327513364671219","-0.5523814409631866","1.2074081703056245"
"2","night","46.125825","0.3343177587970497","-0.5686095396338033","1.2372450572279028"
"2","night","46.3955666666667","0.3411655330964628","-0.5855419959073171","1.2678730621002428"
"2","night","46.6653083333333","0.3480560588712876","-0.6032045087520406","1.2993166264946159"
"2","night","46.93505","0.3549887074233613","-0.621623634819158","1.3316010496658808"
"2","night","47.2047916666667","0.36196285005451373","-0.6408268164126005","1.364752516521628"
"2","night","47.4745333333333","0.36897785806657424","-0.6608424102778777","1.3987981264110263"
"2","night","47.744275","0.37603310276138047","-0.6816997172270206","1.4337659227497817"
"2","night","48.0140166666667","0.3831279554407613","-0.703429012616685","1.4696849234982077"
"2","night","48.2837583333333","0.39026178740654727","-0.7260615776966166","1.5065851525097111"
"2","night","48.5535","0.3974339699605746","-0.7496297318452807","1.54449767176643"
"2","night","48.8232416666667","0.40464387440467386","-0.774166865709359","1.5834546145187067"
"2","night","49.0929833333333","0.41189087204067365","-0.7997074752637136","1.623489219345061"
"2","night","49.362725","0.41917433417041194","-0.8262871968080587","1.6646358651488826"
"2","night","49.6324666666667","0.42649363209571833","-0.8539428429161314","1.706930107107568"
"2","night","49.9022083333333","0.43384813711842185","-0.8827124393531357","1.7504087135899793"
"2","night","50.17195","0.4412372205403604","-0.912635262976511","1.7951097040572317"
"2","night","50.4416916666667","0.44866025366336315","-0.9437518806345976","1.841072387961324"
"2","night","50.7114333333333","0.45611660778925955","-0.9761041890775195","1.8883374046560386"
"2","night","50.981175","0.4636056542198876","-1.0097354558937233","1.9369467643334985"
"2","night","51.2509166666666","0.47112676425707334","-1.0446903614848744","1.986943889999021"
"2","night","51.5206583333333","0.47867930920265483","-1.0810150420915463","2.038373660496856"
"2","night","51.7904","0.4862626603584612","-1.1187571338805617","2.091282454597484"
"2","night","52.0601416666667","0.49387618902632513","-1.157965818104726","2.1457181961573766"
"2","night","52.3298833333333","0.5015192665080752","-1.1986918673440654","2.2017304003602156"
"2","night","52.599625","0.5091912641055497","-1.2409876928370651","2.2593702210481643"
"2","night","52.8693666666667","0.5168915531205777","-1.2849073929087687","2.318690499149924"
"2","night","53.1391083333333","0.5246195048549885","-1.3305068025018802","2.379745812211857"
"2","night","53.40885","0.5323744906106203","-1.3778435438151933","2.4425925250364338"
"2","night","53.6785916666667","0.5401558816893018","-1.4269770780522006","2.5072888414308045"
"2","night","53.9483333333333","0.547963049392863","-1.4779687582815568","2.5738948570672826"
"2","night","54.218075","0.5557953650231411","-1.530881883408919","2.642472613455201"
"2","night","54.4878166666667","0.5636521998819658","-1.5857817532578555","2.7130861530217874"
"2","night","54.7575583333333","0.571532925271166","-1.6427357247559815","2.785801575298313"
"2","night","55.0273","0.5794369124925798","-1.7018132692200048","2.860687094205164"
"2","night","55.2650000000001","0.5864207934704607","-1.7556903569101965","2.928531943851118"
"2","night","55.2970416666667","0.5873635328480367","-1.763086030730952","2.9378130964270253"
"2","night","55.5667833333333","0.5953121576393655","-1.8266278855891436","3.0172522008678744"
"2","night","55.836525","0.6032821581684046","-1.8925150028353825","3.099079319172192"
"2","night","56.1062666666667","0.6112729057369828","-1.9608259058220474","3.183371717296013"
"2","night","56.3760083333333","0.6192837716469297","-2.031641534815625","3.2702090781094846"
"2","night","56.64575","0.627314127200083","-2.1050453106085794","3.3596735650087455"
"2","night","56.9154916666667","0.6353633436982722","-2.181123199115219","3.451849886511763"
"2","night","57.1852333333333","0.643430792443326","-2.2599637769235863","3.5468253618102383"
"2","night","57.454975","0.6515158447370828","-2.341658297771155","3.6446899872453207"
"2","night","57.7247166666666","0.659617871881369","-2.426300759908351","3.7455365036710884"
"2","night","57.9944583333333","0.6677362451780224","-2.5139879743109446","3.8494604646669894"
"2","night","58.2642","0.6758703359288725","-2.6048196336967777","3.9565603055545226"
"2","night","58.5339416666666","0.6840195154357477","-2.6988983822993897","4.066937413170885"
"2","night","58.8036833333333","0.6921831550004869","-2.796329886345803","4.180696196346776"
"2","night","59.073425","0.7003606259249189","-2.897222905180712","4.29794415703055"
"2","night","59.3431666666666","0.7085512995108728","-3.0016893629754793","4.418791961997225"
"2","night","59.6129083333333","0.7167545470601872","-3.1098444209541833","4.543353515074558"
"2","night","59.88265","0.7249697398746905","-3.2218065500634507","4.671746029812832"
"2","night","60.1523916666666","0.7331962492562125","-3.337697604008394","4.804090102520819"
"2","night","60.4221333333333","0.7414334465065909","-3.457642892569853","4.940509785583035"
"2","night","60.691875","0.7496807029276552","-3.5817712551122165","5.081132660967527"
"2","night","60.9616166666666","0.7579373898212343","-3.7102151341857246","5.226089913828193"
"2","night","61.2313583333333","0.7662028784891662","-3.843110649119643","5.375516406097976"
"2","night","61.5011","0.7744765402332807","-3.9805976694956287","5.5295507499621905"
"2","night","61.7708416666666","0.7827577463554061","-4.122819888384941","5.6883353810957535"
"2","night","62.0405833333333","0.7910458681573811","-4.269924895224663","5.852016631539425"
"2","night","62.310325","0.7993402769410345","-4.422064248200262","6.020744802082331"
"2","night","62.5800666666666","0.8076403440081958","-4.579393545995744","6.194674234012137"
"2","night","62.8498083333333","0.815945440660703","-4.74207249876297","6.373963380084375"
"2","night","63.11955","0.8242549382003851","-4.91026499815362","6.5587748745543895"
"2","night","63.3892916666666","0.8325682079290713","-5.08413918625012","6.749275602108263"
"2","night","63.6590333333333","0.8408846211485997","-5.263867523221813","6.945636765519013"
"2","night","63.928775","0.8492035491607999","-5.449626853523487","7.148033951845086"
"2","night","64.1985166666666","0.8575243632675005","-5.641598470445925","7.3566471969809255"
"2","night","64.4682583333333","0.8658464347705395","-5.83996817881725","7.5716610483583295"
"2","night","64.738","0.8741691349717469","-6.044926355643951","7.793264625587445"
"3","compound","0.0","0.0","0.0","0.0"
"3","compound","0.08147875","-0.00196600209410469","-0.03216196310087605","0.02822995891266667"
"3","compound","0.1629575","-0.003931946898025568","-0.035857619644232105","0.027993725848180967"
"3","compound","0.24443625","-0.005897777121578849","-0.03965052516572595","0.02785497092256825"
"3","compound","0.325915","-0.007863435474580696","-0.04354509416741371","0.027818223218252315"
"3","compound","0.40739375","-0.00982886466684731","-0.04754582528704855","0.027888095953353936"
"3","compound","0.4888725","-0.011794007408194881","-0.05165728807853908","0.028069273262149315"
"3","compound","0.57035125","-0.013758806408439619","-0.055884107799303515","0.028366494982424273"
"3","compound","0.65183","-0.0157232043773977","-0.060230948076889015","0.028784539322093614"
"3","compound","0.73330875","-0.017687144024885325","-0.06470249133085769","0.02932820328108704"
"3","compound","0.8147875","-0.01965056806071869","-0.06930341683151482","0.030002280710077444"
"3","compound","0.89626625","-0.02161341919471398","-0.07403837628479933","0.030811537895371364"
"3","compound","0.977745","-0.02357564013668737","-0.07891196684277904","0.0317606865694043"
"3","compound","1.05922375","-0.025537173596455083","-0.08392870145191592","0.03285435425900574"
"3","compound","1.1407025","-0.027497962283833298","-0.08909297646678811","0.03409705189912152"
"3","compound","1.22218125","-0.029457948908638232","-0.09440903647548364","0.03549313865820718"
"3","compound","1.30366","-0.03141707618068602","-0.09988093630457698","0.03704678394320495"
"3","compound","1.38513875","-0.03337528680979292","-0.10551250019663615","0.03876192657705031"
"3","compound","1.4666175","-0.03533252350577507","-0.111307278181692","0.04064223117014185"
"3","compound","1.54809625","-0.0372887289784487","-0.11726849969613751","0.042691041739240106"
"3","compound","1.629575","-0.03924384593762997","-0.1233990245381402","0.04491133266288025"
"3","compound","1.71105375","-0.041197817093135115","-0.1297012912878524","0.04730565710158217"
"3","compound","1.7925325","-0.0431505851547803","-0.13617726336340916","0.049876093053848554"
"3","compound","1.87401125","-0.04510209283238171","-0.14282837292978923","0.0526241872650258"
"3","compound","1.95549","-0.047052282835755584","-0.14965546292685963","0.05555089725534846"
"3","compound","2.004125","-0.04821570760772729","-0.15381456198643093","0.05738314677097634"
"3","compound","2.03696875","-0.04900109787471806","-0.15665872753503585","0.05865653178559973"
"3","compound","2.1184475","-0.05094848065908534","-0.16383765145159254","0.06194069013342186"
"3","compound","2.19992625","-0.05289437389867363","-0.17119094840725343","0.06540220060990617"
"3","compound","2.281405","-0.054838720303299136","-0.1787164994107158","0.06903905880411751"
"3","compound","2.36288375","-0.05678146258277801","-0.18641129126751593","0.07284836610195992"
"3","compound","2.4443625","-0.05872254344692649","-0.19427135597834227","0.07682626908448931"
"3","compound","2.52584125","-0.06066190560556076","-0.2022917116796352","0.08096790046851368"
"3","compound","2.60732","-0.062599491768497","-0.2104663058450884","0.08526732230809442"
"3","compound","2.68879875","-0.06453524464555138","-0.21878796151936877","0.08971747222826601"
"3","compound","2.7702775","-0.06646910694654012","-0.22724832740381207","0.09431011351073182"
"3","compound","2.85175625","-0.0684010213812794","-0.23583783265674874","0.09903578989418993"
"3","compound","2.933235","-0.07033093065958546","-0.24454564730713077","0.10388378598795986"
"3","compound","3.01471375","-0.07225877749127442","-0.2533596492078642","0.10884209422531536"
"3","compound","3.0961925","-0.07418450458616252","-0.2622663984732987","0.11389738930097365"
"3","compound","3.17767125","-0.07610805465406593","-0.27125112035224974","0.11903501104411786"
"3","compound","3.25915","-0.07802937040480085","-0.2802976974823447","0.12423895667274301"
"3","compound","3.34062875","-0.0799483945481835","-0.2893886724520549","0.1294918833556879"
"3","compound","3.4221075","-0.08186506979403002","-0.298505261562253","0.13477512197419297"
"3","compound","3.50358625","-0.08377933885215665","-0.3076273806284111","0.14006870292409784"
"3","compound","3.585065","-0.08569114443237955","-0.31673368359668685","0.1453513947319278"
"3","compound","3.66654375","-0.08760042924451492","-0.3258016146613923","0.15060075617236246"
"3","compound","3.7480225","-0.08950713599837896","-0.3348074744672359","0.155793202470478"
"3","compound","3.82950125","-0.09141120740378787","-0.34372650085706047","0.1609040860494847"
"3","compound","3.91098","-0.0933125861705578","-0.3525329644847268","0.16590779214361118"
"3","compound","3.99245875","-0.09521121500850502","-0.3612002794538086","0.17077784943679855"
"3","compound","4.0440625","-0.09641224420563747","-0.3666052887914926","0.17378080038021765"
"3","compound","4.0739375","-0.09710703392506387","-0.369701231136946","0.17548716328681824"
"3","compound","4.15541625","-0.09899985379860146","-0.37801302432584527","0.18001331672864232"
"3","compound","4.236895","-0.10088930233334674","-0.3861201480906333","0.18434154342393977"
"3","compound","4.31837375","-0.10277499330623432","-0.39400843288699805","0.18845844627452937"
"3","compound","4.3998525","-0.10465654049419874","-0.40166459680870814","0.19235151582031063"
"3","compound","4.48133125","-0.1065335576741746","-0.40907629827990866","0.19600918293155944"
"3","compound","4.56281","-0.1084056586230965","-0.4162321814917185","0.1994208642455255"
"3","compound","4.64428875","-0.11027245711789903","-0.4231219144250586","0.20257700018926056"
"3","compound","4.7257675","-0.11213356693551674","-0.42973621937871564","0.20546908550768217"
"3","compound","4.80724625","-0.11398860185288424","-0.43606689599643694","0.20808969229066848"
"3","compound","4.888725","-0.1158371756469361","-0.44210683685850605","0.21043248556463381"
"3","compound","4.97020375","-0.11767890209460691","-0.447850035770979","0.21249223158176517"
"3","compound","5.0516825","-0.1195133949728313","-0.45329158894893956","0.21426479900327694"
"3","compound","5.13316125","-0.12134026805854375","-0.458427689348163","0.21574715323107552"
"3","compound","5.21464","-0.12315913512867896","-0.46325561445203334","0.2169373441946754"
"3","compound","5.29611875","-0.12496960996017145","-0.4677737078670656","0.2178344879467227"
"3","compound","5.3775975","-0.12677130632995584","-0.4719813551207347","0.21843874246082304"
"3","compound","5.45907625","-0.12856383801496668","-0.4758789540893112","0.21875127805937783"
"3","compound","5.540555","-0.13034681879213855","-0.4794678805110724","0.21877424292679531"
"3","compound","5.62203375","-0.13211986243840607","-0.4827504490615813","0.2185107241847692"
"3","compound","5.7035125","-0.13388258273070383","-0.4857298704828744","0.21796470502146673"
"3","compound","5.78499125","-0.1356345934459664","-0.48841020526756973","0.21714101837563693"
"3","compound","5.86647","-0.13737550836112833","-0.4907963144023657","0.21604529768010905"
"3","compound","5.94794875","-0.13910494125312423","-0.4928938076734792","0.21468392516723073"
"3","compound","6.0294275","-0.14082250589888873","-0.49470899002967694","0.2130639782318995"
"3","compound","6.11090625","-0.14252781607535636","-0.49624880648705383","0.2111931743363411"
"3","compound","6.192385","-0.1442204855594617","-0.4975207860441107","0.2090798149251873"
"3","compound","6.27386375","-0.1459001281281394","-0.4985329850564163","0.2067327288001375"
"3","compound","6.3553425","-0.14756635755832395","-0.499293930497693","0.20416121538104506"
"3","compound","6.43682125","-0.14921878762695004","-0.49981256350904213","0.20137498825514208"
"3","compound","6.475","-0.14998821464660764","-0.49997483011263044","0.19999840081941514"
"3","compound","6.5183","-0.15085703211095217","-0.5000981836106904","0.19838411938878606"
"3","compound","6.59977875","-0.15248070478726497","-0.5001603939215712","0.19519898434704122"
"3","compound","6.6812575","-0.154089419432823","-0.5000090477017187","0.1918302088360727"
"3","compound","6.72","-0.15484899153952522","-0.4998650731069608","0.19016709002791035"
"3","compound","6.76273625","-0.15568278982456085","-0.49965419650127335","0.18828861685215165"
"3","compound","6.844215","-0.15726042973941315","-0.4991060401682883","0.18458518068946198"
"3","compound","6.92569375","-0.1588219529543144","-0.49837487893587773","0.18073097302724894"
"3","compound","7.0071725","-0.16036697324619925","-0.4974710677778978","0.1767371212854993"
"3","compound","7.08865125","-0.16189510439200228","-0.49640497319161836","0.1726147644076138"
"3","compound","7.17013","-0.16340596016865808","-0.4951869325360253","0.16837501219870912"
"3","compound","7.25160875","-0.16489915435310118","-0.4938272160257028","0.1640289073195004"
"3","compound","7.3330875","-0.1663743007222662","-0.49233599145293494","0.15958739000840252"
"3","compound","7.41456625","-0.16783101305308776","-0.4907232916848687","0.15506126557869324"
"3","compound","7.496045","-0.1692689051225004","-0.4889989849584746","0.15046117471347378"
"3","compound","7.57752375","-0.1706875907074387","-0.48717274797370824","0.14579756655883083"
"3","compound","7.6590025","-0.17208668358483728","-0.4852540417648137","0.14108067459513915"
"3","compound","7.74048125","-0.17346579753163072","-0.483252090311147","0.1363204952478856"
"3","compound","7.82196","-0.17482454632475358","-0.48117586183228583","0.13152676918277867"
"3","compound","7.90343875","-0.1761625437411405","-0.4790340526974927","0.12670896521521174"
"3","compound","7.9849175","-0.17747940355772596","-0.4768350738668281","0.1218762667513762"
"3","compound","8.06639625","-0.17877473955144463","-0.4745870397702895","0.11703756066740023"
"3","compound","8.147875","-0.1800481654992311","-0.47229775952225517","0.11220142852379292"
"3","compound","8.22935375","-0.1812992951780199","-0.4699747303611391","0.10737614000509932"
"3","compound","8.3108325","-0.18252774236474564","-0.46762513319844945","0.10256964846895819"
"3","compound","8.39231125","-0.1837331208363429","-0.465255830157281","0.09778958848459518"
"3","compound","8.47379","-0.1849150443697463","-0.46287336397757595","0.0930432752380834"
"3","compound","8.55526875","-0.18607312674189044","-0.4604839591641301","0.08833770568034918"
"3","compound","8.6367475","-0.1872069817297098","-0.4580935247532227","0.0836795612938031"
"3","compound","8.71822625","-0.18831622311013907","-0.45570765857476714","0.079075212354489"
"3","compound","8.799705","-0.18940046466011273","-0.4533316528889343","0.07453072356870882"
"3","compound","8.88118375","-0.19045932015656547","-0.45097050127916216","0.07005186096603122"
"3","compound","8.9626625","-0.19149240337643186","-0.44862890668724215","0.06564409993437842"
"3","compound","9.04414125","-0.1924993280966464","-0.44631129048065654","0.06131263428736375"
"3","compound","9.12562","-0.19347970809414378","-0.4440218024474393","0.05706238625915172"
"3","compound","9.20709875","-0.19443315714585857","-0.44176433161944983","0.05289801732773272"
"3","compound","9.2885775","-0.1953592890287253","-0.4395425178310117","0.04882393977356117"
"3","compound","9.37005625","-0.19625771751967855","-0.43735976392628273","0.04484432888692563"
"3","compound","9.451535","-0.19712805639565295","-0.43521924853543337","0.04096313574412744"
"3","compound","9.53301375","-0.19796991943358308","-0.43312393934664245","0.03718410047947629"
"3","compound","9.6144925","-0.19878292041040355","-0.4310766068080305","0.03351076598722341"
"3","compound","9.69597125","-0.19956667310304885","-0.4290798382008716","0.029946491994773866"
"3","compound","9.77745","-0.20032079128845365","-0.4271360520327437","0.02649446945583639"
"3","compound","9.85892875","-0.2010448887435525","-0.425247512706631","0.02315773521952602"
"3","compound","9.9404075","-0.20173857924528002","-0.4234163454293805","0.019939186938820463"
"3","compound","10.02188625","-0.20240147657057075","-0.42164455133029666","0.01684159818915515"
"3","compound","10.103365","-0.20303319449635931","-0.4199340227680554","0.013867633775336785"
"3","compound","10.18484375","-0.20363334679958028","-0.41828655881147647","0.011019865212315877"
"3","compound","10.2663225","-0.20420154725716824","-0.41670388088707716","0.008300786372740676"
"3","compound","10.34780125","-0.20473740964605772","-0.4151876485936975","0.005712829301582095"
"3","compound","10.37931","-0.20493588052242245","-0.414619465838481","0.0047477047936361205"
"3","compound","10.42928","-0.20524057381448096","-0.4137393023157038","0.0032581546867418987"
"3","compound","10.51075875","-0.20571104989952177","-0.41235782254640097","0.0009357227473573981"
"3","compound","10.5922375","-0.20614912328118484","-0.4110404836815246","-0.0012577628808450592"
"3","compound","10.67371625","-0.20655508587571678","-0.4097846745492325","-0.0033254972022010443"
"3","compound","10.755195","-0.20692922959936433","-0.4085879344946015","-0.005270524704127116"
"3","compound","10.83667375","-0.20727184636837406","-0.40744794598457196","-0.007095746752176169"
"3","compound","10.9181525","-0.20758322809899257","-0.4063625276393823","-0.00880392855860282"
"3","compound","10.99963125","-0.20786366670746662","-0.4053296276639165","-0.010397705751016728"
"3","compound","11.08111","-0.20811345411004284","-0.4043473176541471","-0.01187959056593857"
"3","compound","11.16258875","-0.20833288222296775","-0.40341378675548967","-0.013251977690445838"
"3","compound","11.2440675","-0.2085222429624882","-0.40252733615140734","-0.014517149773569049"
"3","compound","11.32554625","-0.20868182824485063","-0.40168637386201145","-0.015677282627689804"
"3","compound","11.407025","-0.20881192998630183","-0.40088940983371746","-0.016734450138886164"
"3","compound","11.48850375","-0.20891284010308833","-0.4001350513022319","-0.01769062890394471"
"3","compound","11.5699825","-0.20898485051145693","-0.3994219984122828","-0.018547702610631045"
"3","compound","11.65146125","-0.20902825312765416","-0.39874904007855594","-0.019307466176752386"
"3","compound","11.73294","-0.20904333986792667","-0.3981150500732815","-0.01997162966257182"
"3","compound","11.81441875","-0.20903040264852116","-0.39751898332682845","-0.02054182197021384"
"3","compound","11.8958975","-0.20898973338568425","-0.3969598724285097","-0.021019594342858744"
"3","compound","11.97737625","-0.20892162399566255","-0.39643682431559757","-0.02140642367572751"
"3","compound","12.058855","-0.20882636639470276","-0.39594901713927594","-0.021703715650129574"
"3","compound","12.14033375","-0.20870425249905156","-0.39549569729695006","-0.02191280770115306"
"3","compound","12.2218125","-0.20855557422495544","-0.39507617662096595","-0.022034971828944927"
"3","compound","12.30329125","-0.20838062348866124","-0.3946898297143905","-0.02207141726293202"
"3","compound","12.38477","-0.2081796922064155","-0.3943360914250532","-0.022023292987777776"
"3","compound","12.46624875","-0.20795307229446486","-0.3940144544495738","-0.021891690139355935"
"3","compound","12.5477275","-0.207701055669056","-0.39372446705957076","-0.02167764427854124"
"3","compound","12.62920625","-0.20742393424643557","-0.393465730942706","-0.02138213755016513"
"3","compound","12.645","-0.20736733725846446","-0.3934191635776555","-0.02131551093927339"
"3","compound","12.710685","-0.20712199994285013","-0.39323789915162777","-0.02100610073407247"
"3","compound","12.79216375","-0.20679554467454647","-0.3930406741542749","-0.02055041519481801"
"3","compound","12.8736425","-0.20644486035777118","-0.3928738059793578","-0.02001591473618458"
"3","compound","12.95512125","-0.20607023890877085","-0.3927370904511802","-0.01940338736636149"
"3","compound","13.0366","-0.20567197224379216","-0.39263036750827573","-0.018713576979308588"
"3","compound","13.11807875","-0.20525035227908178","-0.39255351960062873","-0.017947184957534834"
"3","compound","13.1995575","-0.20480567093088634","-0.3925064701605278","-0.01710487170124486"
"3","compound","13.28103625","-0.2043382201154525","-0.39248918214235046","-0.016187258088554535"
"3","compound","13.362515","-0.20384829174902686","-0.39250165662682085","-0.015194926871232861"
"3","compound","13.44399375","-0.20333617774785612","-0.3925439314855036","-0.01412842401020864"
"3","compound","13.5254725","-0.20280217002818687","-0.3926160801015046","-0.012988259954869158"
"3","compound","13.60695125","-0.20224656050626585","-0.3927182101425425","-0.011774910869989247"
"3","compound","13.68843","-0.2016696410983396","-0.3928504623827377","-0.01048881981394148"
"3","compound","13.76990875","-0.20107170372065483","-0.39301300956962937","-0.009130397871680296"
"3","compound","13.8513875","-0.2004530402894582","-0.3932060553330926","-0.007700025245823777"
"3","compound","13.93286625","-0.19981394272099628","-0.39342983313297086","-0.006198052309021734"
"3","compound","14.014345","-0.1991547029315158","-0.393684605242376","-0.0046248006206556225"
"3","compound","14.09582375","-0.19847561283726337","-0.3939706617637339","-0.0029805639107928217"
"3","compound","14.1773025","-0.19777696435448558","-0.39428831967477523","-0.0012656090341959247"
"3","compound","14.25878125","-0.1970590493994292","-0.39463792190177627","0.0005198231029178435"
"3","compound","14.34026","-0.19632215988834076","-0.39501983641745964","0.0023755166407780914"
"3","compound","14.42173875","-0.195566587737467","-0.39543445536106314","0.004301279886129161"
"3","compound","14.5032175","-0.1947926248630545","-0.3958821941781674","0.0062969444520583895"
"3","compound","14.58469625","-0.1940005631813499","-0.3963634907779624","0.008362364415262585"
"3","compound","14.666175","-0.19319069460859986","-0.3968788047057068","0.010497415488507078"
"3","compound","14.74765375","-0.19236331106105115","-0.3974286163282075","0.012701994206105183"
"3","compound","14.8291325","-0.1915187044549502","-0.3980134260302126","0.014976017120312213"
"3","compound","14.91061125","-0.19065716670654384","-0.398633753419679","0.017319420006591313"
"3","compound","14.99209","-0.18977898973207857","-0.3992901365399255","0.019732157075768364"
"3","compound","15.07356875","-0.1888844654478011","-0.3999831310867489","0.02221420019114667"
"3","compound","15.1550475","-0.1879738857699581","-0.40071330962862134","0.02476553808870513"
"3","compound","15.21625","-0.18727952347044177","-0.4012865906632508","0.02672754372236727"
"3","compound","15.23652625","-0.18704754261479625","-0.40148126082814645","0.02738617559855394"
"3","compound","15.318005","-0.1861057278985621","-0.4022875886629871","0.030076132865862887"
"3","compound","15.39948375","-0.18514873353750233","-0.40313291164453136","0.03283544456952672"
"3","compound","15.4809625","-0.1841768514478636","-0.4040178620325953","0.0356641591368681"
"3","compound","15.56244125","-0.1831903735458926","-0.40494308504450977","0.03856233795272457"
"3","compound","15.64392","-0.1821895917478359","-0.4059092380569653","0.04153005456129358"
"3","compound","15.72539875","-0.18117479796994015","-0.40691698979903795","0.044567393859157645"
"3","compound","15.8068775","-0.18014628412845204","-0.4079670195348407","0.0476744512779366"
"3","compound","15.88835625","-0.17910434213961823","-0.4090600162342924","0.05085133195505592"
"3","compound","15.969835","-0.1780492639196853","-0.4101966777305186","0.054098149891147945"
"3","compound","16.05131375","-0.1769813413849","-0.4113777098624379","0.057415027092637905"
"3","compound","16.1327925","-0.17590086645150876","-0.4126038256011198","0.06080209269810227"
"3","compound","16.21427125","-0.17480813103575848","-0.4138757441585319","0.0642594820870149"
"3","compound","16.29575","-0.17370342705389563","-0.41519419007732405","0.06778733596953279"
"3","compound","16.37722875","-0.17258704642216702","-0.41655989230033996","0.07138579945600595"
"3","compound","16.4587075","-0.1714592810568192","-0.41797358321857025","0.07505502110493181"
"3","compound","16.54018625","-0.17032042287409876","-0.419435997696303","0.07879515194810552"
"3","compound","16.621665","-0.16917076379025245","-0.4209478720722628","0.08260634449175794"
"3","compound","16.70314375","-0.16801059572152688","-0.4225099431355665","0.08648875169251274"
"3","compound","16.7846225","-0.1668402105841686","-0.42412294707535964","0.09044252590702245"
"3","compound","16.86610125","-0.16565990029442443","-0.4257876184030487","0.0944678178141998"
"3","compound","16.94758","-0.16446995676854093","-0.427504688846073","0.09856477530899116"
"3","compound","17.02905875","-0.16327067192276468","-0.42927488621221954","0.10273354236669019"
"3","compound","17.1105375","-0.16206233767334247","-0.4310989332235182","0.10697425787683332"
"3","compound","17.19201625","-0.16084524593652078","-0.4329775463188185","0.11128705444577697"
"3","compound","17.273495","-0.15961968862854642","-0.43491143442418745","0.11567205716709461"
"3","compound","17.35497375","-0.15838595766566596","-0.4369012976903389","0.12012938235900703"
"3","compound","17.4364525","-0.15714434496412602","-0.43894782619635","0.12465913626809791"
"3","compound","17.51793125","-0.1558951424401733","-0.4410516986189923","0.12926141373864566"
"3","compound","17.59941","-0.15463864201005442","-0.44321358086706997","0.1339362968469611"
"3","compound","17.68088875","-0.15337513559001598","-0.445434124680219","0.13868385350018703"
"3","compound","17.7623675","-0.15210491509630475","-0.44771396619170706","0.14350413599909756"
"3","compound","17.84384625","-0.15082827244516728","-0.450053724454844","0.14839717956450943"
"3","compound","17.925325","-0.14954549955285018","-0.4524539999326929","0.15336300082699256"
"3","compound","18.00680375","-0.1482568883356002","-0.45491537295086715","0.15840159627966677"
"3","compound","18.0882825","-0.14696273070966398","-0.4574384021132814","0.16351294069395345"
"3","compound","18.16976125","-0.14566331859128803","-0.46002362268081975","0.16869698549824366"
"3","compound","18.25124","-0.14435894389671916","-0.4626715449129954","0.17395365711955707"
"3","compound","18.33271875","-0.1430498985422039","-0.4653826523727684","0.17928285528836058"
"3","compound","18.4141975","-0.141736474443989","-0.4681574001948048","0.18468445130682676"
"3","compound","18.49567625","-0.14041896351832106","-0.470996213317578","0.1901582862809359"
"3","compound","18.577155","-0.13909765768144663","-0.473899484679832","0.19570416931693876"
"3","compound","18.65863375","-0.13777284884961252","-0.47686757338204644","0.20132187568282137"
"3","compound","18.7401125","-0.1364448289390653","-0.47990080281369113","0.20701114493556055"
"3","compound","18.82159125","-0.13511388986605155","-0.482999458747173","0.21277167901506988"
"3","compound","18.90307","-0.13378032354681807","-0.48616378739953975","0.2186031403059036"
"3","compound","18.98454875","-0.13244442189761138","-0.4893939934631427","0.22450514966791993"
"3","compound","19.0660275","-0.13110647683467813","-0.4926902381066158","0.2304772844372595"
"3","compound","19.14750625","-0.12976678027426505","-0.49605263694768653","0.2365190763991564"
"3","compound","19.228985","-0.1284256241326187","-0.4994812579995023","0.2426300097342649"
"3","compound","19.31046375","-0.12708330032598583","-0.5029761195923173","0.24880951894034561"
"3","compound","19.3919425","-0.12574010077061298","-0.5065371882725676","0.25505698673134164"
"3","compound","19.47342125","-0.1243963173827468","-0.5101643766815326","0.26137174191603896"
"3","compound","19.5549","-0.12305224207863404","-0.5138575414159734","0.2677530572587053"
"3","day","0.0","0.0","0.0","0.0"
"3","day","0.0648333333333344","-0.0037582409978557277","-0.03288919324074832","0.025372711245036865"
"3","day","0.129666666666669","-0.007515121253995739","-0.03809230763946827","0.023062065131476794"
"3","day","0.194500000000003","-0.011269280026704341","-0.04336336402917788","0.020824803975769197"
"3","day","0.259333333333338","-0.015019356574265954","-0.0487038008830592","0.018665087734527297"
"3","day","0.324166666666672","-0.01876399015496468","-0.05411509892237304","0.016587118612443677"
"3","day","0.389000000000006","-0.022501820027084913","-0.05959877434117927","0.01459513428700945"
"3","day","0.453833333333341","-0.026231485448911025","-0.06515637116459311","0.01269340026677105"
"3","day","0.518666666666675","-0.029951625678727216","-0.0707894526928883","0.010886201335433866"
"3","day","0.58350000000001","-0.033660879974817884","-0.07649959198506898","0.009177832035433216"
"3","day","0.648333333333344","-0.037357887595467244","-0.0822883613374146","0.007572586146480112"
"3","day","0.713166666666679","-0.04104128779895967","-0.08815732071502584","0.0060747451171064976"
"3","day","0.778000000000013","-0.044709719843579354","-0.09410800509760608","0.004688565410447383"
"3","day","0.842833333333347","-0.048361822987610686","-0.10014191070467146","0.003418264729450088"
"3","day","0.907666666666682","-0.05199623648933803","-0.10626048007013461","0.0022680070914585515"
"3","day","0.972500000000016","-0.05561159960704555","-0.11246508594181871","0.0012418867277276119"
"3","day","1.03733333333335","-0.05920655159901762","-0.11875701398796812","0.000343910789932865"
"3","day","1.10216666666669","-0.06277973172353886","-0.12513744430027593","-0.0004220191468017817"
"3","day","1.16700000000002","-0.0663297792388927","-0.13160743169138972","-0.0010521267863956713"
"3","day","1.23183333333335","-0.06985533340336401","-0.1381678847943254","-0.001542782012402627"
"3","day","1.29666666666669","-0.07335503347523764","-0.14481954398169583","-0.0018905229687794511"
"3","day","1.32","-0.07460797689897379","-0.14723588855339234","-0.0019800652445552402"
"3","day","1.36150000000002","-0.07682751871279675","-0.15156295813423015","-0.0020920792913633607"
"3","day","1.42633333333336","-0.0802714283743268","-0.15839846030067592","-0.0021443964479776756"
"3","day","1.49116666666669","-0.08368540171811095","-0.16532614230478665","-0.002044661131435241"
"3","day","1.55600000000003","-0.08706807800243462","-0.17234582836983114","-0.001790327635038086"
"3","day","1.62083333333336","-0.09041809648558101","-0.1794570478466363","-0.0013791451245257075"
"3","day","1.68566666666669","-0.09373409642583502","-0.18665900714781158","-0.0008091857038584477"
"3","day","1.75050000000003","-0.09701471708148139","-0.19395056100813762","-7.88731548251459e-05"
"3","day","1.81533333333336","-0.10025859771080346","-0.20133018320928012","0.0008129877876731917"
"3","day","1.8801666666667","-0.10346437757208651","-0.20879593692574147","0.0018671817815684444"
"3","day","1.94500000000003","-0.10663069592361386","-0.2163454448681426","0.003084053020914898"
"3","day","2.00983333333337","-0.1097561920236708","-0.22397585941951406","0.004463475372172454"
"3","day","2.0746666666667","-0.1128395051305406","-0.23168383297982725","0.0060048227187460695"
"3","day","2.13950000000004","-0.11587927450250858","-0.2394654887535908","0.007706939748573657"
"3","day","2.20433333333337","-0.11887413939785813","-0.24731639223441682","0.009568113438700565"
"3","day","2.2691666666667","-0.12182273907487398","-0.25523152365907914","0.011586045509331178"
"3","day","2.33400000000004","-0.12472371279184087","-0.2632052517211459","0.013757826137464166"
"3","day","2.39883333333337","-0.12757569980704225","-0.27123130885071556","0.01607990923663108"
"3","day","2.46366666666671","-0.1303773393787633","-0.2793027683816427","0.01854808962411611"
"3","day","2.52850000000004","-0.13312727076528738","-0.28741202394055115","0.02115748240997639"
"3","day","2.59333333333338","-0.13582413322489972","-0.29555077140271035","0.02390250495291088"
"3","day","2.65816666666671","-0.1384665660158838","-0.303709993767841","0.026776861736073382"
"3","day","2.72300000000005","-0.1410532083965247","-0.31187994931409124","0.02977353252104184"
"3","day","2.78783333333338","-0.14358269962510592","-0.32005016339005654","0.032884764139844674"
"3","day","2.85266666666671","-0.14605367895991214","-0.328209424202791","0.036102066282966666"
"3","day","2.86999999999998","-0.14670421367953285","-0.33038745206305453","0.036979024703988866"
"3","day","2.91750000000005","-0.14846493518855763","-0.33634626817004043","0.03941639779292516"
"3","day","2.98233333333338","-0.15081663673180376","-0.34445311233492804","0.042819838871320515"
"3","day","3.04716666666672","-0.15310969693168755","-0.3525245932324584","0.04630519936908328"
"3","day","3.11200000000005","-0.1553450363961847","-0.36055529457188173","0.04986522177951233"
"3","day","3.17683333333339","-0.15752357573327258","-0.36853974265795986","0.05349259119141472"
"3","day","3.24166666666672","-0.15964623555092705","-0.3764724250415241","0.057179953939670014"
"3","day","3.30650000000006","-0.1617139364571252","-0.3843478092307241","0.060919936316473716"
"3","day","3.37133333333339","-0.16372759905984305","-0.3921603613758282","0.06470516325614209"
"3","day","3.43616666666672","-0.1656881439670575","-0.3999045648420254","0.06852827690791041"
"3","day","3.50100000000006","-0.16759649178674524","-0.4075749385866426","0.07238195501315212"
"3","day","3.56583333333339","-0.1694535631268824","-0.4151660552597781","0.0762589290060133"
"3","day","3.63066666666673","-0.17126027859544596","-0.42267255895036004","0.08015200175946813"
"3","day","3.69550000000006","-0.17301755880041197","-0.43008918250304795","0.084054064902224"
"3","day","3.7603333333334","-0.17472632434975754","-0.4374107643353054","0.08795811563579031"
"3","day","3.82516666666673","-0.17638749585145863","-0.4446322646881012","0.09185727298518392"
"3","day","3.89000000000006","-0.17800199391349208","-0.45174878124829837","0.0957447934213142"
"3","day","3.9548333333334","-0.1795707391438347","-0.4587555640855086","0.0996140857978392"
"3","day","4.01966666666673","-0.1810946521504625","-0.46564802985127485","0.10345872555034985"
"3","day","4.08450000000007","-0.18257465354135255","-0.47242177519364015","0.10727246811093505"
"3","day","4.1493333333334","-0.18401166392448093","-0.47907258934549674","0.11104926149653488"
"3","day","4.21416666666674","-0.18540660390782462","-0.4855964658506162","0.114783258034967"
"3","day","4.27900000000007","-0.18676039409935974","-0.4919896133967182","0.11846882519799873"
"3","day","4.34383333333341","-0.18807395510706318","-0.4982484657305285","0.12210055551640217"
"3","day","4.40866666666674","-0.18934820753891118","-0.5043696906352273","0.12567327555740487"
"3","day","4.47350000000007","-0.19058407200288047","-0.5103501979561914","0.12918205395043048"
"3","day","4.53833333333341","-0.1917824691069478","-0.5161871466662427","0.13262220845234707"
"3","day","4.60316666666674","-0.19294431945908927","-0.5218779509668527","0.13598931204867418"
"3","day","4.66800000000008","-0.19407054366728183","-0.5274202854268335","0.13927919809226985"
"3","day","4.73283333333341","-0.19516206233950176","-0.5328120891648619","0.1424879644858584"
"3","day","4.79766666666675","-0.1962197960837258","-0.5380515690869034","0.14561197691945177"
"3","day","4.86250000000008","-0.1972446655079302","-0.5431372021939561","0.14864787117809566"
"3","day","4.92733333333342","-0.19823759122009194","-0.5480677369797534","0.15159255453956955"
"3","day","4.99216666666675","-0.1991994938281871","-0.5528421939418837","0.15444320628550948"
"3","day","5.05700000000008","-0.2001312939401925","-0.557459865233447","0.15719727735306202"
"3","day","5.12183333333342","-0.20103391216408475","-0.5619203134856062","0.1598524891574367"
"3","day","5.18666666666675","-0.20190826910784013","-0.5662233698344085","0.16240683161872824"
"3","day","5.25150000000009","-0.20275528537943555","-0.570369131187932","0.16485856042906094"
"3","day","5.31633333333342","-0.20357588158684714","-0.574357956772137","0.1672061935984427"
"3","day","5.38","-0.20435689061152135","-0.5781228750131551","0.16940909379011232"
"3","day","5.38116666666676","-0.20437097833805187","-0.5781904639958857","0.16944850731978198"
"3","day","5.44600000000009","-0.20514149624102584","-0.5818675236772839","0.17158453119523215"
"3","day","5.51083333333343","-0.205888355903746","-0.5853902546749453","0.17361354286745334"
"3","day","5.57566666666676","-0.20661247793418863","-0.5887600179688723","0.17553506210049513"
"3","day","5.64050000000009","-0.20731478294033034","-0.5919784102364845","0.17734884435582376"
"3","day","5.70533333333343","-0.2079961915301478","-0.5950472569698462","0.1790548739095506"
"3","day","5.77016666666676","-0.20865762431161744","-0.5979686051804187","0.1806533565571839"
"3","day","5.8350000000001","-0.20930000189271586","-0.6007447157376662","0.18214471195223442"
"3","day","5.89983333333343","-0.20992424488141953","-0.603378055387584","0.18352956562474498"
"3","day","5.96466666666677","-0.21053127388570508","-0.6058712884967746","0.18480874072536446"
"3","day","6.0295000000001","-0.21112200951354892","-0.6082272685669766","0.18598324953987877"
"3","day","6.09433333333343","-0.21169737237292777","-0.6104490295640933","0.18705428481823774"
"3","day","6.15916666666677","-0.21225828307181815","-0.6125397771046831","0.1880232109610468"
"3","day","6.2240000000001","-0.21280566221819644","-0.6145028795416511","0.1888915551052582"
"3","day","6.28883333333344","-0.2133404304200395","-0.6163418589895094","0.18966099814943047"
"3","day","6.35366666666677","-0.21386350828532347","-0.6180603823280522","0.19033336575740517"
"3","day","6.41850000000011","-0.21437581642202524","-0.6196622522217032","0.19091061937765275"
"3","day","6.48333333333344","-0.21487827543812116","-0.6211513981900488","0.19139484731380652"
"3","day","6.54816666666678","-0.2153718059415879","-0.6225318677633164","0.1917882558801406"
"3","day","6.61300000000011","-0.21585732854040188","-0.6238078177546762","0.19209316067387242"
"3","day","6.67783333333344","-0.2163357638425397","-0.6249835056793784","0.19231197799429903"
"3","day","6.74266666666678","-0.21680803245597802","-0.6260632813487884","0.19244721643683238"
"3","day","6.80750000000011","-0.21727505498869318","-0.6270515786654521","0.19250146868806575"
"3","day","6.87233333333345","-0.21773775204866194","-0.6279529076433784","0.1924774035460545"
"3","day","6.93716666666678","-0.21819704424386058","-0.6287718466757819","0.19237775818806072"
"3","day","7.00200000000012","-0.218653852182266","-0.6295130350706242","0.19220533070609222"
"3","day","7.06683333333345","-0.2191090964718544","-0.6301811658723995","0.19196297292869074"
"3","day","7.13166666666679","-0.2195636977206026","-0.6307809789867856","0.19165358354558046"
"3","day","7.19650000000012","-0.22001857653648688","-0.631317254622977","0.19128010155000336"
"3","day","7.26133333333345","-0.220474653527484","-0.6317948070668069","0.19084550001183895"
"3","day","7.32616666666679","-0.22093284930157048","-0.632218478796094","0.19035278019295304"
"3","day","7.39100000000012","-0.22139408446672273","-0.6325931349480731","0.18980496601462762"
"3","day","7.45583333333346","-0.22185927963091753","-0.6329236581472651","0.18920509888543005"
"3","day","7.52066666666679","-0.22232935540213117","-0.633214943700716","0.18855623289645368"
"3","day","7.58550000000013","-0.2228052323883404","-0.6334718951662246","0.1878614303895438"
"3","day","7.65033333333346","-0.22328783119752163","-0.6336994202979236","0.18712375790288036"
"3","day","7.7151666666668","-0.22377807243765147","-0.633902427372461","0.18634628249715812"
"3","day","7.78000000000013","-0.22427687671670637","-0.6340858218979788","0.1855320684645661"
"3","day","7.84483333333346","-0.22478516464266302","-0.6342545037071561","0.18468417442183005"
"3","day","7.9096666666668","-0.22530385682349796","-0.6344133644347427","0.18380565078774685"
"3","day","7.94000000000001","-0.22555036811551826","-0.6344856969079895","0.18338496067695303"
"3","day","7.97450000000013","-0.2258338738671876","-0.6345672853792907","0.18289953764491554"
"3","day","8.03933333333347","-0.22637613638170864","-0.6347211357481456","0.18196886298472834"
"3","day","8.1041666666668","-0.2269315649750375","-0.63487977128425","0.18101664133417503"
"3","day","8.16900000000014","-0.22750108025515084","-0.6350480332728862","0.18004587276258452"
"3","day","8.23383333333347","-0.22808560283002505","-0.6352307479261619","0.1790595422661117"
"3","day","8.2986666666668","-0.22868605330763678","-0.6354327261428349","0.17806061952756128"
"3","day","8.30600000000015","-0.2287550141042191","-0.6354569974901176","0.17794696928167936"
"3","day","8.36350000000014","-0.22930322764311822","-0.6356581798447032","0.17705172455846674"
"3","day","8.42833333333347","-0.2299372199833518","-0.6359080236016725","0.17603358363496893"
"3","day","8.49316666666681","-0.23058787907103656","-0.6361820215719193","0.17500626342984615"
"3","day","8.55800000000014","-0.2312550533902864","-0.6364799373583061","0.1739698305777333"
"3","day","8.62283333333348","-0.23193859142521558","-0.6368015352066771","0.17292435235624595"
"3","day","8.68766666666681","-0.232638341659938","-0.6371465799923872","0.1718698966725112"
"3","day","8.75250000000015","-0.2333541525785679","-0.6375148372070325","0.17080653204989665"
"3","day","8.81733333333348","-0.23408587266521919","-0.6379060729453787","0.16973432761494028"
"3","day","8.88216666666681","-0.23483335040400607","-0.6383200538924823","0.16865335308447013"
"3","day","8.94700000000015","-0.23559643427904273","-0.6387565473110055","0.16756367875292003"
"3","day","9.01183333333348","-0.236374972774443","-0.6392153210287169","0.16646537547983095"
"3","day","9.07666666666682","-0.2371688143743212","-0.639696143426181","0.1653585146775386"
"3","day","9.14150000000015","-0.2379778075627912","-0.6401987834246282","0.16424316829904584"
"3","day","9.20633333333349","-0.23880180082396724","-0.6407230104740079","0.16311940882607345"
"3","day","9.27116666666682","-0.2396406426419633","-0.6412685945412174","0.16198730925729085"
"3","day","9.33600000000015","-0.24049418150089344","-0.6418353060985075","0.16084694309672057"
"3","day","9.40083333333349","-0.24136226588487197","-0.6424229161120607","0.1596983843423167"
"3","day","9.46566666666682","-0.24224474427801262","-0.64303119603074","0.15854170747471474"
"3","day","9.53050000000016","-0.24314146516442983","-0.6436599177750069","0.15737698744614723"
"3","day","9.59533333333349","-0.24405227702823734","-0.6443088537260027","0.15620429966952792"
"3","day","9.66016666666683","-0.24497702835354956","-0.6449777767147982","0.1550237200076991"
"3","day","9.72500000000016","-0.24591556762448025","-0.6456664600117998","0.15383532476283934"
"3","day","9.7898333333335","-0.24686774332514377","-0.6463746773163199","0.15263919066603232"
"3","day","9.85466666666683","-0.247833403939654","-0.6471022027463006","0.15143539486699256"
"3","day","9.91950000000016","-0.24881239795212504","-0.6478488108281959","0.1502240149239458"
"3","day","9.9843333333335","-0.24980457384667118","-0.6486142764870066","0.14900512879366426"
"3","day","10.0491666666668","-0.2508097801074058","-0.6493983750364656","0.147778814821654"
"3","day","10.1140000000002","-0.251827865218445","-0.6502008821693764","0.1465451517324864"
"3","day","10.1788333333335","-0.2528586776638999","-0.6510215739480915","0.14530421862029164"
"3","day","10.2436666666668","-0.253902065927886","-0.651860226795149","0.14405609493937704"
"3","day","10.3085000000002","-0.2549578784945191","-0.6527166174840463","0.14280086049500806"
"3","day","10.3733333333335","-0.2560259638479101","-0.6535905231301506","0.1415385954343304"
"3","day","10.4381666666668","-0.2571061704721745","-0.6544817211817673","0.14026938023741825"
"3","day","10.5030000000002","-0.25819834685142823","-0.655389989411334","0.13899329570847752"
"3","day","10.5678333333335","-0.2593023414697819","-0.6563151059067529","0.137710422967189"
"3","day","10.6326666666668","-0.26041800281135136","-0.6572568490628712","0.13642084344016853"
"3","day","10.6975000000002","-0.26154517936025234","-0.6582149975730871","0.13512463885258236"
"3","day","10.7623333333335","-0.26268371960059556","-0.659189330421085","0.1338218912198939"
"3","day","10.8271666666668","-0.26383347201649676","-0.66017962687272","0.13251268283972656"
"3","day","10.8920000000002","-0.26499428509207185","-0.6611856664680192","0.13119709628387555"
"3","day","10.9568333333335","-0.26616600731143125","-0.6622072290133105","0.12987521439044797"
"3","day","11.0216666666669","-0.26734848715869275","-0.6632440945734984","0.12854712025611292"
"3","day","11.0865000000002","-0.2685415731179668","-0.6642960434644418","0.12721289722850826"
"3","day","11.1513333333335","-0.2697451136733692","-0.6653628562454821","0.1258726288987438"
"3","day","11.2161666666669","-0.270958957309016","-0.6664443137120809","0.12452639909404895"
"3","day","11.25205","-0.27163515772897673","-0.6670490840637441","0.12377876860579062"
"3","day","11.2810000000002","-0.2721829525090175","-0.6675401968885796","0.12317429187054463"
"3","day","11.3458333333335","-0.27341694775748954","-0.6686502870210991","0.12181639150612006"
"3","day","11.4106666666669","-0.27466079153854833","-0.6697743655705447","0.12045278249344804"
"3","day","11.4755000000002","-0.2759143323363039","-0.6709122142057313","0.11908354953312356"
"3","day","11.5403333333335","-0.2771774186348725","-0.6720636147966461","0.11770877752690112"
"3","day","11.6051666666669","-0.27844989891836996","-0.6732283494078108","0.11632855157107092"
"3","day","11.6700000000002","-0.27973162167090654","-0.674406200291766","0.11494295694995293"
"3","day","11.7348333333335","-0.2810224353765982","-0.6755969498826846","0.11355207912948811"
"3","day","11.7996666666669","-0.28232218851956115","-0.676800380790088","0.11215600375096568"
"3","day","11.8645000000002","-0.28363072958390534","-0.6780162757926765","0.11075481662486586"
"3","day","11.9293333333335","-0.2849479070537469","-0.6792444178322908","0.10934860372479704"
"3","day","11.9941666666669","-0.286273569413202","-0.6804845900079708","0.10793745118156678"
"3","day","12.0590000000002","-0.2876075651463806","-0.6817365755701268","0.10652144527736568"
"3","day","12.1238333333335","-0.2889497427373988","-0.6830001579148419","0.10510067244004428"
"3","day","12.1886666666669","-0.2902999506703728","-0.6842751205782663","0.10367521923752077"
"3","day","12.2535000000002","-0.29165803742941243","-0.6855612472311243","0.10224517237229941"
"3","day","12.3183333333335","-0.29302385149863397","-0.686858321673349","0.10081061867608115"
"3","day","12.3831666666669","-0.2943972413621536","-0.6881661278288091","0.09937164510450192"
"3","day","12.4480000000002","-0.2957780555040811","-0.6894844497401433","0.09792833873198115"
"3","day","12.5128333333335","-0.29716614240853273","-0.690813071563724","0.09648078674665855"
"3","day","12.5776666666669","-0.29856135055962474","-0.6921517775647092","0.09502907644545971"
"3","day","12.6425000000002","-0.2999635284414668","-0.6935003521122016","0.09357329522926805"
"3","day","12.7073333333335","-0.3013725245381752","-0.6948585796745347","0.09211353059818428"
"3","day","12.7721666666669","-0.30278818733386625","-0.6962262448146463","0.09064987014691378"
"3","day","12.8370000000002","-0.3042103653126496","-0.6976031321855569","0.08918240156025775"
"3","day","12.9018333333335","-0.3056389069586416","-0.6989890265259752","0.08771121260869197"
"3","day","12.9666666666669","-0.30707366075595843","-0.7003837126559869","0.08623639114407006"
"3","day","13.0315000000002","-0.30851447518870984","-0.7017869754728517","0.08475802509543207"
"3","day","13.0963333333336","-0.30996119874101435","-0.7031985999469235","0.08327620246489481"
"3","day","13.1611666666669","-0.3114136798969815","-0.7046183711176439","0.08179101132368094"
"3","day","13.2260000000002","-0.3128717671407276","-0.7060460740896719","0.08030253980821661"
"3","day","13.2908333333336","-0.31433530895636913","-0.707481494029095","0.07881087611635679"
"3","day","13.3556666666669","-0.3158041538280156","-0.7089244161597446","0.07731610850371345"
"3","day","13.4205000000002","-0.3172781502397832","-0.7103746257596324","0.07581832528006599"
"3","day","13.4853333333336","-0.3187571466757884","-0.7118319081574711","0.07431761480589433"
"3","day","13.5501666666669","-0.32024099162014075","-0.7132960487292981","0.07281406548901653"
"3","day","13.6150000000002","-0.32172953355695666","-0.7147668328952189","0.0713077657813056"
"3","day","13.6798333333336","-0.32322262097035237","-0.7162440461162353","0.06979880417553053"
"3","day","13.7446666666669","-0.32472010234443743","-0.7177274738911739","0.068287269202299"
"3","day","13.8095000000002","-0.3262218261633283","-0.7192169017537369","0.06677324942708024"
"3","day","13.8743333333336","-0.32772764091114115","-0.7207121152696334","0.06525683344735106"
"3","day","13.929","-0.3290003927055476","-0.7219771988506731","0.06397641343957788"
"3","day","13.9391666666669","-0.32923739507198563","-0.7222129000338136","0.0637381098898423"
"3","day","14.0040000000002","-0.33075093712997816","-0.7237190416678231","0.06221716740786676"
"3","day","14.0688333333336","-0.33226811556923497","-0.7252303258172375","0.06069409467876746"
"3","day","14.1336666666669","-0.33378877887386565","-0.7267465381492","0.059168980401468674"
"3","day","14.1985000000002","-0.3353127755279865","-0.7282674643500777","0.057641913294104785"
"3","day","14.2633333333336","-0.336839954015714","-0.7297928901232004","0.0561129820917724"
"3","day","14.3281666666669","-0.33837016282115756","-0.7313226011866973","0.054582275544382275"
"3","day","14.3930000000002","-0.33990325042843356","-0.7328563832714581","0.05304988241459091"
"3","day","14.4578333333336","-0.34143906532165846","-0.7343940221191709","0.05151589147585395"
"3","day","14.5226666666669","-0.34297745598494167","-0.7359353034804619","0.04998039151057848"
"3","day","14.5875000000002","-0.3445182709023995","-0.7374800131131563","0.048443471308357244"
"3","day","14.6523333333336","-0.34606135855814857","-0.7390279367806183","0.04690521966432121"
"3","day","14.7171666666669","-0.3476065674362981","-0.740578860250191","0.04536572537759481"
"3","day","14.7820000000002","-0.3491537460209646","-0.742132569291758","0.04382507724982876"
"3","day","14.8468333333336","-0.35070274279626446","-0.7436888496763834","0.042283364083854524"
"3","day","14.9116666666669","-0.3522534062463071","-0.7452474871750532","0.04074067468243897"
"3","day","14.9765000000002","-0.3538055848552088","-0.7468082675575363","0.03919709784711867"
"3","day","15.0413333333336","-0.3553591271070863","-0.7483709765913265","0.03765272237715395"
"3","day","15.1061666666669","-0.35691388148604863","-0.7499354000406819","0.03610763706858461"
"3","day","15.1710000000003","-0.35846969647621496","-0.751501323665791","0.034561930713361166"
"3","day","15.2358333333336","-0.3600264205616943","-0.7530685332220011","0.03301569209861244"
"3","day","15.3006666666669","-0.3615839022266032","-0.7546368144591828","0.03146901000597646"
"3","day","15.3655000000003","-0.36314198995505825","-0.7562059531211732","0.029921973211056718"
"3","day","15.4303333333336","-0.36470053223116866","-0.7577757349453151","0.028374670482977815"
"3","day","15.4951666666669","-0.3662593775390509","-0.7593459456621219","0.02682719058402"
"3","day","15.5600000000003","-0.3678183743628214","-0.7609163709950175","0.02527962226937469"
"3","night","0.0","0.0","0.0","0.0"
"3","night","0.0613364583333335","4.876551586836201e-05","-0.01663824628967647","0.01673577732141319"
"3","night","0.122672916666667","9.798203618629694e-05","-0.017357293089785505","0.0175532571621581"
"3","night","0.184009375","0.00014810056540338814","-0.01811015660695483","0.018406357737761607"
"3","night","0.245345833333334","0.00019957210796921893","-0.018897583452535727","0.019296727668474165"
"3","night","0.306682291666667","0.0002528476683333449","-0.019720324426897372","0.02022601976356406"
"3","night","0.368018750000001","0.00030837825094537884","-0.02057913040564386","0.02119588690753462"
"3","night","0.429355208333334","0.0003666148602548651","-0.021474747817759737","0.022207977538269467"
"3","night","0.490691666666668","0.00042800850071139304","-0.022407913699814538","0.023263930701237324"
"3","night","0.552028125000001","0.0004930101767645478","-0.02337935031171648","0.024365370665245578"
"3","night","0.613364583333334","0.0005620708928638935","-0.024389759301157943","0.025513901086885726"
"3","night","0.674701041666668","0.0006356416534590171","-0.025439815405862216","0.026711098712780254"
"3","night","0.736037500000001","0.0007141734629994949","-0.02653015968504463","0.02795850661104362"
"3","night","0.797373958333335","0.0007981173259349102","-0.027661392274155157","0.02925762692602498"
"3","night","0.858710416666668","0.0008879242467148205","-0.028834064659995936","0.030609913153425577"
"3","night","0.920046875000002","0.0009840452297888297","-0.030048671476716016","0.03201676193629367"
"3","night","0.981383333333335","0.0010869312796064866","-0.03130564182699319","0.03347950438620616"
"3","night","1.04271979166667","0.00119703340061739","-0.032605330136923044","0.03499939693815782"
"3","night","1.10405625","0.0013148025972711114","-0.03394800655775629","0.03657761175229851"
"3","night","1.16539270833334","0.001440689874017246","-0.03533384693265956","0.03821522668069405"
"3","night","1.19","0.0014935772009514875","-0.03590197761395509","0.038889132015858065"
"3","night","1.22672916666667","0.0015751462353053268","-0.03676292235210436","0.039913214822715024"
"3","night","1.288065625","0.0017186226855849633","-0.038235188327332234","0.041672433698502154"
"3","night","1.34940208333334","0.0018715702293057475","-0.03975047361754189","0.043493614076153375"
"3","night","1.41073854166667","0.002034439870917216","-0.041308468753017746","0.04537734849485217"
"3","night","1.472075","0.0022076826148689672","-0.042908714303309906","0.04732407953304785"
"3","night","1.53341145833334","0.0023917494656106146","-0.04455058894674299","0.049334087877964214"
"3","night","1.59474791666667","0.002587091427591663","-0.046233297404951926","0.05140748026013525"
"3","night","1.656084375","0.0027941595052617257","-0.04795585831373893","0.05354417732426238"
"3","night","1.71742083333334","0.003013404703070422","-0.04971709210924992","0.055743901515390756"
"3","night","1.77875729166667","0.00324527802546724","-0.05151560901623027","0.05800616506716476"
"3","night","1.84009375","0.0034902304769018136","-0.05334979723283135","0.060330258186634976"
"3","night","1.90143020833334","0.0037487130618237587","-0.055217811414007334","0.06271523753765486"
"3","night","1.96276666666667","0.004021176784682563","-0.05711756156288381","0.06515991513224895"
"3","night","2.024103125","0.004308072649927851","-0.059046702446467016","0.06766284774632272"
"3","night","2.08543958333334","0.004609851662009237","-0.06100262365856389","0.07022232698258236"
"3","night","2.14677604166667","0.004926964825376218","-0.06298244045870774","0.07283637010946017"
"3","night","2.2081125","0.005259863144478405","-0.06498298552106119","0.075502711810018"
"3","night","2.26944895833334","0.005608997623765433","-0.0670008017315668","0.07821879697909767"
"3","night","2.33078541666667","0.005974819267686789","-0.069032136174913","0.08098177471028656"
"3","night","2.392121875","0.006357779080692086","-0.07107293545500729","0.08378849361639146"
"3","night","2.45345833333334","0.006758328067230958","-0.07311884249346257","0.08663549862792447"
"3","night","2.49","0.0070055045809247485","-0.0743382303928462","0.0883492395546957"
"3","night","2.51479479166667","0.007176904660076956","-0.07516523229861768","0.08951904161877161"
"3","night","2.57613125000001","0.007613470598823932","-0.07720862226151717","0.09243556345916504"
"3","night","2.63746770833334","0.008067375253199463","-0.07924723555496442","0.09538198606136335"
"3","night","2.69880416666667","0.008537927751182804","-0.08127938713131039","0.09835524263367598"
"3","night","2.76014062500001","0.009024437220753273","-0.08330337326381303","0.10135224770531957"
"3","night","2.82147708333334","0.009526212789889923","-0.08531747829853188","0.10436990387831173"
"3","night","2.88281354166667","0.010042563586572031","-0.0873199814086427","0.10740510858178676"
"3","night","2.94415000000001","0.010572798738778907","-0.0893091633217693","0.11045476079932712"
"3","night","3.00548645833334","0.011116227374489585","-0.09128331299161153","0.1135157677405907"
"3","night","3.06682291666667","0.011672158621683401","-0.09324073418599398","0.11658505142936078"
"3","night","3.12815937500001","0.01223990160833962","-0.09517975196444795","0.1196595551811272"
"3","night","3.18949583333334","0.012818765462437272","-0.09709871901958708","0.12273624994446164"
"3","night","3.25083229166667","0.013408059311955697","-0.09899602185781314","0.12581214048172454"
"3","night","3.31216875000001","0.014007092284874168","-0.10087008679626308","0.1288842713660114"
"3","night","3.37350520833334","0.014615173509171762","-0.10271938575441986","0.1319497327727634"
"3","night","3.43484166666667","0.015231612112827728","-0.10454244182038831","0.13500566604604378"
"3","night","3.49617812500001","0.015855717223821418","-0.10633783457349558","0.13804926902113843"
"3","night","3.55751458333334","0.01648679797013182","-0.10810420514661048","0.14107780108687412"
"3","night","3.61885104166667","0.017124163479738268","-0.10984026101334773","0.14408858797282428"
"3","night","3.68018750000001","0.01776712288062008","-0.11154478048712921","0.14707902624836935"
"3","night","3.74152395833334","0.018414985300756255","-0.11321661692091095","0.15004658752242345"
"3","night","3.80286041666667","0.019067059868126127","-0.11485470259822605","0.1529888223344783"
"3","night","3.86419687500001","0.019722655710709004","-0.1164580523080215","0.1559033637294395"
"3","night","3.92553333333334","0.02038108195648387","-0.11802576659759277","0.1587879305105605"
"3","night","3.98686979166667","0.02104164773343008","-0.11955703469971347","0.16164033016657364"
"3","night","4.04820625000001","0.02170366216952694","-0.12105113713179913","0.164458461470853"
"3","night","4.10954270833334","0.022366434392753442","-0.1225074479666567","0.16724031675216358"
"3","night","4.17087916666667","0.02302927353108892","-0.12392543677601764","0.16998398383819546"
"3","night","4.23221562500001","0.023691488712512702","-0.12530467024962283","0.17268764767464823"
"3","night","4.29355208333334","0.02435238906500378","-0.12664481349414006","0.17534959162414762"
"3","night","4.35488854166668","0.025011283716541554","-0.12794563101762296","0.17796819845070605"
"3","night","4.41622500000001","0.025667481795105057","-0.12920698740654618","0.1805419509967563"
"3","night","4.47756145833334","0.02632029242867364","-0.13042884770372057","0.18306943256106786"
"3","night","4.53889791666668","0.026969024745226552","-0.1316112774965257","0.18554932698697882"
"3","night","4.60023437500001","0.027612987872742845","-0.13275444272597145","0.18798041847145716"
"3","night","4.66157083333334","0.02825149093920182","-0.1338586092280504","0.19036159110645404"
"3","night","4.72290729166668","0.0288838430725828","-0.1349241420197024","0.192691828164868"
"3","night","4.78424375000001","0.029509353400864802","-0.1359515043424709","0.19497021114420052"
"3","night","4.84558020833334","0.030127331052027126","-0.13694125647759103","0.1971959185816453"
"3","night","4.90691666666668","0.030737085154049104","-0.1378940543467991","0.1993682246548973"
"3","night","4.93578125","0.031020989475650622","-0.13832985857858407","0.20037183752988533"
"3","night","4.96825312500001","0.03133792483490975","-0.13881064791362574","0.20148649758344522"
"3","night","5.02958958333334","0.03192915922258837","-0.1396918794002925","0.20355019784546927"
"3","night","5.09092604166668","0.032510097445064265","-0.14053868133560737","0.20555887622573588"
"3","night","5.15226250000001","0.033080048630316466","-0.14135207444944378","0.20751217171007671"
"3","night","5.21359895833334","0.033638321906324285","-0.1421331654294848","0.20940980924213337"
"3","night","5.27493541666668","0.03418422640106705","-0.14288314455593548","0.2112515973580696"
"3","night","5.33627187500001","0.03471707124252376","-0.14360328322985355","0.21303742571490109"
"3","night","5.39760833333334","0.035236165558673725","-0.14429493141061933","0.2147672625279668"
"3","night","5.45894479166668","0.03574081847749626","-0.14495951497787696","0.21644115193286945"
"3","night","5.52028125000001","0.03623033912697039","-0.14559853303302428","0.2180592112869651"
"3","night","5.58161770833334","0.036704036635075446","-0.14621355515502626","0.21962162842517713"
"3","night","5.64295416666668","0.03716122012979069","-0.14680621862496446","0.22112865888454586"
"3","night","5.70429062500001","0.03760119873909519","-0.1473782256333398","0.22258062311153015"
"3","night","5.76562708333334","0.03802328159096824","-0.14793134048370607","0.22397790366564255"
"3","night","5.82696354166668","0.0384267778133891","-0.14846738680573973","0.22532094243251793"
"3","night","5.88830000000001","0.03881099653433691","-0.14898824479035067","0.2266102378590245"
"3","night","5.94963645833335","0.039175246881790964","-0.14949584845892513","0.22784634222250708"
"3","night","6.01097291666668","0.03951883798373036","-0.1499921829782443","0.229029858945705"
"3","night","6.07230937500001","0.039841078968134366","-0.15047928203208055","0.23016143996834926"
"3","night","6.13364583333335","0.04014127896298225","-0.15095922525991262","0.23124178318587713"
"3","night","6.19498229166668","0.04041874709625316","-0.1514341357726423","0.2322716299651486"
"3","night","6.25631875000001","0.04067279249592631","-0.15190617775464055","0.23325176274649317"
"3","night","6.31765520833335","0.040902724289981006","-0.15237755416089432","0.23418300274085635"
"3","night","6.37899166666668","0.041107851606396364","-0.15285050451749266","0.23506620773028541"
"3","night","6.44032812500001","0.04128748357315161","-0.15332730283315577","0.235902269979459"
"3","night","6.50166458333335","0.04144092931822601","-0.153810255629007","0.23669211426545902"
"3","night","6.56300104166668","0.04156749796959873","-0.15430170009329447","0.2374366960324919"
"3","night","6.62433750000001","0.04166649865524899","-0.15480400236730835","0.23813699967780633"
"3","night","6.68567395833335","0.041737240503156046","-0.15531955596829652","0.23879403697460863"
"3","night","6.72","0.04176424034857751","-0.15561476083984693","0.23914324153700195"
"3","night","6.74701041666668","0.04177903264129905","-0.15585078035477545","0.23940884563737352"
"3","night","6.80834687500001","0.04179118419765726","-0.15640011963925304","0.23998248803456756"
"3","night","6.86968333333335","0.04177300430020988","-0.1569700414530365","0.24051605005345628"
"3","night","6.93101979166668","0.04172380207693613","-0.15756303596748902","0.24101064012136128"
"3","night","6.99235625000001","0.04164288665581521","-0.15818161507583073","0.24146738838746118"
"3","night","7.05369270833335","0.04152956716482635","-0.15882831173934236","0.2418874460689951"
"3","night","7.11502916666668","0.04138315273194876","-0.1595056795016456","0.2422719849655431"
"3","night","7.17636562500001","0.04120295248516164","-0.16021629217458108","0.24262219714490438"
"3","night","7.23770208333335","0.0409882755524442","-0.16096274369910282","0.2429392948039912"
"3","night","7.29903854166668","0.040738431061775715","-0.1617476481845458","0.24322451030809722"
"3","night","7.36037500000001","0.040452728141135326","-0.16257364012961595","0.2434790964118866"
"3","night","7.42171145833335","0.04013047591850225","-0.16344337482847882","0.2437043266654833"
"3","night","7.48304791666668","0.039770983521855784","-0.16435952896541298","0.24390149600912456"
"3","night","7.50775000000001","0.03961552963905683","-0.16474221397600525","0.24397327325411894"
"3","night","7.54438437500001","0.03937359615051554","-0.16532469325553367","0.24407188555656478"
"3","night","7.60572083333335","0.03893820461873014","-0.16633984184767941","0.24421625108513967"
"3","night","7.66705729166668","0.03846512278438957","-0.1674046865280405","0.24433493209681964"
"3","night","7.72839375000002","0.03795467556389512","-0.16851890705181","0.24442825817960023"
"3","night","7.78973020833335","0.037407187873648266","-0.16968218420928613","0.24449655995658268"
"3","night","7.85106666666668","0.036822984630050244","-0.1708941997987151","0.24454016905881557"
"3","night","7.91240312500002","0.03620239074950232","-0.17215463659927546","0.2445594180982801"
"3","night","7.97373958333335","0.03554573114840602","-0.17346317834419062","0.24455464064100263"
"3","night","8.03507604166668","0.03485333074316258","-0.17481950969395676","0.24452617118028191"
"3","night","8.09641250000002","0.0341255144501732","-0.17622331620967197","0.24447434511001837"
"3","night","8.15774895833335","0.0333626071858395","-0.17767428432645097","0.24439949869812996"
"3","night","8.21908541666668","0.03256493386656268","-0.1791721013269173","0.24430196906004265"
"3","night","8.28042187500002","0.03173281940874391","-0.18071645531475566","0.24418209413224345"
"3","night","8.34175833333335","0.030866588728784818","-0.1823070351883122","0.24404021264588183"
"3","night","8.40309479166668","0.029966566743086617","-0.1839435306142345","0.24387666410040773"
"3","night","8.46443125000002","0.029033078368050504","-0.18562563200113316","0.24369178873723416"
"3","night","8.52576770833335","0.028066448520078127","-0.18735303047325558","0.24348592751341186"
"3","night","8.58710416666668","0.027067002115570594","-0.18912541784416367","0.24325942207530485"
"3","night","8.64844062500002","0.026035064070929155","-0.19094248659039703","0.24301261473225533"
"3","night","8.70977708333335","0.02497095930255545","-0.1928039298251139","0.2427458484302248"
"3","night","8.77111354166668","0.02387501272685067","-0.19470944127170084","0.24245946672540217"
"3","night","8.83245000000002","0.022747549260215952","-0.19665871523733564","0.2421538137577675"
"3","night","8.89378645833335","0.021588893819052973","-0.19865144658649403","0.24182923422459995"
"3","night","8.95512291666668","0.020399371319762945","-0.20068733071439246","0.24148607335391833"
"3","night","9.01645937500002","0.019179306678746993","-0.20276606352035242","0.2411246768778464"
"3","night","9.07779583333335","0.017929024812406782","-0.2048873413810774","0.24074539100589093"
"3","night","9.13913229166668","0.016648850637143574","-0.2070508611238336","0.24034856239812077"
"3","night","9.20046875000002","0.015339109069358418","-0.20925631999952435","0.2399345381382412"
"3","night","9.26180520833335","0.014000125025453065","-0.21150341565564412","0.23950366570655024"
"3","night","9.32314166666668","0.012632223421828667","-0.21379184610911045","0.2390562929527678"
"3","night","9.38447812500002","0.011235729174886327","-0.21612130971895752","0.23859276806873017"
"3","night","9.44581458333335","0.009810967201027879","-0.21849150515888283","0.23811343956093856"
"3","night","9.50715104166668","0.008358262416654369","-0.22090213138964476","0.23761865622295353"
"3","night","9.56848750000002","0.006877939738166909","-0.2233528876312925","0.23710876710762632"
"3","night","9.62982395833335","0.005370324081967311","-0.22584347333522392","0.23658412149915853"
"3","night","9.69116041666669","0.0038357403644564553","-0.22837358815606806","0.23604506888498095"
"3","night","9.75249687500002","0.0022745135020361823","-0.23094293192337084","0.23549195892744323"
"3","night","9.81383333333335","0.0006869684111075608","-0.23355120461309337","0.23492514143530852"
"3","night","9.87516979166669","-0.000926569991928354","-0.2361981063188963","0.23434496633503957"
"3","night","9.93650625000002","-0.002565776790669702","-0.2388833372232153","0.23375178364187588"
"3","night","9.99784270833335","-0.004230327068715338","-0.2416065975681174","0.2331459434306867"
"3","night","10.0591791666667","-0.005919895909664553","-0.2443675876259277","0.2325277958065986"
"3","night","10.112","-0.007394695253976659","-0.24677526359512617","0.23198587308717286"
"3","night","10.120515625","-0.00763415839711401","-0.24716600766961436","0.23189769087538634"
"3","night","10.1818520833334","-0.009372789614666657","-0.2500015579429528","0.23125597871361953"
"3","night","10.2431885416667","-0.011135464645915458","-0.2528739386303974","0.23060300933856648"
"3","night","10.304525","-0.01292185857446182","-0.25578284982675437","0.22993913267783073"
"3","night","10.3658614583334","-0.014731646483907491","-0.25872799150654796","0.22926469853873296"
"3","night","10.4271979166667","-0.016564503457845117","-0.2617090634931165","0.2285800565774263"
"3","night","10.488534375","-0.018420104579876438","-0.2647257654274759","0.227885556267723"
"3","night","10.5498708333334","-0.020298124933603084","-0.2677777967368584","0.22718154686965222"
"3","night","10.6112072916667","-0.022198239602617575","-0.2708648566029642","0.22646837739772904"
"3","night","10.67254375","-0.02412012367052175","-0.27398664392996436","0.22574639658892084"
"3","night","10.7338802083334","-0.026063452220917285","-0.2771428573121599","0.22501595287032533"
"3","night","10.7952166666667","-0.02802790033739662","-0.2803331950013387","0.22427739432654548"
"3","night","10.856553125","-0.030013143103561554","-0.28355735487386785","0.22353106866674471"
"3","night","10.9178895833334","-0.03201885560301405","-0.2868150343974276","0.22277732319139953"
"3","night","10.9792260416667","-0.03404471291934615","-0.2901059305974267","0.22201650475873438"
"3","night","11.0405625","-0.03609039013615985","-0.2934297400231435","0.22124895975082381"
"3","night","11.1018989583334","-0.03815556233705722","-0.2967861587134921","0.2204750340393777"
"3","night","11.1632354166667","-0.04023990460563008","-0.300174882162458","0.21969507295119783"
"3","night","11.224571875","-0.04234309202548052","-0.30359560528425","0.21890942123328894"
"3","night","11.2859083333334","-0.044464799680210616","-0.30704802237806295","0.21811842301764173"
"3","night","11.3472447916667","-0.04660470265341223","-0.31053182709250277","0.21732242178567832"
"3","night","11.40858125","-0.04876247602868733","-0.31404671238971615","0.2165217603323415"
"3","night","11.4699177083334","-0.050937794889638253","-0.31759237050912403","0.21571678072984754"
"3","night","11.5312541666667","-0.05313033431985655","-0.3211684929308069","0.2149078242910938"
"3","night","11.592590625","-0.0553397694029443","-0.32477477033858915","0.21409523153270058"
"3","night","11.6539270833334","-0.05756577522250399","-0.32841089258272216","0.21327934213771416"
"3","night","11.7152635416667","-0.05980802686212683","-0.332076548642209","0.21246049491795532"
"3","night","11.7766","-0.062066199405415266","-0.335771426586829","0.2116390277759985"
"3","night","11.8379364583334","-0.0643399679359716","-0.33949521353875234","0.2108152776668091"
"3","night","11.8992729166667","-0.06662900753738707","-0.3432475956337948","0.2099895805590207"
"3","night","11.960609375","-0.06893299329326409","-0.3470282579823721","0.20916227139584392"
"3","night","12.0219458333334","-0.07125160028720502","-0.3508368846300386","0.20833368405562858"
"3","night","12.0832822916667","-0.07358450360280111","-0.35467315851766973","0.2075041513120675"
"3","night","12.14461875","-0.07593137832365462","-0.35853676144134106","0.20667400479403183"
"3","night","12.2059552083334","-0.07829189953336821","-0.3624273740117967","0.2058435749450603"
"3","night","12.2672916666667","-0.0806657423155328","-0.3663446756135586","0.205013190982493"
"3","night","12.328628125","-0.08305258175375081","-0.370288344363742","0.20418318085624038"
"3","night","12.3899645833334","-0.08545209293162498","-0.37425805707045884","0.20335387120720888"
"3","night","12.4513010416667","-0.087863950932746","-0.3782534891908716","0.20252558732537956"
"3","night","12.5126375","-0.09028783084071657","-0.3822743147889561","0.201698653107523"
"3","night","12.5739739583334","-0.09272340773913926","-0.3863202064928629","0.20087339101458443"
"3","night","12.6353104166667","-0.09517035671160469","-0.39039083545193376","0.2000501220287244"
"3","night","12.696646875","-0.0976283528417157","-0.3944858712934407","0.19922916561000933"
"3","night","12.7579833333334","-0.10009707121307476","-0.3986049820789316","0.19841083965278206"
"3","night","12.8193197916667","-0.10257618690927271","-0.4027478342602431","0.19759546044169762"
"3","night","12.88065625","-0.10506537501391205","-0.4069140926352494","0.1967833426074253"
"3","night","12.9419927083334","-0.10756431061059563","-0.4111034203032312","0.19597479908203996"
"3","night","12.9835","-0.10926074298006334","-0.4139513170414913","0.19542983108136464"
"3","night","13.0033291666667","-0.11007266878291394","-0.4153154786199279","0.19517014105410002"
"3","night","13.064665625","-0.11259012461446964","-0.4195499271523416","0.19436967792340226"
"3","night","13.1260020833334","-0.11511635318886562","-0.4238064236331789","0.19357371725544767"
"3","night","13.1873385416667","-0.1176510295896922","-0.42808462391499474","0.19278256473561034"
"3","night","13.248675","-0.12019382890055227","-0.43238418192410977","0.19199652412300525"
"3","night","13.3100114583334","-0.1227444262050486","-0.43670474961418515","0.19121589720408794"
"3","night","13.3713479166667","-0.12530249658677148","-0.44104597691952196","0.19044098374597904"
"3","night","13.432684375","-0.1278677151293238","-0.4454075117081615","0.18967208144951395"
"3","night","13.4940208333334","-0.1304397569163084","-0.449788999734664","0.18890948590204723"
"3","night","13.5553572916667","-0.13301829703131562","-0.45419008459264293","0.18815349053001168"
"3","night","13.61669375","-0.13560301055794816","-0.4586104076671246","0.18740438655122826"
"3","night","13.6780302083334","-0.13819357257980908","-0.46304960808662027","0.18666246292700212"
"3","night","13.7393666666667","-0.14078965818048841","-0.46750732267497974","0.18592800631400294"
"3","night","13.800703125","-0.14339094244358927","-0.4719831859031093","0.18520130101593077"
"3","night","13.8620395833334","-0.14599710045271438","-0.4764768298404284","0.18448262893499964"
"3","night","13.9233760416667","-0.14860780729145395","-0.48098788410615034","0.18377226952324244"
"3","night","13.9847125","-0.15122273804341096","-0.4855159758204592","0.18307049973363726"
"3","night","14.0460489583334","-0.15384156779218816","-0.49006072955546787","0.18237759397109155"
"3","night","14.1073854166667","-0.15646397162137596","-0.4946217672860379","0.18169382404328596"
"3","night","14.168721875","-0.15908962461457704","-0.49919870834053653","0.18101945911138245"
"3","night","14.2300583333334","-0.16171820185539448","-0.5037911693514214","0.18035476564063246"
"3","night","14.2913947916667","-0.16434937842741837","-0.5083987642057267","0.17970000735088998"
"3","night","14.35273125","-0.16698282941425152","-0.5130211039955387","0.17905544516703564"
"3","night","14.4140677083334","-0.16961822989949704","-0.5176577969683418","0.17842133716934766"
"3","night","14.4754041666667","-0.17225525496674496","-0.5223084484773182","0.17779793854382828"
"3","night","14.536740625","-0.1748935796995983","-0.5269726609316886","0.17718550153249202"
"3","night","14.5980770833334","-0.17753287918165983","-0.5316500337469743","0.17658427538365468"
"3","night","14.6594135416667","-0.18017282849651978","-0.5363401632952698","0.17599450630223018"
"3","night","14.72075","-0.18281310272778112","-0.5410426428556103","0.1754164374000481"
"4","compound","0.0","0.0","0.0","0.0"
"4","compound","0.0895208333333335","-0.003862918080933521","-0.044414118935718574","0.03668828277385153"
"4","compound","0.179041666666667","-0.007723692694499942","-0.05041794849088182","0.03497056310188194"
"4","compound","0.2685625","-0.01158018037333205","-0.056528937071523046","0.03336857632485895"
"4","compound","0.358083333333334","-0.01543023765006286","-0.0627496868177233","0.03188921151759758"
"4","compound","0.447604166666667","-0.01927172105732514","-0.06908288529312925","0.03053944317847897"
"4","compound","0.537125000000001","-0.023102487127751828","-0.07553129388826298","0.02932631963275932"
"4","compound","0.626645833333334","-0.02692039239397572","-0.08209773457707104","0.0282569497891196"
"4","compound","0.716166666666668","-0.030723293388629804","-0.08878507492667173","0.02733848814941212"
"4","compound","0.805687500000001","-0.03450904664434684","-0.09559621126238509","0.026578117973691404"
"4","compound","0.895208333333335","-0.038275508693759806","-0.10253404989350706","0.025983032505987443"
"4","compound","0.984729166666668","-0.04202053606950149","-0.10960148631002462","0.025560414171021624"
"4","compound","1.07425","-0.0457419853042048","-0.11680138226672475","0.02531741165831515"
"4","compound","1.16377083333334","-0.0494377129305029","-0.1241365406790306","0.02526111481802481"
"4","compound","1.25329166666667","-0.05310557548102801","-0.13160967826455788","0.025398527302501847"
"4","compound","1.3428125","-0.05674342948841339","-0.13922339587594917","0.025736536899122392"
"4","compound","1.43233333333334","-0.06034913148529229","-0.1469801464840908","0.02628188351350623"
"4","compound","1.52185416666667","-0.06392053800429685","-0.15488220078653014","0.02704112477793645"
"4","compound","1.611375","-0.06745550557806025","-0.16293161043382187","0.02802059927770137"
"4","compound","1.70089583333334","-0.07095189073921584","-0.17113016888672003","0.02922638740828834"
"4","compound","1.79041666666667","-0.07440755002039567","-0.17947936993971084","0.03066426989891949"
"4","compound","1.8799375","-0.07782033995423306","-0.18798036397133366","0.032339684062867566"
"4","compound","1.96945833333334","-0.08118811707336121","-0.1966339120090469","0.034257677862324476"
"4","compound","2.05897916666667","-0.08450873791041225","-0.20544033772611975","0.03642286190529524"
"4","compound","2.1485","-0.08778005899801943","-0.2143994775200268","0.03883935952398797"
"4","compound","2.23802083333334","-0.09099993686881601","-0.22351062885598288","0.04151075511835085"
"4","compound","2.32754166666667","-0.09416622805543415","-0.2327724970955016","0.044440040984633306"
"4","compound","2.4170625","-0.09727678909050705","-0.2421831410679317","0.04762956288691761"
"4","compound","2.465","-0.09891880649944992","-0.24728272181511307","0.049445108816213224"
"4","compound","2.50658333333334","-0.10032947650666794","-0.251739917682538","0.05108096466920213"
"4","compound","2.59610416666667","-0.10332214683654904","-0.2614394259196539","0.054795132246555814"
"4","compound","2.685625","-0.10625265661278355","-0.2712774505812679","0.058772137355700804"
"4","compound","2.77514583333334","-0.10911886236800464","-0.28124890622370047","0.06301118148769122"
"4","compound","2.86466666666667","-0.1119186206348446","-0.29134778173738013","0.06751054046769094"
"4","compound","2.9541875","-0.11464978794593661","-0.3015670860804988","0.0722675101886256"
"4","compound","3.04370833333334","-0.11731022083391379","-0.31189879571391166","0.0772783540460841"
"4","compound","3.13322916666667","-0.11989777583140847","-0.32233380432347336","0.08253825266065644"
"4","compound","3.22275","-0.12241030947105383","-0.33286187545224966","0.08804125651014202"
"4","compound","3.31227083333334","-0.12484567828548299","-0.3434715986979604","0.0937802421269944"
"4","compound","3.40179166666667","-0.12720173880732832","-0.3541503501598665","0.09974687254520989"
"4","compound","3.4913125","-0.12947634756922288","-0.3648842578431771","0.10593156270473131"
"4","compound","3.58083333333334","-0.13166736110379992","-0.37565817274706115","0.1123234505394613"
"4","compound","3.67035416666667","-0.13377263594369176","-0.38645564637371976","0.11891037448633623"
"4","compound","3.75987500000001","-0.13579002862153175","-0.3972589153997329","0.12567885815666938"
"4","compound","3.84939583333334","-0.13771739566995225","-0.4080488942461846","0.13261410290628015"
"4","compound","3.93891666666667","-0.1395525936215865","-0.4188051762702103","0.13969998902703729"
"4","compound","4.02843750000001","-0.14129347900906744","-0.42950604427660133","0.14691908625846647"
"4","compound","4.11795833333334","-0.14293790836502762","-0.44012849101348966","0.15425267428343442"
"4","compound","4.20747916666667","-0.14448373822210012","-0.4506482502701574","0.16168077382595716"
"4","compound","4.29700000000001","-0.145928825112918","-0.4610398391372299","0.16918218891139392"
"4","compound","4.38652083333334","-0.1472710255701137","-0.47127661191961834","0.1767345607793909"
"4","compound","4.41150000000001","-0.14762689211602015","-0.4741016364964901","0.17884785226444982"
"4","compound","4.47604166666667","-0.14850846424415995","-0.4813318033545282","0.18431487486620826"
"4","compound","4.56556250000001","-0.14964183998032293","-0.49118726484277786","0.191903584882132"
"4","compound","4.65508333333334","-0.15067328645072936","-0.5008301224717815","0.19948354957032277"
"4","compound","4.74460416666667","-0.1516049528706555","-0.5102478661998356","0.20703796045852463"
"4","compound","4.83412500000001","-0.15243898845537784","-0.5194283491058642","0.21455037219510853"
"4","compound","4.92364583333334","-0.1531775424201722","-0.5283598397598974","0.222004754919553"
"4","compound","5.01316666666667","-0.15382276398031508","-0.5370310718734259","0.2293855439127957"
"4","compound","5.10268750000001","-0.15437680235108261","-0.5454312909784068","0.23667768627624156"
"4","compound","5.19220833333334","-0.15484180674775108","-0.5535502979117447","0.24386668441624257"
"4","compound","5.28172916666667","-0.15521992638559665","-0.5613784889111297","0.2509386361399365"
"4","compound","5.37125000000001","-0.15551331047989558","-0.5689068921579172","0.257880271198126"
"4","compound","5.46077083333334","-0.15572410824592406","-0.5761272006329922","0.264678984141144"
"4","compound","5.55029166666667","-0.1558544688989584","-0.5830318011819261","0.27132286338400924"
"4","compound","5.63981250000001","-0.15590654165427476","-0.5896137997158764","0.2778007164073269"
"4","compound","5.72933333333334","-0.15588247572714936","-0.5958670425044202","0.2841020910501215"
"4","compound","5.81885416666667","-0.15578442033285847","-0.6017861335454817","0.29021729287976483"
"4","compound","5.90837500000001","-0.1556145246866783","-0.6073664480255069","0.2961373986521503"
"4","compound","5.99789583333334","-0.15537493800388508","-0.612604141909853","0.30185426590208286"
"4","compound","6.08741666666668","-0.155067809499755","-0.6174961577287834","0.3073605387292735"
"4","compound","6.17693750000001","-0.15469528838956434","-0.6220402266482605","0.3126496498691319"
"4","compound","6.26645833333334","-0.1542595238885893","-0.6262348669368974","0.3177158191597189"
"4","compound","6.35597916666668","-0.1537626652121061","-0.6300793789606629","0.32255404853645075"
"4","compound","6.44550000000001","-0.15320686157539096","-0.6335738368553008","0.3271601137045188"
"4","compound","6.53502083333334","-0.15259426219372027","-0.6367190770427489","0.3315305526553083"
"4","compound","6.62454166666668","-0.15192701628236996","-0.6395166837720975","0.3356626512073575"
"4","compound","6.71406250000001","-0.15120727305661646","-0.641968971877841","0.339554425764608"
"4","compound","6.72","-0.15115773176730232","-0.6421194792302093","0.3398040156956047"
"4","compound","6.80358333333334","-0.150437181731736","-0.6440789669582708","0.34320460349479887"
"4","compound","6.89310416666668","-0.14961889152300464","-0.6458503831849127","0.3466126001389034"
"4","compound","6.98262500000001","-0.14875455164569884","-0.647287598959942","0.3497784956685443"
"4","compound","7.07214583333334","-0.1478463113150947","-0.6483956306425905","0.35270300801240106"
"4","compound","7.16166666666668","-0.14689631974646836","-0.6491801045677267","0.35538746507479"
"4","compound","7.25118750000001","-0.14590672615509623","-0.6496472275802017","0.35783377527000915"
"4","compound","7.34070833333334","-0.1448796797562545","-0.6498037563072311","0.3600443967947221"
"4","compound","7.43022916666668","-0.14381732976521922","-0.6496569653882057","0.3620223058577673"
"4","compound","7.51975000000001","-0.1427218253972668","-0.6492146148769662","0.36377096408243254"
"4","compound","7.60927083333334","-0.14159531586767352","-0.6484849170258906","0.36529428529054364"
"4","compound","7.69879166666668","-0.14043995039171528","-0.6474765026542513","0.36659660187082066"
"4","compound","7.78831250000001","-0.13925787818466875","-0.6461983872953291","0.3676826309259916"
"4","compound","7.87783333333334","-0.13805124846180986","-0.6446599373078785","0.36855744038425886"
"4","compound","7.96735416666668","-0.13682221043841483","-0.6428708361278306","0.369226415251001"
"4","compound","7.97600000000004","-0.13670240410786355","-0.6426851403638878","0.36928033214816064"
"4","compound","8.05687500000001","-0.13557291332976004","-0.6408410508257562","0.369695224166236"
"4","compound","8.14639583333334","-0.13430550635112176","-0.6385807991247059","0.3699697864224623"
"4","compound","8.23591666666668","-0.13302213871777588","-0.6361005170217268","0.37005623958617495"
"4","compound","8.32543750000001","-0.131724959644999","-0.6334108271447565","0.36996090785475855"
"4","compound","8.41495833333335","-0.13041611834806707","-0.6305225079648047","0.3696902712686705"
"4","compound","8.50447916666668","-0.1290977640422566","-0.6274464639715045","0.36925093588699126"
"4","compound","8.59400000000001","-0.1277720459428437","-0.6241936969082844","0.36864960502259697"
"4","compound","8.68352083333335","-0.12644111326510435","-0.6207752781517526","0.36789305162154384"
"4","compound","8.77304166666668","-0.1251071152243152","-0.6172023223083961","0.36698809185976566"
"4","compound","8.86256250000001","-0.12377220103575218","-0.6134859620905275","0.3659415600190231"
"4","compound","8.95208333333335","-0.12243851991469151","-0.6096373245225959","0.36476028469321287"
"4","compound","9.04160416666668","-0.12110822107640964","-0.6056675085185631","0.36345106636574376"
"4","compound","9.13112500000001","-0.1197834537361827","-0.6015875638611226","0.3620206563887572"
"4","compound","9.22064583333334","-0.11846636710928685","-0.5974084716041183","0.3604757373855445"
"4","compound","9.31016666666668","-0.11715911041099822","-0.5931411259106427","0.3588229050886462"
"4","compound","9.39968750000001","-0.11586383285659331","-0.5887963173310127","0.3570686516178261"
"4","compound","9.48920833333335","-0.1145826836613481","-0.584384717517109","0.35521935019441275"
"4","compound","9.57872916666668","-0.113317812040539","-0.5799168653625045","0.3532812412814266"
"4","compound","9.66825000000001","-0.11207136720944225","-0.5754031545513228","0.3512604201324384"
"4","compound","9.75777083333335","-0.11084549838333377","-0.5708538224929522","0.34916282572628465"
"4","compound","9.84729166666668","-0.10964235477749021","-0.5662789406145068","0.3469942310595264"
"4","compound","9.93681250000001","-0.10846408560718748","-0.5616884059783264","0.34476023476395146"
"4","compound","10.0263333333333","-0.10731284008770253","-0.5570919341878164","0.3424662540124114"
"4","compound","10.1158541666667","-0.10619076743430955","-0.5524990535414769","0.3401175186728578"
"4","compound","10.205375","-0.10510001686228747","-0.547919100392205","0.33771906666763013"
"4","compound","10.2948958333333","-0.10404273758691121","-0.5433612156664864","0.33527574049266395"
"4","compound","10.3844166666667","-0.10302107882345585","-0.5388343424965281","0.3327921848496164"
"4","compound","10.4739375","-0.10203718978719993","-0.5343472249169421","0.33027284534254225"
"4","compound","10.5634583333333","-0.10109321969341854","-0.5299084075767714","0.3277219681899343"
"4","compound","10.6529791666667","-0.1001913177573869","-0.5255262364174312","0.32514360090265737"
"4","compound","10.7425","-0.09933363319438324","-0.5212088602670322","0.32254159387826575"
"4","compound","10.8320208333333","-0.09852231521968279","-0.5169642333020006","0.31991960286263504"
"4","compound","10.9215416666667","-0.09775951304856083","-0.5128001183278246","0.3172810922307029"
"4","compound","11.0110625","-0.09704737589629549","-0.5087240908317551","0.31462933903916407"
"4","compound","11.1005833333333","-0.09638805297816191","-0.5047435437617153","0.3119674378053915"
"4","compound","11.1901041666667","-0.09578369350943582","-0.5008656929875178","0.30929830596864616"
"4","compound","11.279625","-0.09523644670539473","-0.49709758340230814","0.3066246899915187"
"4","compound","11.3691458333334","-0.09474846178131371","-0.49344609562437025","0.3039491720617429"
"4","compound","11.4586666666667","-0.09432188795246998","-0.4899179532619659","0.30127417735702594"
"4","compound","11.5481875","-0.09395887443413924","-0.48651973070625404","0.29860198183797554"
"4","compound","11.5591666666667","-0.09391883345487287","-0.4861122189366125","0.2982745520268667"
"4","compound","11.6377083333333","-0.09366126155684745","-0.48325689100978847","0.29593436789609356"
"4","compound","11.7272291666667","-0.09342909891374426","-0.48012918728861587","0.2932709894611274"
"4","compound","11.81675","-0.09326179233876239","-0.4771343768335742","0.29061079215604935"
"4","compound","11.9062708333334","-0.09315874682210216","-0.47427026059502003","0.2879527669508157"
"4","compound","11.9957916666667","-0.09311936735396459","-0.47153468429038686","0.2852959495824577"
"4","compound","12.0853125","-0.0931430589245502","-0.46892553690282746","0.282639419053727"
"4","compound","12.1748333333334","-0.0932292265240599","-0.46644074923328427","0.27998229618516446"
"4","compound","12.2643541666667","-0.09337727514269417","-0.46407829250384386","0.2773237422184555"
"4","compound","12.353875","-0.0935866097706538","-0.4618361770103342","0.2746629574690266"
"4","compound","12.4433958333334","-0.09385663539813989","-0.4597124508222775","0.27199918002599777"
"4","compound","12.5329166666667","-0.09418675701535253","-0.4577051985283218","0.2693316844976168"
"4","compound","12.6224375","-0.0945763796124927","-0.4558125400253584","0.266659780800373"
"4","compound","12.7119583333333","-0.09502490817976116","-0.45403262934966987","0.26398281299014753"
"4","compound","12.8014791666667","-0.09553174770735923","-0.4523636535484455","0.26130015813372703"
"4","compound","12.891","-0.0960963031854865","-0.45080383159013065","0.25861122521915764"
"4","compound","12.9805208333334","-0.09671797960434489","-0.44935141331208395","0.2559154541033942"
"4","compound","13.0700416666667","-0.09739618195413384","-0.44800467840416","0.25321231449589227"
"4","compound","13.1595625","-0.09813031522505464","-0.4467619354267919","0.25050130497668266"
"4","compound","13.2490833333334","-0.09891978440730903","-0.4456215208623047","0.24778195204768666"
"4","compound","13.3386041666667","-0.09976399449109588","-0.4445817981981782","0.2450538092159865"
"4","compound","13.428125","-0.1006623504666168","-0.443641157041047","0.24231645610781338"
"4","compound","13.5176458333334","-0.10161425732407364","-0.4427980122602979","0.23956949761215063"
"4","compound","13.6071666666667","-0.10261912005366491","-0.4420508031601464","0.23681256305281656"
"4","compound","13.6966875","-0.10367634364559244","-0.44139799267911983","0.23404530538793492"
"4","compound","13.7862083333334","-0.1047853330900582","-0.4408380666159429","0.23126740043582644"
"4","compound","13.8757291666667","-0.10594549337726047","-0.44036953288083924","0.22847854612631827"
"4","compound","13.96525","-0.10715622949740113","-0.43999092077130564","0.22567846177650341"
"4","compound","14.0547708333334","-0.1084169464406824","-0.43970078027147075","0.22286688739010596"
"4","compound","14.1442916666667","-0.10972704919730213","-0.4394976813741676","0.22004358297956333"
"4","compound","14.2338125","-0.11108594275746245","-0.4393802134248911","0.21720832790996622"
"4","compound","14.3233333333334","-0.11249303211136573","-0.439346984486852","0.2143609202641205"
"4","compound","14.4128541666667","-0.11394772224920943","-0.4393966207263613","0.21150117622794243"
"4","compound","14.502375","-0.11544941816119597","-0.4395277658178154","0.20862892949542344"
"4","compound","14.5918958333334","-0.11699752483752768","-0.43973908036757975","0.2057440306925244"
"4","compound","14.6814166666667","-0.1185914472684019","-0.4400292413561002","0.2028463468192964"
"4","compound","14.7709375","-0.12023059044402112","-0.4403969415975956","0.19993576070955338"
"4","compound","14.8604583333334","-0.12191435935458786","-0.4408408892167113","0.19701217050753553"
"4","compound","14.91","-0.12286513686947448","-0.4411188800169024","0.19538860627795346"
"4","compound","14.9499791666667","-0.12364215899029918","-0.44135980714153794","0.19407548916093958"
"4","compound","15.0395","-0.1254133943413576","-0.441952432612433","0.1911256439297178"
"4","compound","15.1290208333334","-0.12722747039796584","-0.4426175167060863","0.18816257591015462"
"4","compound","15.2185416666667","-0.1290837921503207","-0.44335382387431144","0.18518623957367"
"4","compound","15.3080625","-0.13098176458862482","-0.4441601314970617","0.18219660231981205"
"4","compound","15.3975833333334","-0.13292079270308113","-0.44503522944917984","0.1791936440430176"
"4","compound","15.4871041666667","-0.13490028148388605","-0.44597791968041933","0.17617735671264723"
"4","compound","15.576625","-0.1369196359212424","-0.44698701580830136","0.17314774396581656"
"4","compound","15.6661458333334","-0.13897826100535332","-0.44806134272336795","0.1701048207126613"
"4","compound","15.7556666666667","-0.14107556172641483","-0.44919973620642223","0.16704861275359256"
"4","compound","15.8451875","-0.14321094307462995","-0.4504010425573813","0.16397915640812138"
"4","compound","15.9347083333334","-0.14538381004020187","-0.45166411823533814","0.16089649815493437"
"4","compound","16.0242291666667","-0.14759356761332648","-0.45298782950948335","0.1578006942828304"
"4","compound","16.11375","-0.1498396207842069","-0.45437105212055207","0.1546918105521383"
"4","compound","16.2032708333334","-0.15212137454304642","-0.45581267095244044","0.1515699218663476"
"4","compound","16.2927916666667","-0.15443823388004074","-0.45731157971368","0.14843511195359854"
"4","compound","16.3823125","-0.1567896037853929","-0.45886668062848435","0.1452874730576986"
"4","compound","16.4718333333334","-0.1591748892493065","-0.4604768841370428","0.14212710563842978"
"4","compound","16.5613541666667","-0.16159349526197686","-0.46214110860479346","0.13895411808083974"
"4","compound","16.650875","-0.16404482681360738","-0.4638582800404257","0.1357686264132109"
"4","compound","16.7403958333334","-0.16652828889440166","-0.46562733182231897","0.13257075403351568"
"4","compound","16.8299166666667","-0.16904328649455472","-0.467447204433187","0.12936063144407753"
"4","compound","16.9194375","-0.17158922460427006","-0.4693168452027089","0.12613839599416876"
"4","compound","17.0089583333334","-0.17416550821375137","-0.4712352080578852","0.12290419163038246"
"4","compound","17.0984791666667","-0.17677154231319359","-0.47320125328091656","0.11965816865452938"
"4","compound","17.188","-0.17940673189280032","-0.4752139472744202","0.11640048348881954"
"4","compound","17.2775208333334","-0.18207048194277536","-0.4772722623337429","0.1131312984481922"
"4","compound","17.3670416666667","-0.18476219745331326","-0.47937517642620187","0.10985078151957536"
"4","compound","17.4565625","-0.1874812834146179","-0.4815216729770901","0.1065591061478543"
"4","compound","17.5460833333334","-0.1902271448168929","-0.48371074066223163","0.10325645102844583"
"4","compound","17.6356041666667","-0.19299918665033305","-0.48594137320694075","0.09994299990627464"
"4","compound","17.725125","-0.1957968139051421","-0.48821256919124634","0.09661894138096216"
"4","compound","17.8146458333334","-0.1986194315715239","-0.490523331861189","0.09328446871814122"
"4","compound","17.9041666666667","-0.20146644463967278","-0.49287266894606196","0.0899397796667164"
"4","compound","17.9936875","-0.2043372580997927","-0.495259592481486","0.0865850762819006"
"4","compound","18.0832083333334","-0.20723127694208754","-0.49768311863813597","0.08322056475396089"
"4","compound","18.1727291666667","-0.2101479061567517","-0.5001422675560174","0.07984645524251408"
"4","compound","18.26225","-0.21308655073398913","-0.5026360631841964","0.07646296171621814"
"4","compound","18.3517708333334","-0.21604661566400368","-0.5051635331258193","0.07307030179781188"
"4","compound","18.387175","-0.21722305737469355","-0.5061721888581878","0.07172607410880077"
"4","compound","18.4412916666667","-0.2190275059369896","-0.5077237084883389","0.0696686966143597"
"4","compound","18.5308125","-0.22202862654315092","-0.5103156237388664","0.06625837065256457"
"4","compound","18.6203333333334","-0.22504938247269163","-0.5129383165644991","0.06283955161911581"
"4","compound","18.7098541666667","-0.228089178715806","-0.5155908277375578","0.05941247030594579"
"4","compound","18.799375","-0.23114742026269774","-0.5182722009856667","0.05597736046027124"
"4","compound","18.8888958333334","-0.23422351210357117","-0.5209814828665426","0.05253445865940021"
"4","compound","18.9784166666667","-0.23731685922862017","-0.5237177226474329","0.04908400419019254"
"4","compound","19.0679375","-0.24042686662804896","-0.5264799721891595","0.045626238933061614"
"4","compound","19.1574583333334","-0.24355293929206162","-0.5292672858346359","0.042161407250512706"
"4","compound","19.2469791666667","-0.2466944822108521","-0.5320787203018182","0.038689755880114085"
"4","compound","19.3365","-0.24985090037462437","-0.5349133345810524","0.03521153383180359"
"4","compound","19.4260208333334","-0.25302159877358277","-0.5377701898366987","0.031726992289533185"
"4","compound","19.5155416666667","-0.2562059823979209","-0.5406483493130048","0.028236384517162927"
"4","compound","19.6050625","-0.25940345623784317","-0.5435468782441961","0.024739965768509842"
"4","compound","19.6945833333334","-0.262613425283554","-0.5464648437686803","0.02123799320157227"
"4","compound","19.7841041666667","-0.2658352945252465","-0.5494013148473356","0.017730725796842595"
"4","compound","19.873625","-0.2690684689531253","-0.5523553621858763","0.014218424279625719"
"4","compound","19.9631458333334","-0.27231235355739475","-0.5553260581611816","0.010701351046392193"
"4","compound","20.0526666666667","-0.2755663533282482","-0.5583124767515818","0.007179770095085414"
"4","compound","20.1421875","-0.27882987325589004","-0.5613136934710901","0.003653946959309984"
"4","compound","20.2317083333334","-0.2821023183305249","-0.5643287853074821","0.00012414864643228718"
"4","compound","20.3212291666667","-0.28538309354234576","-0.5673568306642168","-0.003409356420474685"
"4","compound","20.41075","-0.2886716038815572","-0.5703969093061991","-0.006946298456915301"
"4","compound","20.5002708333334","-0.2919672543383636","-0.5734481023092857","-0.01048640636744158"
"4","compound","20.5897916666667","-0.2952694499029584","-0.5765094920135401","-0.014029407792376714"
"4","compound","20.6793125","-0.2985775955655461","-0.5795801619802351","-0.01757502915085707"
"4","compound","20.7688333333334","-0.3018910963163308","-0.5826591969525152","-0.021122995680146417"
"4","compound","20.8583541666667","-0.305209357145506","-0.5857456828197247","-0.024673031471287354"
"4","compound","20.947875","-0.3085317830432762","-0.5888387065854057","-0.02822485950114667"
"4","compound","21.0373958333334","-0.3118577789998458","-0.5919373563388823","-0.03177820166080919"
"4","compound","21.1269166666667","-0.31518675000540797","-0.5950407212304374","-0.035332778780378604"
"4","compound","21.2164375","-0.3185181010501674","-0.5981478914500927","-0.03888831065024212"
"4","compound","21.3059583333334","-0.3218512371243282","-0.6012579582099087","-0.042444516038747715"
"4","compound","21.3954791666667","-0.3251855632180839","-0.6043700137298134","-0.046001112706354375"
"4","compound","21.485","-0.32852048432163894","-0.6074831512269725","-0.04955781741630544"
"4","day","0.0","0.0","0.0","0.0"
"4","day","0.0758333333333334","-0.004144569752197576","-0.026404179642818906","0.018115040138423754"
"4","day","0.151666666666667","-0.008284951376138654","-0.03155443110089499","0.01498452834861768"
"4","day","0.2275","-0.012416956743566687","-0.03674113932949323","0.011907225842359852"
"4","day","0.303333333333334","-0.016536397726225224","-0.04196154763712896","0.008888752184678519"
"4","day","0.379166666666667","-0.020639086195857623","-0.04721288878809356","0.005934716396378308"
"4","day","0.455","-0.02472083402420747","-0.052492378296037964","0.0030507102476230244"
"4","day","0.530833333333334","-0.028777453083018267","-0.05779720713016699","0.00024230096413046034"
"4","day","0.606666666666667","-0.03280475524403339","-0.06312453381808268","-0.0024849766699840993"
"4","day","0.682500000000001","-0.03679855237899645","-0.06847147593232314","-0.005125628825669769"
"4","day","0.758333333333334","-0.04075465635965082","-0.07383510095115015","-0.007674211768151508"
"4","day","0.834166666666668","-0.044668879057740106","-0.07921241648817758","-0.010125341627302636"
"4","day","0.910000000000001","-0.04853703234500764","-0.0846003598900124","-0.012473704800002886"
"4","day","0.985833333333334","-0.05235492809319703","-0.08999578720624099","-0.01471406898015306"
"4","day","1.06166666666667","-0.05611837817405183","-0.0953954615418274","-0.01684129480627626"
"4","day","1.1375","-0.05982319445931514","-0.10079604080833114","-0.018850348110299134"
"4","day","1.21","-0.06330647854572133","-0.10595689150757562","-0.020656065583867046"
"4","day","1.21333333333333","-0.06346518882073071","-0.10619406489728703","-0.020736312744174396"
"4","day","1.28916666666667","-0.0670401731300425","-0.1115859423066122","-0.02249440395347279"
"4","day","1.365","-0.07054395925899308","-0.1169679362590226","-0.024119982258963564"
"4","day","1.44083333333333","-0.07397235907932641","-0.12233615036012058","-0.025608567798532246"
"4","day","1.51666666666667","-0.07732118446278632","-0.12768651385299484","-0.026955855072577813"
"4","day","1.5925","-0.08058624728111555","-0.13301476653587813","-0.028157728026352954"
"4","day","1.66833333333334","-0.08376335940605836","-0.13831644341952187","-0.02921027539259486"
"4","day","1.74416666666667","-0.0868483327093574","-0.14358685921139697","-0.030109806207317846"
"4","day","1.82","-0.08983697906275659","-0.1488210927246192","-0.030852865400894"
"4","day","1.89583333333334","-0.09272511033799982","-0.15401397132038902","-0.03143624935561064"
"4","day","1.97166666666667","-0.09550853840682975","-0.15916005550376117","-0.031857021309898356"
"4","day","2.0475","-0.09818307514099033","-0.16425362380349823","-0.03211252647848244"
"4","day","2.12333333333334","-0.10074453241222533","-0.16928865807748478","-0.03220040674696589"
"4","day","2.19916666666667","-0.10318872209227753","-0.17425882939558218","-0.03211861478897286"
"4","day","2.275","-0.1055114560528908","-0.17915748466166115","-0.03186542744412048"
"4","day","2.35083333333334","-0.10770854616580894","-0.18397763414567703","-0.03143945818594085"
"4","day","2.42666666666667","-0.10977580430277475","-0.18871194010491463","-0.03083966850063488"
"4","day","2.5025","-0.11170904233553214","-0.19335270668065635","-0.030065377990407927"
"4","day","2.57833333333334","-0.11350407213582475","-0.19789187126231517","-0.02911627300933435"
"4","day","2.65416666666667","-0.11515670557539556","-0.20232099751535382","-0.027992413635437308"
"4","day","2.71999999999999","-0.11647269436198804","-0.20607000972105777","-0.026875379002918323"
"4","day","2.73","-0.11666275733070722","-0.20663127410065396","-0.026694240560760488"
"4","day","2.80583333333334","-0.11801980446580555","-0.21081593406736018","-0.025223674864250922"
"4","day","2.88166666666667","-0.11923019733203738","-0.21487453551083657","-0.0235858591532382"
"4","day","2.9575","-0.12029708653292144","-0.21880768003580314","-0.02178649303003974"
"4","day","3.03333333333334","-0.12122362267197652","-0.22261593664140994","-0.019831308702543085"
"4","day","3.10916666666667","-0.12201295635272097","-0.2262998490461307","-0.01772606365931123"
"4","day","3.185","-0.12266823817867359","-0.22985994306644783","-0.015476533290899347"
"4","day","3.26083333333334","-0.1231926187533531","-0.23329673401679096","-0.013088503489915249"
"4","day","3.33666666666667","-0.12358924868027803","-0.2366107340986668","-0.010567763261889282"
"4","day","3.4125","-0.12386127856296711","-0.2398024597475773","-0.007920097378356902"
"4","day","3.48833333333334","-0.12401185900493905","-0.24287243890714139","-0.0051512791027367305"
"4","day","3.56416666666667","-0.12404414060971232","-0.2458212182008584","-0.0022670630185662594"
"4","day","3.64","-0.12396127398080564","-0.2486493699731202","0.0007268220115089347"
"4","day","3.71583333333334","-0.1237664097217377","-0.25135749917237266","0.0038246797288972317"
"4","day","3.79166666666667","-0.1234626984360272","-0.2539462500507911","0.007020853178736658"
"4","day","3.8675","-0.12305329072719272","-0.25641631265639153","0.010309731202006109"
"4","day","3.94333333333334","-0.12254133719875285","-0.2587684290951613","0.013685754697655622"
"4","day","4.01916666666667","-0.12192998845422637","-0.261003399542554","0.01714342263410129"
"4","day","4.095","-0.1212223950971319","-0.26312208798552583","0.020677297791262067"
"4","day","4.17083333333334","-0.12042170773098791","-0.26512542767817043","0.024282012216194623"
"4","day","4.24666666666667","-0.11953107695931339","-0.2670144262959493","0.027952272377322507"
"4","day","4.3225","-0.11855365338562678","-0.26879017077547573","0.0316828640042222"
"4","day","4.39833333333334","-0.11749258761344658","-0.2704538318287837","0.03546865660189055"
"4","day","4.47416666666667","-0.11635103024629181","-0.2720066681229929","0.03930460763040927"
"4","day","4.55","-0.11513213188768087","-0.27345003011825064","0.043185766342888926"
"4","day","4.62583333333334","-0.11383904314113234","-0.27478536355876787","0.04710727727650317"
"4","day","4.70166666666667","-0.11247491461016516","-0.27601421261367276","0.05106438339334245"
"4","day","4.7775","-0.11104289689829783","-0.2771382226662704","0.055052428869674735"
"4","day","4.85333333333334","-0.10954614060904881","-0.2781591427520863","0.0590668615339887"
"4","day","4.92916666666667","-0.10798779634593708","-0.27907882764781566","0.0631032349559415"
"4","day","5.005","-0.10637101471248114","-0.27989923961495505","0.06715721018999277"
"4","day","5.08","-0.10471760977436087","-0.28061502288789997","0.0711798033391782"
"4","day","5.08083333333334","-0.10469894631219949","-0.28062244980347106","0.07122455717907207"
"4","day","5.15666666666667","-0.10297474174861107","-0.28125063932234945","0.07530115582512731"
"4","day","5.23250000000001","-0.10120155162523427","-0.28178609998526394","0.07938299673479539"
"4","day","5.30833333333334","-0.09938252654558798","-0.28223123474089923","0.08346618164972329"
"4","day","5.38416666666667","-0.09752081711319081","-0.28258855779866154","0.0875469235722799"
"4","day","5.46000000000001","-0.09561957393156108","-0.28286069446159384","0.09162154659847167"
"4","day","5.53583333333334","-0.09368194760421791","-0.2830503806793088","0.095686485470873"
"4","day","5.61166666666667","-0.09171108873467974","-0.2831604623346231","0.09973828486526361"
"4","day","5.68750000000001","-0.089710147926465","-0.28319389427835406","0.10377359842542402"
"4","day","5.76333333333334","-0.08768227578309272","-0.2831537391274042","0.10778918756121879"
"4","day","5.83916666666667","-0.0856306229080815","-0.2830431658418317","0.11178192002566868"
"4","day","5.91500000000001","-0.08355833990494957","-0.2828654480970512","0.11574876828715208"
"4","day","5.99083333333334","-0.08146857737721613","-0.28262396246769317","0.11968680771326093"
"4","day","6.06666666666667","-0.07936448592839962","-0.2823221864399032","0.12359321458310396"
"4","day","6.14250000000001","-0.07724921616201841","-0.28196369626904927","0.12746526394501242"
"4","day","6.21833333333334","-0.07512591868159163","-0.28155216469989486","0.1313003273367116"
"4","day","6.29416666666667","-0.07299774409063771","-0.28109135856630396","0.13509587038502852"
"4","day","6.37000000000001","-0.07086784299267503","-0.28058513628747855","0.13884945030212847"
"4","day","6.44583333333334","-0.06873936599122278","-0.2800374452775907","0.1425587132951452"
"4","day","6.52166666666667","-0.06661546368979936","-0.279452319285468","0.1462213919058693"
"4","day","6.59750000000001","-0.06449928669192309","-0.27883387568072604","0.14983530229687983"
"4","day","6.67333333333334","-0.062393985601113165","-0.2781863127024277","0.1533983415002014"
"4","day","6.74916666666667","-0.06030271102088802","-0.2775139066859771","0.15690848464420104"
"4","day","6.82500000000001","-0.05822861355476603","-0.27682100928355485","0.16036378217402278"
"4","day","6.90083333333334","-0.05617484380626632","-0.27611204469295675","0.16376235708042414"
"4","day","6.97666666666667","-0.05414455237890737","-0.27539150690921765","0.16710240215140293"
"4","day","7.05250000000001","-0.05214088987620751","-0.2746639570129143","0.17038217726049926"
"4","day","7.12833333333334","-0.05016700690168592","-0.2739340205085171","0.17360000670514525"
"4","day","7.20416666666667","-0.04822605405886097","-0.2732063847256331","0.17675427660791113"
"4","day","7.28000000000001","-0.04632118195125108","-0.2724857962954448","0.1798434323929426"
"4","day","7.35583333333334","-0.044455541182375435","-0.27177705871411295","0.1828659763493621"
"4","day","7.43166666666667","-0.04263228235575236","-0.271085030004366","0.1858204652928613"
"4","day","7.50750000000001","-0.04085455607490031","-0.270414620485979","0.18870550833617833"
"4","day","7.58333333333334","-0.0391255129433384","-0.26977079066532","0.1915197647786432"
"4","day","7.65916666666667","-0.037448303564585096","-0.26915854925364174","0.19426194212447156"
"4","day","7.73500000000001","-0.035826078542158746","-0.268582951323316","0.19693079423899848"
"4","day","7.81083333333334","-0.03426198847957851","-0.2680490966107528","0.19952511965159578"
"4","day","7.88666666666667","-0.03275918398036276","-0.2675621279743131","0.20204376001358756"
"4","day","7.94000000000001","-0.03174067467683439","-0.2672505241081923","0.2037691747545235"
"4","day","7.96250000000001","-0.031320815648029965","-0.26712723001512995","0.20448559871907004"
"4","day","8.03833333333334","-0.029950034086099225","-0.2667496278683942","0.2068495596961957"
"4","day","8.11416666666668","-0.028649989898088778","-0.2664345861723262","0.2091346063761486"
"4","day","8.19000000000001","-0.02742383368751759","-0.2661874082217836","0.21133974084674845"
"4","day","8.26583333333334","-0.026274716057904164","-0.266013435313209","0.21346400319740066"
"4","day","8.34166666666667","-0.02520578761276715","-0.26591804628742816","0.21550647106189386"
"4","day","8.41750000000001","-0.024220198955625098","-0.26590665727667223","0.21746625936542202"
"4","day","8.49333333333334","-0.02332110068999692","-0.26598472166209397","0.2193425202821001"
"4","day","8.56916666666668","-0.022511643419400935","-0.2661577302480229","0.22113444340922106"
"4","day","8.64500000000001","-0.021794977747356156","-0.2664312116592114","0.22284125616449912"
"4","day","8.72083333333334","-0.021174254277381035","-0.266810732967407","0.2244622244126449"
"4","day","8.77999999999999","-0.02075861135711896","-0.26718409259786013","0.2256668698836222"
"4","day","8.79666666666668","-0.02065261659199857","-0.26730188920148124","0.22599665601748412"
"4","day","8.87250000000001","-0.020232036091320682","-0.2679084174197276","0.2274443452370862"
"4","day","8.94833333333334","-0.01991200937633613","-0.2686300698171883","0.22880605106451604"
"4","day","9.02416666666667","-0.01969171893659226","-0.26946609252666714","0.23008265465348265"
"4","day","9.10000000000001","-0.019570347261636284","-0.2704157326948208","0.23127503817154824"
"4","day","9.17583333333334","-0.019547076841015327","-0.27147823846738656","0.2323840847853559"
"4","day","9.25166666666668","-0.019621090164276635","-0.27265285897433333","0.23341067864578005"
"4","day","9.32750000000001","-0.019791569720967336","-0.2739388443149218","0.23435570487298713"
"4","day","9.40333333333334","-0.020057698000634772","-0.27533544554267153","0.23522004954140197"
"4","day","9.47916666666667","-0.02041865749282601","-0.27684191465021757","0.23600459966456555"
"4","day","9.55500000000001","-0.02087363068708851","-0.2784575045540576","0.23671024317988057"
"4","day","9.63083333333334","-0.021421800072969184","-0.2801814690791702","0.23733786893323183"
"4","day","9.70666666666668","-0.02206234814001536","-0.2820130629435074","0.2378883666634767"
"4","day","9.78250000000001","-0.02279445737777423","-0.2839515417423397","0.23836262698679125"
"4","day","9.85833333333334","-0.023617310275793068","-0.28599616193245714","0.23876154138087102"
"4","day","9.93416666666668","-0.024530089323619088","-0.28814618081620785","0.23908600216896966"
"4","day","10.01","-0.025531977010799217","-0.29040085652537073","0.2393369025037723"
"4","day","10.0858333333333","-0.02662215582688053","-0.2927594480048549","0.23951513635109384"
"4","day","10.1616666666667","-0.027799808261412158","-0.2952212149962169","0.2396215984733926"
"4","day","10.2375","-0.029064116803938195","-0.2977854180209658","0.2396571844130894"
"4","day","10.3133333333333","-0.030414263944007286","-0.30045131836370387","0.23962279047568932"
"4","day","10.3891666666667","-0.0318494321711686","-0.30321817805502627","0.23951931371268909"
"4","day","10.465","-0.03336880397496564","-0.3060852598542011","0.23934765190426985"
"4","day","10.5408333333333","-0.03497156184494737","-0.30905182723165603","0.23910870354176128"
"4","day","10.6166666666667","-0.03665688827066329","-0.31211714435119664","0.23880336780987008"
"4","day","10.6925","-0.03842396574165631","-0.31528047605198073","0.23843254456866814"
"4","day","10.7683333333333","-0.04027197674747552","-0.31854108783027446","0.23799713433532343"
"4","day","10.8441666666667","-0.04220010377767091","-0.3218982458209163","0.23749803826557447"
"4","day","10.92","-0.04420752932178461","-0.32535121677850654","0.2369361581349373"
"4","day","10.9958333333333","-0.046293435869366246","-0.3288992680583619","0.23631239631962941"
"4","day","11.0716666666667","-0.04845700590996596","-0.3325416675971463","0.23562765577721437"
"4","day","11.1475","-0.05069742193312532","-0.33627768389320395","0.2348828400269533"
"4","day","11.2233333333333","-0.05301386642839423","-0.3401065859866362","0.23407885312984772"
"4","day","11.267875","-0.05440957354825099","-0.3423985477040862","0.2335794006075842"
"4","day","11.2991666666667","-0.055405521885323133","-0.3440276434390245","0.23321659966837824"
"4","day","11.375","-0.057871570793452995","-0.34804012631283476","0.23229698472592875"
"4","day","11.4508333333333","-0.060411195642334006","-0.3521433051505411","0.2313209138658731"
"4","day","11.5266666666667","-0.06302357892151701","-0.35633645095337013","0.23028929311033614"
"4","day","11.6025","-0.0657079031205422","-0.36061883515970045","0.22920302891861605"
"4","day","11.6783333333333","-0.06846335072896031","-0.3649897296231621","0.2280630281652415"
"4","day","11.7541666666667","-0.0712891042363222","-0.3694484065903293","0.2268701981176849"
"4","day","11.83","-0.0741843461321677","-0.3739941386780429","0.2256254464137075"
"4","day","11.9058333333333","-0.07714825890604766","-0.3786261988504144","0.22432968103831907"
"4","day","11.9816666666667","-0.0801800250475133","-0.38334386039539375","0.22298381030036712"
"4","day","12.0575","-0.08327882704610391","-0.3881463969009464","0.22158874280873858"
"4","day","12.1333333333333","-0.08644384739137073","-0.3930330822308887","0.2201453874481472"
"4","day","12.2091666666667","-0.08967426857286509","-0.39800319050026156","0.21865465335453138"
"4","day","12.285","-0.0929692730801257","-0.40305599605029163","0.21711744989004023"
"4","day","12.3608333333333","-0.09632804340270407","-0.4081907734229886","0.21553468661758046"
"4","day","12.4366666666667","-0.09974976203015189","-0.4134067973352575","0.21390727327495368"
"4","day","12.5125","-0.10323361145200738","-0.4187033426525722","0.21223611974855744"
"4","day","12.5883333333333","-0.10677877415782225","-0.42407968436226995","0.21052213604662542"
"4","day","12.6641666666667","-0.11038443263714856","-0.42953509754633123","0.20876623227203414"
"4","day","12.74","-0.1140497693795238","-0.4350688573537025","0.20696931859465487"
"4","day","12.8158333333333","-0.11777396687450009","-0.4406802389722176","0.2051323052232174"
"4","day","12.8916666666667","-0.12155620761162951","-0.44636851759998325","0.20325610237672426"
"4","day","12.9675","-0.1253956740804495","-0.4521329684162835","0.2013416202553845"
"4","day","13.0433333333333","-0.12929154877051202","-0.4579728665520644","0.19938976901104033"
"4","day","13.1191666666667","-0.13324301417136963","-0.46388748705986077","0.1974014587171215"
"4","day","13.195","-0.13724925277255906","-0.4698761048832196","0.1953775993381015"
"4","day","13.2708333333333","-0.14130944706363274","-0.4759379948256864","0.1933191006984209"
"4","day","13.3466666666667","-0.14542277953414323","-0.48207243151921086","0.1912268724509244"
"4","day","13.4225","-0.14958843267362704","-0.4882786893920291","0.18910182404477505"
"4","day","13.4983333333333","-0.1538055889716367","-0.49455604263609215","0.18694486469281874"
"4","day","13.5741666666667","-0.15807343091772522","-0.5009037651738911","0.18475690333844072"
"4","day","13.65","-0.16239114100142826","-0.5073211306247402","0.18253884862188363"
"4","day","13.7258333333333","-0.1667579017122988","-0.5138074122705909","0.1802916088459933"
"4","day","13.8016666666667","-0.17117289553988993","-0.5203618830212208","0.17801609194144094"
"4","day","13.8775","-0.17563530497373708","-0.5269838153788631","0.1757132054313889"
"4","day","13.9533333333333","-0.1801443125033934","-0.5336724814023517","0.1733838563955648"
"4","day","14.0291666666667","-0.18469910061841216","-0.5404271526706217","0.17102895143379732"
"4","day","14.105","-0.1892988518083284","-0.5472471002456334","0.16864939662897666"
"4","day","14.1808333333333","-0.19394274856269536","-0.5541315946347996","0.1662460975094088"
"4","day","14.2566666666667","-0.19862997337106636","-0.5610799057527474","0.16381995901061464"
"4","day","14.3325","-0.20335970872297648","-0.5680913028824919","0.16137188543653896"
"4","day","14.4083333333333","-0.20813113710797895","-0.5751650546360958","0.15890278042013792"
"4","day","14.4440000000001","-0.21038946487739324","-0.5785134018976745","0.15773447214288805"
"4","day","14.4841666666667","-0.21294344101562745","-0.5823004289146518","0.15641354688339687"
"4","day","14.56","-0.21779580293545625","-0.5894966928676588","0.15390508699674632"
"4","day","14.6358333333333","-0.22268740535701914","-0.5967531128518766","0.15137830213783832"
"4","day","14.7116666666667","-0.22761743076986968","-0.6040689543894862","0.14883409284974686"
"4","day","14.7875","-0.23258506166354215","-0.6114434821256315","0.1462733587985472"
"4","day","14.8633333333333","-0.23758948052759024","-0.6188759597854322","0.14369699873025174"
"4","day","14.9391666666667","-0.24262986985156798","-0.6263656501302863","0.14110591042715037"
"4","day","15.015","-0.24770541212500896","-0.6339118149135461","0.13850099066352822"
"4","day","15.0908333333334","-0.2528152898374739","-0.6415137148356669","0.1358831351607191"
"4","day","15.1666666666667","-0.25795868547849665","-0.6491706094985734","0.13325323854158017"
"4","day","15.2425","-0.263134781537631","-0.6568817573595438","0.13061219428428184"
"4","day","15.3183333333333","-0.2683427605044243","-0.6646464156843468","0.12796089467549826"
"4","day","15.3941666666667","-0.2735818048684306","-0.6724638404998025","0.12530023076294133"
"4","day","15.47","-0.2788510971191832","-0.6803332865456395","0.12263109230727315"
"4","day","15.5458333333333","-0.2841498197462363","-0.6882540072258179","0.11995436773334517"
"4","day","15.6216666666667","-0.2894771552391442","-0.6962252545591125","0.11727094408082417"
"4","day","15.6975","-0.29483228608743994","-0.7042462791290554","0.11458170695417547"
"4","day","15.7733333333333","-0.3002143947806778","-0.7123163300333272","0.11188754047197158"
"4","day","15.8491666666667","-0.3056226638084123","-0.7204346548324114","0.10918932721558688"
"4","day","15.925","-0.3110562756601761","-0.7286004994976005","0.10648794817724833"
"4","day","16.0008333333333","-0.3165144128255235","-0.7368131083584561","0.10378428270740914"
"4","day","16.0766666666667","-0.3219962577940092","-0.7450717240495315","0.10107920846151303"
"4","day","16.1525","-0.3275009930551659","-0.7533755874564446","0.09837360134611284"
"4","day","16.2283333333334","-0.3330278010985552","-0.7617239376614258","0.09566833546431547"
"4","day","16.3041666666667","-0.33857586441370974","-0.7701160118880568","0.09296428306063725"
"4","day","16.38","-0.3441443654901842","-0.7785510454455383","0.09026231446516997"
"4","day","16.4558333333334","-0.3497324868175329","-0.7870282716722119","0.08756329803714613"
"4","day","16.5316666666667","-0.35533941088528853","-0.7955469218784492","0.08486810010787221"
"4","day","16.6075","-0.3609643201830058","-0.804106225289011","0.08217758492299937"
"4","day","16.6833333333333","-0.3666063972002315","-0.8127054089846664","0.07949261458420331"
"4","day","16.7591666666667","-0.3722648244265204","-0.8213436978432633","0.07681404899022254"
"4","day","16.835","-0.3779387843514049","-0.8300203144801055","0.07414274577729568"
"4","day","16.9108333333334","-0.38362745946444715","-0.8387344791878457","0.07147956025895141"
"4","day","16.9866666666667","-0.3893300322551794","-0.8474854098755981","0.06882534536523921"
"4","day","17.0625","-0.3950456852131564","-0.8562723220076203","0.06618095158130749"
"4","day","17.1383333333334","-0.4007736008279327","-0.8650944285412827","0.06354722688541736"
"4","day","17.2141666666667","-0.40651296158904054","-0.8739509398644498","0.06092501668636874"
"4","day","17.29","-0.41226294998603463","-0.8828410637323802","0.05831516376031093"
"4","day","17.3658333333334","-0.4180227485084699","-0.891764005203948","0.0557185081870083"
"4","day","17.4416666666667","-0.42379153964587835","-0.9007189665772939","0.05313588728553714"
"4","day","17.5175","-0.4295685058878146","-0.9097051473250252","0.05056813554939599"
"4","day","17.5933333333334","-0.4353528297238339","-0.9187217440287574","0.04801608458108969"
"4","day","17.6691666666667","-0.4411436936434676","-0.9277679503131138","0.04548056302617853"
"4","day","17.745","-0.44694028013627096","-0.9368429567793022","0.0429623965067602"
"4","day","17.8208333333334","-0.4527417716917986","-0.945945950938063","0.040462407554465785"
"4","day","17.8966666666667","-0.45854735079958253","-0.9550761171421057","0.037981415542940655"
"4","day","17.9725","-0.46435619994917776","-0.9642326365181574","0.03552023661980186"
"4","day","18.0483333333334","-0.47016750163013893","-0.973414686898413","0.03307968363813513"
"4","day","18.1241666666667","-0.475980438331998","-0.9826214427515162","0.030660566087520214"
"4","day","18.2","-0.48179419254430994","-0.9918520751131836","0.028263690024563692"
"4","night","0.0","0.0","0.0","0.0"
"4","night","0.0847204166666661","0.003539294491458813","-0.020779710554253157","0.027858299537170783"
"4","night","0.169440833333332","0.007075185949433047","-0.018338862744282085","0.03248923464314818"
"4","night","0.254161249999998","0.010604271340438117","-0.015952921774368287","0.03716146445524452"
"4","night","0.338881666666665","0.014123147630989484","-0.013626717336284214","0.04187301259826318"
"4","night","0.423602083333331","0.017628411787602483","-0.011365051473869424","0.04662187504907439"
"4","night","0.508322499999997","0.02111666077679257","-0.009172689887442229","0.05140601144102737"
"4","night","0.593042916666663","0.02458449156507516","-0.007054352544714891","0.05622333567486521"
"4","night","0.677763333333329","0.02802850111896569","-0.005014703587368184","0.06107170582529956"
"4","night","0.762483749999995","0.03144528640497956","-0.0030583405272797265","0.06594891333723885"
"4","night","0.847204166666661","0.0348314443896322","-0.0011897827319214266","0.07085267151118582"
"4","night","0.931924583333327","0.03818357203943901","0.0005865407953316928","0.07578060328354633"
"4","night","1.01664499999999","0.041498266320915314","0.0022663043272820246","0.0807302283145486"
"4","night","1.10136541666666","0.044772124200576906","0.0038452989969859908","0.08569894940416782"
"4","night","1.18608583333333","0.04800174264493892","0.005319447024988544","0.0906840382648893"
"4","night","1.265","0.050967234907105995","0.006594792462521475","0.09533967735169052"
"4","night","1.27080624999999","0.05118371862051642","0.006684816551701812","0.09568262068933103"
"4","night","1.35552666666666","0.05431464909382559","0.007937637027008095","0.1006916611606431"
"4","night","1.44024708333332","0.05739113103138106","0.009074315098571276","0.10570794696419085"
"4","night","1.52496749999999","0.06040976139969901","0.01009145092910236","0.11072807187029565"
"4","night","1.60968791666666","0.06336713716529448","0.010985854860979319","0.11574841946960963"
"4","night","1.69440833333332","0.06625985529468255","0.011754564334281688","0.12076514625508342"
"4","night","1.77912874999999","0.06908451275437932","0.012394860951520155","0.1257741645572385"
"4","night","1.86384916666665","0.07183770651089955","0.012904287569259744","0.13077112545253936"
"4","night","1.94856958333332","0.0745160335307593","0.013280665283573481","0.13575140177794515"
"4","night","2.03328999999999","0.07711609078047367","0.013522110162966894","0.14071007139798045"
"4","night","2.11801041666665","0.07963447522655775","0.01362704956926479","0.1456419008838507"
"4","night","2.20273083333332","0.08206778383552762","0.013594237894129876","0.15054132977692536"
"4","night","2.28745124999999","0.08441261357389834","0.013422771526605412","0.15540245562119126"
"4","night","2.37217166666665","0.08666556140818509","0.013112102855567367","0.1602190199608028"
"4","night","2.45689208333332","0.0888232243049038","0.012662053100477633","0.16498439550932997"
"4","night","2.54161249999998","0.0908821992305694","0.012072823754615478","0.1696915747065233"
"4","night","2.62633291666665","0.09283908315169778","0.011345006417295522","0.17433315988610004"
"4","night","2.71105333333332","0.09469047303480412","0.010479590785745355","0.17890135528386286"
"4","night","2.79577374999998","0.09643296584640362","0.009477970573594438","0.1833879611192128"
"4","night","2.88049416666665","0.09806315855301215","0.008341947121615081","0.18778436998440923"
"4","night","2.91","0.09860391903024232","0.007915139100297897","0.18929269896018674"
"4","night","2.96521458333331","0.09957790820487045","0.007073847279176579","0.1920819691305643"
"4","night","3.04993499999998","0.10097726532217366","0.005677768725057597","0.19627676191928972"
"4","night","3.13465541666665","0.10226342443175386","0.004158872443708508","0.2003679764197992"
"4","night","3.21937583333331","0.10343861974992574","0.0025223556987725854","0.2043548838010789"
"4","night","3.30409624999998","0.1045050854930044","0.000773424433684694","0.2082367465523241"
"4","night","3.38881666666665","0.10546505587730437","-0.0010827158161402228","0.21201282757074896"
"4","night","3.47353708333331","0.10632076511914047","-0.0030408689402554867","0.21568239917853643"
"4","night","3.55825749999998","0.10707444743482755","-0.005095857157771305","0.2192447520274264"
"4","night","3.64297791666664","0.10772833704068027","-0.007242529769592762","0.22269920385095332"
"4","night","3.72769833333331","0.10828466815301355","-0.009475771720061282","0.22604510802608838"
"4","night","3.81241874999998","0.10874567498814205","-0.011790511931696557","0.22928186190798067"
"4","night","3.89713916666664","0.1091135917623806","-0.014181731378895515","0.23240891490365673"
"4","night","3.98185958333331","0.10939065269204395","-0.016644470868753675","0.23542577625284158"
"4","night","4.06657999999997","0.10957909199344684","-0.019173838499635498","0.23833202248652918"
"4","night","4.15130041666664","0.10968114388290418","-0.021765016770720236","0.24112730453652859"
"4","night","4.23602083333331","0.10969904257673062","-0.024413269318417377","0.24381135447187863"
"4","night","4.32074124999997","0.109635022291241","-0.027113947258324417","0.24638399184080642"
"4","night","4.40546166666664","0.10949131724275006","-0.029862495114204454","0.24884512959970456"
"4","night","4.4901820833333","0.10927016164757261","-0.032654456318299996","0.2511947796134452"
"4","night","4.57490249999997","0.10897378972202336","-0.035485478270163864","0.2534330577142106"
"4","night","4.65962291666664","0.10860443568241718","-0.03835131694400379","0.25556018830883814"
"4","night","4.7443433333333","0.10816433374506881","-0.04124784103735604","0.2575765085274937"
"4","night","4.82906374999997","0.10765571812629296","-0.0441710356566396","0.2594824719092255"
"4","night","4.91378416666664","0.10708082304240446","-0.04711700553781761","0.26127865162262653"
"4","night","4.9985045833333","0.10644188270971816","-0.050081977802991784","0.2629657432224281"
"4","night","5.08322499999997","0.10574113134454868","-0.053062304256230236","0.2645445669453276"
"4","night","5.16794541666663","0.10498080316321098","-0.05605446322430141","0.2660160695507234"
"4","night","5.2526658333333","0.10416313238201966","-0.05905506095024002","0.2673813257142793"
"4","night","5.33738624999997","0.10329035321728955","-0.06206083254976133","0.2686415389843404"
"4","night","5.42210666666663","0.10236469988533556","-0.06506864254251704","0.26979804231318816"
"4","night","5.5068270833333","0.10138840660247223","-0.06807548497198682","0.27085229817693124"
"4","night","5.54000000000001","0.10099282063823714","-0.06925194412100491","0.2712375853974792"
"4","night","5.59154749999996","0.10036370758501459","-0.0710784831294452","0.2718058982994744"
"4","night","5.67626791666663","0.09929283704927716","-0.07407488889895703","0.27266056299751135"
"4","night","5.7609883333333","0.09817802921157484","-0.07706208174165358","0.27341814016480326"
"4","night","5.84570874999996","0.09702151828822256","-0.08003756733873227","0.2740806039151774"
"4","night","5.93042916666663","0.0958255384955348","-0.08299897591361255","0.27465005290468214"
"4","night","6.0151495833333","0.0945923240498265","-0.08594406025452077","0.27512870835417375"
"4","night","6.09986999999996","0.09332410916741254","-0.08887069345947168","0.2755189117942968"
"4","night","6.18459041666663","0.09202312806460744","-0.0917768664261372","0.2758231225553521"
"4","night","6.26931083333329","0.09069161495772626","-0.09466068510947268","0.2760439150249252"
"4","night","6.35403124999996","0.0893318040630835","-0.09752036757022786","0.27618397569639486"
"4","night","6.43875166666663","0.08794592959699403","-0.10035424083755222","0.27624610003154026"
"4","night","6.52347208333329","0.08653622577577283","-0.10316073760890496","0.2762331891604506"
"4","night","6.60819249999996","0.08510492681573434","-0.10593839281032438","0.27614824644179303"
"4","night","6.69291291666662","0.0836542669331937","-0.1086858400398582","0.2759943739062456"
"4","night","6.72","0.08318673714424482","-0.10955767963902385","0.2759311539275135"
"4","night","6.77763333333329","0.08218648034446531","-0.11140180791661443","0.27577476860554506"
"4","night","6.86235374999996","0.0807038012658641","-0.11408511635742677","0.27549271888915494"
"4","night","6.94707416666662","0.07920846391370505","-0.11673467280260937","0.2751516006300195"
"4","night","7.03179458333329","0.0777027025043026","-0.11934946841166498","0.27475487342027016"
"4","night","7.11651499999995","0.07618875125397186","-0.1219285742491354","0.27430607675707913"
"4","night","7.20123541666662","0.07466884437902727","-0.12447113748006436","0.27380882623811886"
"4","night","7.28595583333329","0.07314521609578371","-0.1269763775937588","0.2732668097853262"
"4","night","7.37067624999995","0.07162010062055624","-0.12944358267373357","0.27268378391484605"
"4","night","7.45539666666662","0.0700957321696592","-0.1318721057308797","0.2720635700701981"
"4","night","7.54011708333329","0.0685743449594076","-0.13426136111603204","0.2714100510348473"
"4","night","7.62483749999995","0.06705817320611636","-0.13661082102725236","0.27072716743948505"
"4","night","7.70955791666662","0.06554945112609992","-0.13892001212625732","0.27001891437845715"
"4","night","7.79427833333328","0.0640504129356734","-0.1411885122775517","0.2692893381488985"
"4","night","7.87899874999995","0.06256329285115124","-0.14341594742296848","0.268542533125271"
"4","night","7.96371916666662","0.06109032508884836","-0.1456019886034649","0.26778263878116165"
"4","night","8.04843958333328","0.05963374386507973","-0.1477463491392118","0.2670138368693713"
"4","night","8.13315999999995","0.05819578339615977","-0.14984878197821272","0.26624034877053226"
"4","night","8.21788041666661","0.05677867789840364","-0.1519090772229315","0.2654664330197388"
"4","night","8.30260083333328","0.05538466158812573","-0.15392705984369826","0.26469638301994974"
"4","night","8.38732124999995","0.054015968681640984","-0.1559025875869712","0.26393452495025316"
"4","night","8.47204166666661","0.05267483339526434","-0.15783554908592512","0.2631852158764538"
"4","night","8.55676208333328","0.05136348994531028","-0.1597258621802476","0.26245284207086816"
"4","night","8.64148249999994","0.050084172548093914","-0.16157347245150988","0.2617418175476977"
"4","night","8.72620291666661","0.048839115419929656","-0.1633783519800244","0.2610565828198837"
"4","night","8.81092333333328","0.04763055277713247","-0.16514049832869102","0.26040160388295597"
"4","night","8.89564374999994","0.04646071883601726","-0.1668599337590113","0.2597813714310458"
"4","night","8.98036416666661","0.04533184781289852","-0.1685367046841747","0.2592004003099717"
"4","night","9.06508458333327","0.044246173924091275","-0.17017088136392133","0.2586632292121039"
"4","night","9.14980499999994","0.043205931385910105","-0.17176255784576633","0.25817442061758655"
"4","night","9.23452541666661","0.04221335441466986","-0.17331185215710448","0.2577385609864442"
"4","night","9.31924583333327","0.04127067722668546","-0.17481890675274483","0.25736026120611577"
"4","night","9.40396624999994","0.040380134038271454","-0.17628388922251575","0.25704415729905866"
"4","night","9.4734","0.0396907155006157","-0.17745330009805135","0.2568347310992828"
"4","night","9.48868666666661","0.03954395616398489","-0.17770699369530327","0.25679490602327304"
"4","night","9.57340708333327","0.03876357404096064","-0.17908855883985056","0.2566157069217718"
"4","night","9.65812749999994","0.03803853007390253","-0.1804292161791068","0.25650627632691186"
"4","night","9.7428479166666","0.037368094751592","-0.18172963926632832","0.2564658287695123"
"4","night","9.82756833333327","0.03675153856281011","-0.18299050254407628","0.2564935796696965"
"4","night","9.91228874999994","0.03618813199633823","-0.18421248126772666","0.2565887452604031"
"4","night","9.9970091666666","0.03567714554095764","-0.18539625142941354","0.25675054251132884"
"4","night","10.0817295833333","0.03521784968544936","-0.18654248968236964","0.25697818905326836"
"4","night","10.1664499999999","0.03480951491859529","-0.1876518732656261","0.2572709031028167"
"4","night","10.2511704166666","0.03445141172917579","-0.18872507992905946","0.25762790338741104"
"4","night","10.3358908333333","0.034142810605972566","-0.18976278785872458","0.2580484090706697"
"4","night","10.4206112499999","0.03388298203776717","-0.19076567560247848","0.25853163967801285"
"4","night","10.5053316666666","0.03367119651334025","-0.19173442199584934","0.2590768150225298"
"4","night","10.5900520833333","0.0335067245214734","-0.19266970608811937","0.25968315513106616"
"4","night","10.6747724999999","0.03338883655094795","-0.19357220706861572","0.26034988017051164"
"4","night","10.7594929166666","0.033316803090544904","-0.19444260419317358","0.2610762103742634"
"4","night","10.8442133333333","0.03328989462904569","-0.19528157671074212","0.26186136596883347"
"4","night","10.9289337499999","0.033307381655231484","-0.1960898037901302","0.26270456710059314"
"4","night","11.0136541666666","0.03336853465788361","-0.1968679644468607","0.2636050337626279"
"4","night","11.0983745833333","0.03347262412578329","-0.19761673747010716","0.2645619857216737"
"4","night","11.1830949999999","0.033618920547711616","-0.19833680134971257","0.2655746424451358"
"4","night","11.2678154166666","0.033806694412450176","-0.1990288342032633","0.26664222302816365"
"4","night","11.3525358333333","0.03403521620878007","-0.1996935137031962","0.2677639461207563"
"4","night","11.4372562499999","0.03430375642548221","-0.20033151700393875","0.2689390298549032"
"4","night","11.5219766666666","0.03461158555133848","-0.200943520669063","0.27016669177173996"
"4","night","11.6066970833333","0.03495797407512986","-0.20153020059843085","0.2714461487486906"
"4","night","11.6914174999999","0.0353421924856371","-0.20209223195533854","0.27277661692661276"
"4","night","11.7761379166666","0.03576351127164237","-0.20263028909363753","0.27415731163692225"
"4","night","11.8608583333333","0.0362212009219265","-0.20314504548482082","0.2755874473286738"
"4","night","11.9455787499999","0.03671453192527014","-0.2036371736450805","0.27706623749562076"
"4","night","12.0302991666666","0.0372427747704557","-0.20410734506231715","0.27859289460322856"
"4","night","12.1150195833333","0.037805199946263864","-0.2045562301230995","0.28016663001562725"
"4","night","12.1997399999999","0.038401077941475195","-0.20498449803957292","0.2817866539225233"
"4","night","12.2844604166666","0.03902967924487229","-0.20539281677631305","0.28345217526605765"
"4","night","12.3691808333333","0.039690274345235796","-0.20578185297711699","0.28516240166758855"
"4","night","12.4539012499999","0.04038213373134607","-0.20615227189173835","0.2869165393544305"
"4","night","12.5112","0.040867411243262854","-0.20639257850511175","0.2881274009916375"
"4","night","12.5386216666666","0.04110452789198603","-0.20650473730256552","0.2887137930865376"
"4","night","12.6233420833333","0.04185672731593612","-0.20683991145123842","0.29055336608311066"
"4","night","12.7080624999999","0.04263800249197666","-0.2071584549652141","0.2924344599491674"
"4","night","12.7927829166666","0.043447623908890745","-0.2074610267842839","0.29435627460206537"
"4","night","12.8775033333333","0.04428486205545872","-0.20774828408704016","0.2963180081979576"
"4","night","12.9622237499999","0.04514898742046081","-0.2080208822173098","0.2983188570582314"
"4","night","13.0469441666666","0.04603927049268029","-0.2082794746105543","0.3003580155959149"
"4","night","13.1316645833333","0.046954981760897435","-0.20852471272024622","0.3024346762420411"
"4","night","13.2163849999999","0.047895391713892344","-0.20875724594423656","0.30454802937202125"
"4","night","13.3011054166666","0.048859770840448506","-0.2089777215511196","0.3066972632320166"
"4","night","13.3858258333332","0.04984738962934492","-0.20918678460660722","0.3088815638652971"
"4","night","13.4705462499999","0.050857518569365136","-0.20938507789993302","0.3111001150386633"
"4","night","13.5552666666666","0.05188942814928928","-0.20957324187029253","0.31335209816887105"
"4","night","13.6399870833332","0.052942388857897316","-0.20975191453334174","0.3156366922491364"
"4","night","13.7247074999999","0.05401567118397302","-0.209921731407772","0.317953073775718"
"4","night","13.8094279166666","0.0551085456162964","-0.21008332544197306","0.3203004166745659"
"4","night","13.8941483333332","0.05622028264364738","-0.21023732694081293","0.32267789222810767"
"4","night","13.9788687499999","0.05735015275480986","-0.21038436349255324","0.325084669002173"
"4","night","14.0635891666666","0.058497426438563774","-0.21052505989591758","0.3275199127730451"
"4","night","14.1483095833332","0.05966137418368897","-0.2106600380873456","0.32998278645472356"
"4","night","14.2330299999999","0.06084126647896949","-0.21078991706845296","0.3324724500263919"
"4","night","14.3177504166666","0.06203637381318519","-0.21091531283372264","0.334988060460093"
"4","night","14.4024708333332","0.06324596667511592","-0.21103683829846095","0.33752877164869277"
"4","night","14.4871912499999","0.06446931555354575","-0.21115510322704278","0.34009373433413426"
"4","night","14.5719116666666","0.06570569093725455","-0.21127071416147908","0.34268209603598815"
"4","night","14.6566320833332","0.06695436331502208","-0.21138427435033785","0.345293000980382"
"4","night","14.7413524999999","0.06821460317563253","-0.2114963836780534","0.3479255900293185"
"4","night","14.8260729166666","0.0694856810078657","-0.2116076385946565","0.35057900061038794"
"4","night","14.9107933333332","0.07076686730050129","-0.21171863204596297","0.3532523666469656"
"4","night","14.9955137499999","0.07205743254232364","-0.21182995340425917","0.35594481848890647"
"4","night","15.0802341666666","0.07335664722211245","-0.21194218839951912","0.358655482843744"
"4","night","15.1649545833332","0.07466378182864745","-0.2120559190511998","0.36138348270849474"
"4","night","15.2496749999999","0.07597810685071296","-0.21217172360065004","0.36412793730207593"
"4","night","15.3343954166666","0.0772988927770887","-0.21229017644417955","0.36688796199835694"
"4","night","15.4191158333332","0.07862541009655434","-0.21241184806683128","0.36966266825993993"
"4","night","15.5038362499999","0.07995692929789432","-0.21253730497690193","0.3724511635726906"
"4","night","15.5885566666666","0.08129272086988826","-0.2126671096412598","0.3752525513810363"
"4","night","15.6732770833332","0.08263205530131588","-0.21280182042150364","0.37806593102413544"
"4","night","15.7579974999999","0.08397420308096157","-0.2129419915110198","0.38089039767294297"
"4","night","15.8427179166666","0.08531843469760501","-0.213088172872978","0.38372504226818804"
"4","night","15.9274383333332","0.08666402064002585","-0.2132409101793277","0.3865689514593794"
